{"timestamp": 30.000000001490115, "ITS_PDU_Header": {"tmp": "tmp"}, "Basic_Container": {"tmp": "tmp"}, "HF_Container": {"sumo_id": "14", "location": [873.7896728515625, -9.25], "speed": [8737.89659831082, -92.4999986216426, 0], "yaw": -179.99996948242188}, "LF_Container": {"tmp": "tmp"}, "Special_Vehicle_Container": {"tmp": "tmp"}, "option": {"size": 190, "type": "CAM"}}
{"timestamp": 30.10000000298023, "ITS_PDU_Header": {"tmp": "tmp"}, "Basic_Container": {"tmp": "tmp"}, "HF_Container": {"sumo_id": "14", "location": [872.0181884765625, -9.25], "speed": [-17.71484348602826, 0.0, 0], "yaw": -179.99996948242188}, "LF_Container": {"tmp": "tmp"}, "Special_Vehicle_Container": {"tmp": "tmp"}, "option": {"size": 190, "type": "CAM"}}
{"timestamp": 30.200000004470347, "ITS_PDU_Header": {"tmp": "tmp"}, "Management_Container": {"tmp": "tmp"}, "Station_Data_Container": {"sumo_id": "14", "location": [870.2564697265625, -9.25], "speed": [-17.617187237483453, 0.0, 0], "yaw": -179.99996948242188}, "Sensor_Information_Container": [0, 1, 2, 3], "Perceived_Object_Container": [{"time": 30.200000004470347, "location": {"x": 914.938785933081, "y": -9.223915281397723}, "speed": {"x": -16.47033666863536, "y": 0.0, "z": 0}, "pseudonym": 0}, {"time": 30.200000004470347, "location": {"x": 759.0781006453834, "y": -9.420220630256276}, "speed": {"x": -15.249023210271847, "y": 0.0, "z": 0}, "pseudonym": 1}, {"time": 30.200000004470347, "location": {"x": 767.2724813251132, "y": -5.606408095507071}, "speed": {"x": -19.48059053002908, "y": 0.0, "z": 0}, "pseudonym": 2}], "option": {"size": 366, "type": "CPM"}}
{"timestamp": 30.300000005960463, "ITS_PDU_Header": {"tmp": "tmp"}, "Management_Container": {"tmp": "tmp"}, "Station_Data_Container": {"sumo_id": "14", "location": [868.4971923828125, -9.25], "speed": [-17.59277317534725, 0.0, 0], "yaw": -179.99996948242188}, "Sensor_Information_Container": [0, 1, 2, 3], "Perceived_Object_Container": [{"time": 30.200000004470347, "location": {"x": 765.3091029174569, "y": -5.904979130202652}, "speed": {"x": -19.43969697595094, "y": 0.0, "z": 0}, "pseudonym": 3}], "option": {"size": 296, "type": "CPM"}}
{"timestamp": 30.40000000745058, "ITS_PDU_Header": {"tmp": "tmp"}, "Basic_Container": {"tmp": "tmp"}, "HF_Container": {"sumo_id": "14", "location": [866.7376098632812, -9.25], "speed": [-17.595824933114276, 0.0, 0], "yaw": -179.99996948242188}, "LF_Container": {"tmp": "tmp"}, "Special_Vehicle_Container": {"tmp": "tmp"}, "option": {"size": 190, "type": "CAM"}}
{"timestamp": 30.700000011920928, "ITS_PDU_Header": {"tmp": "tmp"}, "Basic_Container": {"tmp": "tmp"}, "HF_Container": {"sumo_id": "14", "location": [861.4517822265625, -9.25], "speed": [-17.63732883874582, 0.0, 0], "yaw": -179.99996948242188}, "LF_Container": {"tmp": "tmp"}, "Special_Vehicle_Container": {"tmp": "tmp"}, "option": {"size": 190, "type": "CAM"}}
{"timestamp": 31.000000016391276, "ITS_PDU_Header": {"tmp": "tmp"}, "Basic_Container": {"tmp": "tmp"}, "HF_Container": {"sumo_id": "14", "location": [856.1434326171875, -9.25], "speed": [-17.667236064862667, 0.0, 0], "yaw": -179.99996948242188}, "LF_Container": {"tmp": "tmp"}, "Special_Vehicle_Container": {"tmp": "tmp"}, "option": {"size": 190, "type": "CAM"}}
{"timestamp": 31.100000017881392, "ITS_PDU_Header": {"tmp": "tmp"}, "Management_Container": {"tmp": "tmp"}, "Station_Data_Container": {"sumo_id": "14", "location": [854.3726196289062, -9.25], "speed": [-17.708129618940806, 0.0, 0], "yaw": -179.99996948242188}, "Sensor_Information_Container": [0, 1, 2, 3], "Perceived_Object_Container": [{"time": 31.100000017881392, "location": {"x": 800.5417793783174, "y": -9.285474251583215}, "speed": {"x": -18.66638155778674, "y": 0.0, "z": 0}, "pseudonym": 4}], "option": {"size": 296, "type": "CPM"}}
{"timestamp": 31.200000019371508, "ITS_PDU_Header": {"tmp": "tmp"}, "Management_Container": {"tmp": "tmp"}, "Station_Data_Container": {"sumo_id": "14", "location": [852.6008911132812, -9.25], "speed": [-17.71728489224188, 0.0, 0], "yaw": -179.99996948242188}, "Sensor_Information_Container": [0, 1, 2, 3], "Perceived_Object_Container": [{"time": 31.200000019371508, "location": {"x": 747.8507441014393, "y": -5.591719541039307}, "speed": {"x": -19.450683303912232, "y": 0.0, "z": 0}, "pseudonym": 2}, {"time": 31.200000019371508, "location": {"x": 743.838827441861, "y": -9.212955249290449}, "speed": {"x": -15.230712663669696, "y": 0.0, "z": 0}, "pseudonym": 1}], "option": {"size": 331, "type": "CPM"}}
{"timestamp": 31.300000020861624, "ITS_PDU_Header": {"tmp": "tmp"}, "Basic_Container": {"tmp": "tmp"}, "HF_Container": {"sumo_id": "14", "location": [850.8290405273438, -9.25], "speed": [-17.71850559534869, 0.0, 0], "yaw": -179.99996948242188}, "LF_Container": {"tmp": "tmp"}, "Special_Vehicle_Container": {"tmp": "tmp"}, "option": {"size": 190, "type": "CAM"}}
{"timestamp": 31.500000023841856, "ITS_PDU_Header": {"tmp": "tmp"}, "Management_Container": {"tmp": "tmp"}, "Station_Data_Container": {"sumo_id": "14", "location": [847.295166015625, -9.25], "speed": [-17.69042942389206, 0.0, 0], "yaw": -179.99996948242188}, "Sensor_Information_Container": [0, 1, 2, 3], "Perceived_Object_Container": [{"time": 31.40000002235174, "location": {"x": 895.154667822001, "y": -9.081581592899637}, "speed": {"x": -16.47888159038303, "y": 0.0, "z": 0}, "pseudonym": 0}], "option": {"size": 296, "type": "CPM"}}
{"timestamp": 31.600000025331973, "ITS_PDU_Header": {"tmp": "tmp"}, "Basic_Container": {"tmp": "tmp"}, "HF_Container": {"sumo_id": "14", "location": [845.528564453125, -9.25], "speed": [-17.666015361755857, 0.0, 0], "yaw": -179.99996948242188}, "LF_Container": {"tmp": "tmp"}, "Special_Vehicle_Container": {"tmp": "tmp"}, "option": {"size": 190, "type": "CAM"}}
{"timestamp": 31.90000002980232, "ITS_PDU_Header": {"tmp": "tmp"}, "Basic_Container": {"tmp": "tmp"}, "HF_Container": {"sumo_id": "14", "location": [840.2286376953125, -9.25], "speed": [-17.618407940590263, 0.0, 0], "yaw": -179.99996948242188}, "LF_Container": {"tmp": "tmp"}, "Special_Vehicle_Container": {"tmp": "tmp"}, "option": {"size": 190, "type": "CAM"}}
{"timestamp": 32.20000003427267, "ITS_PDU_Header": {"tmp": "tmp"}, "Management_Container": {"tmp": "tmp"}, "Station_Data_Container": {"sumo_id": "14", "location": [834.9275512695312, -9.25], "speed": [-17.63977024495944, 0.0, 0], "yaw": -179.99996948242188}, "Sensor_Information_Container": [0, 1, 2, 3], "Perceived_Object_Container": [{"time": 32.20000003427267, "location": {"x": 728.2967127573129, "y": -5.928838335633281}, "speed": {"x": -19.398803421872802, "y": 0.0, "z": 0}, "pseudonym": 2}, {"time": 32.20000003427267, "location": {"x": 728.5891298724073, "y": -8.925657317289684}, "speed": {"x": -15.291137467456796, "y": 0.0, "z": 0}, "pseudonym": 1}], "option": {"size": 331, "type": "CPM"}}
{"timestamp": 32.20000003427267, "ITS_PDU_Header": {"tmp": "tmp"}, "Basic_Container": {"tmp": "tmp"}, "HF_Container": {"sumo_id": "14", "location": [834.9275512695312, -9.25], "speed": [-17.63977024495944, 0.0, 0], "yaw": -179.99996948242188}, "LF_Container": {"tmp": "tmp"}, "Special_Vehicle_Container": {"tmp": "tmp"}, "option": {"size": 190, "type": "CAM"}}
{"timestamp": 32.50000003874302, "ITS_PDU_Header": {"tmp": "tmp"}, "Management_Container": {"tmp": "tmp"}, "Station_Data_Container": {"sumo_id": "14", "location": [829.6301879882812, -9.25], "speed": [-17.708129618940806, 0.0, 0], "yaw": -179.99996948242188}, "Sensor_Information_Container": [0, 1, 2, 3], "Perceived_Object_Container": [{"time": 32.4000000372529, "location": {"x": 878.6318055081027, "y": -8.932948493271759}, "speed": {"x": -16.484374754363674, "y": 0.0, "z": 0}, "pseudonym": 0}], "option": {"size": 296, "type": "CPM"}}
{"timestamp": 32.50000003874302, "ITS_PDU_Header": {"tmp": "tmp"}, "Basic_Container": {"tmp": "tmp"}, "HF_Container": {"sumo_id": "14", "location": [829.6301879882812, -9.25], "speed": [-17.708129618940806, 0.0, 0], "yaw": -179.99996948242188}, "LF_Container": {"tmp": "tmp"},