{"timestamp": 30.000000001490115, "ITS_PDU_Header": {"tmp": "tmp"}, "Basic_Container": {"tmp": "tmp"}, "HF_Container": {"sumo_id": "15", "location": [918.970458984375, -9.25], "speed": [9189.704452906482, -92.4999986216426, 0], "yaw": -179.99996948242188}, "LF_Container": {"tmp": "tmp"}, "Special_Vehicle_Container": {"tmp": "tmp"}, "option": {"size": 190, "type": "CAM"}}
{"timestamp": 30.10000000298023, "ITS_PDU_Header": {"tmp": "tmp"}, "Basic_Container": {"tmp": "tmp"}, "HF_Container": {"sumo_id": "15", "location": [917.3226318359375, -9.25], "speed": [-16.478271238829624, 0.0, 0], "yaw": -179.99996948242188}, "LF_Container": {"tmp": "tmp"}, "Special_Vehicle_Container": {"tmp": "tmp"}, "option": {"size": 190, "type": "CAM"}}
{"timestamp": 30.300000005960463, "ITS_PDU_Header": {"tmp": "tmp"}, "Management_Container": {"tmp": "tmp"}, "Station_Data_Container": {"sumo_id": "15", "location": [914.0252075195312, -9.25], "speed": [-16.503906004072636, 0.0, 0], "yaw": -179.99996948242188}, "Sensor_Information_Container": [0, 1, 2, 3], "Perceived_Object_Container": [{"time": 30.200000004470347, "location": {"x": 957.1319760713267, "y": -9.294819440658879}, "speed": {"x": -11.90612775227237, "y": 0.0, "z": 0}, "pseudonym": 0}, {"time": 30.200000004470347, "location": {"x": 870.7373897644779, "y": -9.240502260059504}, "speed": {"x": -17.71484348602826, "y": 0.0, "z": 0}, "pseudonym": 1}, {"time": 30.200000004470347, "location": {"x": 767.3045540113189, "y": -5.707229998407008}, "speed": {"x": -19.48059053002908, "y": 0.0, "z": 0}, "pseudonym": 2}, {"time": 30.200000004470347, "location": {"x": 765.2935969729222, "y": -5.314144738108336}, "speed": {"x": -19.43969697595094, "y": 0.0, "z": 0}, "pseudonym": 3}], "option": {"size": 401, "type": "CPM"}}
{"timestamp": 30.40000000745058, "ITS_PDU_Header": {"tmp": "tmp"}, "Basic_Container": {"tmp": "tmp"}, "HF_Container": {"sumo_id": "15", "location": [912.3736572265625, -9.25], "speed": [-16.515502683587332, 0.0, 0], "yaw": -179.99996948242188}, "LF_Container": {"tmp": "tmp"}, "Special_Vehicle_Container": {"tmp": "tmp"}, "option": {"size": 190, "type": "CAM"}}
{"timestamp": 30.500000008940695, "ITS_PDU_Header": {"tmp": "tmp"}, "Management_Container": {"tmp": "tmp"}, "Station_Data_Container": {"sumo_id": "15", "location": [910.7235107421875, -9.25], "speed": [-16.501464597859016, 0.0, 0], "yaw": -179.99996948242188}, "Sensor_Information_Container": [0, 1, 2, 3], "Perceived_Object_Container": [{"time": 30.500000008940695, "location": {"x": 954.0374910609896, "y": -9.240129142363427}, "speed": {"x": -12.44934063480287, "y": 0.0, "z": 0}, "pseudonym": 0}], "option": {"size": 296, "type": "CPM"}}
{"timestamp": 30.700000011920928, "ITS_PDU_Header": {"tmp": "tmp"}, "Basic_Container": {"tmp": "tmp"}, "HF_Container": {"sumo_id": "15", "location": [907.41943359375, -9.25], "speed": [-16.481933348150054, 0.0, 0], "yaw": -179.99996948242188}, "LF_Container": {"tmp": "tmp"}, "Special_Vehicle_Container": {"tmp": "tmp"}, "option": {"size": 190, "type": "CAM"}}
{"timestamp": 30.90000001490116, "ITS_PDU_Header": {"tmp": "tmp"}, "Management_Container": {"tmp": "tmp"}, "Station_Data_Container": {"sumo_id": "15", "location": [904.129150390625, -9.25], "speed": [-16.449584715819586, 0.0, 0], "yaw": -179.99996948242188}, "Sensor_Information_Container": [0, 1, 2, 3], "Perceived_Object_Container": [{"time": 30.90000001490116, "location": {"x": 949.7083702647899, "y": -9.464702220611315}, "speed": {"x": -13.300781051802918, "y": 0.0, "z": 0}, "pseudonym": 0}], "option": {"size": 296, "type": "CPM"}}
{"timestamp": 31.000000016391276, "ITS_PDU_Header": {"tmp": "tmp"}, "Basic_Container": {"tmp": "tmp"}, "HF_Container": {"sumo_id": "15", "location": [902.4783325195312, -9.25], "speed": [-16.50817846494647, 0.0, 0], "yaw": -179.99996948242188}, "LF_Container": {"tmp": "tmp"}, "Special_Vehicle_Container": {"tmp": "tmp"}, "option": {"size": 190, "type": "CAM"}}
{"timestamp": 31.200000019371508, "ITS_PDU_Header": {"tmp": "tmp"}, "Management_Container": {"tmp": "tmp"}, "Station_Data_Container": {"sumo_id": "15", "location": [899.1845092773438, -9.25], "speed": [-16.458129637567257, 0.0, 0], "yaw": -179.99996948242188}, "Sensor_Information_Container": [0, 1, 2, 3], "Perceived_Object_Container": [{"time": 31.200000019371508, "location": {"x": 853.9823791268109, "y": -9.255503214783436}, "speed": {"x": -17.708129618940806, "y": 0.0, "z": 0}, "pseudonym": 1}], "option": {"size": 296, "type": "CPM"}}
{"timestamp": 31.300000020861624, "ITS_PDU_Header": {"tmp": "tmp"}, "Management_Container": {"tmp": "tmp"}, "Station_Data_Container": {"sumo_id": "15", "location": [897.5288696289062, -9.25], "speed": [-16.55639623766547, 0.0, 0], "yaw": -179.99996948242188}, "Sensor_Information_Container": [0, 1, 2, 3], "Perceived_Object_Container": [{"time": 31.300000020861624, "location": {"x": 745.8825512847637, "y": -6.153852766944718}, "speed": {"x": -19.494628615757396, "y": 0.0, "z": 0}, "pseudonym": 2}], "option": {"size": 296, "type": "CPM"}}
{"timestamp": 31.300000020861624, "ITS_PDU_Header": {"tmp": "tmp"}, "Basic_Container": {"tmp": "tmp"}, "HF_Container": {"sumo_id": "15", "location": [897.5288696289062, -9.25], "speed": [-16.55639623766547, 0.0, 0], "yaw": -179.99996948242188}, "LF_Container": {"tmp": "tmp"}, "Special_Vehicle_Container": {"tmp": "tmp"}, "option": {"size": 190, "type": "CAM"}}
{"timestamp": 31.600000025331973, "ITS_PDU_Header": {"tmp": "tmp"}, "Basic_Container": {"tmp": "tmp"}, "HF_Container": {"sumo_id": "15", "location": [892.5746459960938, -9.25], "speed": [-16.516723386694142, 0.0, 0], "yaw": -179.99996948242188}, "LF_Container": {"tmp": "tmp"}, "Special_Vehicle_Container": {"tmp": "tmp"}, "option": {"size": 190, "type": "CAM"}}
{"timestamp": 31.90000002980232, "ITS_PDU_Header": {"tmp": "tmp"}, "Basic_Container": {"tmp": "tmp"}, "HF_Container": {"sumo_id": "15", "location": [887.6258544921875, -9.25], "speed": [-16.475829832616004, 0.0, 0], "yaw": -179.99996948242188}, "LF_Container": {"tmp": "tmp"}, "Special_Vehicle_Container": {"tmp": "tmp"}, "option": {"size": 190, "type": "CAM"}}
{"timestamp": 32.20000003427267, "ITS_PDU_Header": {"tmp": "tmp"}, "Management_Container": {"tmp": "tmp"}, "Station_Data_Container": {"sumo_id": "15", "location": [882.6680908203125, -9.25], "speed": [-16.54296850349056, 0.0, 0], "yaw": -179.99996948242188}, "Sensor_Information_Container": [0, 1, 2, 3], "Perceived_Object_Container": [{"time": 32.20000003427267, "location": {"x": 836.3333825245618, "y": -9.036912988513354}, "speed": {"x": -17.675780986610338, "y": 0.0, "z": 0}, "pseudonym": 1}], "option": {"size": 296, "type": "CPM"}}
{"timestamp": 32.20000003427267, "ITS_PDU_Header": {"tmp": "tmp"}, "Basic_Container": {"tmp": "tmp"}, "HF_Container": {"sumo_id": "15", "location": [882.6680908203125, -9.25], "speed": [-16.54296850349056, 0.0, 0], "yaw": -179.99996948242188}, "LF_Container": {"tmp": "tmp"}, "Special_Vehicle_Container": {"tmp": "tmp"}, "option": {"size": 190, "type": "CAM"}}
{"timestamp": 32.50000003874302, "ITS_PDU_Header": {"tmp": "tmp"}, "Basic_Container": {"tmp": "tmp"}, "HF_Container": {"sumo_id": "15", "location": [877.7176513671875, -9.25], "speed": [-16.560668698539306, 0.0, 0], "yaw": -179.99996948242188}, "LF_Container": {"tmp": "tmp"}, "Special_Vehicle_Container": {"tmp": "tmp"}, "option": {"size": 190, "type": "CAM"}}
{"timestamp": 32.800000043213366, "ITS_PDU_Header": {"tmp": "tmp"}, "Basic_Container": {"tmp": "tmp"}, "HF_Container": {"sumo_id": "15", "location": [872.7720947265625, -9.25], "speed": [-16.543578855043965, 0.0, 0], "yaw": -179.99996948242188}, "LF_Container": {"tmp": "tmp"}, "Special_Vehicle_Container": {"tmp": "tmp"}, "option": {"size": 190, "type": "CAM"}}
