cp_norm(rated),FC
[-],[g/kWrated]
Pdrive (Engine)= 22.11115,Extrapolation: Pe: 0.9000001 - 1
idle,6.225238
-0.2,3.632487
-0.1,11.32746
0,18.48723
0.1,33.5591
0.2,52.99504
0.3,72.9073
0.4,93.49616
0.5,106.7572
0.6,120.398
0.7,145.4391
0.8000001,157.9092
0.9000001,177.6479
1,197.3865
