cp_norm(rated),FC
[-],[g/kWrated]
Pdrive (Engine)= 19.39067,Extrapolation: Pe: 0.9000001 - 1
idle,10.82388
-0.2,4.366878
-0.1,15.2459
0,24.06894
0.1,40.95275
0.2,63.58941
0.3,87.5217
0.4,109.7244
0.5,136.4364
0.6,160.0468
0.7,190.6633
0.8000001,210.6401
0.9000001,236.9701
1,263.3002
