{"timestamp": 119.99999999977648, "ITS_PDU_Header": {"tmp": "tmp"}, "Basic_Container": {"tmp": "tmp"}, "HF_Container": {"sumo_id": "10", "location": [955.0606689453125, -2.0], "speed": [95506.06902925824, -200.00000447034847, 0], "yaw": -179.99996948242188}, "LF_Container": {"tmp": "tmp"}, "Special_Vehicle_Container": {"tmp": "tmp"}, "option": {"size": 190, "type": "CAM"}}
{"timestamp": 119.99999999977648, "ITS_PDU_Header": {"tmp": "tmp"}, "Management_Container": {"tmp": "tmp"}, "Station_Data_Container": {"sumo_id": "10", "location": [955.0606689453125, -2.0], "speed": [95506.06902925824, -200.00000447034847, 0], "yaw": -179.99996948242188}, "Sensor_Information_Container": [0, 1, 2, 3], "Perceived_Object_Container": [{"time": 119.99999999977648, "location": {"x": 980.5719253182993, "y": 8.75104252982059}, "speed": {"x": 98193.813229959, "y": 925.0000206753616, "z": 0}, "pseudonym": 0}, {"time": 119.99999999977648, "location": {"x": 969.8287246667314, "y": -8.754042961988663}, "speed": {"x": 96976.25949180707, "y": -925.0000206753616, "z": 0}, "pseudonym": 1}], "option": {"size": 331, "type": "CPM"}}
