{"timestamp": 119.99999999977648, "ITS_PDU_Header": {"tmp": "tmp"}, "Basic_Container": {"tmp": "tmp"}, "HF_Container": {"sumo_id": "142", "location": [-647.914306640625, -2.0], "speed": [-64791.43211226386, -200.00000447034847, 0], "yaw": -179.99996948242188}, "LF_Container": {"tmp": "tmp"}, "Special_Vehicle_Container": {"tmp": "tmp"}, "option": {"size": 190, "type": "CAM"}}
{"timestamp": 119.99999999977648, "ITS_PDU_Header": {"tmp": "tmp"}, "Management_Container": {"tmp": "tmp"}, "Station_Data_Container": {"sumo_id": "142", "location": [-647.914306640625, -2.0], "speed": [-64791.43211226386, -200.00000447034847, 0], "yaw": -179.99996948242188}, "Sensor_Information_Container": [0, 1, 2, 3], "Perceived_Object_Container": [{"time": 119.99999999977648, "location": {"x": -643.9159384253027, "y": -8.783388808112665}, "speed": {"x": -64434.66940897709, "y": -925.0000206753616, "z": 0}, "pseudonym": 0}, {"time": 119.99999999977648, "location": {"x": -642.8638990581836, "y": -8.66387777093968}, "speed": {"x": -64434.66940897709, "y": -925.0000206753616, "z": 0}, "pseudonym": 0}], "option": {"size": 331, "type": "CPM"}}
