{"timestamp": 119.99999999977648, "ITS_PDU_Header": {"tmp": "tmp"}, "Basic_Container": {"tmp": "tmp"}, "HF_Container": {"sumo_id": "368", "location": [-216.5467529296875, 9.25], "speed": [-21654.67577698847, 925.0000206753616, 0], "yaw": 0.0}, "LF_Container": {"tmp": "tmp"}, "Special_Vehicle_Container": {"tmp": "tmp"}, "option": {"size": 190, "type": "CAM"}}
{"timestamp": 119.99999999977648, "ITS_PDU_Header": {"tmp": "tmp"}, "Management_Container": {"tmp": "tmp"}, "Station_Data_Container": {"sumo_id": "368", "location": [-216.5467529296875, 9.25], "speed": [-21654.67577698847, 925.0000206753616, 0], "yaw": 0.0}, "Sensor_Information_Container": [0, 1, 2, 3], "Perceived_Object_Container": [{"time": 119.99999999977648, "location": {"x": -206.08202102060287, "y": 5.962127238297814}, "speed": {"x": -20463.59146081488, "y": 575.0000128522519, "z": 0}, "pseudonym": 0}, {"time": 119.99999999977648, "location": {"x": -170.83896912911456, "y": -2.2261951495057577}, "speed": {"x": -17014.050673262416, "y": -200.00000447034847, "z": 0}, "pseudonym": 1}], "option": {"size": 331, "type": "CPM"}}
