{"timestamp": 119.99999999977648, "ITS_PDU_Header": {"tmp": "tmp"}, "Basic_Container": {"tmp": "tmp"}, "HF_Container": {"sumo_id": "378", "location": [553.0093994140625, 2.0], "speed": [55300.941177478606, 200.00000447034847, 0], "yaw": 0.0}, "LF_Container": {"tmp": "tmp"}, "Special_Vehicle_Container": {"tmp": "tmp"}, "option": {"size": 190, "type": "CAM"}}
{"timestamp": 119.99999999977648, "ITS_PDU_Header": {"tmp": "tmp"}, "Management_Container": {"tmp": "tmp"}, "Station_Data_Container": {"sumo_id": "378", "location": [553.0093994140625, 2.0], "speed": [55300.941177478606, 200.00000447034847, 0], "yaw": 0.0}, "Sensor_Information_Container": [0, 1, 2, 3], "Perceived_Object_Container": [{"time": 119.99999999977648, "location": {"x": 582.1245362424638, "y": -8.986833508767079}, "speed": {"x": 58237.90413374984, "y": -925.0000206753616, "z": 0}, "pseudonym": 0}, {"time": 119.99999999977648, "location": {"x": 597.0190271586284, "y": -1.4527230725729998}, "speed": {"x": 59636.68346189, "y": -200.00000447034847, "z": 0}, "pseudonym": 1}], "option": {"size": 331, "type": "CPM"}}
