{"timestamp": 119.99999999977648, "ITS_PDU_Header": {"tmp": "tmp"}, "Basic_Container": {"tmp": "tmp"}, "HF_Container": {"sumo_id": "496", "location": [-189.63262939453125, -2.0], "speed": [-18963.26336331509, -200.00000447034847, 0], "yaw": -179.99996948242188}, "LF_Container": {"tmp": "tmp"}, "Special_Vehicle_Container": {"tmp": "tmp"}, "option": {"size": 190, "type": "CAM"}}
{"timestamp": 119.99999999977648, "ITS_PDU_Header": {"tmp": "tmp"}, "Management_Container": {"tmp": "tmp"}, "Station_Data_Container": {"sumo_id": "496", "location": [-189.63262939453125, -2.0], "speed": [-18963.26336331509, -200.00000447034847, 0], "yaw": -179.99996948242188}, "Sensor_Information_Container": [0, 1, 2, 3], "Perceived_Object_Container": [{"time": 119.99999999977648, "location": {"x": -170.83949498824552, "y": -2.0872790422689884}, "speed": {"x": -17014.050673262416, "y": -200.00000447034847, "z": 0}, "pseudonym": 0}, {"time": 119.99999999977648, "location": {"x": -204.28134388298508, "y": 5.171579022520647}, "speed": {"x": -20463.59146081488, "y": 575.0000128522519, "z": 0}, "pseudonym": 1}], "option": {"size": 331, "type": "CPM"}}
