{"timestamp": 119.99999999977648, "ITS_PDU_Header": {"tmp": "tmp"}, "Basic_Container": {"tmp": "tmp"}, "HF_Container": {"sumo_id": "60", "location": [-254.7705535888672, 9.25], "speed": [-25477.055928343296, 925.0000206753616, 0], "yaw": 0.0}, "LF_Container": {"tmp": "tmp"}, "Special_Vehicle_Container": {"tmp": "tmp"}, "option": {"size": 190, "type": "CAM"}}
{"timestamp": 119.99999999977648, "ITS_PDU_Header": {"tmp": "tmp"}, "Management_Container": {"tmp": "tmp"}, "Station_Data_Container": {"sumo_id": "60", "location": [-254.7705535888672, 9.25], "speed": [-25477.055928343296, 925.0000206753616, 0], "yaw": 0.0}, "Sensor_Information_Container": [0, 1, 2, 3], "Perceived_Object_Container": [{"time": 119.99999999977648, "location": {"x": -206.04864925128834, "y": 5.405315182620189}, "speed": {"x": -20463.59146081488, "y": 575.0000128522519, "z": 0}, "pseudonym": 0}, {"time": 119.99999999977648, "location": {"x": -276.0984173308618, "y": 9.34469172907792}, "speed": {"x": -27669.983528628578, "y": 925.0000206753616, "z": 0}, "pseudonym": 1}], "option": {"size": 331, "type": "CPM"}}
