{"timestamp": 119.99999999977648, "ITS_PDU_Header": {"tmp": "tmp"}, "Basic_Container": {"tmp": "tmp"}, "HF_Container": {"sumo_id": "612", "location": [424.4334716796875, 9.25], "speed": [42443.348116651505, 925.0000206753616, 0], "yaw": 0.0}, "LF_Container": {"tmp": "tmp"}, "Special_Vehicle_Container": {"tmp": "tmp"}, "option": {"size": 190, "type": "CAM"}}
{"timestamp": 119.99999999977648, "ITS_PDU_Header": {"tmp": "tmp"}, "Management_Container": {"tmp": "tmp"}, "Station_Data_Container": {"sumo_id": "612", "location": [424.4334716796875, 9.25], "speed": [42443.348116651505, 925.0000206753616, 0], "yaw": 0.0}, "Sensor_Information_Container": [0, 1, 2, 3], "Perceived_Object_Container": [{"time": 119.99999999977648, "location": {"x": 471.33136334312474, "y": 8.774282413607319}, "speed": {"x": 47270.749957950786, "y": 925.0000206753616, "z": 0}, "pseudonym": 0}, {"time": 119.99999999977648, "location": {"x": 402.73968214057476, "y": 5.164399654221629}, "speed": {"x": 40216.84355028369, "y": 575.0000128522519, "z": 0}, "pseudonym": 1}], "option": {"size": 331, "type": "CPM"}}
