{"timestamp": 119.99999999977648, "ITS_PDU_Header": {"tmp": "tmp"}, "Basic_Container": {"tmp": "tmp"}, "HF_Container": {"sumo_id": "686", "location": [-780.138671875, -9.25], "speed": [-78013.86893124586, -925.0000206753616, 0], "yaw": -179.99996948242188}, "LF_Container": {"tmp": "tmp"}, "Special_Vehicle_Container": {"tmp": "tmp"}, "option": {"size": 190, "type": "CAM"}}
{"timestamp": 119.99999999977648, "ITS_PDU_Header": {"tmp": "tmp"}, "Management_Container": {"tmp": "tmp"}, "Station_Data_Container": {"sumo_id": "686", "location": [-780.138671875, -9.25], "speed": [-78013.86893124586, -925.0000206753616, 0], "yaw": -179.99996948242188}, "Sensor_Information_Container": [0, 1, 2, 3], "Perceived_Object_Container": [{"time": 119.99999999977648, "location": {"x": -787.9776081001658, "y": 8.428280993387485}, "speed": {"x": -78651.9670900397, "y": 925.0000206753616, "z": 0}, "pseudonym": 0}, {"time": 119.99999999977648, "location": {"x": -786.1416228618428, "y": 8.414153349513764}, "speed": {"x": -78651.9670900397, "y": 925.0000206753616, "z": 0}, "pseudonym": 1}], "option": {"size": 331, "type": "CPM"}}
