{"timestamp": 30.000000001490115, "ITS_PDU_Header": {"tmp": "tmp"}, "Basic_Container": {"tmp": "tmp"}, "HF_Container": {"sumo_id": "5", "location": [-707.60546875, 9.25], "speed": [-7076.05458205857, 92.4999986216426, 0], "yaw": 0.0}, "LF_Container": {"tmp": "tmp"}, "Special_Vehicle_Container": {"tmp": "tmp"}, "option": {"size": 190, "type": "CAM"}}
{"timestamp": 30.10000000298023, "ITS_PDU_Header": {"tmp": "tmp"}, "Basic_Container": {"tmp": "tmp"}, "HF_Container": {"sumo_id": "5", "location": [-706.1254272460938, 9.25], "speed": [14.800414818519133, 0.0, 0], "yaw": 0.0}, "LF_Container": {"tmp": "tmp"}, "Special_Vehicle_Container": {"tmp": "tmp"}, "option": {"size": 190, "type": "CAM"}}
{"timestamp": 30.200000004470347, "ITS_PDU_Header": {"tmp": "tmp"}, "Management_Container": {"tmp": "tmp"}, "Station_Data_Container": {"sumo_id": "5", "location": [-704.6448364257812, 9.25], "speed": [14.805907982499779, 0.0, 0], "yaw": 0.0}, "Sensor_Information_Container": [0, 1, 2, 3], "Perceived_Object_Container": [{"time": 30.200000004470347, "location": {"x": -697.5557513579564, "y": 6.182442961735887}, "speed": {"x": 18.664550503126524, "y": 0.0, "z": 0}, "pseudonym": 0}, {"time": 30.200000004470347, "location": {"x": -577.5653720079886, "y": 8.354936481592148}, "speed": {"x": 16.669311275045406, "y": 0.0, "z": 0}, "pseudonym": 1}, {"time": 30.200000004470347, "location": {"x": -604.2040574130343, "y": 5.604200767879936}, "speed": {"x": 18.37280246059891, "y": 0.0, "z": 0}, "pseudonym": 2}, {"time": 30.200000004470347, "location": {"x": -763.1220923415942, "y": 9.323687697491291}, "speed": {"x": 16.733398188152936, "y": 0.0, "z": 0}, "pseudonym": 3}], "option": {"size": 401, "type": "CPM"}}
{"timestamp": 30.300000005960463, "ITS_PDU_Header": {"tmp": "tmp"}, "Management_Container": {"tmp": "tmp"}, "Station_Data_Container": {"sumo_id": "5", "location": [-703.161376953125, 9.25], "speed": [14.834594505509816, 0.0, 0], "yaw": 0.0}, "Sensor_Information_Container": [0, 1, 2, 3], "Perceived_Object_Container": [{"time": 30.200000004470347, "location": {"x": -602.307983215349, "y": 5.98340254032972}, "speed": {"x": 18.37280246059891, "y": 0.0, "z": 0}, "pseudonym": 4}], "option": {"size": 296, "type": "CPM"}}
{"timestamp": 30.40000000745058, "ITS_PDU_Header": {"tmp": "tmp"}, "Management_Container": {"tmp": "tmp"}, "Station_Data_Container": {"sumo_id": "5", "location": [-701.6824340820312, 9.25], "speed": [14.789428490557842, 0.0, 0], "yaw": 0.0}, "Sensor_Information_Container": [0, 1, 2, 3], "Perceived_Object_Container": [{"time": 30.40000000745058, "location": {"x": -576.8871995172699, "y": 8.939890428766319}, "speed": {"x": 16.724853266405265, "y": 0.0, "z": 0}, "pseudonym": 5}], "option": {"size": 296, "type": "CPM"}}
{"timestamp": 30.40000000745058, "ITS_PDU_Header": {"tmp": "tmp"}, "Basic_Container": {"tmp": "tmp"}, "HF_Container": {"sumo_id": "5", "location": [-701.6824340820312, 9.25], "speed": [14.789428490557842, 0.0, 0], "yaw": 0.0}, "LF_Container": {"tmp": "tmp"}, "Special_Vehicle_Container": {"tmp": "tmp"}, "option": {"size": 190, "type": "CAM"}}
{"timestamp": 30.700000011920928, "ITS_PDU_Header": {"tmp": "tmp"}, "Basic_Container": {"tmp": "tmp"}, "HF_Container": {"sumo_id": "5", "location": [-697.2409057617188, 9.25], "speed": [14.815063255800855, 0.0, 0], "yaw": 0.0}, "LF_Container": {"tmp": "tmp"}, "Special_Vehicle_Container": {"tmp": "tmp"}, "option": {"size": 190, "type": "CAM"}}
{"timestamp": 31.000000016391276, "ITS_PDU_Header": {"tmp": "tmp"}, "Basic_Container": {"tmp": "tmp"}, "HF_Container": {"sumo_id": "5", "location": [-692.80859375, 9.25], "speed": [14.749755639586514, 0.0, 0], "yaw": 0.0}, "LF_Container": {"tmp": "tmp"}, "Special_Vehicle_Container": {"tmp": "tmp"}, "option": {"size": 190, "type": "CAM"}}
{"timestamp": 31.200000019371508, "ITS_PDU_Header": {"tmp": "tmp"}, "Management_Container": {"tmp": "tmp"}, "Station_Data_Container": {"sumo_id": "5", "location": [-689.84912109375, 9.25], "speed": [14.816283958907665, 0.0, 0], "yaw": 0.0}, "Sensor_Information_Container": [0, 1, 2, 3], "Perceived_Object_Container": [{"time": 31.200000019371508, "location": {"x": -679.1278623898244, "y": 6.008176218363869}, "speed": {"x": 18.615112027300714, "y": 0.0, "z": 0}, "pseudonym": 0}, {"time": 31.200000019371508, "location": {"x": -585.8600638464595, "y": 5.6987983301561185}, "speed": {"x": 18.411254608463427, "y": 0.0, "z": 0}, "pseudonym": 2}, {"time": 31.200000019371508, "location": {"x": -746.4460177050865, "y": 9.048800014610498}, "speed": {"x": 16.748046625434657, "y": 0.0, "z": 0}, "pseudonym": 3}], "option": {"size": 366, "type": "CPM"}}
{"timestamp": 31.300000020861624, "ITS_PDU_Header": {"tmp": "tmp"}, "Basic_Container": {"tmp": "tmp"}, "HF_Container": {"sumo_id": "5", "location": [-688.3690185546875, 9.25], "speed": [14.801025170072538, 0.0, 0], "yaw": 0.0}, "LF_Container": {"tmp": "tmp"}, "Special_Vehicle_Container": {"tmp": "tmp"}, "option": {"size": 190, "type": "CAM"}}
{"timestamp": 31.500000023841856, "ITS_PDU_Header": {"tmp": "tmp"}, "Management_Container": {"tmp": "tmp"}, "Station_Data_Container": {"sumo_id": "5", "location": [-685.402099609375, 9.25], "speed": [14.82665993531555, 0.0, 0], "yaw": 0.0}, "Sensor_Information_Container": [0, 1, 2, 3], "Perceived_Object_Container": [{"time": 31.500000023841856, "location": {"x": -558.396699939606, "y": 9.447752963546417}, "speed": {"x": 16.75781225028914, "y": 0.0, "z": 0}, "pseudonym": 5}], "option": {"size": 296, "type": "CPM"}}
{"timestamp": 31.600000025331973, "ITS_PDU_Header": {"tmp": "tmp"}, "Basic_Container": {"tmp": "tmp"}, "HF_Container": {"sumo_id": "5", "location": [-683.9175415039062, 9.25], "speed": [14.845580833471107, 0.0, 0], "yaw": 0.0}, "LF_Container": {"tmp": "tmp"}, "Special_Vehicle_Container": {"tmp": "tmp"}, "option": {"size": 190, "type": "CAM"}}
{"timestamp": 31.90000002980232, "ITS_PDU_Header": {"tmp": "tmp"}, "Basic_Container": {"tmp": "tmp"}, "HF_Container": {"sumo_id": "5", "location": [-679.4925537109375, 9.25], "speed": [14.754638452013754, 0.0, 0], "yaw": 0.0}, "LF_Container": {"tmp": "tmp"}, "Special_Vehicle_Container": {"tmp": "tmp"}, "option": {"size": 190, "type": "CAM"}}
{"timestamp": 32.20000003427267, "ITS_PDU_Header": {"tmp": "tmp"}, "Management_Container": {"tmp": "tmp"}, "Station_Data_Container": {"sumo_id": "5", "location": [-675.05615234375, 9.25], "speed": [14.781493920363577, 0.0, 0], "yaw": 0.0}, "Sensor_Information_Container": [0, 1, 2, 3], "Perceived_Object_Container": [{"time": 32.20000003427267, "location": {"x": -567.4408484545047, "y": 5.897703796102455}, "speed": {"x": 18.39965792894873, "y": 0.0, "z": 0}, "pseudonym": 2}, {"time": 32.20000003427267, "location": {"x": -660.8197458786224, "y": 5.955632513378797}, "speed": {"x": 18.659667690699283, "y": 0.0, "z": 0}, "pseudonym": 0}], "option": {"size": 331, "type": "CPM"}}
{"timestamp": 32.20000003427267, "ITS_PDU_Header": {"tmp": "tmp"}, "Basic_Container": {"tmp": "tmp"}, "HF_Container": {"sumo_id": "5", "location": [-675.05615234375, 9.25], "speed": [14.781493920363577, 0.0, 0], "yaw": 0.0}, "LF_Container": {"tmp": "tmp"}, "Special_Vehicle_Container": {"tmp": "tmp"}, "option": {"size": 190, "type": "CAM"}}
{"timestamp": 32.300000035762785, "ITS_PDU_Header": {"tmp": "tmp"}, "Management_Container": {"tmp": "tmp"}, "Station_Data_Container": {"sumo_id": "5", "location": [-673.5817260742188, 9.25], "speed": [14.744262475605868, 0.0, 0], "yaw": 0.0}, "Sensor_Information_Container": [0, 1, 2, 3], "Perceived_Object_Container": [{"time": 32.300000035762785, "location": {"x": -728.0271832321305, "y": 9.171329619592866}, "speed": {"x": 16.674194087472646, "y": 0.0, "z": 0}, "pseudonym": 3}], "option": {"size": 296, "type": "CPM"}}
{"timestamp": 32.50000003874302, "ITS_PDU_Header": {"tmp": "tmp"}, "Management_Container": {"tmp": "tmp"}, "Station_Data_Container": {"sumo_id": "5", "location": [-670.6287841796875, 9.25], "speed": [14.777831811043146, 0.0, 0], "yaw": 0.0},