{"timestamp": 119.99999999977648, "ITS_PDU_Header": {"tmp": "tmp"}, "Basic_Container": {"tmp": "tmp"}, "HF_Container": {"sumo_id": "635", "location": [-110.54022216796875, 2.0], "speed": [-11054.02246387353, 200.00000447034847, 0], "yaw": 0.0}, "LF_Container": {"tmp": "tmp"}, "Special_Vehicle_Container": {"tmp": "tmp"}, "option": {"size": 190, "type": "CAM"}}
{"timestamp": 119.99999999977648, "ITS_PDU_Header": {"tmp": "tmp"}, "Management_Container": {"tmp": "tmp"}, "Station_Data_Container": {"sumo_id": "635", "location": [-110.54022216796875, 2.0], "speed": [-11054.02246387353, 200.00000447034847, 0], "yaw": 0.0}, "Sensor_Information_Container": [0, 1, 2, 3], "Perceived_Object_Container": [{"time": 119.99999999977648, "location": {"x": -93.34630500001256, "y": 5.127721861457523}, "speed": {"x": -9312.939661285423, "y": 575.0000128522519, "z": 0}, "pseudonym": 0}, {"time": 119.99999999977648, "location": {"x": -129.90747859101123, "y": -1.5903732576563558}, "speed": {"x": -13131.720264219946, "y": -200.00000447034847, "z": 0}, "pseudonym": 1}], "option": {"size": 331, "type": "CPM"}}
{"timestamp": 120.10999999731779, "ITS_PDU_Header": {"tmp": "tmp"}, "Basic_Container": {"tmp": "tmp"}, "HF_Container": {"sumo_id": "635", "location": [-110.22325897216797, 2.0], "speed": [3.1677246801791643, 0.0, 0], "yaw": 0.0}, "LF_Container": {"tmp": "tmp"}, "Special_Vehicle_Container": {"tmp": "tmp"}, "option": {"size": 190, "type": "CAM"}}
{"timestamp": 120.10999999731779, "ITS_PDU_Header": {"tmp": "tmp"}, "Management_Container": {"tmp": "tmp"}, "Station_Data_Container": {"sumo_id": "635", "location": [-110.22325897216797, 2.0], "speed": [3.1677246801791643, 0.0, 0], "yaw": 0.0}, "Sensor_Information_Container": [0, 1, 2, 3], "Perceived_Object_Container": [{"time": 120.10999999731779, "location": {"x": -110.41488075696374, "y": -4.9927180933924475}, "speed": {"x": -16.442871461276816, "y": 0.0, "z": 0}, "pseudonym": 2}, {"time": 120.10999999731779, "location": {"x": -112.30150203764507, "y": -1.8380796361856004}, "speed": {"x": -12.065887720865481, "y": 0.0, "z": 0}, "pseudonym": 3}, {"time": 120.10999999731779, "location": {"x": -102.82771698643236, "y": -8.853752733604045}, "speed": {"x": -16.680145636502182, "y": 0.0, "z": 0}, "pseudonym": 4}], "option": {"size": 366, "type": "CPM"}}
{"timestamp": 120.11999999709427, "ITS_PDU_Header": {"tmp": "tmp"}, "Management_Container": {"tmp": "tmp"}, "Station_Data_Container": {"sumo_id": "635", "location": [-110.19152069091797, 2.0], "speed": [3.1738281959405885, 0.0, 0], "yaw": 0.0}, "Sensor_Information_Container": [0, 1, 2, 3], "Perceived_Object_Container": [{"time": 120.10999999731779, "location": {"x": -116.71744787069628, "y": 9.71339088627058}, "speed": {"x": 16.686249152263606, "y": 0.0, "z": 0}, "pseudonym": 5}, {"time": 120.10999999731779, "location": {"x": -143.07888123548085, "y": 9.012560832558641}, "speed": {"x": 15.179443698662006, "y": 0.0, "z": 0}, "pseudonym": 6}, {"time": 120.10999999731779, "location": {"x": -133.6612256150541, "y": -5.027112400007918}, "speed": {"x": -16.662598028688087, "y": 0.0, "z": 0}, "pseudonym": 7}, {"time": 120.10999999731779, "location": {"x": -120.07104109554784, "y": 1.874524057433023}, "speed": {"x": 3.087616035810471, "y": 0.0, "z": 0}, "pseudonym": 8}, {"time": 120.10999999731779, "location": {"x": -151.41253208154032, "y": -1.281498615566585}, "speed": {"x": -12.194824491325567, "y": 0.0, "z": 0}, "pseudonym": 9}, {"time": 120.10999999731779, "location": {"x": -137.97988273515392, "y": 5.605242039861072}, "speed": {"x": 15.72265660142876, "y": 0.0, "z": 0}, "pseudonym": 10}, {"time": 120.10999999731779, "location": {"x": -160.87818318074181, "y": 6.468816949298322}, "speed": {"x": 15.753174180235881, "y": 0.0, "z": 0}, "pseudonym": 11}, {"time": 120.10999999731779, "location": {"x": -131.3780105251498, "y": -1.669988204330172}, "speed": {"x": -12.109375270665629, "y": 0.0, "z": 0}, "pseudonym": 12}, {"time": 120.10999999731779, "location": {"x": -116.12703771426214, "y": 5.153586203267952}, "speed": {"x": 15.704346054144487, "y": 0.0, "z": 0}, "pseudonym": 13}, {"time": 120.10999999731779, "location": {"x": -93.35223922638839, "y": -1.7476805351223175}, "speed": {"x": -11.821747090408513, "y": 0.0, "z": 0}, "pseudonym": 14}, {"time": 120.10999999731779, "location": {"x": -88.32410273395185, "y": -4.915921316048878}, "speed": {"x": -16.180420283535575, "y": 0.0, "z": 0}, "pseudonym": 15}, {"time": 120.10999999731779, "location": {"x": -93.13300324385239, "y": 5.776628931535794}, "speed": {"x": 15.66848789904612, "y": 0.0, "z": 0}, "pseudonym": 16}], "option": {"size": 681, "type": "CPM"}}
{"timestamp": 120.2199999948591, "ITS_PDU_Header": {"tmp": "tmp"}, "Management_Container": {"tmp": "tmp"}, "Station_Data_Container": {"sumo_id": "635", "location": [-109.87456512451172, 2.0], "speed": [3.1684876196493423, 0.0, 0], "yaw": 0.0}, "Sensor_Information_Container": [0, 1, 2, 3], "Perceived_Object_Container": [{"time": 120.20999999508261, "location": {"x": -169.48757249755184, "y": -5.117851432498158}, "speed": {"x": -16.667175665509156, "y": 0.0, "z": 0}, "pseudonym": 17}, {"time": 120.20999999508261, "location": {"x": -88.27587372071571, "y": -4.928304868050898}, "speed": {"x": -16.19796789134967, "y": 0.0, "z": 0}, "pseudonym": 18}, {"time": 120.20999999508261, "location": {"x": -170.25735415125922, "y": 8.463872363489212}, "speed": {"x": 14.245605787164102, "y": 0.0, "z": 0}, "pseudonym": 19}, {"time": 120.20999999508261, "location": {"x": -89.58194111586907, "y": 5.131870361015249}, "speed": {"x": 15.667724959575942, "y": 0.0, "z": 0}, "pseudonym": 20}, {"time": 120.20999999508261, "location": {"x": -112.6759680519224, "y": 6.01311764638465}, "speed": {"x": 15.69137608315146, "y": 0.0, "z": 0}, "pseudonym": 21}], "option": {"size": 436, "type": "CPM"}}
{"timestamp": 120.41999999038875, "ITS_PDU_Header": {"tmp": "tmp"}, "Management_Container": {"tmp": "tmp"}, "Station_Data_Container": {"sumo_id": "635", "location": [-109.2406005859375, 2.0], "speed": [3.1738281959405885, 0.0, 0], "yaw": 0.0}, "Sensor_Information_Container": [0, 1, 2, 3], "Perceived_Object_Container": [{"time": 120.40999999061226, "location": {"x": -145.03962045200183, "y": -9.215440318429112}, "speed": {"x": -13.72070343168162, "y": 0.0, "z": 0}, "pseudonym": 22}], "option": {"size": 296, "type": "CPM"}}
{"timestamp": 120.51999998815357, "ITS_PDU_Header": {"tmp": "tmp"}, "Management_Container": {"tmp": "tmp"}, "Station_Data_Container": {"sumo_id": "635", "location": [-108.92296600341797, 2.0], "speed": [3.186798166933615, 0.0, 0], "yaw": 0.0}, "Sensor_Information_Container": [0, 1, 2, 3], "Perceived_Object_Container": [{"time": 120.50999998837709, "location": {"x": -112.04797239742095, "y": 8.655172759746664}, "speed": {"x": 16.681671515442538, "y": 0.0, "z": 0}, "pseudonym": 23}], "option": {"size": 296, "type": "CPM"}}
{"timestamp": 120.6199999859184, "ITS_PDU_Header": {"tmp": "tmp"}, "Management_Container": {"tmp": "tmp"}, "Station_Data_Container": {"sumo_id": "635", "location": [-108.60321044921875, 2.0], "speed": [3.1982422589862853, 0.0, 0], "yaw": 0.0}, "Sensor_Information_Container": [0, 1, 2, 3], "Perceived_Object_Container": [{"time": 120.60999998614191, "location": {"x": -143.00353933911086, "y": -4.871871300977745}, "speed": {"x": -16.65039099716524, "y": 0.0, "z": 0}, "pseudonym": 24}, {"time": 120.60999998614191, "location": {"x": -77.38433275667137, "y": -8.554624927405381}, "speed": {"x": -16.644287481403815, "y": 0.0, "z": 0}, "pseudonym": 25}], "option": {"size": 331, "type": "CPM"}}
{"timestamp": 120.71999998368322, "ITS_PDU_Header": {"tmp": "tmp"}, "Management_Container": {"tmp": "tmp"}, "Station_Data_Container": {"sumo_id": "635", "location": [-108.28369140625, 2.0], "speed": [3.2035828352775315, 0.0, 0], "yaw": 0.0}, "Sensor_Information_Container": [0, 1, 2, 3], "Perceived_Object_Container": [{"time": 120.70999998390674, "location": {"x": -81.26840825090139, "y": -1.1639246560787235},