{"timestamp": 14.079999685287476, "ITS_PDU_Header": {"tmp": "tmp"}, "Basic_Container": {"tmp": "tmp"}, "HF_Container": {"sumo_id": "10", "location": [993.68896484375, -9.25], "speed": [-3.845214929697251, 0.0, 0], "yaw": -179.99996948242188}, "LF_Container": {"tmp": "tmp"}, "Special_Vehicle_Container": {"tmp": "tmp"}, "option": {"size": 190, "type": "CAM"}}
{"timestamp": 14.079999685287476, "ITS_PDU_Header": {"tmp": "tmp"}, "Management_Container": {"tmp": "tmp"}, "Station_Data_Container": {"sumo_id": "10", "location": [993.68896484375, -9.25], "speed": [-3.845214929697251, 0.0, 0], "yaw": -179.99996948242188}, "Sensor_Information_Container": [0, 1, 2, 3], "Perceived_Object_Container": [{"time": 14.079999685287476, "location": {"x": 978.6084763840139, "y": -8.504492330446578}, "speed": {"x": -8.935547074725042, "y": 0.0, "z": 0}, "pseudonym": 0}], "option": {"size": 296, "type": "CPM"}}
{"timestamp": 14.479999676346779, "ITS_PDU_Header": {"tmp": "tmp"}, "Basic_Container": {"tmp": "tmp"}, "HF_Container": {"sumo_id": "10", "location": [991.9874267578125, -9.25], "speed": [-4.638671978682399, 0.0, 0], "yaw": -179.99996948242188}, "LF_Container": {"tmp": "tmp"}, "Special_Vehicle_Container": {"tmp": "tmp"}, "option": {"size": 190, "type": "CAM"}}
{"timestamp": 14.479999676346779, "ITS_PDU_Header": {"tmp": "tmp"}, "Management_Container": {"tmp": "tmp"}, "Station_Data_Container": {"sumo_id": "10", "location": [991.9874267578125, -9.25], "speed": [-4.638671978682399, 0.0, 0], "yaw": -179.99996948242188}, "Sensor_Information_Container": [0, 1, 2, 3], "Perceived_Object_Container": [{"time": 14.479999676346779, "location": {"x": 912.3581727593213, "y": -5.49550906902968}, "speed": {"x": -18.13964884295275, "y": 0.0, "z": 0}, "pseudonym": 1}, {"time": 14.479999676346779, "location": {"x": 974.2312237415259, "y": -6.516560351612136}, "speed": {"x": -9.71679709218734, "y": 0.0, "z": 0}, "pseudonym": 2}, {"time": 14.479999676346779, "location": {"x": 942.3362244838659, "y": -9.225877578931575}, "speed": {"x": -13.671875305590227, "y": 0.0, "z": 0}, "pseudonym": 3}], "option": {"size": 366, "type": "CPM"}}
{"timestamp": 14.579999674111605, "ITS_PDU_Header": {"tmp": "tmp"}, "Management_Container": {"tmp": "tmp"}, "Station_Data_Container": {"sumo_id": "10", "location": [991.5121459960938, -9.25], "speed": [-4.840087998809397, 0.0, 0], "yaw": -179.99996948242188}, "Sensor_Information_Container": [0, 1, 2, 3], "Perceived_Object_Container": [{"time": 14.579999674111605, "location": {"x": 908.6812232495421, "y": -6.478581852041145}, "speed": {"x": -18.13964884295275, "y": 0.0, "z": 0}, "pseudonym": 4}], "option": {"size": 296, "type": "CPM"}}
{"timestamp": 14.779999669641256, "ITS_PDU_Header": {"tmp": "tmp"}, "Basic_Container": {"tmp": "tmp"}, "HF_Container": {"sumo_id": "10", "location": [990.5015258789062, -9.25], "speed": [-5.242920039063395, 0.0, 0], "yaw": -179.99996948242188}, "LF_Container": {"tmp": "tmp"}, "Special_Vehicle_Container": {"tmp": "tmp"}, "option": {"size": 190, "type": "CAM"}}
{"timestamp": 14.879999667406082, "ITS_PDU_Header": {"tmp": "tmp"}, "Management_Container": {"tmp": "tmp"}, "Station_Data_Container": {"sumo_id": "10", "location": [989.9676513671875, -9.25], "speed": [-5.426025511906121, 0.0, 0], "yaw": -179.99996948242188}, "Sensor_Information_Container": [0, 1, 2, 3], "Perceived_Object_Container": [{"time": 14.879999667406082, "location": {"x": 969.6334713267361, "y": -6.507347541201291}, "speed": {"x": -10.491943593888214, "y": 0.0, "z": 0}, "pseudonym": 2}], "option": {"size": 296, "type": "CPM"}}
