{"timestamp": 120.00000000149012, "ITS_PDU_Header": {"tmp": "tmp"}, "Management_Container": {"tmp": "tmp"}, "Station_Data_Container": {"sumo_id": "151", "location": [-722.7252197265625, 2.0], "speed": [-7227.252089571177, 19.99999970197678, 0], "yaw": 0.0}, "Sensor_Information_Container": [0, 1, 2, 3], "Perceived_Object_Container": [{"time": 120.00000000149012, "location": {"x": -648.7436047341735, "y": -1.790442444162124}, "speed": {"x": -6480.635889759125, "y": -19.99999970197678, "z": 0}, "pseudonym": 0}, {"time": 120.00000000149012, "location": {"x": -631.7310889780526, "y": 6.114646265978417}, "speed": {"x": -6303.279935370685, "y": 57.499999143183246, "z": 0}, "pseudonym": 1}, {"time": 120.00000000149012, "location": {"x": -728.9643383521604, "y": 5.115076324526965}, "speed": {"x": -7283.469740100656, "y": 57.499999143183246, "z": 0}, "pseudonym": 2}, {"time": 120.00000000149012, "location": {"x": -749.6079439655826, "y": -2.011278270017518}, "speed": {"x": -7510.587046286657, "y": -19.99999970197678, "z": 0}, "pseudonym": 3}], "option": {"size": 401, "type": "CPM"}}
{"timestamp": 120.00000000149012, "ITS_PDU_Header": {"tmp": "tmp"}, "Basic_Container": {"tmp": "tmp"}, "HF_Container": {"sumo_id": "151", "location": [-722.7252197265625, 2.0], "speed": [-7227.252089571177, 19.99999970197678, 0], "yaw": 0.0}, "LF_Container": {"tmp": "tmp"}, "Special_Vehicle_Container": {"tmp": "tmp"}, "option": {"size": 190, "type": "CAM"}}
{"timestamp": 120.10000000298024, "ITS_PDU_Header": {"tmp": "tmp"}, "Basic_Container": {"tmp": "tmp"}, "HF_Container": {"sumo_id": "151", "location": [-722.3912353515625, 2.0], "speed": [3.339843700232451, 0.0, 0], "yaw": 0.0}, "LF_Container": {"tmp": "tmp"}, "Special_Vehicle_Container": {"tmp": "tmp"}, "option": {"size": 190, "type": "CAM"}}
