{"timestamp": 120.00000000149012, "ITS_PDU_Header": {"tmp": "tmp"}, "Management_Container": {"tmp": "tmp"}, "Station_Data_Container": {"sumo_id": "42", "location": [-1000.178955078125, 0.8840100765228271], "speed": [-10001.789401742973, 8.840100633500507, 0], "yaw": 26.512651443481445}, "Sensor_Information_Container": [0, 1, 2, 3], "Perceived_Object_Container": [{"time": 120.00000000149012, "location": {"x": -995.2823952435396, "y": -1.982570249317952}, "speed": {"x": -9948.079075394882, "y": -19.99999970197678, "z": 0}, "pseudonym": 0}, {"time": 120.00000000149012, "location": {"x": -985.3690620126727, "y": 4.998100775451754}, "speed": {"x": -9848.072973369464, "y": 57.499999143183246, "z": 0}, "pseudonym": 1}, {"time": 120.00000000149012, "location": {"x": -963.2903295501712, "y": -1.6169111352041265}, "speed": {"x": -9628.272561605683, "y": -19.99999970197678, "z": 0}, "pseudonym": 2}, {"time": 120.00000000149012, "location": {"x": -984.9392748534353, "y": -1.4802883808836775}, "speed": {"x": -9849.5134030355, "y": -19.99999970197678, "z": 0}, "pseudonym": 3}], "option": {"size": 401, "type": "CPM"}}
{"timestamp": 120.00000000149012, "ITS_PDU_Header": {"tmp": "tmp"}, "Basic_Container": {"tmp": "tmp"}, "HF_Container": {"sumo_id": "42", "location": [-1000.178955078125, 0.8840100765228271], "speed": [-10001.789401742973, 8.840100633500507, 0], "yaw": 26.512651443481445}, "LF_Container": {"tmp": "tmp"}, "Special_Vehicle_Container": {"tmp": "tmp"}, "option": {"size": 190, "type": "CAM"}}
{"timestamp": 120.10000000298024, "ITS_PDU_Header": {"tmp": "tmp"}, "Basic_Container": {"tmp": "tmp"}, "HF_Container": {"sumo_id": "42", "location": [-999.8081665039062, 1.1392029523849487], "speed": [3.7078856869356978, 2.5519287205945145, 0], "yaw": 20.140213012695312}, "LF_Container": {"tmp": "tmp"}, "Special_Vehicle_Container": {"tmp": "tmp"}, "option": {"size": 190, "type": "CAM"}}
