{"timestamp": 119.99999999977648, "ITS_PDU_Header": {"tmp": "tmp"}, "Basic_Container": {"tmp": "tmp"}, "HF_Container": {"sumo_id": "102", "location": [626.000732421875, -5.75], "speed": [62600.0746414082, -575.0000128522519, 0], "yaw": -179.99996948242188}, "LF_Container": {"tmp": "tmp"}, "Special_Vehicle_Container": {"tmp": "tmp"}, "option": {"size": 190, "type": "CAM"}}
{"timestamp": 119.99999999977648, "ITS_PDU_Header": {"tmp": "tmp"}, "Management_Container": {"tmp": "tmp"}, "Station_Data_Container": {"sumo_id": "102", "location": [626.000732421875, -5.75], "speed": [62600.0746414082, -575.0000128522519, 0], "yaw": -179.99996948242188}, "Sensor_Information_Container": [0, 1, 2, 3], "Perceived_Object_Container": [{"time": 119.99999999977648, "location": {"x": 602.7334873937803, "y": -5.645666137081829}, "speed": {"x": 60194.53259545265, "y": -575.0000128522519, "z": 0}, "pseudonym": 0}, {"time": 119.99999999977648, "location": {"x": 638.124809803819, "y": -2.3037831937747284}, "speed": {"x": 63874.75728708708, "y": -200.00000447034847, "z": 0}, "pseudonym": 1}, {"time": 119.99999999977648, "location": {"x": 665.9382953393994, "y": 2.218935099112235}, "speed": {"x": 66734.4009056926, "y": 200.00000447034847, "z": 0}, "pseudonym": 2}], "option": {"size": 366, "type": "CPM"}}
