{"timestamp": 119.99999999977648, "ITS_PDU_Header": {"tmp": "tmp"}, "Basic_Container": {"tmp": "tmp"}, "HF_Container": {"sumo_id": "171", "location": [-820.5603637695312, 5.75], "speed": [-82056.03821104851, 575.0000128522519, 0], "yaw": 0.0}, "LF_Container": {"tmp": "tmp"}, "Special_Vehicle_Container": {"tmp": "tmp"}, "option": {"size": 190, "type": "CAM"}}
{"timestamp": 119.99999999977648, "ITS_PDU_Header": {"tmp": "tmp"}, "Management_Container": {"tmp": "tmp"}, "Station_Data_Container": {"sumo_id": "171", "location": [-820.5603637695312, 5.75], "speed": [-82056.03821104851, 575.0000128522519, 0], "yaw": 0.0}, "Sensor_Information_Container": [0, 1, 2, 3], "Perceived_Object_Container": [{"time": 119.99999999977648, "location": {"x": -830.087024611441, "y": 2.467083167245041}, "speed": {"x": -83048.67739339196, "y": 200.00000447034847, "z": 0}, "pseudonym": 0}, {"time": 119.99999999977648, "location": {"x": -801.0421144343568, "y": 5.658823557160928}, "speed": {"x": -79963.53938498063, "y": 575.0000128522519, "z": 0}, "pseudonym": 1}, {"time": 119.99999999977648, "location": {"x": -853.5149291429159, "y": -5.155290353325304}, "speed": {"x": -85492.95235036952, "y": -575.0000128522519, "z": 0}, "pseudonym": 2}], "option": {"size": 366, "type": "CPM"}}
