{"timestamp": 119.99999999977648, "ITS_PDU_Header": {"tmp": "tmp"}, "Basic_Container": {"tmp": "tmp"}, "HF_Container": {"sumo_id": "457", "location": [-14.313232421875, -2.0], "speed": [-1431.3232741800682, -200.00000447034847, 0], "yaw": -179.99996948242188}, "LF_Container": {"tmp": "tmp"}, "Special_Vehicle_Container": {"tmp": "tmp"}, "option": {"size": 190, "type": "CAM"}}

{"timestamp": 119.99999999977648, "ITS_PDU_Header": {"tmp": "tmp"}, "Management_Container": {"tmp": "tmp"}, "Station_Data_Container": {"sumo_id": "457", "location": [-14.313232421875, -2.0], "speed": [-1431.3232741800682, -200.00000447034847, 0], "yaw": -179.99996948242188}, "Sensor_Information_Container": [0, 1, 2, 3], "Perceived_Object_Container": [{"time": 119.99999999977648, "location": {"x": -4.452558560820951, "y": 1.4389661899028967}, "speed": {"x": -478.14332123421104, "y": 200.00000447034847, "z": 0}, "pseudonym": 0}, {"time": 119.99999999977648, "location": {"x": 5.242249478359472, "y": 1.630419215170071}, "speed": {"x": 685.9375153318982, "y": 200.00000447034847, "z": 0}, "pseudonym": 1}, {"time": 119.99999999977648, "location": {"x": -0.607739666040132, "y": -8.614776665032094}, "speed": {"x": -47.83935653804294, "y": -925.0000206753616, "z": 0}, "pseudonym": 2}, {"time": 119.99999999977648, "location": {"x": -6.292484176133597, "y": 1.9213379517984897}, "speed": {"x": -478.14332123421104, "y": 200.00000447034847, "z": 0}, "pseudonym": 3}], "option": {"size": 401, "type": "CPM"}}

