{"timestamp": 119.99999999977648, "ITS_PDU_Header": {"tmp": "tmp"}, "Basic_Container": {"tmp": "tmp"}, "HF_Container": {"sumo_id": "548", "location": [-873.8510131835938, 2.0], "speed": [-87385.10327156865, 200.00000447034847, 0], "yaw": 0.0}, "LF_Container": {"tmp": "tmp"}, "Special_Vehicle_Container": {"tmp": "tmp"}, "option": {"size": 190, "type": "CAM"}}

{"timestamp": 119.99999999977648, "ITS_PDU_Header": {"tmp": "tmp"}, "Management_Container": {"tmp": "tmp"}, "Station_Data_Container": {"sumo_id": "548", "location": [-873.8510131835938, 2.0], "speed": [-87385.10327156865, 200.00000447034847, 0], "yaw": 0.0}, "Sensor_Information_Container": [0, 1, 2, 3], "Perceived_Object_Container": [{"time": 119.99999999977648, "location": {"x": -867.7893723988943, "y": 5.119188027441268}, "speed": {"x": -86731.95994642287, "y": 575.0000128522519, "z": 0}, "pseudonym": 0}, {"time": 119.99999999977648, "location": {"x": -874.4007458233342, "y": -5.027611512894041}, "speed": {"x": -87530.25708340683, "y": -575.0000128522519, "z": 0}, "pseudonym": 1}], "option": {"size": 331, "type": "CPM"}}

