{"timestamp": 119.99999999977648, "ITS_PDU_Header": {"tmp": "tmp"}, "Basic_Container": {"tmp": "tmp"}, "HF_Container": {"sumo_id": "561", "location": [-917.5100708007812, -9.25], "speed": [-91751.00913087299, -925.0000206753616, 0], "yaw": -179.99996948242188}, "LF_Container": {"tmp": "tmp"}, "Special_Vehicle_Container": {"tmp": "tmp"}, "option": {"size": 190, "type": "CAM"}}

{"timestamp": 119.99999999977648, "ITS_PDU_Header": {"tmp": "tmp"}, "Management_Container": {"tmp": "tmp"}, "Station_Data_Container": {"sumo_id": "561", "location": [-917.5100708007812, -9.25], "speed": [-91751.00913087299, -925.0000206753616, 0], "yaw": -179.99996948242188}, "Sensor_Information_Container": [0, 1, 2, 3], "Perceived_Object_Container": [{"time": 119.99999999977648, "location": {"x": -936.570625777013, "y": -9.166819159220555}, "speed": {"x": -93812.47768280978, "y": -925.0000206753616, "z": 0}, "pseudonym": 0}, {"time": 119.99999999977648, "location": {"x": -920.2918819633742, "y": 1.430272417933507}, "speed": {"x": -92008.24180263821, "y": 200.00000447034847, "z": 0}, "pseudonym": 1}], "option": {"size": 331, "type": "CPM"}}

