{"timestamp": 119.99999999977648, "ITS_PDU_Header": {"tmp": "tmp"}, "Basic_Container": {"tmp": "tmp"}, "HF_Container": {"sumo_id": "719", "location": [14.51605224609375, 2.0], "speed": [1451.6052570552808, 200.00000447034847, 0], "yaw": 0.0}, "LF_Container": {"tmp": "tmp"}, "Special_Vehicle_Container": {"tmp": "tmp"}, "option": {"size": 190, "type": "CAM"}}

{"timestamp": 119.99999999977648, "ITS_PDU_Header": {"tmp": "tmp"}, "Management_Container": {"tmp": "tmp"}, "Station_Data_Container": {"sumo_id": "719", "location": [14.51605224609375, 2.0], "speed": [1451.6052570552808, 200.00000447034847, 0], "yaw": 0.0}, "Sensor_Information_Container": [0, 1, 2, 3], "Perceived_Object_Container": [{"time": 119.99999999977648, "location": {"x": 7.488995087115751, "y": 2.1411094331339}, "speed": {"x": 685.9375153318982, "y": 200.00000447034847, "z": 0}, "pseudonym": 0}, {"time": 119.99999999977648, "location": {"x": 69.79356073223106, "y": -2.3899724272246425}, "speed": {"x": 7025.830235164543, "y": -200.00000447034847, "z": 0}, "pseudonym": 1}], "option": {"size": 331, "type": "CPM"}}

