{"timestamp": 119.99999999977648, "ITS_PDU_Header": {"tmp": "tmp"}, "Basic_Container": {"tmp": "tmp"}, "HF_Container": {"sumo_id": "74", "location": [-936.306640625, -2.0], "speed": [-93630.66615530847, -200.00000447034847, 0], "yaw": -179.99996948242188}, "LF_Container": {"tmp": "tmp"}, "Special_Vehicle_Container": {"tmp": "tmp"}, "option": {"size": 190, "type": "CAM"}}

{"timestamp": 119.99999999977648, "ITS_PDU_Header": {"tmp": "tmp"}, "Management_Container": {"tmp": "tmp"}, "Station_Data_Container": {"sumo_id": "74", "location": [-936.306640625, -2.0], "speed": [-93630.66615530847, -200.00000447034847, 0], "yaw": -179.99996948242188}, "Sensor_Information_Container": [0, 1, 2, 3], "Perceived_Object_Container": [{"time": 119.99999999977648, "location": {"x": -921.6358806544961, "y": 2.3581421322685676}, "speed": {"x": -92008.24180263821, "y": 200.00000447034847, "z": 0}, "pseudonym": 0}, {"time": 119.99999999977648, "location": {"x": -937.2926598631061, "y": -8.549319056886388}, "speed": {"x": -93812.47768280978, "y": -925.0000206753616, "z": 0}, "pseudonym": 1}], "option": {"size": 331, "type": "CPM"}}

