{
    "Name": "Pac02 Tire from ADAMS/Car TIR file",
    "Type": "Tire",
    "Template": "Pac02Tire",
    "Mass": 11.72,
    "Inertia": [
        0.6179732109460485,
        1.0971467108801805,
        0.6179732109460485
    ],
    "Use Mode": 3,
    "Coefficient of Friction": 0.8,
    "Tire Side": "left",
    "Dimension": {
        "Unloaded Radius": 0.3284,
        "Width": 0.225,
        "Aspect Ratio": 0.5,
        "Rim Radius": 0.2159,
        "Rim Width": 0.1778
    },
    "Vertical": {
        "Vertical Stiffness": 261600.0,
        "Vertical Damping": 1750.99,
        "Nominal Wheel Load": 4700.0
    },
    "Scaling Factors": {
        "lfz0": 1.0,
        "lcx": 1.0,
        "lmux": 1.0,
        "lex": 1.0,
        "lkx": 1.0,
        "lhx": 1.0,
        "lvx": 1.0,
        "lgax": 1.0,
        "lcy": 1.0,
        "lmuy": 1.0,
        "ley": 1.0,
        "lky": 1.0,
        "lhy": 1.0,
        "lvy": 1.0,
        "lgay": 1.0,
        "ltr": 1.0,
        "lres": 1.0,
        "lgaz": 1.0,
        "lxal": 1.0,
        "lyka": 1.0,
        "lvyka": 1.0,
        "ls": 1.0,
        "lsgkp": 1.0,
        "lsgal": 1.0,
        "lgyr": 1.0,
        "lmx": 1.0,
        "lvmx": 1.0,
        "lmy": 1.0
    },
    "Longitudinal Coefficients": {
        "pcx1": 1.3178,
        "pdx1": 1.0455,
        "pdx2": 0.063954,
        "pdx3": 0.0,
        "pex1": 0.15798,
        "pex2": 0.41141,
        "pex3": 0.1487,
        "pex4": 3.0004,
        "pkx1": 23.181,
        "pkx2": -0.037391,
        "pkx3": 0.80348,
        "phx1": -0.00058264,
        "phx2": -0.0037992,
        "pvx1": 0.045118,
        "pvx2": 0.058244,
        "rbx1": 13.276,
        "rbx2": -13.778,
        "rcx1": 1.0,
        "rex1": 0.0,
        "rex2": 0.0,
        "rhx1": 0.0
    },
    "Lateral Coefficients": {
        "pcy1": 1.2676,
        "pdy1": 0.90031,
        "pdy2": -0.16748,
        "pdy3": -0.43989,
        "pey1": -0.3442,
        "pey2": -0.10763,
        "pey3": 0.11513,
        "pey4": -6.9663,
        "pky1": -25.714,
        "pky2": 3.2658,
        "pky3": -0.0054467,
        "phy1": 0.0031111,
        "phy2": 0.000021666,
        "phy3": 0.036592,
        "pvy1": 0.0064945,
        "pvy2": -0.0052059,
        "pvy3": 0.013713,
        "pvy4": -0.0092737,
        "rby1": 7.1433,
        "rby2": 9.1916,
        "rby3": -0.027856,
        "rcy1": 1.0,
        "rey1": 0.0,
        "rey2": 0.0,
        "rhy1": 0.0,
        "rhy2": 0.0,
        "rvy1": 0.0,
        "rvy2": 0.0,
        "rvy3": 0.0,
        "rvy4": 0.0,
        "rvy5": 1.9,
        "rvy6": 0.0
    },
    "Aligning Coefficients": {
        "qbz1": 5.6008,
        "qbz2": -1.9968,
        "qbz3": -0.58685,
        "qbz4": -0.20922,
        "qbz5": 0.2973,
        "qbz9": 3.2333,
        "qbz10": 0.0,
        "qcz1": 1.0913,
        "qdz1": 0.082536,
        "qdz2": -0.011631,
        "qdz3": -0.18704,
        "qdz4": 0.18698,
        "qdz6": 0.00071228,
        "qdz7": 0.0010419,
        "qdz8": -0.11886,
        "qdz9": -0.011967,
        "qez1": -35.25,
        "qez2": -34.746,
        "qez3": 0.0,
        "qez4": 0.62393,
        "qez5": -2.6405,
        "qhz1": 0.0023279,
        "qhz2": -0.0010156,
        "qhz3": 0.030508,
        "qhz4": 0.058344,
        "ssz1": 0.0097546,
        "ssz2": 0.0043624,
        "ssz3": 0.0,
        "ssz4": 0.0
    },
    "Overturning Coefficients": {
        "qsx1": 0.0,
        "qsx2": 0.0,
        "qsx3": 0.0
    },
    "Rolling Coefficients": {
        "qsy1": 0.01,
        "qsy2": 0.0,
        "qsy3": 0.0,
        "qsy4": 0.0
    },
    "Visualization": {
        "Mesh Filename Left":  "sedan/sedan_tire.obj",
        "Mesh Filename Right": "sedan/sedan_tire.obj",
        "Width": 0.225
    }
}
