{"timestamp": 12.259999725967646, "ITS_PDU_Header": {"tmp": "tmp"}, "Basic_Container": {"tmp": "tmp"}, "HF_Container": {"sumo_id": "49", "location": [-72.2464599609375, -2.0], "speed": [-7224.6461575771755, -200.00000447034847, 0], "yaw": -179.99996948242188}, "LF_Container": {"tmp": "tmp"}, "Special_Vehicle_Container": {"tmp": "tmp"}, "option": {"size": 190, "type": "CAM"}}
{"timestamp": 12.259999725967646, "ITS_PDU_Header": {"tmp": "tmp"}, "Management_Container": {"tmp": "tmp"}, "Station_Data_Container": {"sumo_id": "49", "location": [-72.2464599609375, -2.0], "speed": [-7224.6461575771755, -200.00000447034847, 0], "yaw": -179.99996948242188}, "Sensor_Information_Container": [0, 1, 2, 3], "Perceived_Object_Container": [{"time": 12.259999725967646, "location": {"x": -42.59409158345007, "y": -2.145468358118161}, "speed": {"x": -3.7109375829459186, "y": 0.0, "z": 0}, "pseudonym": 0}], "option": {"size": 296, "type": "CPM"}}
{"timestamp": 12.369999723508954, "ITS_PDU_Header": {"tmp": "tmp"}, "Management_Container": {"tmp": "tmp"}, "Station_Data_Container": {"sumo_id": "49", "location": [-72.263427734375, -2.0], "speed": [-0.2807617250255136, 0.0, 0], "yaw": -179.99996948242188}, "Sensor_Information_Container": [0, 1, 2, 3], "Perceived_Object_Container": [{"time": 12.369999723508954, "location": {"x": -160.45762891114907, "y": -8.957558424723267}, "speed": {"x": -1.434326203934689, "y": 0.0, "z": 0}, "pseudonym": 1}, {"time": 12.369999723508954, "location": {"x": -162.43445206355625, "y": -8.631377233516716}, "speed": {"x": -1.434326203934689, "y": 0.0, "z": 0}, "pseudonym": 2}, {"time": 12.369999723508954, "location": {"x": -134.39923700314662, "y": 1.4042589790874187}, "speed": {"x": 19.648743114964883, "y": 0.0, "z": 0}, "pseudonym": 3}], "option": {"size": 366, "type": "CPM"}}
{"timestamp": 12.369999723508954, "ITS_PDU_Header": {"tmp": "tmp"}, "Basic_Container": {"tmp": "tmp"}, "HF_Container": {"sumo_id": "49", "location": [-72.263427734375, -2.0], "speed": [-0.2807617250255136, 0.0, 0], "yaw": -179.99996948242188}, "LF_Container": {"tmp": "tmp"}, "Special_Vehicle_Container": {"tmp": "tmp"}, "option": {"size": 190, "type": "CAM"}}
{"timestamp": 12.379999723285437, "ITS_PDU_Header": {"tmp": "tmp"}, "Management_Container": {"tmp": "tmp"}, "Station_Data_Container": {"sumo_id": "49", "location": [-72.26654052734375, -2.0], "speed": [-0.31127930383263464, 0.0, 0], "yaw": -179.99996948242188}, "Sensor_Information_Container": [0, 1, 2, 3], "Perceived_Object_Container": [{"time": 12.379999723285437, "location": {"x": 5.122600973638181, "y": 1.973666873629372}, "speed": {"x": 13.72070343168162, "y": 0.0, "z": 0}, "pseudonym": 4}], "option": {"size": 296, "type": "CPM"}}
{"timestamp": 12.46999972127378, "ITS_PDU_Header": {"tmp": "tmp"}, "Management_Container": {"tmp": "tmp"}, "Station_Data_Container": {"sumo_id": "49", "location": [-72.3055419921875, -2.0], "speed": [-0.5310058712439061, 0.0, 0], "yaw": -179.99996948242188}, "Sensor_Information_Container": [0, 1, 2, 3], "Perceived_Object_Container": [{"time": 12.46999972127378, "location": {"x": -107.90923537914057, "y": -4.918657728852404}, "speed": {"x": -14.409637773252378, "y": 0.0, "z": 0}, "pseudonym": 5}, {"time": 12.46999972127378, "location": {"x": -17.689236233470098, "y": -5.892279900793001}, "speed": {"x": -15.832519885134396, "y": 0.0, "z": 0}, "pseudonym": 6}], "option": {"size": 331, "type": "CPM"}}
{"timestamp": 12.569999719038606, "ITS_PDU_Header": {"tmp": "tmp"}, "Management_Container": {"tmp": "tmp"}, "Station_Data_Container": {"sumo_id": "49", "location": [-72.3720703125, -2.0], "speed": [-0.7759094411710524, 0.0, 0], "yaw": -179.99996948242188}, "Sensor_Information_Container": [0, 1, 2, 3], "Perceived_Object_Container": [{"time": 12.569999719038606, "location": {"x": -43.82677828538476, "y": -2.061960544583304}, "speed": {"x": -4.357910253656884, "y": 0.0, "z": 0}, "pseudonym": 0}], "option": {"size": 296, "type": "CPM"}}
{"timestamp": 12.669999716803432, "ITS_PDU_Header": {"tmp": "tmp"}, "Basic_Container": {"tmp": "tmp"}, "HF_Container": {"sumo_id": "49", "location": [-72.46307373046875, -2.0], "speed": [-1.0192871321578427, 0.0, 0], "yaw": -179.99996948242188}, "LF_Container": {"tmp": "tmp"}, "Special_Vehicle_Container": {"tmp": "tmp"}, "option": {"size": 190, "type": "CAM"}}
{"timestamp": 12.669999716803432, "ITS_PDU_Header": {"tmp": "tmp"}, "Management_Container": {"tmp": "tmp"}, "Station_Data_Container": {"sumo_id": "49", "location": [-72.46307373046875, -2.0], "speed": [-1.0192871321578427, 0.0, 0], "yaw": -179.99996948242188}, "Sensor_Information_Container": [0, 1, 2, 3], "Perceived_Object_Container": [{"time": 12.669999716803432, "location": {"x": 9.3107640432479, "y": 1.7851644488953589}, "speed": {"x": 14.270019850209799, "y": 0.0, "z": 0}, "pseudonym": 4}], "option": {"size": 296, "type": "CPM"}}
{"timestamp": 12.769999714568257, "ITS_PDU_Header": {"tmp": "tmp"}, "Management_Container": {"tmp": "tmp"}, "Station_Data_Container": {"sumo_id": "49", "location": [-72.57733154296875, -2.0], "speed": [-1.2451172153305385, 0.0, 0], "yaw": -179.99996948242188}, "Sensor_Information_Container": [0, 1, 2, 3], "Perceived_Object_Container": [{"time": 12.769999714568257, "location": {"x": -113.82726102464389, "y": -4.916530739895968}, "speed": {"x": -15.008545257342128, "y": 0.0, "z": 0}, "pseudonym": 5}, {"time": 12.769999714568257, "location": {"x": -22.554576962210085, "y": -5.368054857066389}, "speed": {"x": -16.387939819424, "y": 0.0, "z": 0}, "pseudonym": 6}], "option": {"size": 331, "type": "CPM"}}
{"timestamp": 12.869999712333083, "ITS_PDU_Header": {"tmp": "tmp"}, "Management_Container": {"tmp": "tmp"}, "Station_Data_Container": {"sumo_id": "49", "location": [-72.715087890625, -2.0], "speed": [-1.4892578457875068, 0.0, 0], "yaw": -179.99996948242188}, "Sensor_Information_Container": [0, 1, 2, 3], "Perceived_Object_Container": [{"time": 12.869999712333083, "location": {"x": -45.2303398193214, "y": -1.9456467759442373}, "speed": {"x": -4.949569812779944, "y": 0.0, "z": 0}, "pseudonym": 0}, {"time": 12.869999712333083, "location": {"x": -112.75546372576933, "y": -4.933680336308986}, "speed": {"x": -15.21606479323055, "y": 0.0, "z": 0}, "pseudonym": 7}], "option": {"size": 331, "type": "CPM"}}
{"timestamp": 12.969999710097909, "ITS_PDU_Header": {"tmp": "tmp"}, "Management_Container": {"tmp": "tmp"}, "Station_Data_Container": {"sumo_id": "49", "location": [-72.87493896484375, -2.0], "speed": [-1.697540321146108, 0.0, 0], "yaw": -179.99996948242188}, "Sensor_Information_Container": [0, 1, 2, 3], "Perceived_Object_Container": [{"time": 12.969999710097909, "location": {"x": 13.663402635254577, "y": 2.0892765389636225}, "speed": {"x": 14.868164394829371, "y": 0.0, "z": 0}, "pseudonym": 4}], "option": {"size": 296, "type": "CPM"}}
{"timestamp": 12.969999710097909, "ITS_PDU_Header": {"tmp": "tmp"}, "Basic_Container": {"tmp": "tmp"}, "HF_Container": {"sumo_id": "49", "location": [-72.87493896484375, -2.0], "speed": [-1.697540321146108, 0.0, 0], "yaw": -179.99996948242188}, "LF_Container": {"tmp": "tmp"}, "Special_Vehicle_Container": {"tmp": "tmp"}, "option": {"size": 190, "type": "CAM"}}
{"timestamp": 13.069999707862735, "ITS_PDU_Header": {"tmp": "tmp"}, "Management_Container": {"tmp": "tmp"}, "Station_Data_Container": {"sumo_id": "49", "location": [-73.055908203125, -2.0], "speed": [-1.9104004333257771, 0.0, 0], "yaw": -179.99996948242188}, "Sensor_Information_Container": [0, 1, 2, 3], "Perceived_Object_Container": [{"time": 13.069999707862735, "location": {"x": -116.67841940065017, "y": -4.921375174335377}, "speed": {"x": -15.613556257193302, "y": 0.0, "z": 0}, "pseudonym": 5}, {"time": 13.069999707862735, "location": {"x": 41.60825330724832, "y": 4.995444112626385}, "speed": {"x": 0.13427734675133257, "y": 0.0, "z": 0}, "pseudonym": 8}], "option": {"size": 331, "type": "CPM"}}
{"timestamp": 13.16999970562756, "ITS_PDU_Header": {"tmp": "tmp"}, "Management_Container": {"tmp": "tmp"},