{"timestamp": 12.50999972037971, "ITS_PDU_Header": {"tmp": "tmp"}, "Basic_Container": {"tmp": "tmp"}, "HF_Container": {"sumo_id": "50", "location": [-886.8377685546875, -5.75], "speed": [-88683.77883770567, -575.0000128522519, 0], "yaw": -179.99996948242188}, "LF_Container": {"tmp": "tmp"}, "Special_Vehicle_Container": {"tmp": "tmp"}, "option": {"size": 190, "type": "CAM"}}
{"timestamp": 12.50999972037971, "ITS_PDU_Header": {"tmp": "tmp"}, "Management_Container": {"tmp": "tmp"}, "Station_Data_Container": {"sumo_id": "50", "location": [-886.8377685546875, -5.75], "speed": [-88683.77883770567, -575.0000128522519, 0], "yaw": -179.99996948242188}, "Sensor_Information_Container": [0, 1, 2, 3], "Perceived_Object_Container": [{"time": 12.50999972037971, "location": {"x": -840.9417464981682, "y": -9.359598952690881}, "speed": {"x": -20.648193820898097, "y": 0.0, "z": 0}, "pseudonym": 0}], "option": {"size": 296, "type": "CPM"}}
{"timestamp": 12.619999717921019, "ITS_PDU_Header": {"tmp": "tmp"}, "Basic_Container": {"tmp": "tmp"}, "HF_Container": {"sumo_id": "50", "location": [-886.8547973632812, -5.75], "speed": [-0.2868652407869378, 0.0, 0], "yaw": -179.99996948242188}, "LF_Container": {"tmp": "tmp"}, "Special_Vehicle_Container": {"tmp": "tmp"}, "option": {"size": 190, "type": "CAM"}}
{"timestamp": 12.619999717921019, "ITS_PDU_Header": {"tmp": "tmp"}, "Management_Container": {"tmp": "tmp"}, "Station_Data_Container": {"sumo_id": "50", "location": [-886.8547973632812, -5.75], "speed": [-0.2868652407869378, 0.0, 0], "yaw": -179.99996948242188}, "Sensor_Information_Container": [0, 1, 2, 3], "Perceived_Object_Container": [{"time": 12.619999717921019, "location": {"x": -820.2278051733385, "y": -2.2042810107667408}, "speed": {"x": -18.145752358714173, "y": 0.0, "z": 0}, "pseudonym": 1}, {"time": 12.619999717921019, "location": {"x": -965.1947521574004, "y": -8.413273573785563}, "speed": {"x": -6.402588033733995, "y": 0.0, "z": 0}, "pseudonym": 2}, {"time": 12.619999717921019, "location": {"x": -751.958464490135, "y": -9.135516681769047}, "speed": {"x": -7.452392744698958, "y": 0.0, "z": 0}, "pseudonym": 3}, {"time": 12.619999717921019, "location": {"x": -822.9187047233625, "y": 9.698558926643168}, "speed": {"x": 12.164306912518446, "y": 0.0, "z": 0}, "pseudonym": 4}], "option": {"size": 401, "type": "CPM"}}
{"timestamp": 12.719999715685844, "ITS_PDU_Header": {"tmp": "tmp"}, "Management_Container": {"tmp": "tmp"}, "Station_Data_Container": {"sumo_id": "50", "location": [-886.8968505859375, -5.75], "speed": [-0.5310058712439061, 0.0, 0], "yaw": -179.99996948242188}, "Sensor_Information_Container": [0, 1, 2, 3], "Perceived_Object_Container": [{"time": 12.719999715685844, "location": {"x": -845.1814375019591, "y": -9.027331941035426}, "speed": {"x": -19.805908645821557, "y": 0.0, "z": 0}, "pseudonym": 0}], "option": {"size": 296, "type": "CPM"}}
{"timestamp": 12.919999711215496, "ITS_PDU_Header": {"tmp": "tmp"}, "Basic_Container": {"tmp": "tmp"}, "HF_Container": {"sumo_id": "50", "location": [-887.0546875, -5.75], "speed": [-1.0192871321578427, 0.0, 0], "yaw": -179.99996948242188}, "LF_Container": {"tmp": "tmp"}, "Special_Vehicle_Container": {"tmp": "tmp"}, "option": {"size": 190, "type": "CAM"}}
{"timestamp": 12.919999711215496, "ITS_PDU_Header": {"tmp": "tmp"}, "Management_Container": {"tmp": "tmp"}, "Station_Data_Container": {"sumo_id": "50", "location": [-887.0546875, -5.75], "speed": [-1.0192871321578427, 0.0, 0], "yaw": -179.99996948242188}, "Sensor_Information_Container": [0, 1, 2, 3], "Perceived_Object_Container": [{"time": 12.919999711215496, "location": {"x": -966.3723690047377, "y": -8.42345921195683}, "speed": {"x": -7.000732578353567, "y": 0.0, "z": 0}, "pseudonym": 2}, {"time": 12.919999711215496, "location": {"x": -849.0119986330495, "y": -9.349376935507511}, "speed": {"x": -18.9086918288922, "y": 0.0, "z": 0}, "pseudonym": 0}, {"time": 12.919999711215496, "location": {"x": -754.2108160295112, "y": -9.151479070376647}, "speed": {"x": -8.038330257795682, "y": 0.0, "z": 0}, "pseudonym": 3}, {"time": 12.919999711215496, "location": {"x": -818.775295892359, "y": 9.195318766980941}, "speed": {"x": 12.792969035945141, "y": 0.0, "z": 0}, "pseudonym": 4}], "option": {"size": 401, "type": "CPM"}}
{"timestamp": 13.119999706745148, "ITS_PDU_Header": {"tmp": "tmp"}, "Management_Container": {"tmp": "tmp"}, "Station_Data_Container": {"sumo_id": "50", "location": [-887.3078002929688, -5.75], "speed": [-1.4831543300260825, 0.0, 0], "yaw": -179.99996948242188}, "Sensor_Information_Container": [0, 1, 2, 3], "Perceived_Object_Container": [{"time": 13.119999706745148, "location": {"x": -852.465732987636, "y": -8.958711777614411}, "speed": {"x": -18.005371496201416, "y": 0.0, "z": 0}, "pseudonym": 0}], "option": {"size": 296, "type": "CPM"}}
{"timestamp": 13.219999704509974, "ITS_PDU_Header": {"tmp": "tmp"}, "Basic_Container": {"tmp": "tmp"}, "HF_Container": {"sumo_id": "50", "location": [-887.4685668945312, -5.75], "speed": [-1.7028808974373542, 0.0, 0], "yaw": -179.99996948242188}, "LF_Container": {"tmp": "tmp"}, "Special_Vehicle_Container": {"tmp": "tmp"}, "option": {"size": 190, "type": "CAM"}}
{"timestamp": 13.219999704509974, "ITS_PDU_Header": {"tmp": "tmp"}, "Management_Container": {"tmp": "tmp"}, "Station_Data_Container": {"sumo_id": "50", "location": [-887.4685668945312, -5.75], "speed": [-1.7028808974373542, 0.0, 0], "yaw": -179.99996948242188}, "Sensor_Information_Container": [0, 1, 2, 3], "Perceived_Object_Container": [{"time": 13.219999704509974, "location": {"x": -756.8024396598672, "y": -9.404196377107846}, "speed": {"x": -8.654785349699527, "y": 0.0, "z": 0}, "pseudonym": 3}], "option": {"size": 296, "type": "CPM"}}
{"timestamp": 13.3199997022748, "ITS_PDU_Header": {"tmp": "tmp"}, "Management_Container": {"tmp": "tmp"}, "Station_Data_Container": {"sumo_id": "50", "location": [-887.6516723632812, -5.75], "speed": [-1.9287109806100498, 0.0, 0], "yaw": -179.99996948242188}, "Sensor_Information_Container": [0, 1, 2, 3], "Perceived_Object_Container": [{"time": 13.3199997022748, "location": {"x": -970.5182516437102, "y": -8.41493317239699}, "speed": {"x": -7.781982595815865, "y": 0.0, "z": 0}, "pseudonym": 5}, {"time": 13.3199997022748, "location": {"x": -856.1787847935708, "y": -9.360138529752891}, "speed": {"x": -17.108154679272054, "y": 0.0, "z": 0}, "pseudonym": 0}, {"time": 13.3199997022748, "location": {"x": -813.9729094254126, "y": 9.223635975911016}, "speed": {"x": 13.549804990361743, "y": 0.0, "z": 0}, "pseudonym": 4}], "option": {"size": 366, "type": "CPM"}}
{"timestamp": 13.519999697804451, "ITS_PDU_Header": {"tmp": "tmp"}, "Basic_Container": {"tmp": "tmp"}, "HF_Container": {"sumo_id": "50", "location": [-888.0810546875, -5.75], "speed": [-2.343750052386896, 0.0, 0], "yaw": -179.99996948242188}, "LF_Container": {"tmp": "tmp"}, "Special_Vehicle_Container": {"tmp": "tmp"}, "option": {"size": 190, "type": "CAM"}}
{"timestamp": 13.519999697804451, "ITS_PDU_Header": {"tmp": "tmp"}, "Management_Container": {"tmp": "tmp"}, "Station_Data_Container": {"sumo_id": "50", "location": [-888.0810546875, -5.75], "speed": [-2.343750052386896, 0.0, 0], "yaw": -179.99996948242188}, "Sensor_Information_Container": [0, 1, 2, 3], "Perceived_Object_Container": [{"time": 13.519999697804451, "location": {"x": -940.5629765620968, "y": -2.7471496032201763}, "speed": {"x": -10.449218983558245, "y": 0.0, "z": 0}, "pseudonym": 6}, {"time": 13.519999697804451, "location": {"x": -759.44405391333, "y": -8.96869584772217}, "speed": {"x": -9.2529298943191, "y": 0.0, "z": 0}, "pseudonym": 3}], "option": {"size": 331, "type": "CPM"}}
{"timestamp": 13.619999695569277, "ITS_PDU_Header": {"tmp": "tmp"}, "Management_Container": {"tmp": "tmp"}, "Station_Data_Container": {"sumo_id": "50", "location": [-888.325927734375, -5.75], "speed": [-2.5390625567524707, 0.0, 0], "yaw": -179.99996948242188}, "Sensor_Information_Container": [0, 1, 2, 3],