{"timestamp": 13.759999692440033, "ITS_PDU_Header": {"tmp": "tmp"}, "Basic_Container": {"tmp": "tmp"}, "HF_Container": {"sumo_id": "55", "location": [-473.3887634277344, 2.0], "speed": [-47338.8774008798, 200.00000447034847, 0], "yaw": 0.0}, "LF_Container": {"tmp": "tmp"}, "Special_Vehicle_Container": {"tmp": "tmp"}, "option": {"size": 190, "type": "CAM"}}
{"timestamp": 13.759999692440033, "ITS_PDU_Header": {"tmp": "tmp"}, "Management_Container": {"tmp": "tmp"}, "Station_Data_Container": {"sumo_id": "55", "location": [-473.3887634277344, 2.0], "speed": [-47338.8774008798, 200.00000447034847, 0], "yaw": 0.0}, "Sensor_Information_Container": [0, 1, 2, 3], "Perceived_Object_Container": [{"time": 13.759999692440033, "location": {"x": -362.30765533447266, "y": 2.0}, "speed": {"x": 18.890381281607926, "y": 0.0, "z": 0}, "pseudonym": 0}], "option": {"size": 296, "type": "CPM"}}
{"timestamp": 13.869999689981341, "ITS_PDU_Header": {"tmp": "tmp"}, "Management_Container": {"tmp": "tmp"}, "Station_Data_Container": {"sumo_id": "55", "location": [-473.371826171875, 2.0], "speed": [0.2807617250255136, 0.0, 0], "yaw": 0.0}, "Sensor_Information_Container": [0, 1, 2, 3], "Perceived_Object_Container": [{"time": 13.869999689981341, "location": {"x": -582.1301728901818, "y": -1.7238582086202416}, "speed": {"x": -10.705566645538061, "y": 0.0, "z": 0}, "pseudonym": 1}, {"time": 13.869999689981341, "location": {"x": -338.8280558501213, "y": -5.373571780955402}, "speed": {"x": -13.143921192227033, "y": 0.0, "z": 0}, "pseudonym": 2}, {"time": 13.869999689981341, "location": {"x": -567.6116199073849, "y": -5.574902073999135}, "speed": {"x": -6.396484517972571, "y": 0.0, "z": 0}, "pseudonym": 3}], "option": {"size": 366, "type": "CPM"}}
{"timestamp": 13.869999689981341, "ITS_PDU_Header": {"tmp": "tmp"}, "Basic_Container": {"tmp": "tmp"}, "HF_Container": {"sumo_id": "55", "location": [-473.371826171875, 2.0], "speed": [0.2807617250255136, 0.0, 0], "yaw": 0.0}, "LF_Container": {"tmp": "tmp"}, "Special_Vehicle_Container": {"tmp": "tmp"}, "option": {"size": 190, "type": "CAM"}}
{"timestamp": 13.969999687746167, "ITS_PDU_Header": {"tmp": "tmp"}, "Management_Container": {"tmp": "tmp"}, "Station_Data_Container": {"sumo_id": "55", "location": [-473.3298645019531, 2.0], "speed": [0.5310058712439061, 0.0, 0], "yaw": 0.0}, "Sensor_Information_Container": [0, 1, 2, 3], "Perceived_Object_Container": [{"time": 13.969999687746167, "location": {"x": -412.99704292102876, "y": -1.8002038494998076}, "speed": {"x": -12.591553015818143, "y": 0.0, "z": 0}, "pseudonym": 4}], "option": {"size": 296, "type": "CPM"}}
{"timestamp": 14.069999685510993, "ITS_PDU_Header": {"tmp": "tmp"}, "Basic_Container": {"tmp": "tmp"}, "HF_Container": {"sumo_id": "55", "location": [-473.2633056640625, 2.0], "speed": [0.7812500174622987, 0.0, 0], "yaw": 0.0}, "LF_Container": {"tmp": "tmp"}, "Special_Vehicle_Container": {"tmp": "tmp"}, "option": {"size": 190, "type": "CAM"}}
{"timestamp": 14.169999683275819, "ITS_PDU_Header": {"tmp": "tmp"}, "Management_Container": {"tmp": "tmp"}, "Station_Data_Container": {"sumo_id": "55", "location": [-473.1724853515625, 2.0], "speed": [1.0131836163964185, 0.0, 0], "yaw": 0.0}, "Sensor_Information_Container": [0, 1, 2, 3], "Perceived_Object_Container": [{"time": 14.169999683275819, "location": {"x": -570.1888570228158, "y": -5.402167977693411}, "speed": {"x": -7.000732578353567, "y": 0.0, "z": 0}, "pseudonym": 3}, {"time": 14.169999683275819, "location": {"x": -585.3897660057816, "y": -1.8184519060303552}, "speed": {"x": -11.303711190157633, "y": 0.0, "z": 0}, "pseudonym": 1}], "option": {"size": 331, "type": "CPM"}}
{"timestamp": 14.269999681040645, "ITS_PDU_Header": {"tmp": "tmp"}, "Management_Container": {"tmp": "tmp"}, "Station_Data_Container": {"sumo_id": "55", "location": [-473.05889892578125, 2.0], "speed": [1.2390136995691143, 0.0, 0], "yaw": 0.0}, "Sensor_Information_Container": [0, 1, 2, 3], "Perceived_Object_Container": [{"time": 14.269999681040645, "location": {"x": -544.8816823937908, "y": -9.068970563644221}, "speed": {"x": -54596.74194298853, "y": -925.0000206753616, "z": 0}, "pseudonym": 5}, {"time": 14.269999681040645, "location": {"x": -566.1853634769241, "y": -1.2568650863299569}, "speed": {"x": -12.219238554371264, "y": 0.0, "z": 0}, "pseudonym": 6}, {"time": 14.269999681040645, "location": {"x": -344.28152468842325, "y": -5.4119585507898655}, "speed": {"x": -13.964844062138589, "y": 0.0, "z": 0}, "pseudonym": 2}], "option": {"size": 366, "type": "CPM"}}
{"timestamp": 14.36999967880547, "ITS_PDU_Header": {"tmp": "tmp"}, "Management_Container": {"tmp": "tmp"}, "Station_Data_Container": {"sumo_id": "55", "location": [-472.9223327636719, 2.0], "speed": [1.467895540622522, 0.0, 0], "yaw": 0.0}, "Sensor_Information_Container": [0, 1, 2, 3], "Perceived_Object_Container": [{"time": 14.36999967880547, "location": {"x": -544.5895842119634, "y": -9.414272201286984}, "speed": {"x": -0.26245117774124094, "y": 0.0, "z": 0}, "pseudonym": 7}], "option": {"size": 296, "type": "CPM"}}
{"timestamp": 14.36999967880547, "ITS_PDU_Header": {"tmp": "tmp"}, "Basic_Container": {"tmp": "tmp"}, "HF_Container": {"sumo_id": "55", "location": [-472.9223327636719, 2.0], "speed": [1.467895540622522, 0.0, 0], "yaw": 0.0}, "LF_Container": {"tmp": "tmp"}, "Special_Vehicle_Container": {"tmp": "tmp"}, "option": {"size": 190, "type": "CAM"}}
{"timestamp": 14.469999676570296, "ITS_PDU_Header": {"tmp": "tmp"}, "Management_Container": {"tmp": "tmp"}, "Station_Data_Container": {"sumo_id": "55", "location": [-472.7638854980469, 2.0], "speed": [1.6876221080337936, 0.0, 0], "yaw": 0.0}, "Sensor_Information_Container": [0, 1, 2, 3], "Perceived_Object_Container": [{"time": 14.469999676570296, "location": {"x": -588.9389848109238, "y": -1.5827097765815565}, "speed": {"x": -11.920166282061478, "y": 0.0, "z": 0}, "pseudonym": 1}, {"time": 14.469999676570296, "location": {"x": -571.8307853948892, "y": -5.4105695217814}, "speed": {"x": -7.604980638734563, "y": 0.0, "z": 0}, "pseudonym": 3}], "option": {"size": 331, "type": "CPM"}}
{"timestamp": 14.569999674335122, "ITS_PDU_Header": {"tmp": "tmp"}, "Management_Container": {"tmp": "tmp"}, "Station_Data_Container": {"sumo_id": "55", "location": [-472.58404541015625, 2.0], "speed": [1.8981934018029287, 0.0, 0], "yaw": 0.0}, "Sensor_Information_Container": [0, 1, 2, 3], "Perceived_Object_Container": [{"time": 14.569999674335122, "location": {"x": -420.35282346190166, "y": -1.7920011833992155}, "speed": {"x": -12.060547144574235, "y": 0.0, "z": 0}, "pseudonym": 4}, {"time": 14.569999674335122, "location": {"x": -471.45080051086984, "y": -1.4892564947312645}, "speed": {"x": -0.12512207310919626, "y": 0.0, "z": 0}, "pseudonym": 8}], "option": {"size": 331, "type": "CPM"}}
{"timestamp": 14.669999672099948, "ITS_PDU_Header": {"tmp": "tmp"}, "Basic_Container": {"tmp": "tmp"}, "HF_Container": {"sumo_id": "55", "location": [-472.38336181640625, 2.0], "speed": [2.0935059061685033, 0.0, 0], "yaw": 0.0}, "LF_Container": {"tmp": "tmp"}, "Special_Vehicle_Container": {"tmp": "tmp"}, "option": {"size": 190, "type": "CAM"}}
{"timestamp": 14.669999672099948, "ITS_PDU_Header": {"tmp": "tmp"}, "Management_Container": {"tmp": "tmp"}, "Station_Data_Container": {"sumo_id": "55", "location": [-472.38336181640625, 2.0], "speed": [2.0935059061685033, 0.0, 0], "yaw": 0.0}, "Sensor_Information_Container": [0, 1, 2, 3], "Perceived_Object_Container": [{"time": 14.669999672099948, "location": {"x": -544.7350513272677, "y": -9.104442515653705}, "speed": {"x": -0.9948730691121459, "y": 0.0, "z": 0}, "pseudonym": 7}, {"time": 14.669999672099948, "location": {"x": -349.97266869266844, "y": -6.282688198457755}, "speed": {"x": -14.727783532316614, "y": 0.0, "z": 0}, "pseudonym": 2}], "option": {"size": 331, "type": "CPM"}}
{"timestamp": 14.769999669864774, "ITS_PDU_Header": {"tmp": "tmp"}, "Management_Container": {"tmp": "tmp"}, "Station_Data_Container": {"sumo_id": "55",