{"timestamp": 14.759999670088291, "ITS_PDU_Header": {"tmp": "tmp"}, "Basic_Container": {"tmp": "tmp"}, "HF_Container": {"sumo_id": "59", "location": [90.19933319091797, -5.75], "speed": [9019.933520703022, -575.0000128522519, 0], "yaw": -179.99996948242188}, "LF_Container": {"tmp": "tmp"}, "Special_Vehicle_Container": {"tmp": "tmp"}, "option": {"size": 190, "type": "CAM"}}
{"timestamp": 14.759999670088291, "ITS_PDU_Header": {"tmp": "tmp"}, "Management_Container": {"tmp": "tmp"}, "Station_Data_Container": {"sumo_id": "59", "location": [90.19933319091797, -5.75], "speed": [9019.933520703022, -575.0000128522519, 0], "yaw": -179.99996948242188}, "Sensor_Information_Container": [0, 1, 2, 3], "Perceived_Object_Container": [{"time": 14.759999670088291, "location": {"x": 45.356488678695015, "y": 5.496464147485552}, "speed": {"x": 3.6865235199002218, "y": 0.0, "z": 0}, "pseudonym": 0}, {"time": 14.759999670088291, "location": {"x": 139.44630160833873, "y": -9.638324400262814}, "speed": {"x": -12.939453414219322, "y": 0.0, "z": 0}, "pseudonym": 1}], "option": {"size": 331, "type": "CPM"}}
