{"timestamp": 68.40000101923943, "ITS_PDU_Header": {"tmp": "tmp"}, "Management_Container": {"tmp": "tmp"}, "Station_Data_Container": {"sumo_id": "49", "location": [997.3999633789062, -9.25], "speed": [9973.999485164888, -92.4999986216426, 0], "yaw": -179.99996948242188}, "Sensor_Information_Container": [], "Perceived_Object_Container": [{"time": 68.40000101923943, "location": {"x": 991.5588876423275, "y": -9.004721080447874}, "speed": {"x": -5.171508712001015, "y": 0.0, "z": 0}, "pseudonym": 0}], "option": {"size": 156, "type": "CPM"}}
{"timestamp": 68.70000102370977, "ITS_PDU_Header": {"tmp": "tmp"}, "Management_Container": {"tmp": "tmp"}, "Station_Data_Container": {"sumo_id": "49", "location": [997.2526245117188, -9.25], "speed": [-0.7366943249598991, 0.0, 0], "yaw": -179.99996948242188}, "Sensor_Information_Container": [], "Perceived_Object_Container": [{"time": 68.70000102370977, "location": {"x": 989.8263067603996, "y": -9.205478380318134}, "speed": {"x": -5.794067296474169, "y": 0.0, "z": 0}, "pseudonym": 0}], "option": {"size": 156, "type": "CPM"}}
{"timestamp": 69.10000102967024, "ITS_PDU_Header": {"tmp": "tmp"}, "Management_Container": {"tmp": "tmp"}, "Station_Data_Container": {"sumo_id": "49", "location": [996.7310791015625, -9.25], "speed": [-1.6101073978825302, 0.0, 0], "yaw": -179.99996948242188}, "Sensor_Information_Container": [], "Perceived_Object_Container": [{"time": 69.10000102967024, "location": {"x": 987.2572128794537, "y": -9.534086412867568}, "speed": {"x": -6.432495021335855, "y": 0.0, "z": 0}, "pseudonym": 0}], "option": {"size": 156, "type": "CPM"}}
{"timestamp": 69.40000103414059, "ITS_PDU_Header": {"tmp": "tmp"}, "Management_Container": {"tmp": "tmp"}, "Station_Data_Container": {"sumo_id": "49", "location": [996.1061401367188, -9.25], "speed": [-2.310790981191531, 0.0, 0], "yaw": -179.99996948242188}, "Sensor_Information_Container": [], "Perceived_Object_Container": [{"time": 69.40000103414059, "location": {"x": 985.098349478166, "y": -9.84454767812926}, "speed": {"x": -7.0465086840613385, "y": 0.0, "z": 0}, "pseudonym": 0}], "option": {"size": 156, "type": "CPM"}}
{"timestamp": 69.70000103861094, "ITS_PDU_Header": {"tmp": "tmp"}, "Management_Container": {"tmp": "tmp"}, "Station_Data_Container": {"sumo_id": "49", "location": [995.2931518554688, -9.25], "speed": [-2.909545855081888, 0.0, 0], "yaw": -179.99996948242188}, "Sensor_Information_Container": [], "Perceived_Object_Container": [{"time": 69.70000103861094, "location": {"x": 982.7499223810539, "y": -9.927479086546906}, "speed": {"x": -7.678222541835568, "y": 0.0, "z": 0}, "pseudonym": 0}], "option": {"size": 156, "type": "CPM"}}
{"timestamp": 70.00000104308128, "ITS_PDU_Header": {"tmp": "tmp"}, "Management_Container": {"tmp": "tmp"}, "Station_Data_Container": {"sumo_id": "49", "location": [994.3031005859375, -9.25], "speed": [-3.490600533923499, 0.0, 0], "yaw": -179.99996948242188}, "Sensor_Information_Container": [], "Perceived_Object_Container": [{"time": 70.00000104308128, "location": {"x": 980.1911803625928, "y": -10.012206482934523}, "speed": {"x": -8.233642455434167, "y": 0.0, "z": 0}, "pseudonym": 0}], "option": {"size": 156, "type": "CPM"}}
{"timestamp": 70.30000104755163, "ITS_PDU_Header": {"tmp": "tmp"}, "Management_Container": {"tmp": "tmp"}, "Station_Data_Container": {"sumo_id": "49", "location": [993.1241455078125, -9.25], "speed": [-4.1076659544160075, 0.0, 0], "yaw": -179.99996948242188}, "Sensor_Information_Container": [], "Perceived_Object_Container": [{"time": 70.30000104755163, "location": {"x": 977.7189605903452, "y": -9.71194485125321}, "speed": {"x": -8.773803580197638, "y": 0.0, "z": 0}, "pseudonym": 0}], "option": {"size": 156, "type": "CPM"}}
{"timestamp": 70.60000105202198, "ITS_PDU_Header": {"tmp": "tmp"}, "Management_Container": {"tmp": "tmp"}, "Station_Data_Container": {"sumo_id": "49", "location": [991.7573852539062, -9.25], "speed": [-4.737548757530022, 0.0, 0], "yaw": -179.99996948242188}, "Sensor_Information_Container": [], "Perceived_Object_Container": [{"time": 70.60000105202198, "location": {"x": 974.9127590770172, "y": -9.755108401839179}, "speed": {"x": -9.318237165834946, "y": 0.0, "z": 0}, "pseudonym": 0}], "option": {"size": 156, "type": "CPM"}}
{"timestamp": 70.90000105649233, "ITS_PDU_Header": {"tmp": "tmp"}, "Management_Container": {"tmp": "tmp"}, "Station_Data_Container": {"sumo_id": "49", "location": [990.2133178710938, -9.25], "speed": [-5.357055584236151, 0.0, 0], "yaw": -179.99996948242188}, "Sensor_Information_Container": [], "Perceived_Object_Container": [{"time": 70.90000105649233, "location": {"x": 971.9354236548629, "y": -9.798086840253701}, "speed": {"x": -9.89501938380272, "y": 0.0, "z": 0}, "pseudonym": 0}], "option": {"size": 156, "type": "CPM"}}
{"timestamp": 71.00000105798244, "ITS_PDU_Header": {"tmp": "tmp"}, "Management_Container": {"tmp": "tmp"}, "Station_Data_Container": {"sumo_id": "49", "location": [989.6632080078125, -9.25], "speed": [-5.501098550839743, 0.0, 0], "yaw": -179.99996948242188}, "Sensor_Information_Container": [], "Perceived_Object_Container": [{"time": 71.00000105798244, "location": {"x": 996.3373645460764, "y": -9.610474341503226}, "speed": {"x": 0, "y": 0, "z": 0}, "pseudonym": 1}], "option": {"size": 156, "type": "CPM"}}
{"timestamp": 71.10000105947256, "ITS_PDU_Header": {"tmp": "tmp"}, "Management_Container": {"tmp": "tmp"}, "Station_Data_Container": {"sumo_id": "49", "location": [989.0969848632812, -9.25], "speed": [-5.662231360938677, 0.0, 0], "yaw": -179.99996948242188}, "Sensor_Information_Container": [], "Perceived_Object_Container": [{"time": 71.10000105947256, "location": {"x": 996.435628854645, "y": -8.49942563609483}, "speed": {"x": 9973.999485164888, "y": -92.4999986216426, "z": 0}, "pseudonym": 1}], "option": {"size": 156, "type": "CPM"}}
{"timestamp": 71.20000106096268, "ITS_PDU_Header": {"tmp": "tmp"}, "Management_Container": {"tmp": "tmp"}, "Station_Data_Container": {"sumo_id": "49", "location": [988.5142822265625, -9.25], "speed": [-5.827026280358042, 0.0, 0], "yaw": -179.99996948242188}, "Sensor_Information_Container": [], "Perceived_Object_Container": [{"time": 71.20000106096268, "location": {"x": 996.2663631164571, "y": -9.668693543977225}, "speed": {"x": -0.2539062462165021, "y": 0.0, "z": 0}, "pseudonym": 2}, {"time": 71.20000106096268, "location": {"x": 968.7733710747182, "y": -9.841957338681578}, "speed": {"x": -10.477294765751141, "y": 0.0, "z": 0}, "pseudonym": 0}], "option": {"size": 191, "type": "CPM"}}
{"timestamp": 71.40000106394291, "ITS_PDU_Header": {"tmp": "tmp"}, "Management_Container": {"tmp": "tmp"}, "Station_Data_Container": {"sumo_id": "49", "location": [987.294677734375, -9.25], "speed": [-6.1718749080318975, 0.0, 0], "yaw": -179.99996948242188}, "Sensor_Information_Container": [], "Perceived_Object_Container": [{"time": 71.40000106394291, "location": {"x": 928.7064631221174, "y": -5.380543292084157}, "speed": {"x": -16.641845455142178, "y": 0.0, "z": 0}, "pseudonym": 3}], "option": {"size": 156, "type": "CPM"}}
{"timestamp": 71.50000106543303, "ITS_PDU_Header": {"tmp": "tmp"}, "Management_Container": {"tmp": "tmp"}, "Station_Data_Container": {"sumo_id": "49", "location": [986.6529541015625, -9.25], "speed": [-6.417236232500729, 0.0, 0], "yaw": -179.99996948242188}, "Sensor_Information_Container": [], "Perceived_Object_Container": [{"time": 71.50000106543303, "location": {"x": 996.0884159624312, "y": -9.986895601089754}, "speed": {"x": -0.9570312357391233, "y": 0.0, "z": 0}, "pseudonym": 2}, {"time": 71.50000106543303, "location": {"x": 965.4058687618037, "y": -9.887121964417988}, "speed": {"x": -11.191406083235053, "y": 0.0, "z": 0}, "pseudonym": 0}, {"time": 71.50000106543303, "location": {"x": 927.0010041614597, "y": -2.425323236129647}, "speed": {"x": -16.84631322553287, "y": 34.999999478459365, "z": 0}, "pseudonym": 3}], "option": {"size": 226, "type": "CPM"}}
{"timestamp": 71.60000106692314, "ITS_PDU_Header": {"tmp": "tmp"},