{"timestamp": 67.10000099986792, "ITS_PDU_Header": {"tmp": "tmp"}, "Management_Container": {"tmp": "tmp"}, "Station_Data_Container": {"sumo_id": "53", "location": [-997.3999633789062, 9.25], "speed": [-9973.999485164888, 92.4999986216426, 0], "yaw": 0.0}, "Sensor_Information_Container": [], "Perceived_Object_Container": [{"time": 67.10000099986792, "location": {"x": -992.1185722670631, "y": 9.028221970963045}, "speed": {"x": 5.3405760922942145, "y": 0.0, "z": 0}, "pseudonym": 0}], "option": {"size": 156, "type": "CPM"}}
{"timestamp": 67.40000100433826, "ITS_PDU_Header": {"tmp": "tmp"}, "Management_Container": {"tmp": "tmp"}, "Station_Data_Container": {"sumo_id": "53", "location": [-997.2466430664062, 9.25], "speed": [0.7598876839892912, 0.0, 0], "yaw": 0.0}, "Sensor_Information_Container": [], "Perceived_Object_Container": [{"time": 67.40000100433826, "location": {"x": -990.3398514424472, "y": 8.959967582234976}, "speed": {"x": 5.907592685407509, "y": 0.0, "z": 0}, "pseudonym": 0}], "option": {"size": 156, "type": "CPM"}}
{"timestamp": 67.70000100880861, "ITS_PDU_Header": {"tmp": "tmp"}, "Management_Container": {"tmp": "tmp"}, "Station_Data_Container": {"sumo_id": "53", "location": [-996.8840942382812, 9.25], "speed": [1.4227294709871787, 0.0, 0], "yaw": 0.0}, "Sensor_Information_Container": [], "Perceived_Object_Container": [{"time": 67.70000100880861, "location": {"x": -988.356443788291, "y": 8.891903909582846}, "speed": {"x": 6.578979394153068, "y": 0.0, "z": 0}, "pseudonym": 0}], "option": {"size": 156, "type": "CPM"}}
{"timestamp": 67.90000101178885, "ITS_PDU_Header": {"tmp": "tmp"}, "Management_Container": {"tmp": "tmp"}, "Station_Data_Container": {"sumo_id": "53", "location": [-996.5276489257812, 9.25], "speed": [1.8872070031284243, 0.0, 0], "yaw": 0.0}, "Sensor_Information_Container": [], "Perceived_Object_Container": [{"time": 67.90000101178885, "location": {"x": -986.7178686081454, "y": 10.253309286330039}, "speed": {"x": 7.091674699013312, "y": 0.0, "z": 0}, "pseudonym": 0}], "option": {"size": 156, "type": "CPM"}}
{"timestamp": 68.2000010162592, "ITS_PDU_Header": {"tmp": "tmp"}, "Management_Container": {"tmp": "tmp"}, "Station_Data_Container": {"sumo_id": "53", "location": [-995.8284912109375, 9.25], "speed": [2.538452110611616, 0.0, 0], "yaw": 0.0}, "Sensor_Information_Container": [], "Perceived_Object_Container": [{"time": 68.2000010162592, "location": {"x": -984.1856571700134, "y": 10.440787472728424}, "speed": {"x": 7.676391487175353, "y": 0.0, "z": 0}, "pseudonym": 0}], "option": {"size": 156, "type": "CPM"}}
{"timestamp": 68.50000102072954, "ITS_PDU_Header": {"tmp": "tmp"}, "Management_Container": {"tmp": "tmp"}, "Station_Data_Container": {"sumo_id": "53", "location": [-994.9645385742188, 9.25], "speed": [3.0371093297435445, 0.0, 0], "yaw": 0.0}, "Sensor_Information_Container": [], "Perceived_Object_Container": [{"time": 68.50000102072954, "location": {"x": -982.1459671419294, "y": 8.711718049824487}, "speed": {"x": 8.201904174657104, "y": 0.0, "z": 0}, "pseudonym": 0}], "option": {"size": 156, "type": "CPM"}}
{"timestamp": 68.80000102519989, "ITS_PDU_Header": {"tmp": "tmp"}, "Management_Container": {"tmp": "tmp"}, "Station_Data_Container": {"sumo_id": "53", "location": [-993.9345092773438, 9.25], "speed": [3.6138915477113196, 0.0, 0], "yaw": 0.0}, "Sensor_Information_Container": [], "Perceived_Object_Container": [{"time": 68.80000102519989, "location": {"x": -979.4500609706193, "y": 10.03232082883479}, "speed": {"x": 8.889160023791193, "y": 0.0, "z": 0}, "pseudonym": 0}], "option": {"size": 156, "type": "CPM"}}
{"timestamp": 69.10000102967024, "ITS_PDU_Header": {"tmp": "tmp"}, "Management_Container": {"tmp": "tmp"}, "Station_Data_Container": {"sumo_id": "53", "location": [-992.7196655273438, 9.25], "speed": [4.288940365777308, 0.0, 0], "yaw": 0.0}, "Sensor_Information_Container": [], "Perceived_Object_Container": [{"time": 69.10000102967024, "location": {"x": -976.5736109050296, "y": 10.122065995684252}, "speed": {"x": 9.439086773409146, "y": 0.0, "z": 0}, "pseudonym": 0}], "option": {"size": 156, "type": "CPM"}}
{"timestamp": 69.40000103414059, "ITS_PDU_Header": {"tmp": "tmp"}, "Management_Container": {"tmp": "tmp"}, "Station_Data_Container": {"sumo_id": "53", "location": [-991.3232421875, 9.25], "speed": [4.823608326560135, 0.0, 0], "yaw": 0.0}, "Sensor_Information_Container": [], "Perceived_Object_Container": [{"time": 69.40000103414059, "location": {"x": -973.6647403601288, "y": 9.355871156918226}, "speed": {"x": 9.974975437298783, "y": 0.0, "z": 0}, "pseudonym": 0}], "option": {"size": 156, "type": "CPM"}}
{"timestamp": 69.70000103861094, "ITS_PDU_Header": {"tmp": "tmp"}, "Management_Container": {"tmp": "tmp"}, "Station_Data_Container": {"sumo_id": "53", "location": [-989.7398071289062, 9.25], "speed": [5.451660075013934, 0.0, 0], "yaw": 0.0}, "Sensor_Information_Container": [], "Perceived_Object_Container": [{"time": 69.70000103861094, "location": {"x": -995.8843464196959, "y": 9.65582082603499}, "speed": {"x": 0, "y": 0, "z": 0}, "pseudonym": 1}, {"time": 69.70000103861094, "location": {"x": -966.7486665274264, "y": 7.176785535541031}, "speed": {"x": 10.576782068956165, "y": 0.0, "z": 0}, "pseudonym": 0}, {"time": 69.70000103861094, "location": {"x": -936.5967192857779, "y": 9.568618207091495}, "speed": {"x": 15.246581804058227, "y": 0.0, "z": 0}, "pseudonym": 2}], "option": {"size": 226, "type": "CPM"}}
{"timestamp": 69.80000104010105, "ITS_PDU_Header": {"tmp": "tmp"}, "Management_Container": {"tmp": "tmp"}, "Station_Data_Container": {"sumo_id": "53", "location": [-989.169189453125, 9.25], "speed": [5.706176672783841, 0.0, 0], "yaw": 0.0}, "Sensor_Information_Container": [], "Perceived_Object_Container": [{"time": 69.80000104010105, "location": {"x": -995.9739323626727, "y": 8.554032858357711}, "speed": {"x": -9973.999485164888, "y": 92.4999986216426, "z": 0}, "pseudonym": 1}, {"time": 69.80000104010105, "location": {"x": -965.7023236900401, "y": 7.133887259929459}, "speed": {"x": 10.789794761094528, "y": -34.999999478459365, "z": 0}, "pseudonym": 0}], "option": {"size": 191, "type": "CPM"}}
{"timestamp": 69.90000104159117, "ITS_PDU_Header": {"tmp": "tmp"}, "Management_Container": {"tmp": "tmp"}, "Station_Data_Container": {"sumo_id": "53", "location": [-988.5835571289062, 9.25], "speed": [5.856323154921484, 0.0, 0], "yaw": 0.0}, "Sensor_Information_Container": [], "Perceived_Object_Container": [{"time": 69.90000104159117, "location": {"x": -995.8053809625742, "y": 9.640057938011767}, "speed": {"x": 0.2563476524301223, "y": 0.0, "z": 0}, "pseudonym": 3}, {"time": 69.90000104159117, "location": {"x": -964.6283373917611, "y": 7.08985018754808}, "speed": {"x": 10.998534992359057, "y": 0.0, "z": 0}, "pseudonym": 0}], "option": {"size": 191, "type": "CPM"}}
{"timestamp": 70.20000104606152, "ITS_PDU_Header": {"tmp": "tmp"}, "Management_Container": {"tmp": "tmp"}, "Station_Data_Container": {"sumo_id": "53", "location": [-986.7244873046875, 9.25], "speed": [6.357421780267034, 0.0, 0], "yaw": 0.0}, "Sensor_Information_Container": [], "Perceived_Object_Container": [{"time": 70.20000104606152, "location": {"x": -995.5323187831572, "y": 9.725719799315861}, "speed": {"x": 0.9838867040889456, "y": 0.0, "z": 0}, "pseudonym": 3}, {"time": 70.20000104606152, "location": {"x": -961.9641389814225, "y": 7.017248124891582}, "speed": {"x": 11.509399242559086, "y": 0.0, "z": 0}, "pseudonym": 0}], "option": {"size": 191, "type": "CPM"}}
{"timestamp": 70.50000105053186, "ITS_PDU_Header": {"tmp": "tmp"}, "Management_Container": {"tmp": "tmp"}, "Station_Data_Container": {"sumo_id": "53", "location": [-984.7047729492188, 9.25], "speed": [6.9439696230892896, 0.0, 0], "yaw": 0.0}, "Sensor_Information_Container": [], "Perceived_Object_Container": [{"time": 70.50000105053186, "location": {"x": -995.481433962912, "y": 10.221776605799082}, "speed": {"x": 1.6436767333198081, "y": 0.0, "z": 0}, "pseudonym": 3}, {"time": 70.50000105053186,