{"timestamp": 69.70000103861094, "ITS_PDU_Header": {"tmp": "tmp"}, "Management_Container": {"tmp": "tmp"}, "Station_Data_Container": {"sumo_id": "54", "location": [-997.3999633789062, 9.25], "speed": [-9973.999485164888, 92.4999986216426, 0], "yaw": 0.0}, "Sensor_Information_Container": [], "Perceived_Object_Container": [{"time": 69.70000103861094, "location": {"x": -990.8701007854605, "y": 9.83882650575808}, "speed": {"x": 5.304565350643316, "y": 0.0, "z": 0}, "pseudonym": 0}, {"time": 69.70000103861094, "location": {"x": -970.49262081658, "y": 5.844250277513545}, "speed": {"x": 10.576782068956165, "y": 0.0, "z": 0}, "pseudonym": 1}], "option": {"size": 191, "type": "CPM"}}
{"timestamp": 70.00000104308128, "ITS_PDU_Header": {"tmp": "tmp"}, "Management_Container": {"tmp": "tmp"}, "Station_Data_Container": {"sumo_id": "54", "location": [-997.2505493164062, 9.25], "speed": [0.7366943249598991, 0.0, 0], "yaw": 0.0}, "Sensor_Information_Container": [], "Perceived_Object_Container": [{"time": 70.00000104308128, "location": {"x": -989.0793242473072, "y": 9.888160921588883}, "speed": {"x": 5.856323154921484, "y": 0.0, "z": 0}, "pseudonym": 0}, {"time": 70.00000104308128, "location": {"x": -967.1472701938596, "y": 5.43973020914029}, "speed": {"x": 11.15844709935118, "y": 0.0, "z": 0}, "pseudonym": 1}], "option": {"size": 191, "type": "CPM"}}
{"timestamp": 70.30000104755163, "ITS_PDU_Header": {"tmp": "tmp"}, "Management_Container": {"tmp": "tmp"}, "Station_Data_Container": {"sumo_id": "54", "location": [-996.8952026367188, 9.25], "speed": [1.3861083777828755, 0.0, 0], "yaw": 0.0}, "Sensor_Information_Container": [], "Perceived_Object_Container": [{"time": 70.30000104755163, "location": {"x": -987.2321019017844, "y": 9.771914595294483}, "speed": {"x": 6.357421780267034, "y": 0.0, "z": 0}, "pseudonym": 0}, {"time": 70.30000104755163, "location": {"x": -963.6372960117995, "y": 5.8485043164856965}, "speed": {"x": 11.682739083726121, "y": 0.0, "z": 0}, "pseudonym": 1}], "option": {"size": 191, "type": "CPM"}}
{"timestamp": 70.60000105202198, "ITS_PDU_Header": {"tmp": "tmp"}, "Management_Container": {"tmp": "tmp"}, "Station_Data_Container": {"sumo_id": "54", "location": [-996.3438110351562, 9.25], "speed": [2.058715789635244, 0.0, 0], "yaw": 0.0}, "Sensor_Information_Container": [], "Perceived_Object_Container": [{"time": 70.60000105202198, "location": {"x": -985.1598712499385, "y": 9.451178474698738}, "speed": {"x": 6.9439696230892896, "y": 0.0, "z": 0}, "pseudonym": 0}, {"time": 70.60000105202198, "location": {"x": -959.920590987504, "y": 6.405408067298806}, "speed": {"x": 12.299194152665226, "y": 0.0, "z": 0}, "pseudonym": 1}], "option": {"size": 191, "type": "CPM"}}
{"timestamp": 70.90000105649233, "ITS_PDU_Header": {"tmp": "tmp"}, "Management_Container": {"tmp": "tmp"}, "Station_Data_Container": {"sumo_id": "54", "location": [-995.6351928710938, 9.25], "speed": [2.5122069938151985, 0.0, 0], "yaw": 0.0}, "Sensor_Information_Container": [], "Perceived_Object_Container": [{"time": 70.90000105649233, "location": {"x": -982.8821194947087, "y": 9.47940429748856}, "speed": {"x": 7.609252816300797, "y": 0.0, "z": 0}, "pseudonym": 0}, {"time": 70.90000105649233, "location": {"x": -955.9666980815024, "y": 6.630084292172978}, "speed": {"x": 12.973022267624405, "y": 0.0, "z": 0}, "pseudonym": 1}], "option": {"size": 191, "type": "CPM"}}
{"timestamp": 71.20000106096268, "ITS_PDU_Header": {"tmp": "tmp"}, "Management_Container": {"tmp": "tmp"}, "Station_Data_Container": {"sumo_id": "54", "location": [-994.7542724609375, 9.25], "speed": [3.1268310080940873, 0.0, 0], "yaw": 0.0}, "Sensor_Information_Container": [], "Perceived_Object_Container": [{"time": 71.20000106096268, "location": {"x": -980.4622023926886, "y": 9.164313607835895}, "speed": {"x": 8.135986206889358, "y": 0.0, "z": 0}, "pseudonym": 0}], "option": {"size": 156, "type": "CPM"}}
{"timestamp": 71.3000010624528, "ITS_PDU_Header": {"tmp": "tmp"}, "Management_Container": {"tmp": "tmp"}, "Station_Data_Container": {"sumo_id": "54", "location": [-994.4258422851562, 9.25], "speed": [3.284301708872591, 0.0, 0], "yaw": 0.0}, "Sensor_Information_Container": [], "Perceived_Object_Container": [{"time": 71.3000010624528, "location": {"x": -950.4692642342237, "y": 4.754283772620941}, "speed": {"x": 13.536376751417269, "y": 0.0, "z": 0}, "pseudonym": 1}], "option": {"size": 156, "type": "CPM"}}
{"timestamp": 71.50000106543303, "ITS_PDU_Header": {"tmp": "tmp"}, "Management_Container": {"tmp": "tmp"}, "Station_Data_Container": {"sumo_id": "54", "location": [-993.6998901367188, 9.25], "speed": [3.73352045217871, 0.0, 0], "yaw": 0.0}, "Sensor_Information_Container": [], "Perceived_Object_Container": [{"time": 71.50000106543303, "location": {"x": -977.7392247763657, "y": 9.920228322800467}, "speed": {"x": 8.68591295650731, "y": 0.0, "z": 0}, "pseudonym": 0}], "option": {"size": 156, "type": "CPM"}}
{"timestamp": 71.60000106692314, "ITS_PDU_Header": {"tmp": "tmp"}, "Management_Container": {"tmp": "tmp"}, "Station_Data_Container": {"sumo_id": "54", "location": [-993.3109130859375, 9.25], "speed": [3.8897704498504035, 0.0, 0], "yaw": 0.0}, "Sensor_Information_Container": [], "Perceived_Object_Container": [{"time": 71.60000106692314, "location": {"x": -946.4036642288258, "y": 5.586623134649285}, "speed": {"x": 14.210815217929852, "y": 0.0, "z": 0}, "pseudonym": 1}], "option": {"size": 156, "type": "CPM"}}
{"timestamp": 71.80000106990337, "ITS_PDU_Header": {"tmp": "tmp"}, "Management_Container": {"tmp": "tmp"}, "Station_Data_Container": {"sumo_id": "54", "location": [-992.4833374023438, 9.25], "speed": [4.235839780631069, 0.0, 0], "yaw": 0.0}, "Sensor_Information_Container": [], "Perceived_Object_Container": [{"time": 71.80000106990337, "location": {"x": -974.8823177543873, "y": 9.989110908717597}, "speed": {"x": 9.241332870105909, "y": 0.0, "z": 0}, "pseudonym": 0}], "option": {"size": 156, "type": "CPM"}}
{"timestamp": 71.90000107139349, "ITS_PDU_Header": {"tmp": "tmp"}, "Management_Container": {"tmp": "tmp"}, "Station_Data_Container": {"sumo_id": "54", "location": [-992.03662109375, 9.25], "speed": [4.467163019371584, 0.0, 0], "yaw": 0.0}, "Sensor_Information_Container": [], "Perceived_Object_Container": [{"time": 71.80000106990337, "location": {"x": -942.3121481574917, "y": 6.5401900026177024}, "speed": {"x": 14.962157980171472, "y": 0.0, "z": 0}, "pseudonym": 1}], "option": {"size": 156, "type": "CPM"}}
{"timestamp": 72.10000107437372, "ITS_PDU_Header": {"tmp": "tmp"}, "Management_Container": {"tmp": "tmp"}, "Station_Data_Container": {"sumo_id": "54", "location": [-991.0784301757812, 9.25], "speed": [4.858398365104223, 0.0, 0], "yaw": 0.0}, "Sensor_Information_Container": [], "Perceived_Object_Container": [{"time": 72.0000010728836, "location": {"x": -972.5627892132604, "y": 9.591801636903977}, "speed": {"x": 9.902953953996986, "y": 0.0, "z": 0}, "pseudonym": 0}], "option": {"size": 156, "type": "CPM"}}
{"timestamp": 72.20000107586384, "ITS_PDU_Header": {"tmp": "tmp"}, "Management_Container": {"tmp": "tmp"}, "Station_Data_Container": {"sumo_id": "54", "location": [-990.579345703125, 9.25], "speed": [4.990844652193119, 0.0, 0], "yaw": 0.0}, "Sensor_Information_Container": [], "Perceived_Object_Container": [{"time": 72.20000107586384, "location": {"x": -937.2112055985755, "y": 6.367518604328352}, "speed": {"x": 15.645141368431727, "y": 0.0, "z": 0}, "pseudonym": 1}], "option": {"size": 156, "type": "CPM"}}
{"timestamp": 72.40000107884407, "ITS_PDU_Header": {"tmp": "tmp"}, "Management_Container": {"tmp": "tmp"}, "Station_Data_Container": {"sumo_id": "54", "location": [-989.5176391601562, 9.25], "speed": [5.416259684916441, 0.0, 0], "yaw": 0.0}, "Sensor_Information_Container": [], "Perceived_Object_Container": [{"time": 72.30000107735395, "location": {"x": -969.3908208030031, "y": 9.869764235136333}, "speed": {"x": 10.592651209344696, "y": 0.0, "z": 0}, "pseudonym": 0}, {"time": 72.30000107735395, "location": {"x": -997.5054472864502,