{"timestamp": 35.60000008493662, "ITS_PDU_Header": {"tmp": "tmp"}, "Management_Container": {"tmp": "tmp"}, "Station_Data_Container": {"sumo_id": "28", "location": [-997.3999633789062, 9.25], "speed": [-9973.999485164888, 92.4999986216426, 0], "yaw": 0.0}, "Sensor_Information_Container": [0, 1, 2, 3], "Perceived_Object_Container": [{"time": 35.60000008493662, "location": {"x": -990.1575898480266, "y": 9.252960869420047}, "speed": {"x": 5.326538006565898, "y": 0.0, "z": 0}, "pseudonym": 0}, {"time": 35.60000008493662, "location": {"x": -970.6616538476501, "y": 9.24815212165865}, "speed": {"x": 10.197143402738222, "y": 0.0, "z": 0}, "pseudonym": 1}], "option": {"size": 331, "type": "CPM"}}
{"timestamp": 35.60000008493662, "ITS_PDU_Header": {"tmp": "tmp"}, "Basic_Container": {"tmp": "tmp"}, "HF_Container": {"sumo_id": "28", "location": [-997.3999633789062, 9.25], "speed": [-9973.999485164888, 92.4999986216426, 0], "yaw": 0.0}, "LF_Container": {"tmp": "tmp"}, "Special_Vehicle_Container": {"tmp": "tmp"}, "option": {"size": 190, "type": "CAM"}}
{"timestamp": 35.70000008642673, "ITS_PDU_Header": {"tmp": "tmp"}, "Basic_Container": {"tmp": "tmp"}, "HF_Container": {"sumo_id": "28", "location": [-997.375, 9.25], "speed": [0.24963378534266673, 0.0, 0], "yaw": 0.0}, "LF_Container": {"tmp": "tmp"}, "Special_Vehicle_Container": {"tmp": "tmp"}, "option": {"size": 190, "type": "CAM"}}
{"timestamp": 35.900000089406966, "ITS_PDU_Header": {"tmp": "tmp"}, "Management_Container": {"tmp": "tmp"}, "Station_Data_Container": {"sumo_id": "28", "location": [-997.2515258789062, 9.25], "speed": [0.7336425671928738, 0.0, 0], "yaw": 0.0}, "Sensor_Information_Container": [0, 1, 2, 3], "Perceived_Object_Container": [{"time": 35.900000089406966, "location": {"x": -967.3964339032627, "y": 9.279357704973267}, "speed": {"x": 10.867919759930375, "y": 0.0, "z": 0}, "pseudonym": 1}, {"time": 35.900000089406966, "location": {"x": -988.3498779388074, "y": 9.24715358949895}, "speed": {"x": 5.915527255601774, "y": 0.0, "z": 0}, "pseudonym": 0}], "option": {"size": 331, "type": "CPM"}}
{"timestamp": 36.00000009089708, "ITS_PDU_Header": {"tmp": "tmp"}, "Basic_Container": {"tmp": "tmp"}, "HF_Container": {"sumo_id": "28", "location": [-997.1569213867188, 9.25], "speed": [0.9460449077778323, 0.0, 0], "yaw": 0.0}, "LF_Container": {"tmp": "tmp"}, "Special_Vehicle_Container": {"tmp": "tmp"}, "option": {"size": 190, "type": "CAM"}}
{"timestamp": 36.200000093877314, "ITS_PDU_Header": {"tmp": "tmp"}, "Management_Container": {"tmp": "tmp"}, "Station_Data_Container": {"sumo_id": "28", "location": [-996.9021606445312, 9.25], "speed": [1.3726806436079644, 0.0, 0], "yaw": 0.0}, "Sensor_Information_Container": [0, 1, 2, 3], "Perceived_Object_Container": [{"time": 36.200000093877314, "location": {"x": -963.9889704167837, "y": 9.209607789340179}, "speed": {"x": 11.431274243723239, "y": 0.0, "z": 0}, "pseudonym": 1}], "option": {"size": 296, "type": "CPM"}}
{"timestamp": 36.30000009536743, "ITS_PDU_Header": {"tmp": "tmp"}, "Management_Container": {"tmp": "tmp"}, "Station_Data_Container": {"sumo_id": "28", "location": [-996.742919921875, 9.25], "speed": [1.5924072028337837, 0.0, 0], "yaw": 0.0}, "Sensor_Information_Container": [0, 1, 2, 3], "Perceived_Object_Container": [{"time": 36.30000009536743, "location": {"x": -985.685961478873, "y": 9.242183296839652}, "speed": {"x": 6.751708883766698, "y": 0.0, "z": 0}, "pseudonym": 0}], "option": {"size": 296, "type": "CPM"}}
{"timestamp": 36.30000009536743, "ITS_PDU_Header": {"tmp": "tmp"}, "Basic_Container": {"tmp": "tmp"}, "HF_Container": {"sumo_id": "28", "location": [-996.742919921875, 9.25], "speed": [1.5924072028337837, 0.0, 0], "yaw": 0.0}, "LF_Container": {"tmp": "tmp"}, "Special_Vehicle_Container": {"tmp": "tmp"}, "option": {"size": 190, "type": "CAM"}}
{"timestamp": 36.50000009834766, "ITS_PDU_Header": {"tmp": "tmp"}, "Management_Container": {"tmp": "tmp"}, "Station_Data_Container": {"sumo_id": "28", "location": [-996.3657836914062, 9.25], "speed": [1.9787597361391822, 0.0, 0], "yaw": 0.0}, "Sensor_Information_Container": [0, 1, 2, 3], "Perceived_Object_Container": [{"time": 36.400000096857546, "location": {"x": -960.3069599665807, "y": 8.963154406337898}, "speed": {"x": 12.036742984701053, "y": 0.0, "z": 0}, "pseudonym": 1}], "option": {"size": 296, "type": "CPM"}}
{"timestamp": 36.60000009983778, "ITS_PDU_Header": {"tmp": "tmp"}, "Management_Container": {"tmp": "tmp"}, "Station_Data_Container": {"sumo_id": "28", "location": [-996.1431274414062, 9.25], "speed": [2.2265624668216337, 0.0, 0], "yaw": 0.0}, "Sensor_Information_Container": [0, 1, 2, 3], "Perceived_Object_Container": [{"time": 36.60000009983778, "location": {"x": -983.4580589684431, "y": 9.252527137655438}, "speed": {"x": 7.4273680533860915, "y": 0.0, "z": 0}, "pseudonym": 0}], "option": {"size": 296, "type": "CPM"}}
{"timestamp": 36.60000009983778, "ITS_PDU_Header": {"tmp": "tmp"}, "Basic_Container": {"tmp": "tmp"}, "HF_Container": {"sumo_id": "28", "location": [-996.1431274414062, 9.25], "speed": [2.2265624668216337, 0.0, 0], "yaw": 0.0}, "LF_Container": {"tmp": "tmp"}, "Special_Vehicle_Container": {"tmp": "tmp"}, "option": {"size": 190, "type": "CAM"}}
{"timestamp": 36.80000010281801, "ITS_PDU_Header": {"tmp": "tmp"}, "Management_Container": {"tmp": "tmp"}, "Station_Data_Container": {"sumo_id": "28", "location": [-995.6314697265625, 9.25], "speed": [2.64282222624388, 0.0, 0], "yaw": 0.0}, "Sensor_Information_Container": [0, 1, 2, 3], "Perceived_Object_Container": [{"time": 36.80000010281801, "location": {"x": -956.3481753179569, "y": 9.21521494459993}, "speed": {"x": 12.600707820047322, "y": 0.0, "z": 0}, "pseudonym": 1}], "option": {"size": 296, "type": "CPM"}}
{"timestamp": 36.90000010430813, "ITS_PDU_Header": {"tmp": "tmp"}, "Basic_Container": {"tmp": "tmp"}, "HF_Container": {"sumo_id": "28", "location": [-995.34716796875, 9.25], "speed": [2.8430175357607372, 0.0, 0], "yaw": 0.0}, "LF_Container": {"tmp": "tmp"}, "Special_Vehicle_Container": {"tmp": "tmp"}, "option": {"size": 190, "type": "CAM"}}
{"timestamp": 37.00000010579824, "ITS_PDU_Header": {"tmp": "tmp"}, "Management_Container": {"tmp": "tmp"}, "Station_Data_Container": {"sumo_id": "28", "location": [-995.0387573242188, 9.25], "speed": [3.0841063993557336, 0.0, 0], "yaw": 0.0}, "Sensor_Information_Container": [0, 1, 2, 3], "Perceived_Object_Container": [{"time": 37.00000010579824, "location": {"x": -953.8734718065324, "y": 9.34550539025827}, "speed": {"x": 13.103027148499681, "y": 0.0, "z": 0}, "pseudonym": 1}], "option": {"size": 296, "type": "CPM"}}
{"timestamp": 37.200000108778475, "ITS_PDU_Header": {"tmp": "tmp"}, "Basic_Container": {"tmp": "tmp"}, "HF_Container": {"sumo_id": "28", "location": [-994.3660888671875, 9.25], "speed": [3.469848581107727, 0.0, 0], "yaw": 0.0}, "LF_Container": {"tmp": "tmp"}, "Special_Vehicle_Container": {"tmp": "tmp"}, "option": {"size": 190, "type": "CAM"}}
{"timestamp": 37.40000011175871, "ITS_PDU_Header": {"tmp": "tmp"}, "Management_Container": {"tmp": "tmp"}, "Station_Data_Container": {"sumo_id": "28", "location": [-993.6201171875, 9.25], "speed": [3.8055419354805062, 0.0, 0], "yaw": 0.0}, "Sensor_Information_Container": [0, 1, 2, 3], "Perceived_Object_Container": [{"time": 37.40000011175871, "location": {"x": -948.4717717745052, "y": 9.129254630893332}, "speed": {"x": 13.783569130546315, "y": 0.0, "z": 0}, "pseudonym": 1}, {"time": 37.40000011175871, "location": {"x": -976.7766489491952, "y": 9.25247791943232}, "speed": {"x": 8.842162954179004, "y": 0.0, "z": 0}, "pseudonym": 0}], "option": {"size": 331, "type": "CPM"}}
{"timestamp": 37.500000113248824, "ITS_PDU_Header": {"tmp": "tmp"}, "Basic_Container": {"tmp": "tmp"}, "HF_Container": {"sumo_id": "28", "location": [-993.220458984375, 9.25], "speed": [3.996581971696288, 0.0, 0], "yaw": 0.0}, "LF_Container": {"tmp": "tmp"}, "Special_Vehicle_Container": {"tmp": "tmp"}, "option": {"size": 190, "type": "CAM"}}
{"timestamp": 37.700000116229056,