<?xml version="1.0" encoding="UTF-8"?>
<osm version="0.6" generator="openstreetmap-cgimap 2.1.0 (1323 spike-07.openstreetmap.org)" copyright="OpenStreetMap and contributors" attribution="http://www.openstreetmap.org/copyright" license="http://opendatacommons.org/licenses/odbl/1-0/">
 <bounds minlat="-23.6504800" minlon="-46.5758410" maxlat="-23.6461950" maxlon="-46.5714200"/>
 <node id="297507460" visible="true" version="1" changeset="649702" timestamp="2008-09-16T17:38:52Z" user="osaal" uid="42997" lat="-23.6494236" lon="-46.5750390"/>
 <node id="297507462" visible="true" version="2" changeset="11437713" timestamp="2012-04-28T04:06:55Z" user="111111111111111111111111111" uid="395947" lat="-23.6471977" lon="-46.5769526"/>
 <node id="831418733" visible="true" version="3" changeset="11437713" timestamp="2012-04-28T04:06:55Z" user="111111111111111111111111111" uid="395947" lat="-23.6478773" lon="-46.5762642"/>
 <node id="1407078940" visible="true" version="4" changeset="89029958" timestamp="2020-08-06T09:47:07Z" user="Scioto" uid="9446941" lat="-23.6463664" lon="-46.5753257"/>
 <node id="1407078981" visible="true" version="2" changeset="63659897" timestamp="2018-10-18T20:34:54Z" user="O Fim" uid="1842197" lat="-23.6444780" lon="-46.5746627"/>
 <node id="1407177157" visible="true" version="6" changeset="92212796" timestamp="2020-10-09T06:33:13Z" user="Scioto" uid="9446941" lat="-23.6472896" lon="-46.5757475"/>
 <node id="1407177164" visible="true" version="5" changeset="70412615" timestamp="2019-05-19T14:50:32Z" user="Yebra Jr" uid="9980566" lat="-23.6482921" lon="-46.5755196"/>
 <node id="1407177167" visible="true" version="4" changeset="104597536" timestamp="2021-05-12T20:58:39Z" user="(Inactive) Buddy-the-Elf" uid="9476874" lat="-23.6450792" lon="-46.5748894"/>
 <node id="1407177238" visible="true" version="2" changeset="70412480" timestamp="2019-05-19T14:45:40Z" user="Yebra Jr" uid="9980566" lat="-23.6469522" lon="-46.5760006"/>
 <node id="1407177242" visible="true" version="9" changeset="92385968" timestamp="2020-10-13T05:01:12Z" user="Scioto" uid="9446941" lat="-23.6474038" lon="-46.5756758"/>
 <node id="1407177257" visible="true" version="4" changeset="89011197" timestamp="2020-08-06T04:45:01Z" user="Scioto" uid="9446941" lat="-23.6497428" lon="-46.5746391"/>
 <node id="1407177279" visible="true" version="3" changeset="14142989" timestamp="2012-12-03T20:20:17Z" user="111111111111111111111111111" uid="395947" lat="-23.6470940" lon="-46.5759159"/>
 <node id="1407177290" visible="true" version="6" changeset="92212796" timestamp="2020-10-09T06:33:13Z" user="Scioto" uid="9446941" lat="-23.6472060" lon="-46.5758139"/>
 <node id="1407177303" visible="true" version="7" changeset="92212796" timestamp="2020-10-09T06:33:13Z" user="Scioto" uid="9446941" lat="-23.6477638" lon="-46.5760861"/>
 <node id="1407177304" visible="true" version="6" changeset="139499709" timestamp="2023-08-06T01:08:45Z" user="AjBelnuovo" uid="1799626" lat="-23.6480703" lon="-46.5755484">
  <tag k="crossing" v="marked"/>
  <tag k="crossing:markings" v="yes"/>
  <tag k="highway" v="crossing"/>
 </node>
 <node id="1407177323" visible="true" version="7" changeset="89029958" timestamp="2020-08-06T09:47:07Z" user="Scioto" uid="9446941" lat="-23.6487275" lon="-46.5754404"/>
 <node id="1407177339" visible="true" version="5" changeset="89014903" timestamp="2020-08-06T06:00:34Z" user="Scioto" uid="9446941" lat="-23.6480552" lon="-46.5758699"/>
 <node id="1407177468" visible="true" version="4" changeset="105109020" timestamp="2021-05-21T19:56:20Z" user="Imaginashun" uid="10782371" lat="-23.6472260" lon="-46.5766779">
  <tag k="highway" v="traffic_signals"/>
  <tag k="traffic_signals" v="signal"/>
  <tag k="traffic_signals:direction" v="forward"/>
 </node>
 <node id="1407177486" visible="true" version="5" changeset="89011197" timestamp="2020-08-06T04:45:01Z" user="Scioto" uid="9446941" lat="-23.6474935" lon="-46.5763544"/>
 <node id="1407177496" visible="true" version="3" changeset="64354181" timestamp="2018-11-10T15:00:11Z" user="AjBelnuovo" uid="1799626" lat="-23.6462772" lon="-46.5752912"/>
 <node id="1407177518" visible="true" version="6" changeset="92385968" timestamp="2020-10-13T05:01:12Z" user="Scioto" uid="9446941" lat="-23.6470082" lon="-46.5756261"/>
 <node id="1407177521" visible="true" version="6" changeset="89011197" timestamp="2020-08-06T04:45:01Z" user="Scioto" uid="9446941" lat="-23.6464861" lon="-46.5774259"/>
 <node id="1407177541" visible="true" version="3" changeset="14142989" timestamp="2012-12-03T20:20:17Z" user="111111111111111111111111111" uid="395947" lat="-23.6469908" lon="-46.5760608"/>
 <node id="1407177568" visible="true" version="3" changeset="89014903" timestamp="2020-08-06T06:00:34Z" user="Scioto" uid="9446941" lat="-23.6480245" lon="-46.5757438"/>
 <node id="1407177592" visible="true" version="3" changeset="89014903" timestamp="2020-08-06T06:00:34Z" user="Scioto" uid="9446941" lat="-23.6481176" lon="-46.5763135"/>
 <node id="1407177629" visible="true" version="5" changeset="92385968" timestamp="2020-10-13T05:01:12Z" user="Scioto" uid="9446941" lat="-23.6468774" lon="-46.5756825"/>
 <node id="1407177634" visible="true" version="5" changeset="92385968" timestamp="2020-10-13T05:01:12Z" user="Scioto" uid="9446941" lat="-23.6469161" lon="-46.5757535"/>
 <node id="1407216732" visible="true" version="2" changeset="63659897" timestamp="2018-10-18T20:34:54Z" user="O Fim" uid="1842197" lat="-23.6450795" lon="-46.5740918"/>
 <node id="1407216740" visible="true" version="5" changeset="178961090" timestamp="2026-02-23T20:42:13Z" user="O Fim" uid="1842197" lat="-23.6456395" lon="-46.5723728"/>
 <node id="1407216741" visible="true" version="3" changeset="178961090" timestamp="2026-02-23T20:42:13Z" user="O Fim" uid="1842197" lat="-23.6460160" lon="-46.5724546"/>
 <node id="1407216751" visible="true" version="7" changeset="106419815" timestamp="2021-06-15T19:06:14Z" user="UncoolGuyJake" uid="7674729" lat="-23.6456735" lon="-46.5717611"/>
 <node id="1407216773" visible="true" version="2" changeset="34374393" timestamp="2015-10-01T18:05:37Z" user="AjBelnuovo" uid="1799626" lat="-23.6491394" lon="-46.5711195"/>
 <node id="1407216780" visible="true" version="1" changeset="9084262" timestamp="2011-08-21T16:02:58Z" user="wmfam" uid="504868" lat="-23.6477714" lon="-46.5717432"/>
 <node id="1407216783" visible="true" version="3" changeset="89039239" timestamp="2020-08-06T12:36:30Z" user="Scioto" uid="9446941" lat="-23.6462776" lon="-46.5741173"/>
 <node id="1407216790" visible="true" version="2" changeset="92355121" timestamp="2020-10-12T12:29:17Z" user="Scioto" uid="9446941" lat="-23.6465912" lon="-46.5710516"/>
 <node id="1407216808" visible="true" version="2" changeset="36097809" timestamp="2015-12-22T02:22:35Z" user="patodiez" uid="1856060" lat="-23.6495779" lon="-46.5719900"/>
 <node id="1407216814" visible="true" version="1" changeset="9084262" timestamp="2011-08-21T16:02:59Z" user="wmfam" uid="504868" lat="-23.6478943" lon="-46.5716684"/>
 <node id="1407216816" visible="true" version="1" changeset="9084262" timestamp="2011-08-21T16:02:59Z" user="wmfam" uid="504868" lat="-23.6476198" lon="-46.5717585"/>
 <node id="1407216818" visible="true" version="5" changeset="178961090" timestamp="2026-02-23T20:42:13Z" user="O Fim" uid="1842197" lat="-23.6440114" lon="-46.5729541"/>
 <node id="1407216824" visible="true" version="5" changeset="169368121" timestamp="2025-07-23T21:38:09Z" user="AjBelnuovo" uid="1799626" lat="-23.6456374" lon="-46.5729725">
  <tag k="highway" v="mini_roundabout"/>
 </node>
 <node id="1407216827" visible="true" version="5" changeset="169368121" timestamp="2025-07-23T21:38:09Z" user="AjBelnuovo" uid="1799626" lat="-23.6456416" lon="-46.5741279">
  <tag k="highway" v="mini_roundabout"/>
 </node>
 <node id="1407216832" visible="true" version="4" changeset="178961090" timestamp="2026-02-23T20:42:13Z" user="O Fim" uid="1842197" lat="-23.6461057" lon="-46.5729689"/>
 <node id="1407216839" visible="true" version="3" changeset="178961090" timestamp="2026-02-23T20:42:13Z" user="O Fim" uid="1842197" lat="-23.6457939" lon="-46.5723817"/>
 <node id="1407216849" visible="true" version="6" changeset="178961090" timestamp="2026-02-23T20:42:13Z" user="O Fim" uid="1842197" lat="-23.6459181" lon="-46.5723805">
  <tag k="surface" v="asphalt"/>
  <tag k="traffic_calming" v="hump"/>
 </node>
 <node id="1408754443" visible="true" version="4" changeset="89011197" timestamp="2020-08-06T04:45:01Z" user="Scioto" uid="9446941" lat="-23.6504148" lon="-46.5731826"/>
 <node id="1408754445" visible="true" version="3" changeset="14142989" timestamp="2012-12-03T20:20:18Z" user="111111111111111111111111111" uid="395947" lat="-23.6501652" lon="-46.5741618"/>
 <node id="1408754473" visible="true" version="4" changeset="34374393" timestamp="2015-10-01T18:05:37Z" user="AjBelnuovo" uid="1799626" lat="-23.6496275" lon="-46.5720436"/>
 <node id="1408754481" visible="true" version="4" changeset="89036653" timestamp="2020-08-06T11:42:29Z" user="Scioto" uid="9446941" lat="-23.6494534" lon="-46.5718386"/>
 <node id="1408754496" visible="true" version="4" changeset="92212796" timestamp="2020-10-09T06:33:13Z" user="Scioto" uid="9446941" lat="-23.6502035" lon="-46.5726898"/>
 <node id="1408754503" visible="true" version="4" changeset="89036653" timestamp="2020-08-06T11:42:29Z" user="Scioto" uid="9446941" lat="-23.6492044" lon="-46.5713769"/>
 <node id="1408754531" visible="true" version="4" changeset="89036653" timestamp="2020-08-06T11:42:29Z" user="Scioto" uid="9446941" lat="-23.6491602" lon="-46.5712269"/>
 <node id="1408754551" visible="true" version="3" changeset="14142989" timestamp="2012-12-03T20:20:18Z" user="111111111111111111111111111" uid="395947" lat="-23.6500424" lon="-46.5743388"/>
 <node id="1408754566" visible="true" version="3" changeset="14142989" timestamp="2012-12-03T20:20:18Z" user="111111111111111111111111111" uid="395947" lat="-23.6499245" lon="-46.5744783"/>
 <node id="1408754599" visible="true" version="4" changeset="89011197" timestamp="2020-08-06T04:45:01Z" user="Scioto" uid="9446941" lat="-23.6503276" lon="-46.5738250"/>
 <node id="1408754610" visible="true" version="4" changeset="92212796" timestamp="2020-10-09T06:33:13Z" user="Scioto" uid="9446941" lat="-23.6503276" lon="-46.5728487"/>
 <node id="1408754619" visible="true" version="4" changeset="89011197" timestamp="2020-08-06T04:45:01Z" user="Scioto" uid="9446941" lat="-23.6504099" lon="-46.5734106"/>
 <node id="1408754635" visible="true" version="4" changeset="89036653" timestamp="2020-08-06T11:42:29Z" user="Scioto" uid="9446941" lat="-23.6492689" lon="-46.5715346"/>
 <node id="1408754654" visible="true" version="4" changeset="89011197" timestamp="2020-08-06T04:45:01Z" user="Scioto" uid="9446941" lat="-23.6503743" lon="-46.5736547"/>
 <node id="1408754717" visible="true" version="4" changeset="92324870" timestamp="2020-10-12T05:35:16Z" user="Scioto" uid="9446941" lat="-23.6502453" lon="-46.5740249"/>
 <node id="1408754733" visible="true" version="4" changeset="89036653" timestamp="2020-08-06T11:42:29Z" user="Scioto" uid="9446941" lat="-23.6493334" lon="-46.5716579"/>
 <node id="1408754781" visible="true" version="4" changeset="89011197" timestamp="2020-08-06T04:45:01Z" user="Scioto" uid="9446941" lat="-23.6499713" lon="-46.5724196"/>
 <node id="1408754787" visible="true" version="4" changeset="89011197" timestamp="2020-08-06T04:45:01Z" user="Scioto" uid="9446941" lat="-23.6503903" lon="-46.5730016"/>
 <node id="1413229047" visible="true" version="4" changeset="89081798" timestamp="2020-08-07T08:58:22Z" user="Scioto" uid="9446941" lat="-23.6460827" lon="-46.5717704"/>
 <node id="1420113220" visible="true" version="3" changeset="89014903" timestamp="2020-08-06T06:00:34Z" user="Scioto" uid="9446941" lat="-23.6505100" lon="-46.5725939"/>
 <node id="1420113222" visible="true" version="3" changeset="89014903" timestamp="2020-08-06T06:00:34Z" user="Scioto" uid="9446941" lat="-23.6506550" lon="-46.5736420"/>
 <node id="1420113223" visible="true" version="7" changeset="105109020" timestamp="2021-05-21T19:56:20Z" user="Imaginashun" uid="10782371" lat="-23.6495644" lon="-46.5714349"/>
 <node id="1420113224" visible="true" version="3" changeset="89014903" timestamp="2020-08-06T06:00:34Z" user="Scioto" uid="9446941" lat="-23.6506943" lon="-46.5731900"/>
 <node id="1420113225" visible="true" version="3" changeset="89014903" timestamp="2020-08-06T06:00:34Z" user="Scioto" uid="9446941" lat="-23.6504222" lon="-46.5724812"/>
 <node id="1420113228" visible="true" version="3" changeset="105109020" timestamp="2021-05-21T19:56:20Z" user="Imaginashun" uid="10782371" lat="-23.6502956" lon="-46.5707810"/>
 <node id="1420113232" visible="true" version="3" changeset="89014903" timestamp="2020-08-06T06:00:34Z" user="Scioto" uid="9446941" lat="-23.6501667" lon="-46.5722050"/>
 <node id="1420113233" visible="true" version="5" changeset="105109020" timestamp="2021-05-21T19:56:20Z" user="Imaginashun" uid="10782371" lat="-23.6494678" lon="-46.5711178"/>
 <node id="1420113234" visible="true" version="5" changeset="105109020" timestamp="2021-05-21T19:56:20Z" user="Imaginashun" uid="10782371" lat="-23.6494546" lon="-46.5708986"/>
 <node id="1420113237" visible="true" version="3" changeset="57726451" timestamp="2018-04-02T02:12:26Z" user="petropouli" uid="4200031" lat="-23.6500026" lon="-46.5748191"/>
 <node id="1420113245" visible="true" version="2" changeset="57726451" timestamp="2018-04-02T02:12:26Z" user="petropouli" uid="4200031" lat="-23.6497841" lon="-46.5716953"/>
 <node id="1420113260" visible="true" version="2" changeset="89014903" timestamp="2020-08-06T06:00:34Z" user="Scioto" uid="9446941" lat="-23.6498448" lon="-46.5717195"/>
 <node id="1420113262" visible="true" version="4" changeset="105109020" timestamp="2021-05-21T19:56:20Z" user="Imaginashun" uid="10782371" lat="-23.6498458" lon="-46.5718368"/>
 <node id="1420113263" visible="true" version="2" changeset="57726451" timestamp="2018-04-02T02:12:26Z" user="petropouli" uid="4200031" lat="-23.6500574" lon="-46.5717281"/>
 <node id="1420113266" visible="true" version="3" changeset="57726451" timestamp="2018-04-02T02:12:26Z" user="petropouli" uid="4200031" lat="-23.6502905" lon="-46.5744924"/>
 <node id="1420113276" visible="true" version="3" changeset="89014903" timestamp="2020-08-06T06:00:34Z" user="Scioto" uid="9446941" lat="-23.6499277" lon="-46.5717403"/>
 <node id="1420113277" visible="true" version="5" changeset="105109020" timestamp="2021-05-21T19:56:20Z" user="Imaginashun" uid="10782371" lat="-23.6497106" lon="-46.5716575"/>
 <node id="1420113279" visible="true" version="3" changeset="89014903" timestamp="2020-08-06T06:00:34Z" user="Scioto" uid="9446941" lat="-23.6499640" lon="-46.5717436"/>
 <node id="1420113280" visible="true" version="4" changeset="57726451" timestamp="2018-04-02T02:12:26Z" user="petropouli" uid="4200031" lat="-23.6505092" lon="-46.5741234"/>
 <node id="1420113281" visible="true" version="2" changeset="57726451" timestamp="2018-04-02T02:12:26Z" user="petropouli" uid="4200031" lat="-23.6501351" lon="-46.5716533"/>
 <node id="1420113284" visible="true" version="4" changeset="89014903" timestamp="2020-08-06T06:00:34Z" user="Scioto" uid="9446941" lat="-23.6505807" lon="-46.5739303"/>
 <node id="1420113289" visible="true" version="3" changeset="89014903" timestamp="2020-08-06T06:00:34Z" user="Scioto" uid="9446941" lat="-23.6506630" lon="-46.5729258"/>
 <node id="1420113296" visible="true" version="5" changeset="105109020" timestamp="2021-05-21T19:56:20Z" user="Imaginashun" uid="10782371" lat="-23.6495278" lon="-46.5713642"/>
 <node id="1420113299" visible="true" version="3" changeset="57726451" timestamp="2018-04-02T02:12:26Z" user="petropouli" uid="4200031" lat="-23.6504256" lon="-46.5742825"/>
 <node id="1420191994" visible="true" version="3" changeset="105112798" timestamp="2021-05-21T21:53:06Z" user="Imaginashun" uid="10782371" lat="-23.6505342" lon="-46.5756171"/>
 <node id="1420191998" visible="true" version="4" changeset="138644788" timestamp="2023-07-18T02:38:20Z" user="petropouli" uid="4200031" lat="-23.6501374" lon="-46.5764828"/>
 <node id="1420192005" visible="true" version="3" changeset="89014903" timestamp="2020-08-06T06:00:34Z" user="Scioto" uid="9446941" lat="-23.6490684" lon="-46.5761351"/>
 <node id="1420192012" visible="true" version="4" changeset="138644788" timestamp="2023-07-18T02:38:20Z" user="petropouli" uid="4200031" lat="-23.6491364" lon="-46.5766289"/>
 <node id="1420192014" visible="true" version="4" changeset="138644788" timestamp="2023-07-18T02:38:20Z" user="petropouli" uid="4200031" lat="-23.6496329" lon="-46.5765564"/>
 <node id="1420192023" visible="true" version="4" changeset="105112798" timestamp="2021-05-21T21:53:06Z" user="Imaginashun" uid="10782371" lat="-23.6495165" lon="-46.5756200"/>
 <node id="1420192029" visible="true" version="3" changeset="105112798" timestamp="2021-05-21T21:53:06Z" user="Imaginashun" uid="10782371" lat="-23.6500224" lon="-46.5754635"/>
 <node id="1420192043" visible="true" version="2" changeset="89014903" timestamp="2020-08-06T06:00:34Z" user="Scioto" uid="9446941" lat="-23.6506359" lon="-46.5764100"/>
 <node id="1420192047" visible="true" version="2" changeset="18921513" timestamp="2013-11-15T19:56:14Z" user="cxs" uid="251808" lat="-23.6497194" lon="-46.5754476"/>
 <node id="1426338950" visible="true" version="3" changeset="89014903" timestamp="2020-08-06T06:00:34Z" user="Scioto" uid="9446941" lat="-23.6506323" lon="-46.5728393"/>
 <node id="1426338958" visible="true" version="3" changeset="57726451" timestamp="2018-04-02T02:12:26Z" user="petropouli" uid="4200031" lat="-23.6501653" lon="-46.5746616"/>
 <node id="1426338961" visible="true" version="4" changeset="92324870" timestamp="2020-10-12T05:35:16Z" user="Scioto" uid="9446941" lat="-23.6505358" lon="-46.5742005"/>
 <node id="1439652918" visible="true" version="4" changeset="105112798" timestamp="2021-05-21T21:53:06Z" user="Imaginashun" uid="10782371" lat="-23.6456462" lon="-46.5750827"/>
 <node id="1439652924" visible="true" version="4" changeset="149879644" timestamp="2024-04-11T19:25:44Z" user="AjBelnuovo" uid="1799626" lat="-23.6480274" lon="-46.5714948">
  <tag k="highway" v="mini_roundabout"/>
 </node>
 <node id="1439652930" visible="true" version="3" changeset="105112798" timestamp="2021-05-21T21:53:06Z" user="Imaginashun" uid="10782371" lat="-23.6459017" lon="-46.5764516"/>
 <node id="1439652932" visible="true" version="3" changeset="105105843" timestamp="2021-05-21T18:35:39Z" user="Imaginashun" uid="10782371" lat="-23.6491521" lon="-46.5718060"/>
 <node id="1439652938" visible="true" version="1" changeset="9363718" timestamp="2011-09-21T20:22:28Z" user="wmfam" uid="504868" lat="-23.6468703" lon="-46.5711370"/>
 <node id="2534005519" visible="true" version="1" changeset="18921513" timestamp="2013-11-15T19:56:04Z" user="cxs" uid="251808" lat="-23.6497560" lon="-46.5754308"/>
 <node id="2534005520" visible="true" version="1" changeset="18921513" timestamp="2013-11-15T19:56:04Z" user="cxs" uid="251808" lat="-23.6497994" lon="-46.5754296"/>
 <node id="2534005521" visible="true" version="3" changeset="92324870" timestamp="2020-10-12T05:35:16Z" user="Scioto" uid="9446941" lat="-23.6503411" lon="-46.5744882"/>
 <node id="2534005522" visible="true" version="2" changeset="105112798" timestamp="2021-05-21T21:53:06Z" user="Imaginashun" uid="10782371" lat="-23.6504821" lon="-46.5755626"/>
 <node id="2534005523" visible="true" version="2" changeset="105112798" timestamp="2021-05-21T21:53:06Z" user="Imaginashun" uid="10782371" lat="-23.6505088" lon="-46.5755791"/>
 <node id="2849192640" visible="true" version="2" changeset="144217625" timestamp="2023-11-19T17:45:17Z" user="petropouli" uid="4200031" lat="-23.6492841" lon="-46.5709011"/>
 <node id="2849192641" visible="true" version="1" changeset="22258875" timestamp="2014-05-10T21:07:04Z" user="poschon" uid="1719211" lat="-23.6493328" lon="-46.5704959"/>
 <node id="2849192642" visible="true" version="2" changeset="144217625" timestamp="2023-11-19T17:45:17Z" user="petropouli" uid="4200031" lat="-23.6493706" lon="-46.5714120"/>
 <node id="2849192643" visible="true" version="1" changeset="22258875" timestamp="2014-05-10T21:07:04Z" user="poschon" uid="1719211" lat="-23.6495913" lon="-46.5695584"/>
 <node id="2849192644" visible="true" version="1" changeset="22258875" timestamp="2014-05-10T21:07:04Z" user="poschon" uid="1719211" lat="-23.6496512" lon="-46.5718343"/>
 <node id="2849192645" visible="true" version="1" changeset="22258875" timestamp="2014-05-10T21:07:04Z" user="poschon" uid="1719211" lat="-23.6498574" lon="-46.5747329"/>
 <node id="2849192646" visible="true" version="1" changeset="22258875" timestamp="2014-05-10T21:07:04Z" user="poschon" uid="1719211" lat="-23.6498798" lon="-46.5684683"/>
 <node id="2849192647" visible="true" version="1" changeset="22258875" timestamp="2014-05-10T21:07:04Z" user="poschon" uid="1719211" lat="-23.6498976" lon="-46.5721129"/>
 <node id="2849192648" visible="true" version="1" changeset="22258875" timestamp="2014-05-10T21:07:04Z" user="poschon" uid="1719211" lat="-23.6501087" lon="-46.5744887"/>
 <node id="2849192651" visible="true" version="1" changeset="22258875" timestamp="2014-05-10T21:07:04Z" user="poschon" uid="1719211" lat="-23.6502860" lon="-46.5742425"/>
 <node id="2849192652" visible="true" version="1" changeset="22258875" timestamp="2014-05-10T21:07:04Z" user="poschon" uid="1719211" lat="-23.6504090" lon="-46.5739891"/>
 <node id="2849192654" visible="true" version="1" changeset="22258875" timestamp="2014-05-10T21:07:04Z" user="poschon" uid="1719211" lat="-23.6504678" lon="-46.5727270"/>
 <node id="2849192655" visible="true" version="1" changeset="22258875" timestamp="2014-05-10T21:07:04Z" user="poschon" uid="1719211" lat="-23.6505000" lon="-46.5737723"/>
 <node id="2849192656" visible="true" version="1" changeset="22258875" timestamp="2014-05-10T21:07:04Z" user="poschon" uid="1719211" lat="-23.6505400" lon="-46.5728929"/>
 <node id="2849192657" visible="true" version="1" changeset="22258875" timestamp="2014-05-10T21:07:04Z" user="poschon" uid="1719211" lat="-23.6505644" lon="-46.5735022"/>
 <node id="2849192658" visible="true" version="1" changeset="22258875" timestamp="2014-05-10T21:07:04Z" user="poschon" uid="1719211" lat="-23.6505755" lon="-46.5730334"/>
 <node id="2849192659" visible="true" version="1" changeset="22258875" timestamp="2014-05-10T21:07:04Z" user="poschon" uid="1719211" lat="-23.6505777" lon="-46.5733011"/>
 <node id="2960427136" visible="true" version="2" changeset="24110907" timestamp="2014-07-13T00:33:43Z" user="AjBelnuovo" uid="1799626" lat="-23.6467562" lon="-46.5754151"/>
 <node id="2960427137" visible="true" version="1" changeset="24110887" timestamp="2014-07-13T00:29:12Z" user="AjBelnuovo" uid="1799626" lat="-23.6462943" lon="-46.5721804"/>
 <node id="2960427138" visible="true" version="2" changeset="24110907" timestamp="2014-07-13T00:33:43Z" user="AjBelnuovo" uid="1799626" lat="-23.6493950" lon="-46.5720087"/>
 <node id="2960427139" visible="true" version="2" changeset="24110907" timestamp="2014-07-13T00:33:43Z" user="AjBelnuovo" uid="1799626" lat="-23.6500535" lon="-46.5741008"/>
 <node id="2960427140" visible="true" version="2" changeset="24110907" timestamp="2014-07-13T00:33:43Z" user="AjBelnuovo" uid="1799626" lat="-23.6486383" lon="-46.5753239"/>
 <node id="2960434998" visible="true" version="1" changeset="24110907" timestamp="2014-07-13T00:33:42Z" user="AjBelnuovo" uid="1799626" lat="-23.6477218" lon="-46.5755358"/>
 <node id="2960434999" visible="true" version="1" changeset="24110907" timestamp="2014-07-13T00:33:42Z" user="AjBelnuovo" uid="1799626" lat="-23.6471739" lon="-46.5755948"/>
 <node id="2960435000" visible="true" version="1" changeset="24110907" timestamp="2014-07-13T00:33:42Z" user="AjBelnuovo" uid="1799626" lat="-23.6469479" lon="-46.5755465"/>
 <node id="2960435001" visible="true" version="1" changeset="24110907" timestamp="2014-07-13T00:33:43Z" user="AjBelnuovo" uid="1799626" lat="-23.6481764" lon="-46.5754741"/>
 <node id="2960435002" visible="true" version="1" changeset="24110907" timestamp="2014-07-13T00:33:43Z" user="AjBelnuovo" uid="1799626" lat="-23.6484123" lon="-46.5754151"/>
 <node id="2960435003" visible="true" version="1" changeset="24110907" timestamp="2014-07-13T00:33:43Z" user="AjBelnuovo" uid="1799626" lat="-23.6502402" lon="-46.5733069"/>
 <node id="2960435004" visible="true" version="1" changeset="24110907" timestamp="2014-07-13T00:33:43Z" user="AjBelnuovo" uid="1799626" lat="-23.6493606" lon="-46.5747714"/>
 <node id="2960435005" visible="true" version="1" changeset="24110907" timestamp="2014-07-13T00:33:43Z" user="AjBelnuovo" uid="1799626" lat="-23.6497488" lon="-46.5744710"/>
 <node id="2960435006" visible="true" version="1" changeset="24110907" timestamp="2014-07-13T00:33:43Z" user="AjBelnuovo" uid="1799626" lat="-23.6502107" lon="-46.5737253"/>
 <node id="2960435007" visible="true" version="2" changeset="34372959" timestamp="2015-10-01T17:13:25Z" user="AjBelnuovo" uid="1799626" lat="-23.6501668" lon="-46.5728966"/>
 <node id="2960435008" visible="true" version="1" changeset="24110907" timestamp="2014-07-13T00:33:43Z" user="AjBelnuovo" uid="1799626" lat="-23.6477292" lon="-46.5721214"/>
 <node id="2960435009" visible="true" version="1" changeset="24110907" timestamp="2014-07-13T00:33:43Z" user="AjBelnuovo" uid="1799626" lat="-23.6480732" lon="-46.5715956"/>
 <node id="2960435010" visible="true" version="1" changeset="24110907" timestamp="2014-07-13T00:33:43Z" user="AjBelnuovo" uid="1799626" lat="-23.6477440" lon="-46.5718156"/>
 <node id="2960435011" visible="true" version="1" changeset="24110907" timestamp="2014-07-13T00:33:43Z" user="AjBelnuovo" uid="1799626" lat="-23.6487415" lon="-46.5717941"/>
 <node id="2960435012" visible="true" version="1" changeset="24110907" timestamp="2014-07-13T00:33:43Z" user="AjBelnuovo" uid="1799626" lat="-23.6497980" lon="-46.5724486"/>
 <node id="2960435013" visible="true" version="1" changeset="24110907" timestamp="2014-07-13T00:33:43Z" user="AjBelnuovo" uid="1799626" lat="-23.6490658" lon="-46.5719175"/>
 <node id="2960435014" visible="true" version="1" changeset="24110907" timestamp="2014-07-13T00:33:43Z" user="AjBelnuovo" uid="1799626" lat="-23.6495965" lon="-46.5722340"/>
 <node id="2960435015" visible="true" version="1" changeset="24110907" timestamp="2014-07-13T00:33:43Z" user="AjBelnuovo" uid="1799626" lat="-23.6495179" lon="-46.5721375"/>
 <node id="2960435016" visible="true" version="1" changeset="24110907" timestamp="2014-07-13T00:33:43Z" user="AjBelnuovo" uid="1799626" lat="-23.6479258" lon="-46.5717351"/>
 <node id="2960435017" visible="true" version="1" changeset="24110907" timestamp="2014-07-13T00:33:43Z" user="AjBelnuovo" uid="1799626" lat="-23.6470019" lon="-46.5721160"/>
 <node id="2960435018" visible="true" version="1" changeset="24110907" timestamp="2014-07-13T00:33:43Z" user="AjBelnuovo" uid="1799626" lat="-23.6466137" lon="-46.5721214"/>
 <node id="2960435019" visible="true" version="1" changeset="24110907" timestamp="2014-07-13T00:33:43Z" user="AjBelnuovo" uid="1799626" lat="-23.6462648" lon="-46.5721106"/>
 <node id="2960435020" visible="true" version="1" changeset="24110907" timestamp="2014-07-13T00:33:43Z" user="AjBelnuovo" uid="1799626" lat="-23.6468398" lon="-46.5754929"/>
 <node id="2960438270" visible="true" version="2" changeset="139499709" timestamp="2023-08-06T01:08:45Z" user="AjBelnuovo" uid="1799626" lat="-23.6465084" lon="-46.5757211"/>
 <node id="2960438271" visible="true" version="2" changeset="139499709" timestamp="2023-08-06T01:08:45Z" user="AjBelnuovo" uid="1799626" lat="-23.6465279" lon="-46.5756118"/>
 <node id="2960438272" visible="true" version="2" changeset="139499709" timestamp="2023-08-06T01:08:45Z" user="AjBelnuovo" uid="1799626" lat="-23.6466281" lon="-46.5756336"/>
 <node id="2960438273" visible="true" version="2" changeset="139499709" timestamp="2023-08-06T01:08:45Z" user="AjBelnuovo" uid="1799626" lat="-23.6466420" lon="-46.5755781"/>
 <node id="2960438274" visible="true" version="2" changeset="139499709" timestamp="2023-08-06T01:08:45Z" user="AjBelnuovo" uid="1799626" lat="-23.6467496" lon="-46.5756245"/>
 <node id="2960438276" visible="true" version="2" changeset="139499709" timestamp="2023-08-06T01:08:45Z" user="AjBelnuovo" uid="1799626" lat="-23.6467373" lon="-46.5757560"/>
 <node id="2960438278" visible="true" version="2" changeset="139499709" timestamp="2023-08-06T01:08:45Z" user="AjBelnuovo" uid="1799626" lat="-23.6467324" lon="-46.5758016"/>
 <node id="2960438279" visible="true" version="2" changeset="139499709" timestamp="2023-08-06T01:08:45Z" user="AjBelnuovo" uid="1799626" lat="-23.6465585" lon="-46.5757723"/>
 <node id="2960438280" visible="true" version="2" changeset="139499709" timestamp="2023-08-06T01:08:45Z" user="AjBelnuovo" uid="1799626" lat="-23.6465255" lon="-46.5757524"/>
 <node id="2960439291" visible="true" version="5" changeset="92385968" timestamp="2020-10-13T05:01:12Z" user="Scioto" uid="9446941" lat="-23.6469499" lon="-46.5756033"/>
 <node id="3095865942" visible="true" version="1" changeset="25668227" timestamp="2014-09-25T16:00:35Z" user="poschon" uid="1719211" lat="-23.6471803" lon="-46.5765515"/>
 <node id="3095865943" visible="true" version="1" changeset="25668227" timestamp="2014-09-25T16:00:35Z" user="poschon" uid="1719211" lat="-23.6476545" lon="-46.5756583"/>
 <node id="3095865944" visible="true" version="1" changeset="25668227" timestamp="2014-09-25T16:00:35Z" user="poschon" uid="1719211" lat="-23.6470182" lon="-46.5761250"/>
 <node id="3095865945" visible="true" version="1" changeset="25668227" timestamp="2014-09-25T16:00:35Z" user="poschon" uid="1719211" lat="-23.6479620" lon="-46.5758186"/>
 <node id="3095865946" visible="true" version="1" changeset="25668227" timestamp="2014-09-25T16:00:35Z" user="poschon" uid="1719211" lat="-23.6475145" lon="-46.5756851"/>
 <node id="3095865947" visible="true" version="1" changeset="25668227" timestamp="2014-09-25T16:00:35Z" user="poschon" uid="1719211" lat="-23.6478904" lon="-46.5757281"/>
 <node id="3095865948" visible="true" version="1" changeset="25668227" timestamp="2014-09-25T16:00:35Z" user="poschon" uid="1719211" lat="-23.6471238" lon="-46.5759561"/>
 <node id="3095865949" visible="true" version="1" changeset="25668227" timestamp="2014-09-25T16:00:35Z" user="poschon" uid="1719211" lat="-23.6470455" lon="-46.5765160"/>
 <node id="3095865950" visible="true" version="1" changeset="25668227" timestamp="2014-09-25T16:00:35Z" user="poschon" uid="1719211" lat="-23.6472540" lon="-46.5758327"/>
 <node id="3095865951" visible="true" version="1" changeset="25668227" timestamp="2014-09-25T16:00:35Z" user="poschon" uid="1719211" lat="-23.6473621" lon="-46.5757576"/>
 <node id="3095865952" visible="true" version="2" changeset="30432025" timestamp="2015-04-23T15:27:21Z" user="poschon" uid="1719211" lat="-23.6479617" lon="-46.5758610"/>
 <node id="3095865953" visible="true" version="1" changeset="25668227" timestamp="2014-09-25T16:00:35Z" user="poschon" uid="1719211" lat="-23.6469641" lon="-46.5763584"/>
 <node id="3095865954" visible="true" version="1" changeset="25668227" timestamp="2014-09-25T16:00:35Z" user="poschon" uid="1719211" lat="-23.6469813" lon="-46.5764496"/>
 <node id="3095865955" visible="true" version="1" changeset="25668227" timestamp="2014-09-25T16:00:35Z" user="poschon" uid="1719211" lat="-23.6477847" lon="-46.5756583"/>
 <node id="3095865956" visible="true" version="1" changeset="25668227" timestamp="2014-09-25T16:00:35Z" user="poschon" uid="1719211" lat="-23.6474580" lon="-46.5762645"/>
 <node id="3095865957" visible="true" version="1" changeset="25668227" timestamp="2014-09-25T16:00:35Z" user="poschon" uid="1719211" lat="-23.6477040" lon="-46.5760412"/>
 <node id="3767560714" visible="true" version="1" changeset="34372959" timestamp="2015-10-01T17:13:25Z" user="AjBelnuovo" uid="1799626" lat="-23.6502355" lon="-46.5731058"/>
 <node id="3767628119" visible="true" version="2" changeset="105105843" timestamp="2021-05-21T18:35:39Z" user="Imaginashun" uid="10782371" lat="-23.6489834" lon="-46.5711203"/>
 <node id="3767628120" visible="true" version="2" changeset="105105843" timestamp="2021-05-21T18:35:39Z" user="Imaginashun" uid="10782371" lat="-23.6490082" lon="-46.5712545"/>
 <node id="3767628121" visible="true" version="4" changeset="137064182" timestamp="2023-06-07T16:47:51Z" user="jaysonwcs" uid="18991845" lat="-23.6490574" lon="-46.5714428">
  <tag k="bus" v="yes"/>
  <tag k="public_transport" v="stop_position"/>
 </node>
 <node id="3767628122" visible="true" version="3" changeset="89196764" timestamp="2020-08-10T11:34:50Z" user="Scioto" uid="9446941" lat="-23.6491286" lon="-46.5716209"/>
 <node id="3767628123" visible="true" version="3" changeset="89196764" timestamp="2020-08-10T11:34:50Z" user="Scioto" uid="9446941" lat="-23.6491897" lon="-46.5717433"/>
 <node id="3767628124" visible="true" version="5" changeset="105105843" timestamp="2021-05-21T18:35:39Z" user="Imaginashun" uid="10782371" lat="-23.6492544" lon="-46.5718295"/>
 <node id="3767628126" visible="true" version="5" changeset="105105843" timestamp="2021-05-21T18:35:39Z" user="Imaginashun" uid="10782371" lat="-23.6493662" lon="-46.5718217"/>
 <node id="3767628127" visible="true" version="3" changeset="105105843" timestamp="2021-05-21T18:35:39Z" user="Imaginashun" uid="10782371" lat="-23.6494341" lon="-46.5718141"/>
 <node id="3810139235" visible="true" version="1" changeset="34975571" timestamp="2015-10-30T16:13:54Z" user="O Fim" uid="1842197" lat="-23.6469879" lon="-46.5758829"/>
 <node id="3810139236" visible="true" version="1" changeset="34975571" timestamp="2015-10-30T16:13:54Z" user="O Fim" uid="1842197" lat="-23.6469775" lon="-46.5758129"/>
 <node id="3810139237" visible="true" version="1" changeset="34975571" timestamp="2015-10-30T16:13:54Z" user="O Fim" uid="1842197" lat="-23.6469462" lon="-46.5757086"/>
 <node id="3810139238" visible="true" version="1" changeset="34975571" timestamp="2015-10-30T16:13:54Z" user="O Fim" uid="1842197" lat="-23.6469775" lon="-46.5756907"/>
 <node id="3810139239" visible="true" version="1" changeset="34975571" timestamp="2015-10-30T16:13:54Z" user="O Fim" uid="1842197" lat="-23.6471833" lon="-46.5756972"/>
 <node id="3810139240" visible="true" version="1" changeset="34975571" timestamp="2015-10-30T16:13:54Z" user="O Fim" uid="1842197" lat="-23.6471953" lon="-46.5757054"/>
 <node id="3810139241" visible="true" version="1" changeset="34975571" timestamp="2015-10-30T16:13:54Z" user="O Fim" uid="1842197" lat="-23.6471923" lon="-46.5757266"/>
 <node id="3903866369" visible="true" version="4" changeset="178961090" timestamp="2026-02-23T20:42:13Z" user="O Fim" uid="1842197" lat="-23.6463199" lon="-46.5729677">
  <tag k="noexit" v="yes"/>
 </node>
 <node id="3903866370" visible="true" version="2" changeset="149879676" timestamp="2024-04-11T19:27:17Z" user="AjBelnuovo" uid="1799626" lat="-23.6464974" lon="-46.5741202">
  <tag k="noexit" v="yes"/>
 </node>
 <node id="4375615346" visible="true" version="2" changeset="135425694" timestamp="2023-04-27T12:02:07Z" user="AjBelnuovo" uid="1799626" lat="-23.6473626" lon="-46.5712860"/>
 <node id="5521459863" visible="true" version="3" changeset="105109020" timestamp="2021-05-21T19:56:20Z" user="Imaginashun" uid="10782371" lat="-23.6494652" lon="-46.5707700"/>
 <node id="5521459864" visible="true" version="3" changeset="105109020" timestamp="2021-05-21T19:56:20Z" user="Imaginashun" uid="10782371" lat="-23.6494572" lon="-46.5710238"/>
 <node id="5521459865" visible="true" version="3" changeset="105109020" timestamp="2021-05-21T19:56:20Z" user="Imaginashun" uid="10782371" lat="-23.6494861" lon="-46.5712067"/>
 <node id="5521459866" visible="true" version="3" changeset="105109020" timestamp="2021-05-21T19:56:20Z" user="Imaginashun" uid="10782371" lat="-23.6496196" lon="-46.5715420"/>
 <node id="5521459867" visible="true" version="3" changeset="105109020" timestamp="2021-05-21T19:56:20Z" user="Imaginashun" uid="10782371" lat="-23.6495030" lon="-46.5712900"/>
 <node id="5521459868" visible="true" version="1" changeset="57726451" timestamp="2018-04-02T02:12:21Z" user="petropouli" uid="4200031" lat="-23.6500952" lon="-46.5716993"/>
 <node id="5521459869" visible="true" version="1" changeset="57726451" timestamp="2018-04-02T02:12:21Z" user="petropouli" uid="4200031" lat="-23.6500149" lon="-46.5717417"/>
 <node id="5521459870" visible="true" version="2" changeset="89014903" timestamp="2020-08-06T06:00:34Z" user="Scioto" uid="9446941" lat="-23.6501212" lon="-46.5719998"/>
 <node id="5521459871" visible="true" version="2" changeset="89014903" timestamp="2020-08-06T06:00:34Z" user="Scioto" uid="9446941" lat="-23.6501175" lon="-46.5719160"/>
 <node id="5521459872" visible="true" version="1" changeset="57726451" timestamp="2018-04-02T02:12:21Z" user="petropouli" uid="4200031" lat="-23.6501294" lon="-46.5720565"/>
 <node id="5521459873" visible="true" version="2" changeset="89014903" timestamp="2020-08-06T06:00:34Z" user="Scioto" uid="9446941" lat="-23.6501427" lon="-46.5721285"/>
 <node id="5521459879" visible="true" version="2" changeset="89014903" timestamp="2020-08-06T06:00:34Z" user="Scioto" uid="9446941" lat="-23.6506089" lon="-46.5727817"/>
 <node id="5521459880" visible="true" version="2" changeset="89014903" timestamp="2020-08-06T06:00:34Z" user="Scioto" uid="9446941" lat="-23.6505622" lon="-46.5726918"/>
 <node id="5521459886" visible="true" version="2" changeset="89014903" timestamp="2020-08-06T06:00:34Z" user="Scioto" uid="9446941" lat="-23.6506789" lon="-46.5730264"/>
 <node id="5521459887" visible="true" version="2" changeset="89014903" timestamp="2020-08-06T06:00:34Z" user="Scioto" uid="9446941" lat="-23.6506906" lon="-46.5731049"/>
 <node id="5521459894" visible="true" version="2" changeset="89014903" timestamp="2020-08-06T06:00:34Z" user="Scioto" uid="9446941" lat="-23.6506968" lon="-46.5732805"/>
 <node id="5521459895" visible="true" version="2" changeset="89014903" timestamp="2020-08-06T06:00:34Z" user="Scioto" uid="9446941" lat="-23.6506906" lon="-46.5733905"/>
 <node id="5521459896" visible="true" version="2" changeset="89014903" timestamp="2020-08-06T06:00:34Z" user="Scioto" uid="9446941" lat="-23.6506746" lon="-46.5735340"/>
 <node id="5521459897" visible="true" version="2" changeset="89014903" timestamp="2020-08-06T06:00:34Z" user="Scioto" uid="9446941" lat="-23.6506218" lon="-46.5738009"/>
 <node id="5521459898" visible="true" version="2" changeset="92324870" timestamp="2020-10-12T05:35:16Z" user="Scioto" uid="9446941" lat="-23.6504707" lon="-46.5743045"/>
 <node id="5521459899" visible="true" version="2" changeset="92324870" timestamp="2020-10-12T05:35:16Z" user="Scioto" uid="9446941" lat="-23.6504056" lon="-46.5744057"/>
 <node id="5521459900" visible="true" version="1" changeset="57726451" timestamp="2018-04-02T02:12:21Z" user="petropouli" uid="4200031" lat="-23.6503569" lon="-46.5743991"/>
 <node id="5521459901" visible="true" version="1" changeset="57726451" timestamp="2018-04-02T02:12:21Z" user="petropouli" uid="4200031" lat="-23.6501158" lon="-46.5747177"/>
 <node id="5521459902" visible="true" version="1" changeset="57726451" timestamp="2018-04-02T02:12:21Z" user="petropouli" uid="4200031" lat="-23.6500532" lon="-46.5747790"/>
 <node id="5521459903" visible="true" version="1" changeset="57726451" timestamp="2018-04-02T02:12:21Z" user="petropouli" uid="4200031" lat="-23.6498074" lon="-46.5749741"/>
 <node id="5521459904" visible="true" version="2" changeset="89014903" timestamp="2020-08-06T06:00:34Z" user="Scioto" uid="9446941" lat="-23.6494142" lon="-46.5752701"/>
 <node id="5521459905" visible="true" version="2" changeset="89014903" timestamp="2020-08-06T06:00:34Z" user="Scioto" uid="9446941" lat="-23.6490082" lon="-46.5755913"/>
 <node id="5521459906" visible="true" version="1" changeset="57726451" timestamp="2018-04-02T02:12:22Z" user="petropouli" uid="4200031" lat="-23.6485842" lon="-46.5759392"/>
 <node id="5996511292" visible="true" version="1" changeset="63659897" timestamp="2018-10-18T20:34:52Z" user="O Fim" uid="1842197" lat="-23.6482049" lon="-46.5762462">
  <tag k="crossing" v="zebra"/>
  <tag k="highway" v="crossing"/>
 </node>
 <node id="5996511295" visible="true" version="2" changeset="89011197" timestamp="2020-08-06T04:45:01Z" user="Scioto" uid="9446941" lat="-23.6471507" lon="-46.5767741">
  <tag k="crossing" v="zebra"/>
  <tag k="highway" v="crossing"/>
 </node>
 <node id="5996511296" visible="true" version="3" changeset="86375006" timestamp="2020-06-08T23:28:37Z" user="carlosassuncao92" uid="6251065" lat="-23.6469564" lon="-46.5758687">
  <tag k="crossing" v="traffic_signals"/>
  <tag k="highway" v="crossing"/>
 </node>
 <node id="5996511297" visible="true" version="1" changeset="63659897" timestamp="2018-10-18T20:34:52Z" user="O Fim" uid="1842197" lat="-23.6470193" lon="-46.5758429"/>
 <node id="5996511298" visible="true" version="1" changeset="63659897" timestamp="2018-10-18T20:34:52Z" user="O Fim" uid="1842197" lat="-23.6471436" lon="-46.5757398"/>
 <node id="5996511299" visible="true" version="5" changeset="92385968" timestamp="2020-10-13T05:01:12Z" user="Scioto" uid="9446941" lat="-23.6471483" lon="-46.5756436">
  <tag k="crossing" v="zebra"/>
  <tag k="highway" v="crossing"/>
 </node>
 <node id="5996511300" visible="true" version="3" changeset="86375006" timestamp="2020-06-08T23:28:37Z" user="carlosassuncao92" uid="6251065" lat="-23.6471049" lon="-46.5759050">
  <tag k="crossing" v="traffic_signals"/>
  <tag k="highway" v="crossing"/>
 </node>
 <node id="5996511301" visible="true" version="1" changeset="63659897" timestamp="2018-10-18T20:34:52Z" user="O Fim" uid="1842197" lat="-23.6470454" lon="-46.5758212">
  <tag k="traffic_calming" v="island"/>
 </node>
 <node id="5996511302" visible="true" version="3" changeset="178961090" timestamp="2026-02-23T20:42:13Z" user="O Fim" uid="1842197" lat="-23.6459718" lon="-46.5723936"/>
 <node id="5996511303" visible="true" version="2" changeset="129217726" timestamp="2022-11-22T02:15:26Z" user="Fidelis Assis" uid="1675654" lat="-23.6463209" lon="-46.5743990">
  <tag k="traffic_calming" v="hump"/>
 </node>
 <node id="5996511308" visible="true" version="4" changeset="161196017" timestamp="2025-01-10T08:31:13Z" user="Flamen_Sru" uid="13841144" lat="-23.6441300" lon="-46.5745539">
  <tag k="surface" v="asphalt"/>
  <tag k="traffic_calming" v="hump"/>
 </node>
 <node id="5996511309" visible="true" version="3" changeset="161196017" timestamp="2025-01-10T08:31:13Z" user="Flamen_Sru" uid="13841144" lat="-23.6440951" lon="-46.5745437">
  <tag k="crossing" v="zebra"/>
  <tag k="highway" v="crossing"/>
 </node>
 <node id="5996511312" visible="true" version="1" changeset="63659897" timestamp="2018-10-18T20:34:52Z" user="O Fim" uid="1842197" lat="-23.6451068" lon="-46.5740919"/>
 <node id="5996511314" visible="true" version="2" changeset="89029958" timestamp="2020-08-06T09:47:07Z" user="Scioto" uid="9446941" lat="-23.6464745" lon="-46.5753673"/>
 <node id="5996511315" visible="true" version="3" changeset="89029958" timestamp="2020-08-06T09:47:07Z" user="Scioto" uid="9446941" lat="-23.6467742" lon="-46.5755618"/>
 <node id="5996511316" visible="true" version="2" changeset="70412480" timestamp="2019-05-19T14:45:40Z" user="Yebra Jr" uid="9980566" lat="-23.6466825" lon="-46.5754680"/>
 <node id="5996511317" visible="true" version="4" changeset="92385968" timestamp="2020-10-13T05:01:12Z" user="Scioto" uid="9446941" lat="-23.6468148" lon="-46.5755269"/>
 <node id="5996511318" visible="true" version="5" changeset="92385968" timestamp="2020-10-13T05:01:12Z" user="Scioto" uid="9446941" lat="-23.6472969" lon="-46.5756523"/>
 <node id="5996511319" visible="true" version="6" changeset="92334297" timestamp="2020-10-12T07:44:10Z" user="Scioto" uid="9446941" lat="-23.6473436" lon="-46.5757113"/>
 <node id="5996511320" visible="true" version="2" changeset="89014903" timestamp="2020-08-06T06:00:34Z" user="Scioto" uid="9446941" lat="-23.6479698" lon="-46.5756362">
  <tag k="crossing" v="zebra"/>
  <tag k="highway" v="crossing"/>
 </node>
 <node id="5996511321" visible="true" version="1" changeset="63659897" timestamp="2018-10-18T20:34:52Z" user="O Fim" uid="1842197" lat="-23.6479100" lon="-46.5755638"/>
 <node id="6483963909" visible="true" version="1" changeset="70412480" timestamp="2019-05-19T14:45:40Z" user="Yebra Jr" uid="9980566" lat="-23.6469138" lon="-46.5762355"/>
 <node id="6978527796" visible="true" version="4" changeset="108806999" timestamp="2021-07-29T08:37:15Z" user="KhumbutseMountain" uid="12653017" lat="-23.6474216" lon="-46.5754535">
  <tag k="access" v="permissive"/>
  <tag k="barrier" v="gate"/>
 </node>
 <node id="6978527797" visible="true" version="2" changeset="89039239" timestamp="2020-08-06T12:36:30Z" user="Scioto" uid="9446941" lat="-23.6484487" lon="-46.5730398"/>
 <node id="6978527798" visible="true" version="3" changeset="108306965" timestamp="2021-07-20T09:52:05Z" user="KhumbutseMountain" uid="12653017" lat="-23.6493141" lon="-46.5725081"/>
 <node id="6978527799" visible="true" version="3" changeset="135149768" timestamp="2023-04-20T13:11:52Z" user="AjBelnuovo" uid="1799626" lat="-23.6490485" lon="-46.5723001"/>
 <node id="6978527800" visible="true" version="2" changeset="89039239" timestamp="2020-08-06T12:36:30Z" user="Scioto" uid="9446941" lat="-23.6484415" lon="-46.5723518"/>
 <node id="6978527801" visible="true" version="2" changeset="89039239" timestamp="2020-08-06T12:36:30Z" user="Scioto" uid="9446941" lat="-23.6484343" lon="-46.5724074"/>
 <node id="6978527802" visible="true" version="2" changeset="89039239" timestamp="2020-08-06T12:36:30Z" user="Scioto" uid="9446941" lat="-23.6477876" lon="-46.5724630"/>
 <node id="6978527803" visible="true" version="2" changeset="89039239" timestamp="2020-08-06T12:36:30Z" user="Scioto" uid="9446941" lat="-23.6478055" lon="-46.5730359"/>
 <node id="6978527804" visible="true" version="2" changeset="89039239" timestamp="2020-08-06T12:36:30Z" user="Scioto" uid="9446941" lat="-23.6476794" lon="-46.5739673"/>
 <node id="6978527805" visible="true" version="2" changeset="89039239" timestamp="2020-08-06T12:36:30Z" user="Scioto" uid="9446941" lat="-23.6475804" lon="-46.5741958"/>
 <node id="6978527806" visible="true" version="2" changeset="89039239" timestamp="2020-08-06T12:36:30Z" user="Scioto" uid="9446941" lat="-23.6473704" lon="-46.5747257"/>
 <node id="6978527807" visible="true" version="2" changeset="89039239" timestamp="2020-08-06T12:36:30Z" user="Scioto" uid="9446941" lat="-23.6473080" lon="-46.5743524"/>
 <node id="6978527808" visible="true" version="2" changeset="89039239" timestamp="2020-08-06T12:36:30Z" user="Scioto" uid="9446941" lat="-23.6472033" lon="-46.5736182"/>
 <node id="6978527809" visible="true" version="2" changeset="89039239" timestamp="2020-08-06T12:36:30Z" user="Scioto" uid="9446941" lat="-23.6472133" lon="-46.5733662"/>
 <node id="6978527810" visible="true" version="2" changeset="89039239" timestamp="2020-08-06T12:36:30Z" user="Scioto" uid="9446941" lat="-23.6474155" lon="-46.5730735"/>
 <node id="6978527811" visible="true" version="2" changeset="89039239" timestamp="2020-08-06T12:36:30Z" user="Scioto" uid="9446941" lat="-23.6475532" lon="-46.5730406"/>
 <node id="6978527812" visible="true" version="2" changeset="89039239" timestamp="2020-08-06T12:36:30Z" user="Scioto" uid="9446941" lat="-23.6477245" lon="-46.5730328"/>
 <node id="6978527813" visible="true" version="2" changeset="89039239" timestamp="2020-08-06T12:36:30Z" user="Scioto" uid="9446941" lat="-23.6489147" lon="-46.5731059"/>
 <node id="6978527814" visible="true" version="2" changeset="89039239" timestamp="2020-08-06T12:36:30Z" user="Scioto" uid="9446941" lat="-23.6489842" lon="-46.5731721"/>
 <node id="6978527815" visible="true" version="3" changeset="105107086" timestamp="2021-05-21T19:05:41Z" user="Imaginashun" uid="10782371" lat="-23.6495141" lon="-46.5738196"/>
 <node id="6978527816" visible="true" version="2" changeset="105107086" timestamp="2021-05-21T19:05:41Z" user="Imaginashun" uid="10782371" lat="-23.6494894" lon="-46.5738860"/>
 <node id="6978527817" visible="true" version="3" changeset="105107086" timestamp="2021-05-21T19:05:41Z" user="Imaginashun" uid="10782371" lat="-23.6492013" lon="-46.5741924"/>
 <node id="6978527818" visible="true" version="3" changeset="105107086" timestamp="2021-05-21T19:05:41Z" user="Imaginashun" uid="10782371" lat="-23.6489146" lon="-46.5744846"/>
 <node id="6978527819" visible="true" version="3" changeset="105107086" timestamp="2021-05-21T19:05:41Z" user="Imaginashun" uid="10782371" lat="-23.6486652" lon="-46.5747422"/>
 <node id="6978527820" visible="true" version="2" changeset="105107086" timestamp="2021-05-21T19:05:41Z" user="Imaginashun" uid="10782371" lat="-23.6484072" lon="-46.5749470"/>
 <node id="6978527821" visible="true" version="3" changeset="105107086" timestamp="2021-05-21T19:05:41Z" user="Imaginashun" uid="10782371" lat="-23.6479893" lon="-46.5751231"/>
 <node id="6978527822" visible="true" version="4" changeset="108854177" timestamp="2021-07-30T03:41:29Z" user="KhumbutseMountain" uid="12653017" lat="-23.6474414" lon="-46.5751980"/>
 <node id="7139421446" visible="true" version="1" changeset="79702782" timestamp="2020-01-17T14:41:24Z" user="lnogg" uid="3847236" lat="-23.6500818" lon="-46.5676904"/>
 <node id="7139421451" visible="true" version="1" changeset="79702782" timestamp="2020-01-17T14:41:24Z" user="lnogg" uid="3847236" lat="-23.6440071" lon="-46.5799775"/>
 <node id="7790188305" visible="true" version="1" changeset="89011197" timestamp="2020-08-06T04:45:01Z" user="Scioto" uid="9446941" lat="-23.6493264" lon="-46.5749650"/>
 <node id="7790188306" visible="true" version="1" changeset="89011197" timestamp="2020-08-06T04:45:01Z" user="Scioto" uid="9446941" lat="-23.6485463" lon="-46.5755685"/>
 <node id="7790188307" visible="true" version="1" changeset="89011197" timestamp="2020-08-06T04:45:01Z" user="Scioto" uid="9446941" lat="-23.6483608" lon="-46.5756838"/>
 <node id="7790188308" visible="true" version="1" changeset="89011197" timestamp="2020-08-06T04:45:01Z" user="Scioto" uid="9446941" lat="-23.6479308" lon="-46.5759547"/>
 <node id="7790188309" visible="true" version="3" changeset="92212796" timestamp="2020-10-09T06:33:13Z" user="Scioto" uid="9446941" lat="-23.6476176" lon="-46.5762162"/>
 <node id="7790188310" visible="true" version="1" changeset="89011197" timestamp="2020-08-06T04:45:01Z" user="Scioto" uid="9446941" lat="-23.6467791" lon="-46.5771758"/>
 <node id="7790188311" visible="true" version="1" changeset="89011197" timestamp="2020-08-06T04:45:01Z" user="Scioto" uid="9446941" lat="-23.6466624" lon="-46.5772844"/>
 <node id="7790188312" visible="true" version="1" changeset="89011197" timestamp="2020-08-06T04:45:01Z" user="Scioto" uid="9446941" lat="-23.6465543" lon="-46.5773783"/>
 <node id="7790363907" visible="true" version="1" changeset="89014903" timestamp="2020-08-06T06:00:34Z" user="Scioto" uid="9446941" lat="-23.6491384" lon="-46.5759239"/>
 <node id="7790363908" visible="true" version="1" changeset="89014903" timestamp="2020-08-06T06:00:34Z" user="Scioto" uid="9446941" lat="-23.6491016" lon="-46.5759654"/>
 <node id="7790363909" visible="true" version="1" changeset="89014903" timestamp="2020-08-06T06:00:34Z" user="Scioto" uid="9446941" lat="-23.6490776" lon="-46.5760157"/>
 <node id="7790363910" visible="true" version="1" changeset="89014903" timestamp="2020-08-06T06:00:34Z" user="Scioto" uid="9446941" lat="-23.6490678" lon="-46.5760694"/>
 <node id="7790363926" visible="true" version="1" changeset="89014903" timestamp="2020-08-06T06:00:34Z" user="Scioto" uid="9446941" lat="-23.6480442" lon="-46.5758072"/>
 <node id="7790363927" visible="true" version="1" changeset="89014903" timestamp="2020-08-06T06:00:34Z" user="Scioto" uid="9446941" lat="-23.6479975" lon="-46.5756872"/>
 <node id="7791061255" visible="true" version="1" changeset="89029958" timestamp="2020-08-06T09:47:07Z" user="Scioto" uid="9446941" lat="-23.6484978" lon="-46.5754853"/>
 <node id="7791061256" visible="true" version="1" changeset="89029958" timestamp="2020-08-06T09:47:07Z" user="Scioto" uid="9446941" lat="-23.6477681" lon="-46.5755872"/>
 <node id="7791061257" visible="true" version="1" changeset="89029958" timestamp="2020-08-06T09:47:07Z" user="Scioto" uid="9446941" lat="-23.6475869" lon="-46.5756248"/>
 <node id="7791061258" visible="true" version="3" changeset="92385968" timestamp="2020-10-13T05:01:12Z" user="Scioto" uid="9446941" lat="-23.6473461" lon="-46.5756577"/>
 <node id="7791544733" visible="true" version="1" changeset="89039239" timestamp="2020-08-06T12:36:30Z" user="Scioto" uid="9446941" lat="-23.6482916" lon="-46.5737748"/>
 <node id="7791544734" visible="true" version="2" changeset="135149768" timestamp="2023-04-20T13:11:52Z" user="AjBelnuovo" uid="1799626" lat="-23.6489498" lon="-46.5722907"/>
 <node id="7791544735" visible="true" version="2" changeset="135149768" timestamp="2023-04-20T13:11:52Z" user="AjBelnuovo" uid="1799626" lat="-23.6488322" lon="-46.5722829"/>
 <node id="7791544736" visible="true" version="2" changeset="135149768" timestamp="2023-04-20T13:11:52Z" user="AjBelnuovo" uid="1799626" lat="-23.6491322" lon="-46.5723500"/>
 <node id="7791544737" visible="true" version="1" changeset="89039239" timestamp="2020-08-06T12:36:30Z" user="Scioto" uid="9446941" lat="-23.6485878" lon="-46.5722877"/>
 <node id="7791544738" visible="true" version="1" changeset="89039239" timestamp="2020-08-06T12:36:30Z" user="Scioto" uid="9446941" lat="-23.6484895" lon="-46.5722857"/>
 <node id="7791544739" visible="true" version="1" changeset="89039239" timestamp="2020-08-06T12:36:30Z" user="Scioto" uid="9446941" lat="-23.6484626" lon="-46.5722974"/>
 <node id="7791544740" visible="true" version="1" changeset="89039239" timestamp="2020-08-06T12:36:30Z" user="Scioto" uid="9446941" lat="-23.6484472" lon="-46.5723256"/>
 <node id="7791544741" visible="true" version="1" changeset="89039239" timestamp="2020-08-06T12:36:30Z" user="Scioto" uid="9446941" lat="-23.6478640" lon="-46.5723698"/>
 <node id="7791544742" visible="true" version="1" changeset="89039239" timestamp="2020-08-06T12:36:30Z" user="Scioto" uid="9446941" lat="-23.6478185" lon="-46.5723777"/>
 <node id="7791544743" visible="true" version="1" changeset="89039239" timestamp="2020-08-06T12:36:30Z" user="Scioto" uid="9446941" lat="-23.6477948" lon="-46.5724082"/>
 <node id="7791544744" visible="true" version="1" changeset="89039239" timestamp="2020-08-06T12:36:30Z" user="Scioto" uid="9446941" lat="-23.6477697" lon="-46.5736229"/>
 <node id="7791544745" visible="true" version="1" changeset="89039239" timestamp="2020-08-06T12:36:30Z" user="Scioto" uid="9446941" lat="-23.6477396" lon="-46.5737967"/>
 <node id="7791544746" visible="true" version="1" changeset="89039239" timestamp="2020-08-06T12:36:30Z" user="Scioto" uid="9446941" lat="-23.6476521" lon="-46.5752071"/>
 <node id="7791544747" visible="true" version="1" changeset="89039239" timestamp="2020-08-06T12:36:30Z" user="Scioto" uid="9446941" lat="-23.6473280" lon="-46.5731259"/>
 <node id="7791544748" visible="true" version="1" changeset="89039239" timestamp="2020-08-06T12:36:30Z" user="Scioto" uid="9446941" lat="-23.6487032" lon="-46.5730429"/>
 <node id="7791544749" visible="true" version="1" changeset="89039239" timestamp="2020-08-06T12:36:30Z" user="Scioto" uid="9446941" lat="-23.6488204" lon="-46.5730574"/>
 <node id="7791544750" visible="true" version="2" changeset="105107086" timestamp="2021-05-21T19:05:41Z" user="Imaginashun" uid="10782371" lat="-23.6494855" lon="-46.5737280"/>
 <node id="7791544751" visible="true" version="2" changeset="105107086" timestamp="2021-05-21T19:05:41Z" user="Imaginashun" uid="10782371" lat="-23.6495141" lon="-46.5737758"/>
 <node id="7791544752" visible="true" version="2" changeset="105107086" timestamp="2021-05-21T19:05:41Z" user="Imaginashun" uid="10782371" lat="-23.6481871" lon="-46.5750563"/>
 <node id="7791544753" visible="true" version="1" changeset="89039239" timestamp="2020-08-06T12:36:30Z" user="Scioto" uid="9446941" lat="-23.6472693" lon="-46.5731956"/>
 <node id="7791544754" visible="true" version="1" changeset="89039239" timestamp="2020-08-06T12:36:30Z" user="Scioto" uid="9446941" lat="-23.6472535" lon="-46.5740221"/>
 <node id="7791544755" visible="true" version="1" changeset="89039239" timestamp="2020-08-06T12:36:30Z" user="Scioto" uid="9446941" lat="-23.6473675" lon="-46.5749997"/>
 <node id="7791544759" visible="true" version="1" changeset="89039239" timestamp="2020-08-06T12:36:30Z" user="Scioto" uid="9446941" lat="-23.6478349" lon="-46.5717163"/>
 <node id="7791544760" visible="true" version="4" changeset="178961090" timestamp="2026-02-23T20:42:13Z" user="O Fim" uid="1842197" lat="-23.6460617" lon="-46.5726955">
  <tag k="surface" v="asphalt"/>
  <tag k="traffic_calming" v="hump"/>
 </node>
 <node id="7791544761" visible="true" version="2" changeset="178961090" timestamp="2026-02-23T20:42:13Z" user="O Fim" uid="1842197" lat="-23.6459981" lon="-46.5724251"/>
 <node id="7819391944" visible="true" version="2" changeset="148826715" timestamp="2024-03-18T17:09:19Z" user="petropouli" uid="4200031" lat="-23.6440180" lon="-46.5740953"/>
 <node id="7820475458" visible="true" version="1" changeset="89524640" timestamp="2020-08-17T14:39:29Z" user="Scioto" uid="9446941" lat="-23.6458332" lon="-46.5717678"/>
 <node id="7820475459" visible="true" version="1" changeset="89524640" timestamp="2020-08-17T14:39:29Z" user="Scioto" uid="9446941" lat="-23.6458848" lon="-46.5717715"/>
 <node id="7990906495" visible="true" version="1" changeset="92212796" timestamp="2020-10-09T06:33:13Z" user="Scioto" uid="9446941" lat="-23.6473215" lon="-46.5765649"/>
 <node id="7998770588" visible="true" version="1" changeset="92324870" timestamp="2020-10-12T05:35:16Z" user="Scioto" uid="9446941" lat="-23.6502729" lon="-46.5745640"/>
 <node id="7999161190" visible="true" version="2" changeset="108806999" timestamp="2021-07-29T08:37:15Z" user="KhumbutseMountain" uid="12653017" lat="-23.6474529" lon="-46.5756576"/>
 <node id="8000459288" visible="true" version="2" changeset="105105843" timestamp="2021-05-21T18:35:39Z" user="Imaginashun" uid="10782371" lat="-23.6494060" lon="-46.5719019"/>
 <node id="8000459289" visible="true" version="2" changeset="105105843" timestamp="2021-05-21T18:35:39Z" user="Imaginashun" uid="10782371" lat="-23.6493565" lon="-46.5718819"/>
 <node id="8000459290" visible="true" version="2" changeset="105105843" timestamp="2021-05-21T18:35:39Z" user="Imaginashun" uid="10782371" lat="-23.6493221" lon="-46.5718657"/>
 <node id="8000459291" visible="true" version="2" changeset="105105843" timestamp="2021-05-21T18:35:39Z" user="Imaginashun" uid="10782371" lat="-23.6491946" lon="-46.5718138"/>
 <node id="8000459292" visible="true" version="2" changeset="105105843" timestamp="2021-05-21T18:35:39Z" user="Imaginashun" uid="10782371" lat="-23.6493073" lon="-46.5718290"/>
 <node id="8000459294" visible="true" version="2" changeset="105105843" timestamp="2021-05-21T18:35:39Z" user="Imaginashun" uid="10782371" lat="-23.6491074" lon="-46.5717949"/>
 <node id="8002030313" visible="true" version="1" changeset="92385968" timestamp="2020-10-13T05:01:12Z" user="Scioto" uid="9446941" lat="-23.6467214" lon="-46.5754806"/>
 <node id="8002030314" visible="true" version="1" changeset="92385968" timestamp="2020-10-13T05:01:12Z" user="Scioto" uid="9446941" lat="-23.6468197" lon="-46.5756100"/>
 <node id="8002030315" visible="true" version="1" changeset="92385968" timestamp="2020-10-13T05:01:12Z" user="Scioto" uid="9446941" lat="-23.6467579" lon="-46.5754972"/>
 <node id="8002030316" visible="true" version="1" changeset="92385968" timestamp="2020-10-13T05:01:12Z" user="Scioto" uid="9446941" lat="-23.6468786" lon="-46.5755651"/>
 <node id="8002030317" visible="true" version="1" changeset="92385968" timestamp="2020-10-13T05:01:12Z" user="Scioto" uid="9446941" lat="-23.6473774" lon="-46.5756644"/>
 <node id="8002030318" visible="true" version="1" changeset="92385968" timestamp="2020-10-13T05:01:12Z" user="Scioto" uid="9446941" lat="-23.6472238" lon="-46.5756469"/>
 <node id="8002030319" visible="true" version="1" changeset="92385968" timestamp="2020-10-13T05:01:12Z" user="Scioto" uid="9446941" lat="-23.6470820" lon="-46.5756389"/>
 <node id="8702069563" visible="true" version="1" changeset="104195189" timestamp="2021-05-05T15:53:08Z" user="CostelloMellow" uid="12506916" lat="-23.6468770" lon="-46.5770700"/>
 <node id="8935397983" visible="true" version="1" changeset="108306965" timestamp="2021-07-20T09:52:05Z" user="KhumbutseMountain" uid="12653017" lat="-23.6475458" lon="-46.5742832"/>
 <node id="8935397984" visible="true" version="1" changeset="108306965" timestamp="2021-07-20T09:52:05Z" user="KhumbutseMountain" uid="12653017" lat="-23.6477478" lon="-46.5744379"/>
 <node id="8935397985" visible="true" version="1" changeset="108306965" timestamp="2021-07-20T09:52:05Z" user="KhumbutseMountain" uid="12653017" lat="-23.6479345" lon="-46.5747008"/>
 <node id="8935397986" visible="true" version="1" changeset="108306965" timestamp="2021-07-20T09:52:05Z" user="KhumbutseMountain" uid="12653017" lat="-23.6493387" lon="-46.5723954"/>
 <node id="8935397987" visible="true" version="1" changeset="108306965" timestamp="2021-07-20T09:52:05Z" user="KhumbutseMountain" uid="12653017" lat="-23.6493694" lon="-46.5724356"/>
 <node id="8935397988" visible="true" version="1" changeset="108306965" timestamp="2021-07-20T09:52:05Z" user="KhumbutseMountain" uid="12653017" lat="-23.6493571" lon="-46.5724812"/>
 <node id="8959350031" visible="true" version="1" changeset="108806999" timestamp="2021-07-29T08:37:15Z" user="KhumbutseMountain" uid="12653017" lat="-23.6474174" lon="-46.5756710"/>
 <node id="8959350032" visible="true" version="1" changeset="108806999" timestamp="2021-07-29T08:37:15Z" user="KhumbutseMountain" uid="12653017" lat="-23.6473707" lon="-46.5754800">
  <tag k="access" v="permissive"/>
  <tag k="barrier" v="gate"/>
 </node>
 <node id="8959350033" visible="true" version="2" changeset="108854177" timestamp="2021-07-30T03:41:29Z" user="KhumbutseMountain" uid="12653017" lat="-23.6473559" lon="-46.5751398"/>
 <node id="8964589164" visible="true" version="2" changeset="140161085" timestamp="2023-08-21T05:00:33Z" user="Flamen_Sru" uid="13841144" lat="-23.6498688" lon="-46.5751400"/>
 <node id="8964589165" visible="true" version="1" changeset="108916094" timestamp="2021-07-31T04:40:59Z" user="KirtishoGlacier" uid="10529538" lat="-23.6498466" lon="-46.5749430"/>
 <node id="9659367926" visible="true" version="2" changeset="139499709" timestamp="2023-08-06T01:08:45Z" user="AjBelnuovo" uid="1799626" lat="-23.6479725" lon="-46.5759263">
  <tag k="crossing" v="marked"/>
  <tag k="crossing:markings" v="yes"/>
  <tag k="highway" v="crossing"/>
 </node>
 <node id="10827106978" visible="true" version="1" changeset="135148550" timestamp="2023-04-20T12:42:46Z" user="AjBelnuovo" uid="1799626" lat="-23.6490251" lon="-46.5714532">
  <tag k="bus" v="yes"/>
  <tag k="departures_board" v="no"/>
  <tag k="highway" v="bus_stop"/>
  <tag k="operator" v="Viação Santo Eustáquio"/>
  <tag k="public_transport" v="platform"/>
 </node>
 <node id="10827106979" visible="true" version="1" changeset="135148550" timestamp="2023-04-20T12:42:46Z" user="AjBelnuovo" uid="1799626" lat="-23.6489882" lon="-46.5716860">
  <tag k="bus" v="yes"/>
  <tag k="departures_board" v="no"/>
  <tag k="highway" v="bus_stop"/>
  <tag k="network" v="EMTU"/>
  <tag k="network:short" v="EMTU"/>
  <tag k="network:wikidata" v="Q5374439"/>
  <tag k="public_transport" v="platform"/>
 </node>
 <node id="10827106980" visible="true" version="1" changeset="135148550" timestamp="2023-04-20T12:42:46Z" user="AjBelnuovo" uid="1799626" lat="-23.6487459" lon="-46.5716400"/>
 <node id="10827106981" visible="true" version="1" changeset="135148550" timestamp="2023-04-20T12:42:46Z" user="AjBelnuovo" uid="1799626" lat="-23.6491330" lon="-46.5717493"/>
 <node id="10827106982" visible="true" version="2" changeset="135149768" timestamp="2023-04-20T13:11:52Z" user="AjBelnuovo" uid="1799626" lat="-23.6493226" lon="-46.5717407"/>
 <node id="10827106983" visible="true" version="2" changeset="135149768" timestamp="2023-04-20T13:11:52Z" user="AjBelnuovo" uid="1799626" lat="-23.6491041" lon="-46.5712117"/>
 <node id="10827106984" visible="true" version="2" changeset="135149768" timestamp="2023-04-20T13:11:52Z" user="AjBelnuovo" uid="1799626" lat="-23.6488539" lon="-46.5711571"/>
 <node id="10827167009" visible="true" version="1" changeset="135149768" timestamp="2023-04-20T13:11:52Z" user="AjBelnuovo" uid="1799626" lat="-23.6489777" lon="-46.5711772"/>
 <node id="10827167010" visible="true" version="1" changeset="135149768" timestamp="2023-04-20T13:11:52Z" user="AjBelnuovo" uid="1799626" lat="-23.6493042" lon="-46.5717737"/>
 <node id="10827167011" visible="true" version="3" changeset="169366502" timestamp="2025-07-23T20:43:45Z" user="AjBelnuovo" uid="1799626" lat="-23.6475287" lon="-46.5726579"/>
 <node id="10827167012" visible="true" version="3" changeset="169366502" timestamp="2025-07-23T20:43:45Z" user="AjBelnuovo" uid="1799626" lat="-23.6476301" lon="-46.5726574"/>
 <node id="10827167013" visible="true" version="3" changeset="169366502" timestamp="2025-07-23T20:43:45Z" user="AjBelnuovo" uid="1799626" lat="-23.6476292" lon="-46.5724275"/>
 <node id="10827167014" visible="true" version="3" changeset="169366502" timestamp="2025-07-23T20:43:45Z" user="AjBelnuovo" uid="1799626" lat="-23.6475278" lon="-46.5724280"/>
 <node id="10827167015" visible="true" version="1" changeset="135149768" timestamp="2023-04-20T13:11:52Z" user="AjBelnuovo" uid="1799626" lat="-23.6465698" lon="-46.5727363"/>
 <node id="10827167016" visible="true" version="1" changeset="135149768" timestamp="2023-04-20T13:11:52Z" user="AjBelnuovo" uid="1799626" lat="-23.6473647" lon="-46.5727287"/>
 <node id="10827167017" visible="true" version="1" changeset="135149768" timestamp="2023-04-20T13:11:52Z" user="AjBelnuovo" uid="1799626" lat="-23.6473601" lon="-46.5722821"/>
 <node id="10827167018" visible="true" version="1" changeset="135149768" timestamp="2023-04-20T13:11:52Z" user="AjBelnuovo" uid="1799626" lat="-23.6465628" lon="-46.5722973"/>
 <node id="10827167019" visible="true" version="2" changeset="149879676" timestamp="2024-04-11T19:27:17Z" user="AjBelnuovo" uid="1799626" lat="-23.6465474" lon="-46.5728380"/>
 <node id="10827167020" visible="true" version="2" changeset="149879676" timestamp="2024-04-11T19:27:17Z" user="AjBelnuovo" uid="1799626" lat="-23.6473401" lon="-46.5728355"/>
 <node id="10827167021" visible="true" version="2" changeset="149879676" timestamp="2024-04-11T19:27:17Z" user="AjBelnuovo" uid="1799626" lat="-23.6473819" lon="-46.5728152"/>
 <node id="10827167022" visible="true" version="2" changeset="149879676" timestamp="2024-04-11T19:27:17Z" user="AjBelnuovo" uid="1799626" lat="-23.6474214" lon="-46.5727619"/>
 <node id="10827167023" visible="true" version="2" changeset="149879676" timestamp="2024-04-11T19:27:17Z" user="AjBelnuovo" uid="1799626" lat="-23.6474586" lon="-46.5726756"/>
 <node id="10827167024" visible="true" version="2" changeset="149879676" timestamp="2024-04-11T19:27:17Z" user="AjBelnuovo" uid="1799626" lat="-23.6474772" lon="-46.5725944"/>
 <node id="10827167025" visible="true" version="2" changeset="149879676" timestamp="2024-04-11T19:27:17Z" user="AjBelnuovo" uid="1799626" lat="-23.6474888" lon="-46.5725056"/>
 <node id="10827167026" visible="true" version="2" changeset="149879676" timestamp="2024-04-11T19:27:17Z" user="AjBelnuovo" uid="1799626" lat="-23.6474749" lon="-46.5724320"/>
 <node id="10827167027" visible="true" version="2" changeset="149879676" timestamp="2024-04-11T19:27:17Z" user="AjBelnuovo" uid="1799626" lat="-23.6474493" lon="-46.5723508"/>
 <node id="10827167028" visible="true" version="2" changeset="149879676" timestamp="2024-04-11T19:27:17Z" user="AjBelnuovo" uid="1799626" lat="-23.6474284" lon="-46.5722772"/>
 <node id="10827167029" visible="true" version="2" changeset="149879676" timestamp="2024-04-11T19:27:17Z" user="AjBelnuovo" uid="1799626" lat="-23.6473982" lon="-46.5722163"/>
 <node id="10827167030" visible="true" version="2" changeset="149879676" timestamp="2024-04-11T19:27:17Z" user="AjBelnuovo" uid="1799626" lat="-23.6473633" lon="-46.5721782"/>
 <node id="10827167031" visible="true" version="2" changeset="149879676" timestamp="2024-04-11T19:27:17Z" user="AjBelnuovo" uid="1799626" lat="-23.6465544" lon="-46.5722011"/>
 <node id="10827167032" visible="true" version="2" changeset="149879676" timestamp="2024-04-11T19:27:17Z" user="AjBelnuovo" uid="1799626" lat="-23.6465172" lon="-46.5722138"/>
 <node id="10827167033" visible="true" version="2" changeset="149879676" timestamp="2024-04-11T19:27:17Z" user="AjBelnuovo" uid="1799626" lat="-23.6464730" lon="-46.5722645"/>
 <node id="10827167034" visible="true" version="2" changeset="149879676" timestamp="2024-04-11T19:27:17Z" user="AjBelnuovo" uid="1799626" lat="-23.6464382" lon="-46.5723026"/>
 <node id="10827167035" visible="true" version="2" changeset="149879676" timestamp="2024-04-11T19:27:17Z" user="AjBelnuovo" uid="1799626" lat="-23.6464103" lon="-46.5723609"/>
 <node id="10827167036" visible="true" version="2" changeset="149879676" timestamp="2024-04-11T19:27:17Z" user="AjBelnuovo" uid="1799626" lat="-23.6464033" lon="-46.5724066"/>
 <node id="10827167037" visible="true" version="2" changeset="149879676" timestamp="2024-04-11T19:27:17Z" user="AjBelnuovo" uid="1799626" lat="-23.6463963" lon="-46.5724523"/>
 <node id="10827167038" visible="true" version="2" changeset="149879676" timestamp="2024-04-11T19:27:17Z" user="AjBelnuovo" uid="1799626" lat="-23.6464010" lon="-46.5725157"/>
 <node id="10827167039" visible="true" version="2" changeset="149879676" timestamp="2024-04-11T19:27:17Z" user="AjBelnuovo" uid="1799626" lat="-23.6464033" lon="-46.5725741"/>
 <node id="10827167040" visible="true" version="2" changeset="149879676" timestamp="2024-04-11T19:27:17Z" user="AjBelnuovo" uid="1799626" lat="-23.6464172" lon="-46.5726350"/>
 <node id="10827167041" visible="true" version="2" changeset="149879676" timestamp="2024-04-11T19:27:17Z" user="AjBelnuovo" uid="1799626" lat="-23.6464475" lon="-46.5727137"/>
 <node id="10827167042" visible="true" version="2" changeset="149879676" timestamp="2024-04-11T19:27:17Z" user="AjBelnuovo" uid="1799626" lat="-23.6464916" lon="-46.5727847"/>
 <node id="10827167043" visible="true" version="1" changeset="135149768" timestamp="2023-04-20T13:11:52Z" user="AjBelnuovo" uid="1799626" lat="-23.6503037" lon="-46.5720588"/>
 <node id="10827167044" visible="true" version="1" changeset="135149768" timestamp="2023-04-20T13:11:52Z" user="AjBelnuovo" uid="1799626" lat="-23.6505501" lon="-46.5723139"/>
 <node id="10827167045" visible="true" version="1" changeset="135149768" timestamp="2023-04-20T13:11:52Z" user="AjBelnuovo" uid="1799626" lat="-23.6505881" lon="-46.5723574"/>
 <node id="10827167046" visible="true" version="1" changeset="135149768" timestamp="2023-04-20T13:11:52Z" user="AjBelnuovo" uid="1799626" lat="-23.6506189" lon="-46.5724641"/>
 <node id="10827167047" visible="true" version="1" changeset="135149768" timestamp="2023-04-20T13:11:52Z" user="AjBelnuovo" uid="1799626" lat="-23.6506569" lon="-46.5725333"/>
 <node id="10827167048" visible="true" version="1" changeset="135149768" timestamp="2023-04-20T13:11:52Z" user="AjBelnuovo" uid="1799626" lat="-23.6507149" lon="-46.5725670"/>
 <node id="10827167049" visible="true" version="1" changeset="135149768" timestamp="2023-04-20T13:11:52Z" user="AjBelnuovo" uid="1799626" lat="-23.6508000" lon="-46.5725689"/>
 <node id="10827167050" visible="true" version="1" changeset="135149768" timestamp="2023-04-20T13:11:52Z" user="AjBelnuovo" uid="1799626" lat="-23.6508416" lon="-46.5725432"/>
 <node id="10827167051" visible="true" version="1" changeset="135149768" timestamp="2023-04-20T13:11:52Z" user="AjBelnuovo" uid="1799626" lat="-23.6508525" lon="-46.5724582"/>
 <node id="10827167052" visible="true" version="1" changeset="135149768" timestamp="2023-04-20T13:11:52Z" user="AjBelnuovo" uid="1799626" lat="-23.6508670" lon="-46.5722467"/>
 <node id="10827167053" visible="true" version="1" changeset="135149768" timestamp="2023-04-20T13:11:52Z" user="AjBelnuovo" uid="1799626" lat="-23.6508525" lon="-46.5721913"/>
 <node id="10827167054" visible="true" version="1" changeset="135149768" timestamp="2023-04-20T13:11:52Z" user="AjBelnuovo" uid="1799626" lat="-23.6508163" lon="-46.5721379"/>
 <node id="10827167055" visible="true" version="1" changeset="135149768" timestamp="2023-04-20T13:11:52Z" user="AjBelnuovo" uid="1799626" lat="-23.6507710" lon="-46.5721241"/>
 <node id="10827167056" visible="true" version="1" changeset="135149768" timestamp="2023-04-20T13:11:52Z" user="AjBelnuovo" uid="1799626" lat="-23.6502894" lon="-46.5720899"/>
 <node id="10827167057" visible="true" version="1" changeset="135149768" timestamp="2023-04-20T13:11:52Z" user="AjBelnuovo" uid="1799626" lat="-23.6502903" lon="-46.5720681"/>
 <node id="10846086957" visible="true" version="2" changeset="149879644" timestamp="2024-04-11T19:25:44Z" user="AjBelnuovo" uid="1799626" lat="-23.6479077" lon="-46.5714469">
  <tag k="surface" v="asphalt"/>
  <tag k="traffic_calming" v="dip"/>
 </node>
 <node id="10890155149" visible="true" version="1" changeset="136021090" timestamp="2023-05-12T14:14:05Z" user="jaysonwcs" uid="18991845" lat="-23.6492346" lon="-46.5714507"/>
 <node id="11124177249" visible="true" version="1" changeset="140036693" timestamp="2023-08-18T02:36:32Z" user="Jan_Kola" uid="14550982" lat="-23.6495993" lon="-46.5751308"/>
 <node id="11124177250" visible="true" version="1" changeset="140036693" timestamp="2023-08-18T02:36:32Z" user="Jan_Kola" uid="14550982" lat="-23.6497232" lon="-46.5751608"/>
 <node id="11124177251" visible="true" version="1" changeset="140036693" timestamp="2023-08-18T02:36:32Z" user="Jan_Kola" uid="14550982" lat="-23.6513611" lon="-46.5755978"/>
 <node id="11133278084" visible="true" version="1" changeset="140161085" timestamp="2023-08-21T05:00:33Z" user="Flamen_Sru" uid="13841144" lat="-23.6501040" lon="-46.5752091"/>
 <node id="11133278085" visible="true" version="1" changeset="140161085" timestamp="2023-08-21T05:00:33Z" user="Flamen_Sru" uid="13841144" lat="-23.6497987" lon="-46.5751085"/>
 <node id="11133542021" visible="true" version="1" changeset="140167812" timestamp="2023-08-21T08:17:02Z" user="Ra_colate" uid="15204658" lat="-23.6504689" lon="-46.5752627"/>
 <node id="11133542022" visible="true" version="1" changeset="140167812" timestamp="2023-08-21T08:17:02Z" user="Ra_colate" uid="15204658" lat="-23.6505340" lon="-46.5752278"/>
 <node id="11133542023" visible="true" version="1" changeset="140167812" timestamp="2023-08-21T08:17:02Z" user="Ra_colate" uid="15204658" lat="-23.6507698" lon="-46.5748912"/>
 <node id="11362439152" visible="true" version="1" changeset="144217625" timestamp="2023-11-19T17:45:17Z" user="petropouli" uid="4200031" lat="-23.6495115" lon="-46.5716654"/>
 <node id="11362439153" visible="true" version="1" changeset="144217625" timestamp="2023-11-19T17:45:17Z" user="petropouli" uid="4200031" lat="-23.6494304" lon="-46.5715417"/>
 <node id="11362439154" visible="true" version="1" changeset="144217625" timestamp="2023-11-19T17:45:17Z" user="petropouli" uid="4200031" lat="-23.6493234" lon="-46.5712831"/>
 <node id="11362439155" visible="true" version="1" changeset="144217625" timestamp="2023-11-19T17:45:17Z" user="petropouli" uid="4200031" lat="-23.6492965" lon="-46.5711245"/>
 <node id="11362439156" visible="true" version="1" changeset="144217625" timestamp="2023-11-19T17:45:17Z" user="petropouli" uid="4200031" lat="-23.6492852" lon="-46.5710416"/>
 <node id="11362439157" visible="true" version="1" changeset="144217625" timestamp="2023-11-19T17:45:17Z" user="petropouli" uid="4200031" lat="-23.6492984" lon="-46.5707181"/>
 <node id="11741790305" visible="true" version="2" changeset="161196017" timestamp="2025-01-10T08:31:13Z" user="Flamen_Sru" uid="13841144" lat="-23.6440807" lon="-46.5745372"/>
 <node id="11810255822" visible="true" version="2" changeset="169366502" timestamp="2025-07-23T20:43:45Z" user="AjBelnuovo" uid="1799626" lat="-23.6461912" lon="-46.5735210">
  <tag k="surface" v="asphalt"/>
  <tag k="traffic_calming" v="hump"/>
 </node>
 <node id="12528575935" visible="true" version="1" changeset="161696984" timestamp="2025-01-24T04:21:31Z" user="jaysonwcs" uid="18991845" lat="-23.6466498" lon="-46.5754522">
  <tag k="bus" v="yes"/>
  <tag k="network" v="SITS"/>
  <tag k="public_transport" v="stop_position"/>
 </node>
 <node id="12528575936" visible="true" version="1" changeset="161696984" timestamp="2025-01-24T04:21:31Z" user="jaysonwcs" uid="18991845" lat="-23.6466360" lon="-46.5755041">
  <tag k="bus" v="yes"/>
  <tag k="highway" v="bus_stop"/>
  <tag k="public_transport" v="platform"/>
 </node>
 <node id="12852332860" visible="true" version="1" changeset="166549669" timestamp="2025-05-21T05:01:53Z" user="DressyPear4" uid="3984659" lat="-23.6491994" lon="-46.5708112"/>
 <node id="12852332861" visible="true" version="1" changeset="166549669" timestamp="2025-05-21T05:01:53Z" user="DressyPear4" uid="3984659" lat="-23.6491948" lon="-46.5709335"/>
 <node id="12852332862" visible="true" version="1" changeset="166549669" timestamp="2025-05-21T05:01:53Z" user="DressyPear4" uid="3984659" lat="-23.6492003" lon="-46.5710557"/>
 <node id="12852332863" visible="true" version="1" changeset="166549669" timestamp="2025-05-21T05:01:53Z" user="DressyPear4" uid="3984659" lat="-23.6492157" lon="-46.5711770"/>
 <node id="12852332864" visible="true" version="1" changeset="166549669" timestamp="2025-05-21T05:01:53Z" user="DressyPear4" uid="3984659" lat="-23.6492410" lon="-46.5712962"/>
 <node id="12852332865" visible="true" version="1" changeset="166549669" timestamp="2025-05-21T05:01:53Z" user="DressyPear4" uid="3984659" lat="-23.6492756" lon="-46.5714115"/>
 <node id="12852332866" visible="true" version="1" changeset="166549669" timestamp="2025-05-21T05:01:53Z" user="DressyPear4" uid="3984659" lat="-23.6493195" lon="-46.5715230"/>
 <node id="12852332867" visible="true" version="1" changeset="166549669" timestamp="2025-05-21T05:01:53Z" user="DressyPear4" uid="3984659" lat="-23.6493721" lon="-46.5716299"/>
 <node id="12852332868" visible="true" version="1" changeset="166549669" timestamp="2025-05-21T05:01:53Z" user="DressyPear4" uid="3984659" lat="-23.6494333" lon="-46.5717312"/>
 <node id="12852332869" visible="true" version="1" changeset="166549669" timestamp="2025-05-21T05:01:53Z" user="DressyPear4" uid="3984659" lat="-23.6495043" lon="-46.5718290"/>
 <node id="12852332870" visible="true" version="1" changeset="166549669" timestamp="2025-05-21T05:01:53Z" user="DressyPear4" uid="3984659" lat="-23.6502489" lon="-46.5726256"/>
 <node id="12852332871" visible="true" version="1" changeset="166549669" timestamp="2025-05-21T05:01:53Z" user="DressyPear4" uid="3984659" lat="-23.6502994" lon="-46.5726895"/>
 <node id="12852332872" visible="true" version="1" changeset="166549669" timestamp="2025-05-21T05:01:53Z" user="DressyPear4" uid="3984659" lat="-23.6503442" lon="-46.5727577"/>
 <node id="12852332873" visible="true" version="1" changeset="166549669" timestamp="2025-05-21T05:01:53Z" user="DressyPear4" uid="3984659" lat="-23.6503834" lon="-46.5728300"/>
 <node id="12852332874" visible="true" version="1" changeset="166549669" timestamp="2025-05-21T05:01:53Z" user="DressyPear4" uid="3984659" lat="-23.6504165" lon="-46.5729057"/>
 <node id="12852332875" visible="true" version="1" changeset="166549669" timestamp="2025-05-21T05:01:53Z" user="DressyPear4" uid="3984659" lat="-23.6504433" lon="-46.5729844"/>
 <node id="12852332876" visible="true" version="1" changeset="166549669" timestamp="2025-05-21T05:01:53Z" user="DressyPear4" uid="3984659" lat="-23.6504636" lon="-46.5730653"/>
 <node id="12852332877" visible="true" version="1" changeset="166549669" timestamp="2025-05-21T05:01:53Z" user="DressyPear4" uid="3984659" lat="-23.6504772" lon="-46.5731479"/>
 <node id="12852332878" visible="true" version="1" changeset="166549669" timestamp="2025-05-21T05:01:53Z" user="DressyPear4" uid="3984659" lat="-23.6504842" lon="-46.5732329"/>
 <node id="12852332879" visible="true" version="1" changeset="166549669" timestamp="2025-05-21T05:01:53Z" user="DressyPear4" uid="3984659" lat="-23.6504850" lon="-46.5732894"/>
 <node id="12852332880" visible="true" version="1" changeset="166549669" timestamp="2025-05-21T05:01:53Z" user="DressyPear4" uid="3984659" lat="-23.6504824" lon="-46.5733490"/>
 <node id="12852332881" visible="true" version="1" changeset="166549669" timestamp="2025-05-21T05:01:53Z" user="DressyPear4" uid="3984659" lat="-23.6504720" lon="-46.5734764"/>
 <node id="12852332882" visible="true" version="1" changeset="166549669" timestamp="2025-05-21T05:01:53Z" user="DressyPear4" uid="3984659" lat="-23.6504533" lon="-46.5735998"/>
 <node id="12852332883" visible="true" version="1" changeset="166549669" timestamp="2025-05-21T05:01:53Z" user="DressyPear4" uid="3984659" lat="-23.6504265" lon="-46.5737213"/>
 <node id="12852332884" visible="true" version="1" changeset="166549669" timestamp="2025-05-21T05:01:53Z" user="DressyPear4" uid="3984659" lat="-23.6503915" lon="-46.5738404"/>
 <node id="12852332885" visible="true" version="1" changeset="166549669" timestamp="2025-05-21T05:01:53Z" user="DressyPear4" uid="3984659" lat="-23.6503486" lon="-46.5739563"/>
 <node id="12852332886" visible="true" version="1" changeset="166549669" timestamp="2025-05-21T05:01:53Z" user="DressyPear4" uid="3984659" lat="-23.6502980" lon="-46.5740685"/>
 <node id="12852332887" visible="true" version="1" changeset="166549669" timestamp="2025-05-21T05:01:53Z" user="DressyPear4" uid="3984659" lat="-23.6502400" lon="-46.5741763"/>
 <node id="12852332888" visible="true" version="1" changeset="166549669" timestamp="2025-05-21T05:01:53Z" user="DressyPear4" uid="3984659" lat="-23.6501747" lon="-46.5742794"/>
 <node id="12852332889" visible="true" version="1" changeset="166549669" timestamp="2025-05-21T05:01:53Z" user="DressyPear4" uid="3984659" lat="-23.6501101" lon="-46.5743676"/>
 <node id="12852332890" visible="true" version="1" changeset="166549669" timestamp="2025-05-21T05:01:53Z" user="DressyPear4" uid="3984659" lat="-23.6500401" lon="-46.5744510"/>
 <node id="12852332891" visible="true" version="1" changeset="166549669" timestamp="2025-05-21T05:01:53Z" user="DressyPear4" uid="3984659" lat="-23.6499651" lon="-46.5745293"/>
 <node id="12852332892" visible="true" version="1" changeset="166549669" timestamp="2025-05-21T05:01:53Z" user="DressyPear4" uid="3984659" lat="-23.6498855" lon="-46.5746019"/>
 <node id="12852332893" visible="true" version="1" changeset="166549669" timestamp="2025-05-21T05:01:53Z" user="DressyPear4" uid="3984659" lat="-23.6497976" lon="-46.5746718"/>
 <node id="12852332894" visible="true" version="1" changeset="166549669" timestamp="2025-05-21T05:01:53Z" user="DressyPear4" uid="3984659" lat="-23.6488197" lon="-46.5754348"/>
 <node id="12852332895" visible="true" version="1" changeset="166549669" timestamp="2025-05-21T05:01:53Z" user="DressyPear4" uid="3984659" lat="-23.6492129" lon="-46.5706983"/>
 <node id="12852332896" visible="true" version="1" changeset="166549669" timestamp="2025-05-21T05:01:53Z" user="DressyPear4" uid="3984659" lat="-23.6481545" lon="-46.5759637"/>
 <node id="12852332897" visible="true" version="1" changeset="166549669" timestamp="2025-05-21T05:01:53Z" user="DressyPear4" uid="3984659" lat="-23.6493741" lon="-46.5708275"/>
 <node id="12852332898" visible="true" version="1" changeset="166549669" timestamp="2025-05-21T05:01:53Z" user="DressyPear4" uid="3984659" lat="-23.6493702" lon="-46.5709327"/>
 <node id="12852332899" visible="true" version="1" changeset="166549669" timestamp="2025-05-21T05:01:53Z" user="DressyPear4" uid="3984659" lat="-23.6493749" lon="-46.5710379"/>
 <node id="12852332900" visible="true" version="1" changeset="166549669" timestamp="2025-05-21T05:01:53Z" user="DressyPear4" uid="3984659" lat="-23.6493882" lon="-46.5711422"/>
 <node id="12852332901" visible="true" version="1" changeset="166549669" timestamp="2025-05-21T05:01:53Z" user="DressyPear4" uid="3984659" lat="-23.6494397" lon="-46.5713439"/>
 <node id="12852332902" visible="true" version="1" changeset="166549669" timestamp="2025-05-21T05:01:53Z" user="DressyPear4" uid="3984659" lat="-23.6494774" lon="-46.5714399"/>
 <node id="12852332903" visible="true" version="1" changeset="166549669" timestamp="2025-05-21T05:01:53Z" user="DressyPear4" uid="3984659" lat="-23.6495227" lon="-46.5715318"/>
 <node id="12852332904" visible="true" version="1" changeset="166549669" timestamp="2025-05-21T05:01:53Z" user="DressyPear4" uid="3984659" lat="-23.6495753" lon="-46.5716190"/>
 <node id="12852332905" visible="true" version="1" changeset="166549669" timestamp="2025-05-21T05:01:53Z" user="DressyPear4" uid="3984659" lat="-23.6493866" lon="-46.5707231"/>
 <node id="12852332906" visible="true" version="1" changeset="166549669" timestamp="2025-05-21T05:01:53Z" user="DressyPear4" uid="3984659" lat="-23.6494099" lon="-46.5712447"/>
 <node id="12852332907" visible="true" version="1" changeset="166549669" timestamp="2025-05-21T05:01:53Z" user="DressyPear4" uid="3984659" lat="-23.6496347" lon="-46.5717007"/>
 <node id="12852332908" visible="true" version="1" changeset="166549669" timestamp="2025-05-21T05:01:53Z" user="DressyPear4" uid="3984659" lat="-23.6504371" lon="-46.5725711"/>
 <node id="12852332909" visible="true" version="1" changeset="166549669" timestamp="2025-05-21T05:01:53Z" user="DressyPear4" uid="3984659" lat="-23.6504911" lon="-46.5726531"/>
 <node id="12852332910" visible="true" version="1" changeset="166549669" timestamp="2025-05-21T05:01:53Z" user="DressyPear4" uid="3984659" lat="-23.6505381" lon="-46.5727400"/>
 <node id="12852332911" visible="true" version="1" changeset="166549669" timestamp="2025-05-21T05:01:53Z" user="DressyPear4" uid="3984659" lat="-23.6505779" lon="-46.5728311"/>
 <node id="12852332912" visible="true" version="1" changeset="166549669" timestamp="2025-05-21T05:01:53Z" user="DressyPear4" uid="3984659" lat="-23.6506102" lon="-46.5729257"/>
 <node id="12852332913" visible="true" version="1" changeset="166549669" timestamp="2025-05-21T05:01:53Z" user="DressyPear4" uid="3984659" lat="-23.6506346" lon="-46.5730230"/>
 <node id="12852332914" visible="true" version="1" changeset="166549669" timestamp="2025-05-21T05:01:53Z" user="DressyPear4" uid="3984659" lat="-23.6506510" lon="-46.5731223"/>
 <node id="12852332915" visible="true" version="1" changeset="166549669" timestamp="2025-05-21T05:01:53Z" user="DressyPear4" uid="3984659" lat="-23.6506602" lon="-46.5732925"/>
 <node id="12852332916" visible="true" version="1" changeset="166549669" timestamp="2025-05-21T05:01:53Z" user="DressyPear4" uid="3984659" lat="-23.6503767" lon="-46.5724947"/>
 <node id="12852332917" visible="true" version="1" changeset="166549669" timestamp="2025-05-21T05:01:53Z" user="DressyPear4" uid="3984659" lat="-23.6506572" lon="-46.5733620"/>
 <node id="12852332918" visible="true" version="1" changeset="166549669" timestamp="2025-05-21T05:01:53Z" user="DressyPear4" uid="3984659" lat="-23.6506458" lon="-46.5735005"/>
 <node id="12852332919" visible="true" version="1" changeset="166549669" timestamp="2025-05-21T05:01:53Z" user="DressyPear4" uid="3984659" lat="-23.6506251" lon="-46.5736378"/>
 <node id="12852332920" visible="true" version="1" changeset="166549669" timestamp="2025-05-21T05:01:53Z" user="DressyPear4" uid="3984659" lat="-23.6505952" lon="-46.5737730"/>
 <node id="12852332921" visible="true" version="1" changeset="166549669" timestamp="2025-05-21T05:01:53Z" user="DressyPear4" uid="3984659" lat="-23.6505563" lon="-46.5739055"/>
 <node id="12852332922" visible="true" version="1" changeset="166549669" timestamp="2025-05-21T05:01:53Z" user="DressyPear4" uid="3984659" lat="-23.6505086" lon="-46.5740345"/>
 <node id="12852332923" visible="true" version="1" changeset="166549669" timestamp="2025-05-21T05:01:53Z" user="DressyPear4" uid="3984659" lat="-23.6504523" lon="-46.5741593"/>
 <node id="12852332924" visible="true" version="1" changeset="166549669" timestamp="2025-05-21T05:01:53Z" user="DressyPear4" uid="3984659" lat="-23.6503878" lon="-46.5742792"/>
 <node id="12852332925" visible="true" version="1" changeset="166549669" timestamp="2025-05-21T05:01:53Z" user="DressyPear4" uid="3984659" lat="-23.6502432" lon="-46.5744920"/>
 <node id="12852332926" visible="true" version="1" changeset="166549669" timestamp="2025-05-21T05:01:53Z" user="DressyPear4" uid="3984659" lat="-23.6501653" lon="-46.5745849"/>
 <node id="12852332927" visible="true" version="1" changeset="166549669" timestamp="2025-05-21T05:01:53Z" user="DressyPear4" uid="3984659" lat="-23.6500819" lon="-46.5746719"/>
 <node id="12852332928" visible="true" version="1" changeset="166549669" timestamp="2025-05-21T05:01:53Z" user="DressyPear4" uid="3984659" lat="-23.6499934" lon="-46.5747527"/>
 <node id="12852332929" visible="true" version="1" changeset="166549669" timestamp="2025-05-21T05:01:53Z" user="DressyPear4" uid="3984659" lat="-23.6506593" lon="-46.5732229"/>
 <node id="12852332930" visible="true" version="1" changeset="166549669" timestamp="2025-05-21T05:01:53Z" user="DressyPear4" uid="3984659" lat="-23.6503153" lon="-46.5743937"/>
 <node id="12852332931" visible="true" version="1" changeset="166549669" timestamp="2025-05-21T05:01:53Z" user="DressyPear4" uid="3984659" lat="-23.6499001" lon="-46.5748268"/>
 <node id="12852332932" visible="true" version="1" changeset="166549669" timestamp="2025-05-21T05:01:53Z" user="DressyPear4" uid="3984659" lat="-23.6489222" lon="-46.5755899"/>
 <node id="12852332933" visible="true" version="1" changeset="166549669" timestamp="2025-05-21T05:01:53Z" user="DressyPear4" uid="3984659" lat="-23.6481999" lon="-46.5761639"/>
 <node id="13037679027" visible="true" version="1" changeset="169729993" timestamp="2025-07-30T16:32:35Z" user="4TL4S" uid="12781275" lat="-23.6469918" lon="-46.5769459"/>
 <node id="13593785158" visible="true" version="1" changeset="178961090" timestamp="2026-02-23T20:42:13Z" user="O Fim" uid="1842197" lat="-23.6452276" lon="-46.5729707">
  <tag k="crossing" v="uncontrolled"/>
  <tag k="crossing:markings" v="yes"/>
  <tag k="highway" v="crossing"/>
 </node>
 <node id="13593785161" visible="true" version="1" changeset="178961090" timestamp="2026-02-23T20:42:13Z" user="O Fim" uid="1842197" lat="-23.6441195" lon="-46.5729556">
  <tag k="direction" v="backward"/>
  <tag k="highway" v="stop"/>
 </node>
 <way id="127072479" visible="true" version="5" changeset="63659897" timestamp="2018-10-18T20:34:57Z" user="O Fim" uid="1842197">
  <nd ref="1439652930"/>
  <nd ref="1407177496"/>
  <tag k="highway" v="residential"/>
  <tag k="lit" v="yes"/>
  <tag k="name" v="Rua Mauá"/>
  <tag k="surface" v="asphalt"/>
 </way>
 <way id="127077785" visible="true" version="6" changeset="89501641" timestamp="2020-08-17T07:34:20Z" user="Scioto" uid="9446941">
  <nd ref="3903866370"/>
  <nd ref="1407216783"/>
  <nd ref="1407216827"/>
  <nd ref="5996511312"/>
  <nd ref="1407216732"/>
  <nd ref="7819391944"/>
  <tag k="highway" v="residential"/>
  <tag k="lit" v="yes"/>
  <tag k="name" v="Rua João D'Agostini"/>
  <tag k="surface" v="asphalt"/>
 </way>
 <way id="127077787" visible="true" version="10" changeset="149879676" timestamp="2024-04-11T19:27:17Z" user="AjBelnuovo" uid="1799626">
  <nd ref="5996511314"/>
  <nd ref="5996511303"/>
  <nd ref="1407216783"/>
  <nd ref="11810255822"/>
  <nd ref="1407216832"/>
  <nd ref="7791544760"/>
  <nd ref="1407216741"/>
  <nd ref="7791544761"/>
  <nd ref="5996511302"/>
  <nd ref="1407216849"/>
  <nd ref="1407216839"/>
  <nd ref="1407216740"/>
  <tag k="highway" v="residential"/>
  <tag k="lit" v="yes"/>
  <tag k="name" v="Rua João Rela"/>
  <tag k="surface" v="asphalt"/>
 </way>
 <way id="127077799" visible="true" version="5" changeset="178961090" timestamp="2026-02-23T20:42:13Z" user="O Fim" uid="1842197">
  <nd ref="1407216818"/>
  <nd ref="13593785161"/>
  <nd ref="13593785158"/>
  <nd ref="1407216824"/>
  <nd ref="1407216832"/>
  <nd ref="3903866369"/>
  <tag k="highway" v="residential"/>
  <tag k="lit" v="yes"/>
  <tag k="name" v="Rua Desireé Malateaux"/>
  <tag k="surface" v="asphalt"/>
 </way>
 <way id="127077808" visible="true" version="14" changeset="136676046" timestamp="2023-05-29T01:44:44Z" user="jaysonwcs" uid="18991845">
  <nd ref="3767628124"/>
  <nd ref="8000459291"/>
  <nd ref="1439652932"/>
  <nd ref="8000459294"/>
  <nd ref="1439652924"/>
  <nd ref="10846086957"/>
  <nd ref="4375615346"/>
  <nd ref="1439652938"/>
  <nd ref="1407216790"/>
  <tag k="highway" v="residential"/>
  <tag k="name" v="Rua Capivari"/>
  <tag k="oneway" v="no"/>
 </way>
 <way id="128515913" visible="true" version="13" changeset="104195189" timestamp="2021-05-05T15:53:08Z" user="CostelloMellow" uid="12506916">
  <nd ref="1407177339"/>
  <nd ref="7790363926"/>
  <nd ref="1407177568"/>
  <nd ref="7790363927"/>
  <nd ref="5996511320"/>
  <nd ref="5996511321"/>
  <tag k="alt_name" v="Praca dos Andarilhos"/>
  <tag k="bicycle" v="yes"/>
  <tag k="highway" v="primary"/>
  <tag k="lanes" v="3"/>
  <tag k="lit" v="yes"/>
  <tag k="name" v="Estrada das Lágrimas"/>
  <tag k="oneway" v="yes"/>
  <tag k="surface" v="asphalt"/>
 </way>
 <way id="128515919" visible="true" version="6" changeset="104196183" timestamp="2021-05-05T16:10:10Z" user="CostelloMellow" uid="12506916">
  <nd ref="1420113277"/>
  <nd ref="1420113245"/>
  <nd ref="1420113260"/>
  <nd ref="1420113276"/>
  <nd ref="1420113279"/>
  <nd ref="5521459869"/>
  <nd ref="1420113263"/>
  <nd ref="5521459868"/>
  <nd ref="1420113281"/>
  <tag k="highway" v="residential"/>
  <tag k="horse" v="no"/>
  <tag k="maxspeed" v="40"/>
  <tag k="name" v="Rua Higienópolis"/>
  <tag k="oneway" v="yes"/>
  <tag k="surface" v="asphalt"/>
 </way>
 <way id="128515921" visible="true" version="2" changeset="9237841" timestamp="2011-09-07T17:41:47Z" user="wmfam" uid="504868">
  <nd ref="1420113228"/>
  <nd ref="1420113281"/>
  <tag k="highway" v="residential"/>
  <tag k="name" v="Rua Higienópolis"/>
 </way>
 <way id="128525342" visible="true" version="5" changeset="42997091" timestamp="2016-10-18T22:41:09Z" user="AjBelnuovo" uid="1799626">
  <nd ref="1420192014"/>
  <nd ref="1420192023"/>
  <tag k="highway" v="residential"/>
  <tag k="horse" v="no"/>
  <tag k="name" v="Rua Silvia Andreoni Traversa"/>
  <tag k="surface" v="asphalt"/>
 </way>
 <way id="128525344" visible="true" version="6" changeset="89014903" timestamp="2020-08-06T06:00:34Z" user="Scioto" uid="9446941">
  <nd ref="1420192043"/>
  <nd ref="1420191994"/>
  <nd ref="2534005523"/>
  <nd ref="2534005522"/>
  <nd ref="1420192029"/>
  <nd ref="2534005520"/>
  <nd ref="2534005519"/>
  <nd ref="1420192047"/>
  <nd ref="1420192023"/>
  <nd ref="7790363907"/>
  <nd ref="7790363908"/>
  <nd ref="7790363909"/>
  <nd ref="7790363910"/>
  <nd ref="1420192005"/>
  <nd ref="1420192012"/>
  <tag k="alt_name" v="Rua Nelson Patrizzi"/>
  <tag k="highway" v="residential"/>
  <tag k="name" v="Rua Nelson Patrizi"/>
 </way>
 <way id="128525355" visible="true" version="6" changeset="103085115" timestamp="2021-04-17T01:09:45Z" user="maubissi" uid="3552426">
  <nd ref="1420191998"/>
  <nd ref="1420192029"/>
  <tag k="highway" v="residential"/>
  <tag k="name" v="Rua Mopi"/>
  <tag k="oneway" v="no"/>
 </way>
 <way id="129228633" visible="true" version="18" changeset="104196749" timestamp="2021-05-05T16:20:44Z" user="CostelloMellow" uid="12506916">
  <nd ref="1407177242"/>
  <nd ref="8002030317"/>
  <nd ref="7791061258"/>
  <nd ref="5996511318"/>
  <nd ref="8002030318"/>
  <nd ref="5996511299"/>
  <nd ref="8002030319"/>
  <nd ref="1407177518"/>
  <nd ref="2960439291"/>
  <nd ref="8002030316"/>
  <nd ref="5996511317"/>
  <nd ref="8002030315"/>
  <nd ref="8002030313"/>
  <nd ref="5996511316"/>
  <tag k="highway" v="secondary"/>
  <tag k="horse" v="no"/>
  <tag k="lanes" v="2"/>
  <tag k="lit" v="yes"/>
  <tag k="maxspeed" v="50"/>
  <tag k="name" v="Estrada das Lágrimas"/>
  <tag k="oneway" v="yes"/>
  <tag k="surface" v="asphalt"/>
 </way>
 <way id="129242543" visible="true" version="4" changeset="92324870" timestamp="2020-10-12T05:35:16Z" user="Scioto" uid="9446941">
  <nd ref="1426338961"/>
  <nd ref="5521459898"/>
  <nd ref="5521459899"/>
  <nd ref="2534005521"/>
  <nd ref="7998770588"/>
  <nd ref="1426338958"/>
  <tag k="highway" v="residential"/>
  <tag k="name" v="Rua Noel Rosa"/>
  <tag k="oneway" v="yes"/>
 </way>
 <way id="129242546" visible="true" version="4" changeset="70412848" timestamp="2019-05-19T15:00:00Z" user="Yebra Jr" uid="9980566">
  <nd ref="1420113281"/>
  <nd ref="5521459871"/>
  <nd ref="5521459870"/>
  <nd ref="5521459872"/>
  <nd ref="5521459873"/>
  <nd ref="1420113232"/>
  <tag k="highway" v="residential"/>
  <tag k="horse" v="no"/>
  <tag k="name" v="Rua Higienópolis"/>
  <tag k="oneway" v="yes"/>
  <tag k="surface" v="asphalt"/>
 </way>
 <way id="130795049" visible="true" version="6" changeset="106419815" timestamp="2021-06-15T19:06:14Z" user="UncoolGuyJake" uid="7674729">
  <nd ref="1439652924"/>
  <nd ref="1407216814"/>
  <nd ref="7791544759"/>
  <nd ref="1407216780"/>
  <nd ref="1407216816"/>
  <nd ref="1413229047"/>
  <nd ref="7820475459"/>
  <nd ref="7820475458"/>
  <nd ref="1407216751"/>
  <tag k="highway" v="residential"/>
  <tag k="name" v="Rua Constantino de Moura Baptista"/>
  <tag k="oneway" v="yes"/>
 </way>
 <way id="292493861" visible="true" version="5" changeset="135149768" timestamp="2023-04-20T13:11:52Z" user="AjBelnuovo" uid="1799626">
  <nd ref="2960427136"/>
  <nd ref="2960427137"/>
  <nd ref="2960435019"/>
  <nd ref="2960435018"/>
  <nd ref="2960435017"/>
  <nd ref="2960435008"/>
  <nd ref="2960435010"/>
  <nd ref="2960435016"/>
  <nd ref="2960435009"/>
  <nd ref="2960435011"/>
  <nd ref="2960435013"/>
  <nd ref="2960427138"/>
  <nd ref="2960435015"/>
  <nd ref="2960435014"/>
  <nd ref="2960435012"/>
  <nd ref="2960435007"/>
  <nd ref="3767560714"/>
  <nd ref="2960435003"/>
  <nd ref="2960435006"/>
  <nd ref="2960427139"/>
  <nd ref="2960435005"/>
  <nd ref="2960435004"/>
  <nd ref="2960427140"/>
  <nd ref="2960435002"/>
  <nd ref="2960435001"/>
  <nd ref="2960434998"/>
  <nd ref="2960434999"/>
  <nd ref="2960435000"/>
  <nd ref="2960435020"/>
  <nd ref="2960427136"/>
  <tag k="addr:city" v="São Caetano do Sul"/>
  <tag k="addr:housenumber" v="1"/>
  <tag k="addr:postcode" v="09850-900"/>
  <tag k="addr:street" v="Praça Mauá"/>
  <tag k="addr:suburb" v="Jardim São Caetano"/>
  <tag k="amenity" v="university"/>
  <tag k="contact:phone" v="0800 0193100"/>
  <tag k="email" v="relacionamento@maua.br"/>
  <tag k="name" v="Instituto Mauá de Tecnologia"/>
  <tag k="phone" v="+55 11 4239 3000"/>
  <tag k="website" v="https://maua.br/"/>
 </way>
 <way id="292494333" visible="true" version="8" changeset="139499709" timestamp="2023-08-06T01:08:45Z" user="AjBelnuovo" uid="1799626">
  <nd ref="2960438270"/>
  <nd ref="2960438271"/>
  <nd ref="2960438272"/>
  <nd ref="2960438273"/>
  <nd ref="2960438274"/>
  <nd ref="2960438276"/>
  <nd ref="2960438278"/>
  <nd ref="2960438279"/>
  <nd ref="2960438280"/>
  <nd ref="2960438270"/>
  <tag k="addr:city" v="São Caetano do Sul"/>
  <tag k="addr:housenumber" v="1986"/>
  <tag k="addr:postcode" v="09580-500"/>
  <tag k="addr:street" v="Estrada da Lágrimas"/>
  <tag k="addr:suburb" v="Jardim São Caetano"/>
  <tag k="amenity" v="fast_food"/>
  <tag k="brand" v="Habib's"/>
  <tag k="brand:wikidata" v="Q2504930"/>
  <tag k="brand:wikipedia" v="en:Habib's"/>
  <tag k="building" v="yes"/>
  <tag k="cuisine" v="middle_eastern"/>
  <tag k="drive_through" v="yes"/>
  <tag k="name" v="Habib's"/>
  <tag k="phone" v="+55 11 3593 8771"/>
  <tag k="smoking" v="outside"/>
  <tag k="takeaway" v="yes"/>
  <tag k="website" v="https://www.habibs.com.br/"/>
 </way>
 <way id="305027838" visible="true" version="1" changeset="25668227" timestamp="2014-09-25T16:00:35Z" user="poschon" uid="1719211">
  <nd ref="3095865942"/>
  <nd ref="3095865949"/>
  <nd ref="3095865954"/>
  <nd ref="3095865953"/>
  <nd ref="3095865944"/>
  <nd ref="3095865948"/>
  <nd ref="3095865950"/>
  <nd ref="3095865951"/>
  <nd ref="3095865946"/>
  <nd ref="3095865943"/>
  <nd ref="3095865955"/>
  <nd ref="3095865947"/>
  <nd ref="3095865945"/>
  <nd ref="3095865952"/>
  <nd ref="3095865957"/>
  <nd ref="3095865956"/>
  <nd ref="3095865942"/>
  <tag k="leisure" v="park"/>
  <tag k="name" v="Praça Mauá"/>
 </way>
 <way id="373250087" visible="true" version="12" changeset="169729993" timestamp="2025-07-30T16:32:35Z" user="4TL4S" uid="12781275">
  <nd ref="1407177521"/>
  <nd ref="7790188312"/>
  <nd ref="7790188311"/>
  <nd ref="7790188310"/>
  <nd ref="8702069563"/>
  <nd ref="13037679027"/>
  <nd ref="5996511295"/>
  <nd ref="1407177468"/>
  <nd ref="7990906495"/>
  <nd ref="1407177486"/>
  <nd ref="7790188309"/>
  <nd ref="1407177303"/>
  <nd ref="7790188308"/>
  <nd ref="9659367926"/>
  <nd ref="1407177339"/>
  <nd ref="7790188307"/>
  <nd ref="7790188306"/>
  <nd ref="1407177323"/>
  <tag k="bicycle" v="yes"/>
  <tag k="foot" v="yes"/>
  <tag k="highway" v="primary"/>
  <tag k="horse" v="no"/>
  <tag k="lanes" v="3"/>
  <tag k="lit" v="yes"/>
  <tag k="maxspeed" v="60"/>
  <tag k="name" v="Avenida Guido Aliberti"/>
  <tag k="old_name" v="Avenida Lauro Gomes"/>
  <tag k="oneway" v="yes"/>
  <tag k="surface" v="asphalt"/>
 </way>
 <way id="373260322" visible="true" version="10" changeset="144215692" timestamp="2023-11-19T16:48:19Z" user="petropouli" uid="4200031">
  <nd ref="1407177242"/>
  <nd ref="5996511319"/>
  <nd ref="1407177157"/>
  <nd ref="1407177290"/>
  <nd ref="5996511300"/>
  <nd ref="1407177279"/>
  <nd ref="1407177541"/>
  <nd ref="6483963909"/>
  <tag k="bicycle" v="yes"/>
  <tag k="foot" v="yes"/>
  <tag k="highway" v="primary"/>
  <tag k="horse" v="no"/>
  <tag k="lanes" v="3"/>
  <tag k="lit" v="yes"/>
  <tag k="maxspeed" v="60"/>
  <tag k="name" v="Avenida Guido Aliberti"/>
  <tag k="old_name" v="Avenida Lauro Gomes"/>
  <tag k="oneway" v="yes"/>
  <tag k="surface" v="asphalt"/>
 </way>
 <way id="373260324" visible="true" version="4" changeset="136021090" timestamp="2023-05-12T14:14:05Z" user="jaysonwcs" uid="18991845">
  <nd ref="3767628121"/>
  <nd ref="3767628122"/>
  <nd ref="3767628123"/>
  <nd ref="3767628124"/>
  <tag k="highway" v="residential"/>
  <tag k="maxspeed" v="40"/>
  <tag k="oneway" v="yes"/>
 </way>
 <way id="373260326" visible="true" version="8" changeset="144215692" timestamp="2023-11-19T16:48:19Z" user="petropouli" uid="4200031">
  <nd ref="1407177323"/>
  <nd ref="7790188305"/>
  <nd ref="1407177257"/>
  <nd ref="1408754566"/>
  <nd ref="1408754551"/>
  <nd ref="1408754445"/>
  <nd ref="1408754717"/>
  <nd ref="1408754599"/>
  <nd ref="1408754654"/>
  <nd ref="1408754619"/>
  <nd ref="1408754443"/>
  <nd ref="1408754787"/>
  <nd ref="1408754610"/>
  <nd ref="1408754496"/>
  <nd ref="1408754781"/>
  <nd ref="1408754473"/>
  <nd ref="1407216808"/>
  <tag k="bicycle" v="yes"/>
  <tag k="foot" v="yes"/>
  <tag k="highway" v="primary"/>
  <tag k="horse" v="no"/>
  <tag k="lanes" v="4"/>
  <tag k="lanes:backward" v="2"/>
  <tag k="lanes:forward" v="2"/>
  <tag k="maxspeed" v="60"/>
  <tag k="name" v="Avenida Guido Aliberti"/>
  <tag k="old_name" v="Avenida Lauro Gomes"/>
  <tag k="oneway" v="no"/>
  <tag k="surface" v="asphalt"/>
 </way>
 <way id="377630724" visible="true" version="1" changeset="34975571" timestamp="2015-10-30T16:13:58Z" user="O Fim" uid="1842197">
  <nd ref="3810139235"/>
  <nd ref="3810139236"/>
  <nd ref="3810139237"/>
  <nd ref="3810139238"/>
  <nd ref="3810139239"/>
  <nd ref="3810139240"/>
  <nd ref="3810139241"/>
  <nd ref="3810139235"/>
  <tag k="natural" v="scrub"/>
 </way>
 <way id="575398325" visible="true" version="3" changeset="147073483" timestamp="2024-02-05T00:01:46Z" user="danlessa" uid="1198645">
  <nd ref="5521459863"/>
  <nd ref="1420113234"/>
  <nd ref="5521459864"/>
  <nd ref="1420113233"/>
  <nd ref="5521459865"/>
  <nd ref="5521459867"/>
  <nd ref="1420113296"/>
  <nd ref="1420113223"/>
  <nd ref="5521459866"/>
  <nd ref="1420113277"/>
  <tag k="highway" v="primary"/>
  <tag k="lanes" v="4"/>
  <tag k="maxspeed" v="50"/>
  <tag k="name" v="Avenida Lauro Gomes"/>
  <tag k="oneway" v="yes"/>
  <tag k="surface" v="paved"/>
 </way>
 <way id="575398327" visible="true" version="2" changeset="147073483" timestamp="2024-02-05T00:01:46Z" user="danlessa" uid="1198645">
  <nd ref="1420113277"/>
  <nd ref="1420113262"/>
  <nd ref="1420113232"/>
  <nd ref="1420113225"/>
  <nd ref="1420113220"/>
  <tag k="highway" v="primary"/>
  <tag k="lanes" v="3"/>
  <tag k="maxspeed" v="50"/>
  <tag k="name" v="Avenida Lauro Gomes"/>
  <tag k="oneway" v="yes"/>
  <tag k="surface" v="paved"/>
 </way>
 <way id="575398328" visible="true" version="3" changeset="147073483" timestamp="2024-02-05T00:01:46Z" user="danlessa" uid="1198645">
  <nd ref="1420113220"/>
  <nd ref="5521459880"/>
  <nd ref="5521459879"/>
  <nd ref="1426338950"/>
  <nd ref="1420113289"/>
  <nd ref="5521459886"/>
  <nd ref="5521459887"/>
  <nd ref="1420113224"/>
  <nd ref="5521459894"/>
  <nd ref="5521459895"/>
  <nd ref="5521459896"/>
  <nd ref="1420113222"/>
  <nd ref="5521459897"/>
  <nd ref="1420113284"/>
  <nd ref="1420113280"/>
  <nd ref="1420113299"/>
  <nd ref="5521459900"/>
  <nd ref="1420113266"/>
  <nd ref="1426338958"/>
  <tag k="bicycle" v="yes"/>
  <tag k="highway" v="primary"/>
  <tag k="lanes" v="2"/>
  <tag k="maxspeed" v="50"/>
  <tag k="name" v="Avenida Lauro Gomes"/>
  <tag k="oneway" v="yes"/>
  <tag k="surface" v="paved"/>
 </way>
 <way id="575398329" visible="true" version="5" changeset="140036693" timestamp="2023-08-18T02:36:32Z" user="Jan_Kola" uid="14550982">
  <nd ref="1426338958"/>
  <nd ref="5521459901"/>
  <nd ref="5521459902"/>
  <nd ref="1420113237"/>
  <nd ref="8964589165"/>
  <nd ref="5521459903"/>
  <nd ref="11124177249"/>
  <nd ref="5521459904"/>
  <nd ref="5521459905"/>
  <nd ref="5521459906"/>
  <nd ref="5996511292"/>
  <nd ref="1407177592"/>
  <tag k="bicycle" v="yes"/>
  <tag k="highway" v="primary"/>
  <tag k="lanes" v="4"/>
  <tag k="lit" v="yes"/>
  <tag k="maxspeed" v="50"/>
  <tag k="name" v="Avenida Lauro Gomes"/>
  <tag k="oneway" v="yes"/>
  <tag k="surface" v="asphalt"/>
 </way>
 <way id="635794969" visible="true" version="1" changeset="63659897" timestamp="2018-10-18T20:34:52Z" user="O Fim" uid="1842197">
  <nd ref="5996511296"/>
  <nd ref="5996511297"/>
  <nd ref="5996511301"/>
  <nd ref="5996511298"/>
  <nd ref="5996511299"/>
  <tag k="crossing" v="zebra"/>
  <tag k="footway" v="crossing"/>
  <tag k="highway" v="footway"/>
 </way>
 <way id="635794970" visible="true" version="1" changeset="63659897" timestamp="2018-10-18T20:34:52Z" user="O Fim" uid="1842197">
  <nd ref="5996511300"/>
  <nd ref="5996511301"/>
  <tag k="crossing" v="zebra"/>
  <tag k="footway" v="crossing"/>
  <tag k="highway" v="footway"/>
  <tag k="surface" v="asphalt"/>
 </way>
 <way id="635794971" visible="true" version="6" changeset="104196471" timestamp="2021-05-05T16:15:20Z" user="CostelloMellow" uid="12506916">
  <nd ref="5996511316"/>
  <nd ref="5996511315"/>
  <nd ref="8002030314"/>
  <nd ref="1407177629"/>
  <nd ref="1407177634"/>
  <nd ref="5996511296"/>
  <nd ref="1407177238"/>
  <nd ref="6483963909"/>
  <tag k="highway" v="secondary"/>
  <tag k="horse" v="no"/>
  <tag k="lanes" v="2"/>
  <tag k="lit" v="yes"/>
  <tag k="name" v="Estrada das Lágrimas"/>
  <tag k="oneway" v="yes"/>
  <tag k="surface" v="asphalt"/>
 </way>
 <way id="635794974" visible="true" version="4" changeset="161696984" timestamp="2025-01-24T04:21:31Z" user="jaysonwcs" uid="18991845">
  <nd ref="5996511316"/>
  <nd ref="12528575935"/>
  <nd ref="5996511314"/>
  <tag k="highway" v="secondary"/>
  <tag k="horse" v="no"/>
  <tag k="lanes" v="2"/>
  <tag k="lanes:backward" v="1"/>
  <tag k="lanes:forward" v="1"/>
  <tag k="lit" v="yes"/>
  <tag k="maxspeed" v="50"/>
  <tag k="name" v="Estrada das Lágrimas"/>
  <tag k="surface" v="asphalt"/>
 </way>
 <way id="691048388" visible="true" version="4" changeset="148826715" timestamp="2024-03-18T17:09:19Z" user="petropouli" uid="4200031">
  <nd ref="5996511314"/>
  <nd ref="1407078940"/>
  <nd ref="1407177496"/>
  <nd ref="1439652918"/>
  <nd ref="1407177167"/>
  <nd ref="1407078981"/>
  <nd ref="5996511308"/>
  <nd ref="5996511309"/>
  <nd ref="11741790305"/>
  <tag k="highway" v="secondary"/>
  <tag k="horse" v="no"/>
  <tag k="lanes" v="2"/>
  <tag k="lanes:backward" v="1"/>
  <tag k="lanes:forward" v="1"/>
  <tag k="lit" v="yes"/>
  <tag k="maxspeed" v="50"/>
  <tag k="name" v="Estrada das Lágrimas"/>
  <tag k="surface" v="asphalt"/>
 </way>
 <way id="745518702" visible="true" version="2" changeset="77102940" timestamp="2019-11-15T03:22:16Z" user="AjBelnuovo" uid="1799626">
  <nd ref="6978527801"/>
  <nd ref="6978527797"/>
  <tag k="highway" v="service"/>
  <tag k="service" v="driveway"/>
 </way>
 <way id="745518703" visible="true" version="6" changeset="135149768" timestamp="2023-04-20T13:11:52Z" user="AjBelnuovo" uid="1799626">
  <nd ref="6978527806"/>
  <nd ref="8935397983"/>
  <nd ref="6978527805"/>
  <nd ref="6978527804"/>
  <nd ref="7791544745"/>
  <nd ref="7791544744"/>
  <nd ref="6978527803"/>
  <nd ref="6978527802"/>
  <nd ref="7791544743"/>
  <nd ref="7791544742"/>
  <nd ref="7791544741"/>
  <nd ref="6978527801"/>
  <nd ref="6978527800"/>
  <nd ref="7791544740"/>
  <nd ref="7791544739"/>
  <nd ref="7791544738"/>
  <nd ref="7791544737"/>
  <nd ref="7791544735"/>
  <nd ref="7791544734"/>
  <nd ref="6978527799"/>
  <nd ref="7791544736"/>
  <nd ref="6978527798"/>
  <tag k="access" v="private"/>
  <tag k="highway" v="service"/>
  <tag k="service" v="parking_aisle"/>
  <tag k="surface" v="paved"/>
 </way>
 <way id="745518704" visible="true" version="5" changeset="108806999" timestamp="2021-07-29T08:37:15Z" user="KhumbutseMountain" uid="12653017">
  <nd ref="6978527796"/>
  <nd ref="6978527822"/>
  <tag k="access" v="private"/>
  <tag k="highway" v="service"/>
  <tag k="oneway" v="yes"/>
  <tag k="service" v="driveway"/>
 </way>
 <way id="745518705" visible="true" version="7" changeset="135149768" timestamp="2023-04-20T13:11:52Z" user="AjBelnuovo" uid="1799626">
  <nd ref="6978527808"/>
  <nd ref="7791544754"/>
  <nd ref="6978527807"/>
  <nd ref="6978527806"/>
  <nd ref="7791544755"/>
  <nd ref="8959350033"/>
  <nd ref="6978527822"/>
  <nd ref="7791544746"/>
  <nd ref="6978527821"/>
  <nd ref="7791544752"/>
  <nd ref="6978527820"/>
  <nd ref="6978527819"/>
  <nd ref="6978527818"/>
  <nd ref="6978527817"/>
  <nd ref="6978527816"/>
  <nd ref="6978527815"/>
  <nd ref="7791544751"/>
  <nd ref="7791544750"/>
  <nd ref="6978527814"/>
  <nd ref="6978527813"/>
  <nd ref="7791544749"/>
  <nd ref="7791544748"/>
  <nd ref="6978527797"/>
  <nd ref="6978527803"/>
  <nd ref="6978527812"/>
  <nd ref="6978527811"/>
  <nd ref="6978527810"/>
  <nd ref="7791544747"/>
  <nd ref="7791544753"/>
  <nd ref="6978527809"/>
  <tag k="access" v="private"/>
  <tag k="highway" v="service"/>
  <tag k="service" v="parking_aisle"/>
  <tag k="surface" v="paved"/>
 </way>
 <way id="764194630" visible="true" version="3" changeset="144217625" timestamp="2023-11-19T17:45:17Z" user="petropouli" uid="4200031">
  <nd ref="7139421446"/>
  <nd ref="2849192646"/>
  <nd ref="2849192643"/>
  <nd ref="2849192641"/>
  <nd ref="11362439157"/>
  <nd ref="2849192640"/>
  <nd ref="11362439156"/>
  <nd ref="11362439155"/>
  <nd ref="11362439154"/>
  <nd ref="2849192642"/>
  <nd ref="11362439153"/>
  <nd ref="11362439152"/>
  <nd ref="2849192644"/>
  <nd ref="2849192647"/>
  <nd ref="2849192654"/>
  <nd ref="2849192656"/>
  <nd ref="2849192658"/>
  <nd ref="2849192659"/>
  <nd ref="2849192657"/>
  <nd ref="2849192655"/>
  <nd ref="2849192652"/>
  <nd ref="2849192651"/>
  <nd ref="2849192648"/>
  <nd ref="2849192645"/>
  <nd ref="297507460"/>
  <nd ref="831418733"/>
  <nd ref="297507462"/>
  <nd ref="7139421451"/>
  <tag k="boat" v="no"/>
  <tag k="name" v="Ribeirão dos Meninos"/>
  <tag k="waterway" v="river"/>
 </way>
 <way id="834666223" visible="true" version="3" changeset="135149768" timestamp="2023-04-20T13:11:52Z" user="AjBelnuovo" uid="1799626">
  <nd ref="6978527813"/>
  <nd ref="7791544733"/>
  <tag k="access" v="private"/>
  <tag k="highway" v="service"/>
  <tag k="service" v="parking_aisle"/>
  <tag k="surface" v="paved"/>
 </way>
 <way id="858180791" visible="true" version="4" changeset="104467681" timestamp="2021-05-10T17:47:01Z" user="tomincolorado" uid="10304315">
  <nd ref="3767628124"/>
  <nd ref="8000459290"/>
  <nd ref="8000459289"/>
  <nd ref="8000459288"/>
  <nd ref="1407216808"/>
  <tag k="highway" v="primary_link"/>
  <tag k="lanes" v="1"/>
  <tag k="oneway" v="yes"/>
 </way>
 <way id="858193640" visible="true" version="3" changeset="105105843" timestamp="2021-05-21T18:35:39Z" user="Imaginashun" uid="10782371">
  <nd ref="3767628124"/>
  <nd ref="8000459292"/>
  <nd ref="3767628126"/>
  <nd ref="3767628127"/>
  <tag k="highway" v="residential"/>
  <tag k="maxspeed" v="40"/>
  <tag k="name" v="Rua Capivari"/>
  <tag k="oneway" v="no"/>
 </way>
 <way id="941536297" visible="true" version="2" changeset="108806999" timestamp="2021-07-29T08:37:15Z" user="KhumbutseMountain" uid="12653017">
  <nd ref="7999161190"/>
  <nd ref="6978527796"/>
  <tag k="highway" v="service"/>
  <tag k="oneway" v="yes"/>
  <tag k="service" v="driveway"/>
 </way>
 <way id="965258877" visible="true" version="3" changeset="144215692" timestamp="2023-11-19T16:48:19Z" user="petropouli" uid="4200031">
  <nd ref="5996511321"/>
  <nd ref="7791061256"/>
  <nd ref="7791061257"/>
  <nd ref="7999161190"/>
  <nd ref="8959350031"/>
  <nd ref="1407177242"/>
  <tag k="bicycle" v="yes"/>
  <tag k="foot" v="yes"/>
  <tag k="highway" v="primary"/>
  <tag k="horse" v="no"/>
  <tag k="lanes" v="3"/>
  <tag k="lit" v="yes"/>
  <tag k="maxspeed" v="60"/>
  <tag k="name" v="Avenida Guido Aliberti"/>
  <tag k="old_name" v="Avenida Lauro Gomes"/>
  <tag k="oneway" v="yes"/>
  <tag k="surface" v="asphalt"/>
 </way>
 <way id="965258878" visible="true" version="2" changeset="144215692" timestamp="2023-11-19T16:48:19Z" user="petropouli" uid="4200031">
  <nd ref="1407177323"/>
  <nd ref="7791061255"/>
  <nd ref="1407177164"/>
  <nd ref="1407177304"/>
  <nd ref="5996511321"/>
  <tag k="bicycle" v="yes"/>
  <tag k="foot" v="yes"/>
  <tag k="highway" v="primary"/>
  <tag k="horse" v="no"/>
  <tag k="lanes" v="3"/>
  <tag k="lit" v="yes"/>
  <tag k="maxspeed" v="60"/>
  <tag k="name" v="Avenida Guido Aliberti"/>
  <tag k="old_name" v="Avenida Lauro Gomes"/>
  <tag k="oneway" v="yes"/>
  <tag k="surface" v="asphalt"/>
 </way>
 <way id="965882223" visible="true" version="1" changeset="108306965" timestamp="2021-07-20T09:52:05Z" user="KhumbutseMountain" uid="12653017">
  <nd ref="7791544752"/>
  <nd ref="8935397985"/>
  <nd ref="8935397984"/>
  <nd ref="8935397983"/>
  <tag k="highway" v="service"/>
 </way>
 <way id="965882224" visible="true" version="2" changeset="135149768" timestamp="2023-04-20T13:11:52Z" user="AjBelnuovo" uid="1799626">
  <nd ref="6978527798"/>
  <nd ref="8935397988"/>
  <nd ref="8935397987"/>
  <nd ref="8935397986"/>
  <nd ref="7791544736"/>
  <tag k="highway" v="service"/>
  <tag k="service" v="parking_aisle"/>
  <tag k="surface" v="paved"/>
 </way>
 <way id="966658243" visible="true" version="1" changeset="108467210" timestamp="2021-07-23T06:26:39Z" user="KhumbutseMountain" uid="12653017">
  <nd ref="6978527809"/>
  <nd ref="6978527808"/>
  <tag k="access" v="private"/>
  <tag k="highway" v="service"/>
  <tag k="service" v="driveway"/>
 </way>
 <way id="968411400" visible="true" version="1" changeset="108806999" timestamp="2021-07-29T08:37:15Z" user="KhumbutseMountain" uid="12653017">
  <nd ref="8959350032"/>
  <nd ref="8959350031"/>
  <tag k="highway" v="service"/>
  <tag k="oneway" v="yes"/>
  <tag k="service" v="driveway"/>
 </way>
 <way id="968411401" visible="true" version="1" changeset="108806999" timestamp="2021-07-29T08:37:15Z" user="KhumbutseMountain" uid="12653017">
  <nd ref="8959350033"/>
  <nd ref="8959350032"/>
  <tag k="access" v="private"/>
  <tag k="highway" v="service"/>
  <tag k="oneway" v="yes"/>
  <tag k="service" v="driveway"/>
 </way>
 <way id="968958051" visible="true" version="1" changeset="108916094" timestamp="2021-07-31T04:40:59Z" user="KirtishoGlacier" uid="10529538">
  <nd ref="8964589165"/>
  <nd ref="8964589164"/>
  <tag k="highway" v="service"/>
 </way>
 <way id="1164161401" visible="true" version="3" changeset="135425694" timestamp="2023-04-27T12:02:07Z" user="AjBelnuovo" uid="1799626">
  <nd ref="10827106980"/>
  <nd ref="10827106981"/>
  <nd ref="10827167010"/>
  <nd ref="10827106982"/>
  <nd ref="10827106983"/>
  <nd ref="10827167009"/>
  <nd ref="10827106984"/>
  <nd ref="10827106980"/>
  <tag k="addr:street" v="Rua José Salustiano Santana"/>
  <tag k="addr:suburb" v="Mauá"/>
  <tag k="leisure" v="park"/>
  <tag k="name" v="Praça Doutor Inácio Pereira Rodrigues"/>
 </way>
 <way id="1164168942" visible="true" version="1" changeset="135149768" timestamp="2023-04-20T13:11:52Z" user="AjBelnuovo" uid="1799626">
  <nd ref="10827167011"/>
  <nd ref="10827167012"/>
  <nd ref="10827167013"/>
  <nd ref="10827167014"/>
  <nd ref="10827167011"/>
  <tag k="leisure" v="swimming_pool"/>
 </way>
 <way id="1164168943" visible="true" version="1" changeset="135149768" timestamp="2023-04-20T13:11:52Z" user="AjBelnuovo" uid="1799626">
  <nd ref="10827167015"/>
  <nd ref="10827167016"/>
  <nd ref="10827167017"/>
  <nd ref="10827167018"/>
  <nd ref="10827167015"/>
  <tag k="leisure" v="pitch"/>
  <tag k="sport" v="soccer"/>
 </way>
 <way id="1164168944" visible="true" version="1" changeset="135149768" timestamp="2023-04-20T13:11:52Z" user="AjBelnuovo" uid="1799626">
  <nd ref="10827167019"/>
  <nd ref="10827167020"/>
  <nd ref="10827167021"/>
  <nd ref="10827167022"/>
  <nd ref="10827167023"/>
  <nd ref="10827167024"/>
  <nd ref="10827167025"/>
  <nd ref="10827167026"/>
  <nd ref="10827167027"/>
  <nd ref="10827167028"/>
  <nd ref="10827167029"/>
  <nd ref="10827167030"/>
  <nd ref="10827167031"/>
  <nd ref="10827167032"/>
  <nd ref="10827167033"/>
  <nd ref="10827167034"/>
  <nd ref="10827167035"/>
  <nd ref="10827167036"/>
  <nd ref="10827167037"/>
  <nd ref="10827167038"/>
  <nd ref="10827167039"/>
  <nd ref="10827167040"/>
  <nd ref="10827167041"/>
  <nd ref="10827167042"/>
  <nd ref="10827167019"/>
  <tag k="leisure" v="track"/>
  <tag k="sport" v="running"/>
 </way>
 <way id="1164168945" visible="true" version="1" changeset="135149768" timestamp="2023-04-20T13:11:52Z" user="AjBelnuovo" uid="1799626">
  <nd ref="10827167043"/>
  <nd ref="10827167057"/>
  <nd ref="10827167056"/>
  <nd ref="10827167044"/>
  <nd ref="10827167045"/>
  <nd ref="10827167046"/>
  <nd ref="10827167047"/>
  <nd ref="10827167048"/>
  <nd ref="10827167049"/>
  <nd ref="10827167050"/>
  <nd ref="10827167051"/>
  <nd ref="10827167052"/>
  <nd ref="10827167053"/>
  <nd ref="10827167054"/>
  <nd ref="10827167055"/>
  <nd ref="10827167043"/>
  <tag k="highway" v="footway"/>
 </way>
 <way id="1172095049" visible="true" version="1" changeset="136021090" timestamp="2023-05-12T14:14:05Z" user="jaysonwcs" uid="18991845">
  <nd ref="3767628119"/>
  <nd ref="3767628120"/>
  <nd ref="3767628121"/>
  <tag k="highway" v="residential"/>
  <tag k="maxspeed" v="40"/>
  <tag k="oneway" v="yes"/>
 </way>
 <way id="1172095051" visible="true" version="2" changeset="144215692" timestamp="2023-11-19T16:48:19Z" user="petropouli" uid="4200031">
  <nd ref="10890155149"/>
  <nd ref="1408754503"/>
  <nd ref="1408754531"/>
  <nd ref="1407216773"/>
  <tag k="bicycle" v="yes"/>
  <tag k="foot" v="yes"/>
  <tag k="highway" v="primary"/>
  <tag k="horse" v="no"/>
  <tag k="lanes" v="4"/>
  <tag k="lanes:backward" v="2"/>
  <tag k="lanes:forward" v="2"/>
  <tag k="maxspeed" v="60"/>
  <tag k="name" v="Avenida Guido Aliberti"/>
  <tag k="old_name" v="Avenida Lauro Gomes"/>
  <tag k="oneway" v="no"/>
  <tag k="surface" v="asphalt"/>
 </way>
 <way id="1172095052" visible="true" version="3" changeset="144215692" timestamp="2023-11-19T16:48:19Z" user="petropouli" uid="4200031">
  <nd ref="3767628127"/>
  <nd ref="1408754733"/>
  <nd ref="1408754635"/>
  <nd ref="10890155149"/>
  <tag k="bicycle" v="yes"/>
  <tag k="foot" v="yes"/>
  <tag k="highway" v="primary"/>
  <tag k="horse" v="no"/>
  <tag k="lanes" v="4"/>
  <tag k="lanes:backward" v="2"/>
  <tag k="lanes:forward" v="2"/>
  <tag k="maxspeed" v="60"/>
  <tag k="name" v="Avenida Guido Aliberti"/>
  <tag k="old_name" v="Avenida Lauro Gomes"/>
  <tag k="oneway" v="no"/>
  <tag k="surface" v="asphalt"/>
 </way>
 <way id="1172103710" visible="true" version="2" changeset="144215692" timestamp="2023-11-19T16:48:19Z" user="petropouli" uid="4200031">
  <nd ref="1407216808"/>
  <nd ref="1408754481"/>
  <nd ref="3767628127"/>
  <tag k="bicycle" v="yes"/>
  <tag k="foot" v="yes"/>
  <tag k="highway" v="primary"/>
  <tag k="horse" v="no"/>
  <tag k="lanes" v="4"/>
  <tag k="lanes:backward" v="2"/>
  <tag k="lanes:forward" v="2"/>
  <tag k="maxspeed" v="60"/>
  <tag k="name" v="Avenida Guido Aliberti"/>
  <tag k="old_name" v="Avenida Lauro Gomes"/>
  <tag k="oneway" v="no"/>
  <tag k="surface" v="asphalt"/>
 </way>
 <way id="1199327732" visible="true" version="1" changeset="140036693" timestamp="2023-08-18T02:36:32Z" user="Jan_Kola" uid="14550982">
  <nd ref="11124177251"/>
  <nd ref="11124177250"/>
  <nd ref="11124177249"/>
  <tag k="highway" v="residential"/>
 </way>
 <way id="1200735553" visible="true" version="1" changeset="140161085" timestamp="2023-08-21T05:00:33Z" user="Flamen_Sru" uid="13841144">
  <nd ref="11133278085"/>
  <nd ref="8964589164"/>
  <nd ref="11133278084"/>
  <tag k="highway" v="service"/>
 </way>
 <way id="1200761241" visible="true" version="1" changeset="140167812" timestamp="2023-08-21T08:17:02Z" user="Ra_colate" uid="15204658">
  <nd ref="11133542023"/>
  <nd ref="11133542022"/>
  <nd ref="11133542021"/>
  <nd ref="11133278084"/>
  <tag k="highway" v="service"/>
 </way>
 <way id="1388426673" visible="true" version="1" changeset="166549669" timestamp="2025-05-21T05:01:53Z" user="DressyPear4" uid="3984659">
  <nd ref="12852332896"/>
  <nd ref="12852332894"/>
  <nd ref="12852332893"/>
  <nd ref="12852332892"/>
  <nd ref="12852332891"/>
  <nd ref="12852332890"/>
  <nd ref="12852332889"/>
  <nd ref="12852332888"/>
  <nd ref="12852332887"/>
  <nd ref="12852332886"/>
  <nd ref="12852332885"/>
  <nd ref="12852332884"/>
  <nd ref="12852332883"/>
  <nd ref="12852332882"/>
  <nd ref="12852332881"/>
  <nd ref="12852332880"/>
  <nd ref="12852332879"/>
  <nd ref="12852332878"/>
  <nd ref="12852332877"/>
  <nd ref="12852332876"/>
  <nd ref="12852332875"/>
  <nd ref="12852332874"/>
  <nd ref="12852332873"/>
  <nd ref="12852332872"/>
  <nd ref="12852332871"/>
  <nd ref="12852332870"/>
  <nd ref="12852332869"/>
  <nd ref="12852332868"/>
  <nd ref="12852332867"/>
  <nd ref="12852332866"/>
  <nd ref="12852332865"/>
  <nd ref="12852332864"/>
  <nd ref="12852332863"/>
  <nd ref="12852332862"/>
  <nd ref="12852332861"/>
  <nd ref="12852332860"/>
  <nd ref="12852332895"/>
  <tag k="barrier" v="retaining_wall"/>
 </way>
 <way id="1388426674" visible="true" version="1" changeset="166549669" timestamp="2025-05-21T05:01:53Z" user="DressyPear4" uid="3984659">
  <nd ref="12852332905"/>
  <nd ref="12852332897"/>
  <nd ref="12852332898"/>
  <nd ref="12852332899"/>
  <nd ref="12852332900"/>
  <nd ref="12852332906"/>
  <nd ref="12852332901"/>
  <nd ref="12852332902"/>
  <nd ref="12852332903"/>
  <nd ref="12852332904"/>
  <nd ref="12852332907"/>
  <nd ref="12852332916"/>
  <nd ref="12852332908"/>
  <nd ref="12852332909"/>
  <nd ref="12852332910"/>
  <nd ref="12852332911"/>
  <nd ref="12852332912"/>
  <nd ref="12852332913"/>
  <nd ref="12852332914"/>
  <nd ref="12852332929"/>
  <nd ref="12852332915"/>
  <nd ref="12852332917"/>
  <nd ref="12852332918"/>
  <nd ref="12852332919"/>
  <nd ref="12852332920"/>
  <nd ref="12852332921"/>
  <nd ref="12852332922"/>
  <nd ref="12852332923"/>
  <nd ref="12852332924"/>
  <nd ref="12852332930"/>
  <nd ref="12852332925"/>
  <nd ref="12852332926"/>
  <nd ref="12852332927"/>
  <nd ref="12852332928"/>
  <nd ref="12852332931"/>
  <nd ref="12852332932"/>
  <nd ref="12852332933"/>
  <tag k="barrier" v="retaining_wall"/>
 </way>
 <relation id="297968" visible="true" version="94" changeset="177177415" timestamp="2026-01-13T12:18:39Z" user="petropouli" uid="4200031">
  <member type="node" ref="30674208" role="admin_centre"/>
  <member type="way" ref="1452356907" role="outer"/>
  <member type="way" ref="1452356908" role="outer"/>
  <member type="way" ref="120944635" role="outer"/>
  <member type="way" ref="679472630" role="outer"/>
  <member type="way" ref="759729233" role="outer"/>
  <member type="way" ref="306033682" role="outer"/>
  <member type="way" ref="306033687" role="outer"/>
  <member type="way" ref="764194636" role="outer"/>
  <member type="way" ref="764194630" role="outer"/>
  <member type="way" ref="360607744" role="outer"/>
  <member type="way" ref="436295542" role="outer"/>
  <member type="way" ref="718479945" role="outer"/>
  <member type="way" ref="436295541" role="outer"/>
  <member type="way" ref="718927551" role="outer"/>
  <member type="way" ref="360607745" role="outer"/>
  <member type="way" ref="360607746" role="outer"/>
  <member type="way" ref="306066915" role="outer"/>
  <member type="way" ref="310265778" role="outer"/>
  <member type="way" ref="482632420" role="outer"/>
  <member type="way" ref="482632419" role="outer"/>
  <member type="way" ref="696791739" role="outer"/>
  <member type="way" ref="727134108" role="outer"/>
  <member type="way" ref="727136929" role="outer"/>
  <member type="way" ref="1133161453" role="outer"/>
  <member type="way" ref="27014375" role="outer"/>
  <member type="way" ref="1133161454" role="outer"/>
  <member type="way" ref="1133161455" role="outer"/>
  <member type="way" ref="454031219" role="outer"/>
  <member type="way" ref="426642127" role="outer"/>
  <member type="way" ref="426642166" role="outer"/>
  <member type="way" ref="1287532719" role="outer"/>
  <member type="way" ref="426642135" role="outer"/>
  <member type="way" ref="360607734" role="outer"/>
  <member type="way" ref="737450146" role="outer"/>
  <member type="way" ref="426866198" role="outer"/>
  <member type="way" ref="531545691" role="outer"/>
  <member type="way" ref="426699933" role="outer"/>
  <member type="way" ref="360607708" role="outer"/>
  <member type="way" ref="704095768" role="outer"/>
  <member type="way" ref="977086343" role="outer"/>
  <member type="way" ref="977086342" role="outer"/>
  <member type="way" ref="762473344" role="outer"/>
  <member type="way" ref="227805477" role="outer"/>
  <member type="way" ref="227805558" role="outer"/>
  <member type="way" ref="1126190099" role="outer"/>
  <member type="way" ref="1126190100" role="outer"/>
  <member type="way" ref="1126190104" role="outer"/>
  <member type="way" ref="708150975" role="outer"/>
  <member type="way" ref="1126197157" role="outer"/>
  <member type="way" ref="1126197155" role="outer"/>
  <member type="way" ref="1126197156" role="outer"/>
  <member type="way" ref="1126197158" role="outer"/>
  <member type="way" ref="698947122" role="outer"/>
  <member type="way" ref="708150974" role="outer"/>
  <member type="way" ref="698965452" role="outer"/>
  <member type="way" ref="698947123" role="outer"/>
  <member type="way" ref="708152549" role="outer"/>
  <member type="way" ref="708152552" role="outer"/>
  <member type="way" ref="708152550" role="outer"/>
  <member type="way" ref="708152551" role="outer"/>
  <member type="way" ref="715750549" role="outer"/>
  <member type="way" ref="1126519630" role="outer"/>
  <member type="way" ref="699014028" role="outer"/>
  <member type="way" ref="715747890" role="outer"/>
  <member type="way" ref="715747889" role="outer"/>
  <member type="way" ref="812654600" role="outer"/>
  <member type="way" ref="42847703" role="outer"/>
  <member type="way" ref="359636913" role="outer"/>
  <member type="way" ref="696723960" role="outer"/>
  <member type="way" ref="696723959" role="outer"/>
  <member type="way" ref="696723952" role="outer"/>
  <member type="way" ref="696723950" role="outer"/>
  <member type="way" ref="696723949" role="outer"/>
  <member type="way" ref="696723948" role="outer"/>
  <member type="way" ref="696928086" role="outer"/>
  <member type="way" ref="696656601" role="outer"/>
  <member type="way" ref="1164575990" role="outer"/>
  <member type="way" ref="1163529334" role="outer"/>
  <member type="way" ref="1163529333" role="outer"/>
  <member type="way" ref="42845855" role="outer"/>
  <member type="way" ref="42846701" role="outer"/>
  <member type="way" ref="791456715" role="outer"/>
  <member type="way" ref="696621330" role="outer"/>
  <member type="way" ref="42846953" role="outer"/>
  <member type="way" ref="359636926" role="outer"/>
  <member type="way" ref="699103004" role="outer"/>
  <member type="way" ref="202288808" role="outer"/>
  <member type="way" ref="360607719" role="outer"/>
  <member type="way" ref="202288796" role="outer"/>
  <member type="way" ref="227805588" role="outer"/>
  <member type="way" ref="699520072" role="outer"/>
  <member type="way" ref="315788310" role="outer"/>
  <member type="way" ref="315788338" role="outer"/>
  <member type="way" ref="427647573" role="outer"/>
  <member type="way" ref="295033904" role="outer"/>
  <member type="way" ref="638256158" role="outer"/>
  <member type="way" ref="1058924763" role="outer"/>
  <member type="way" ref="1058924762" role="outer"/>
  <member type="way" ref="638256157" role="outer"/>
  <member type="way" ref="1330802844" role="outer"/>
  <member type="way" ref="1330802845" role="outer"/>
  <member type="way" ref="126464624" role="outer"/>
  <member type="way" ref="359636927" role="outer"/>
  <member type="way" ref="360607741" role="outer"/>
  <member type="way" ref="427647572" role="outer"/>
  <member type="way" ref="426852375" role="outer"/>
  <member type="way" ref="1466738964" role="outer"/>
  <member type="way" ref="293941367" role="outer"/>
  <member type="way" ref="457992872" role="outer"/>
  <member type="way" ref="360607742" role="outer"/>
  <member type="way" ref="1150089204" role="outer"/>
  <member type="way" ref="457992873" role="outer"/>
  <member type="way" ref="1225574943" role="outer"/>
  <member type="way" ref="1225574944" role="outer"/>
  <member type="way" ref="1150078027" role="outer"/>
  <member type="way" ref="1150078026" role="outer"/>
  <member type="way" ref="360607740" role="outer"/>
  <member type="way" ref="306033679" role="outer"/>
  <member type="way" ref="306033676" role="outer"/>
  <member type="way" ref="306033619" role="outer"/>
  <member type="way" ref="426852368" role="outer"/>
  <member type="way" ref="127624808" role="outer"/>
  <member type="way" ref="328068772" role="outer"/>
  <member type="way" ref="1083572920" role="outer"/>
  <member type="way" ref="1083572919" role="outer"/>
  <member type="way" ref="127624811" role="outer"/>
  <member type="way" ref="306033607" role="outer"/>
  <member type="way" ref="306033580" role="outer"/>
  <member type="way" ref="682773957" role="outer"/>
  <tag k="admin_level" v="8"/>
  <tag k="boundary" v="administrative"/>
  <tag k="IBGE:GEOCODIGO" v="3548708"/>
  <tag k="int_name" v="Sao Bernardo do Campo"/>
  <tag k="name" v="São Bernardo do Campo"/>
  <tag k="name:zh" v="圣贝尔纳多-杜坎普"/>
  <tag k="official_name" v="Município de Interesse Turístico de São Bernardo do Campo"/>
  <tag k="place" v="municipality"/>
  <tag k="population" v="810729"/>
  <tag k="population:date" v="2023-08-31"/>
  <tag k="source" v="IBGE"/>
  <tag k="source:population" v="IBGE, DOU de 31/08/2023"/>
  <tag k="type" v="boundary"/>
  <tag k="wikidata" v="Q184403"/>
  <tag k="wikipedia" v="pt:São Bernardo do Campo"/>
 </relation>
 <relation id="298170" visible="true" version="42" changeset="145300123" timestamp="2023-12-19T17:07:10Z" user="AjBelnuovo" uid="1799626">
  <member type="node" ref="30674213" role="admin_centre"/>
  <member type="way" ref="749966218" role="outer"/>
  <member type="way" ref="360607744" role="outer"/>
  <member type="way" ref="764194630" role="outer"/>
  <member type="way" ref="764194636" role="outer"/>
  <member type="way" ref="42845492" role="outer"/>
  <member type="way" ref="764254528" role="outer"/>
  <member type="way" ref="764254530" role="outer"/>
  <member type="way" ref="764254552" role="outer"/>
  <member type="way" ref="764254554" role="outer"/>
  <member type="way" ref="161393844" role="outer"/>
  <member type="way" ref="360607743" role="outer"/>
  <member type="way" ref="764194609" role="outer"/>
  <member type="way" ref="228275363" role="outer"/>
  <member type="way" ref="228284914" role="outer"/>
  <member type="way" ref="618115045" role="outer"/>
  <member type="way" ref="704206325" role="outer"/>
  <member type="way" ref="27016995" role="outer"/>
  <member type="way" ref="127966368" role="outer"/>
  <member type="way" ref="27016999" role="outer"/>
  <member type="way" ref="27017001" role="outer"/>
  <member type="way" ref="435864862" role="outer"/>
  <member type="way" ref="764194612" role="outer"/>
  <member type="way" ref="704206324" role="outer"/>
  <member type="way" ref="1145843680" role="outer"/>
  <member type="way" ref="435864861" role="outer"/>
  <member type="way" ref="720439200" role="outer"/>
  <member type="way" ref="720439201" role="outer"/>
  <member type="way" ref="764194614" role="outer"/>
  <member type="way" ref="719026949" role="outer"/>
  <member type="way" ref="719026950" role="outer"/>
  <member type="way" ref="410262159" role="outer"/>
  <member type="way" ref="94016891" role="outer"/>
  <member type="way" ref="411328835" role="outer"/>
  <member type="way" ref="1165107094" role="outer"/>
  <member type="way" ref="410092523" role="outer"/>
  <member type="way" ref="410258981" role="outer"/>
  <member type="way" ref="766067672" role="outer"/>
  <member type="way" ref="411673224" role="outer"/>
  <member type="way" ref="675089634" role="outer"/>
  <member type="way" ref="938931022" role="outer"/>
  <member type="way" ref="1232482712" role="outer"/>
  <member type="way" ref="1176112357" role="outer"/>
  <member type="way" ref="675089633" role="outer"/>
  <member type="way" ref="94021159" role="outer"/>
  <member type="way" ref="1176089701" role="outer"/>
  <member type="way" ref="749966215" role="outer"/>
  <member type="way" ref="127217128" role="outer"/>
  <member type="way" ref="127086394" role="outer"/>
  <member type="way" ref="1172095053" role="outer"/>
  <tag k="admin_level" v="8"/>
  <tag k="boundary" v="administrative"/>
  <tag k="IBGE:GEOCODIGO" v="3548807"/>
  <tag k="name" v="São Caetano do Sul"/>
  <tag k="official_name" v="Município de São Caetano do Sul"/>
  <tag k="place" v="municipality"/>
  <tag k="population" v="165655"/>
  <tag k="population:date" v="2023-08-31"/>
  <tag k="source" v="IBGE"/>
  <tag k="source:population" v="IBGE, DOU de 31/08/2023"/>
  <tag k="type" v="boundary"/>
  <tag k="wikidata" v="Q967648"/>
  <tag k="wikipedia" v="pt:São Caetano do Sul"/>
 </relation>
 <relation id="4082329" visible="true" version="15" changeset="131002168" timestamp="2023-01-08T03:49:44Z" user="IgorEliezer" uid="6833365">
  <member type="node" ref="2978218049" role="label"/>
  <member type="way" ref="436295541" role="outer"/>
  <member type="way" ref="718927551" role="outer"/>
  <member type="way" ref="360607745" role="outer"/>
  <member type="way" ref="309204696" role="outer"/>
  <member type="way" ref="360607716" role="outer"/>
  <member type="way" ref="306033615" role="outer"/>
  <member type="way" ref="306033604" role="outer"/>
  <member type="way" ref="306033687" role="outer"/>
  <member type="way" ref="764194636" role="outer"/>
  <member type="way" ref="764194630" role="outer"/>
  <member type="way" ref="360607744" role="outer"/>
  <member type="way" ref="436295542" role="outer"/>
  <member type="way" ref="718479945" role="outer"/>
  <tag k="admin_level" v="10"/>
  <tag k="boundary" v="administrative"/>
  <tag k="name" v="Rudge Ramos"/>
  <tag k="place" v="suburb"/>
  <tag k="type" v="boundary"/>
  <tag k="wikidata" v="Q10365150"/>
  <tag k="wikipedia" v="pt:Rudge Ramos"/>
 </relation>
 <relation id="5625860" visible="true" version="2" changeset="64208931" timestamp="2018-11-05T19:37:09Z" user="(Inactive) RobinNoodles" uid="9050649">
  <member type="node" ref="1407177592" role="via"/>
  <member type="way" ref="377630721" role="to"/>
  <member type="way" ref="641333866" role="from"/>
  <tag k="restriction" v="no_left_turn"/>
  <tag k="type" v="restriction"/>
 </relation>
 <relation id="5683272" visible="true" version="45" changeset="177177415" timestamp="2026-01-13T12:18:39Z" user="petropouli" uid="4200031">
  <member type="way" ref="682773957" role="outer"/>
  <member type="way" ref="306033580" role="outer"/>
  <member type="way" ref="306033607" role="outer"/>
  <member type="way" ref="127624811" role="outer"/>
  <member type="way" ref="1083572919" role="outer"/>
  <member type="way" ref="1083572920" role="outer"/>
  <member type="way" ref="328068772" role="outer"/>
  <member type="way" ref="127624808" role="outer"/>
  <member type="way" ref="426852368" role="outer"/>
  <member type="way" ref="306033619" role="outer"/>
  <member type="way" ref="306033676" role="outer"/>
  <member type="way" ref="306033679" role="outer"/>
  <member type="way" ref="360607740" role="outer"/>
  <member type="way" ref="1150078026" role="outer"/>
  <member type="way" ref="1150078027" role="outer"/>
  <member type="way" ref="1225574944" role="outer"/>
  <member type="way" ref="1225574943" role="outer"/>
  <member type="way" ref="457992873" role="outer"/>
  <member type="way" ref="1150089204" role="outer"/>
  <member type="way" ref="360607742" role="outer"/>
  <member type="way" ref="457992872" role="outer"/>
  <member type="way" ref="293941367" role="outer"/>
  <member type="way" ref="1466738964" role="outer"/>
  <member type="way" ref="426852375" role="outer"/>
  <member type="way" ref="427647572" role="outer"/>
  <member type="way" ref="360607741" role="outer"/>
  <member type="way" ref="359636927" role="outer"/>
  <member type="way" ref="126464624" role="outer"/>
  <member type="way" ref="1330802845" role="outer"/>
  <member type="way" ref="1330802844" role="outer"/>
  <member type="way" ref="638256157" role="outer"/>
  <member type="way" ref="1058924762" role="outer"/>
  <member type="way" ref="1058924763" role="outer"/>
  <member type="way" ref="638256158" role="outer"/>
  <member type="way" ref="295033904" role="outer"/>
  <member type="way" ref="427647573" role="outer"/>
  <member type="way" ref="315788338" role="outer"/>
  <member type="way" ref="315788310" role="outer"/>
  <member type="way" ref="699520072" role="outer"/>
  <member type="way" ref="227805588" role="outer"/>
  <member type="way" ref="227805637" role="outer"/>
  <member type="way" ref="942371860" role="outer"/>
  <member type="way" ref="942371861" role="outer"/>
  <member type="way" ref="227805477" role="outer"/>
  <member type="way" ref="762473344" role="outer"/>
  <member type="way" ref="977086343" role="outer"/>
  <member type="way" ref="977086342" role="outer"/>
  <member type="way" ref="704095768" role="outer"/>
  <member type="way" ref="360607708" role="outer"/>
  <member type="way" ref="426699933" role="outer"/>
  <member type="way" ref="531545691" role="outer"/>
  <member type="way" ref="426866198" role="outer"/>
  <member type="way" ref="737450146" role="outer"/>
  <member type="way" ref="360607734" role="outer"/>
  <member type="way" ref="426642135" role="outer"/>
  <member type="way" ref="1287532719" role="outer"/>
  <member type="way" ref="426642166" role="outer"/>
  <member type="way" ref="426642127" role="outer"/>
  <member type="way" ref="1133161455" role="outer"/>
  <member type="way" ref="1133161454" role="outer"/>
  <member type="way" ref="27014375" role="outer"/>
  <member type="way" ref="1133161453" role="outer"/>
  <member type="way" ref="727136929" role="outer"/>
  <member type="way" ref="727134108" role="outer"/>
  <member type="way" ref="696791739" role="outer"/>
  <member type="way" ref="482632419" role="outer"/>
  <member type="way" ref="482632420" role="outer"/>
  <member type="way" ref="310265778" role="outer"/>
  <member type="way" ref="306066915" role="outer"/>
  <member type="way" ref="360607746" role="outer"/>
  <member type="way" ref="360607745" role="outer"/>
  <member type="way" ref="718927551" role="outer"/>
  <member type="way" ref="436295541" role="outer"/>
  <member type="way" ref="718479945" role="outer"/>
  <member type="way" ref="436295542" role="outer"/>
  <member type="way" ref="360607744" role="outer"/>
  <member type="way" ref="764194630" role="outer"/>
  <member type="way" ref="764194636" role="outer"/>
  <member type="way" ref="306033687" role="outer"/>
  <member type="way" ref="306033682" role="outer"/>
  <member type="way" ref="759729233" role="outer"/>
  <member type="way" ref="679472630" role="outer"/>
  <member type="way" ref="120944635" role="outer"/>
  <member type="way" ref="1452356908" role="outer"/>
  <member type="way" ref="1452356907" role="outer"/>
  <member type="way" ref="454031219" role="outer"/>
  <tag k="admin_level" v="9"/>
  <tag k="boundary" v="administrative"/>
  <tag k="IBGE:GEOCODIGO" v="354870805"/>
  <tag k="name" v="São Bernardo do Campo"/>
  <tag k="type" v="boundary"/>
 </relation>
 <relation id="5683273" visible="true" version="26" changeset="145300123" timestamp="2023-12-19T17:07:10Z" user="AjBelnuovo" uid="1799626">
  <member type="way" ref="1172095053" role="outer"/>
  <member type="way" ref="127086394" role="outer"/>
  <member type="way" ref="127217128" role="outer"/>
  <member type="way" ref="749966215" role="outer"/>
  <member type="way" ref="1176089701" role="outer"/>
  <member type="way" ref="94021159" role="outer"/>
  <member type="way" ref="675089633" role="outer"/>
  <member type="way" ref="1176112357" role="outer"/>
  <member type="way" ref="1232482712" role="outer"/>
  <member type="way" ref="938931022" role="outer"/>
  <member type="way" ref="675089634" role="outer"/>
  <member type="way" ref="411673224" role="outer"/>
  <member type="way" ref="766067672" role="outer"/>
  <member type="way" ref="410258981" role="outer"/>
  <member type="way" ref="410092523" role="outer"/>
  <member type="way" ref="1165107094" role="outer"/>
  <member type="way" ref="411328835" role="outer"/>
  <member type="way" ref="94016891" role="outer"/>
  <member type="way" ref="410262159" role="outer"/>
  <member type="way" ref="719026950" role="outer"/>
  <member type="way" ref="719026949" role="outer"/>
  <member type="way" ref="764194614" role="outer"/>
  <member type="way" ref="720439201" role="outer"/>
  <member type="way" ref="720439200" role="outer"/>
  <member type="way" ref="435864861" role="outer"/>
  <member type="way" ref="1145843680" role="outer"/>
  <member type="way" ref="704206324" role="outer"/>
  <member type="way" ref="764194612" role="outer"/>
  <member type="way" ref="435864862" role="outer"/>
  <member type="way" ref="27017001" role="outer"/>
  <member type="way" ref="27016999" role="outer"/>
  <member type="way" ref="127966368" role="outer"/>
  <member type="way" ref="27016995" role="outer"/>
  <member type="way" ref="704206325" role="outer"/>
  <member type="way" ref="618115045" role="outer"/>
  <member type="way" ref="228284914" role="outer"/>
  <member type="way" ref="228275363" role="outer"/>
  <member type="way" ref="764194609" role="outer"/>
  <member type="way" ref="360607743" role="outer"/>
  <member type="way" ref="161393844" role="outer"/>
  <member type="way" ref="764254554" role="outer"/>
  <member type="way" ref="764254552" role="outer"/>
  <member type="way" ref="764254530" role="outer"/>
  <member type="way" ref="764254528" role="outer"/>
  <member type="way" ref="42845492" role="outer"/>
  <member type="way" ref="764194636" role="outer"/>
  <member type="way" ref="764194630" role="outer"/>
  <member type="way" ref="360607744" role="outer"/>
  <member type="way" ref="749966218" role="outer"/>
  <tag k="admin_level" v="9"/>
  <tag k="boundary" v="administrative"/>
  <tag k="IBGE:GEOCODIGO" v="354880705"/>
  <tag k="name" v="São Caetano do Sul"/>
  <tag k="type" v="boundary"/>
 </relation>
 <relation id="6746339" visible="true" version="28" changeset="161992397" timestamp="2025-01-31T21:14:10Z" user="jaysonwcs" uid="18991845">
  <member type="node" ref="7950404062" role="stop"/>
  <member type="node" ref="4526559416" role="platform"/>
  <member type="node" ref="10899900415" role="stop"/>
  <member type="node" ref="10834441922" role="platform"/>
  <member type="node" ref="10957476566" role="stop"/>
  <member type="node" ref="4526583824" role="platform"/>
  <member type="node" ref="10957515293" role="stop"/>
  <member type="node" ref="10899900414" role="platform"/>
  <member type="node" ref="10957476565" role="stop"/>
  <member type="node" ref="10837167724" role="platform"/>
  <member type="node" ref="10957515295" role="stop"/>
  <member type="node" ref="4529262491" role="platform"/>
  <member type="node" ref="1410237120" role="stop"/>
  <member type="node" ref="10965426802" role="platform"/>
  <member type="node" ref="1408991263" role="stop"/>
  <member type="node" ref="10965426801" role="platform"/>
  <member type="node" ref="10899900413" role="stop"/>
  <member type="node" ref="10965426800" role="platform"/>
  <member type="node" ref="10957476564" role="stop"/>
  <member type="node" ref="10965426799" role="platform"/>
  <member type="node" ref="10957476563" role="stop"/>
  <member type="node" ref="5702508129" role="platform"/>
  <member type="node" ref="10957476562" role="stop"/>
  <member type="node" ref="10965426798" role="platform"/>
  <member type="node" ref="10957476561" role="stop"/>
  <member type="node" ref="10832803916" role="platform"/>
  <member type="node" ref="10957476560" role="stop"/>
  <member type="node" ref="10965426797" role="platform"/>
  <member type="node" ref="10899731053" role="stop"/>
  <member type="node" ref="10965426796" role="platform"/>
  <member type="node" ref="10899731052" role="stop"/>
  <member type="node" ref="10965426795" role="platform"/>
  <member type="node" ref="10957476558" role="stop"/>
  <member type="node" ref="10821945250" role="platform"/>
  <member type="node" ref="10890155150" role="stop"/>
  <member type="node" ref="10899398622" role="stop"/>
  <member type="node" ref="10961967087" role="platform"/>
  <member type="node" ref="10899398621" role="stop"/>
  <member type="node" ref="10961967086" role="platform"/>
  <member type="node" ref="10899398620" role="stop"/>
  <member type="node" ref="10961967085" role="platform"/>
  <member type="node" ref="10899398619" role="stop"/>
  <member type="node" ref="10961967084" role="platform"/>
  <member type="node" ref="10899398618" role="stop"/>
  <member type="node" ref="10961967083" role="platform"/>
  <member type="node" ref="9294924828" role="stop"/>
  <member type="node" ref="9294924827" role="platform"/>
  <member type="node" ref="10957476557" role="stop"/>
  <member type="node" ref="10965426794" role="platform"/>
  <member type="node" ref="10957476556" role="stop"/>
  <member type="node" ref="10965426793" role="platform"/>
  <member type="node" ref="10965502160" role="stop"/>
  <member type="node" ref="10965426792" role="platform"/>
  <member type="node" ref="10957476554" role="stop"/>
  <member type="node" ref="10965426791" role="platform"/>
  <member type="node" ref="10957476553" role="stop"/>
  <member type="node" ref="3758362058" role="platform"/>
  <member type="node" ref="10957515276" role="stop"/>
  <member type="node" ref="10965426790" role="platform"/>
  <member type="node" ref="10957476552" role="stop"/>
  <member type="node" ref="7563602767" role="platform"/>
  <member type="node" ref="10957476551" role="stop"/>
  <member type="node" ref="10965426789" role="platform"/>
  <member type="node" ref="1406257097" role="stop"/>
  <member type="node" ref="10965426788" role="platform"/>
  <member type="node" ref="10957476550" role="stop"/>
  <member type="node" ref="10965426787" role="platform"/>
  <member type="node" ref="7820475444" role="stop"/>
  <member type="node" ref="10965426786" role="platform"/>
  <member type="node" ref="3767628121" role="stop"/>
  <member type="node" ref="10827106978" role="platform"/>
  <member type="way" ref="94016881" role=""/>
  <member type="way" ref="736390501" role=""/>
  <member type="way" ref="69466370" role=""/>
  <member type="way" ref="127949568" role=""/>
  <member type="way" ref="94016876" role=""/>
  <member type="way" ref="1176083971" role=""/>
  <member type="way" ref="764194623" role=""/>
  <member type="way" ref="127419718" role=""/>
  <member type="way" ref="910914672" role=""/>
  <member type="way" ref="764194621" role=""/>
  <member type="way" ref="942366884" role=""/>
  <member type="way" ref="127394434" role=""/>
  <member type="way" ref="1172899589" role=""/>
  <member type="way" ref="1172899588" role=""/>
  <member type="way" ref="300725070" role=""/>
  <member type="way" ref="130660357" role=""/>
  <member type="way" ref="764254549" role=""/>
  <member type="way" ref="1172899587" role=""/>
  <member type="way" ref="1176087331" role=""/>
  <member type="way" ref="1172899586" role=""/>
  <member type="way" ref="1176089687" role=""/>
  <member type="way" ref="151534245" role=""/>
  <member type="way" ref="1172899583" role=""/>
  <member type="way" ref="938483250" role=""/>
  <member type="way" ref="764254561" role=""/>
  <member type="way" ref="1349553329" role=""/>
  <member type="way" ref="938483249" role=""/>
  <member type="way" ref="965258871" role=""/>
  <member type="way" ref="938483248" role=""/>
  <member type="way" ref="1349553324" role=""/>
  <member type="way" ref="69421415" role=""/>
  <member type="way" ref="1209878416" role=""/>
  <member type="way" ref="166624830" role=""/>
  <member type="way" ref="1176115287" role=""/>
  <member type="way" ref="1209878418" role=""/>
  <member type="way" ref="1209878411" role=""/>
  <member type="way" ref="1172095063" role=""/>
  <member type="way" ref="1209878409" role=""/>
  <member type="way" ref="676688337" role=""/>
  <member type="way" ref="1153931939" role=""/>
  <member type="way" ref="1153931940" role=""/>
  <member type="way" ref="1172095062" role=""/>
  <member type="way" ref="69421407" role=""/>
  <member type="way" ref="1353796924" role=""/>
  <member type="way" ref="1353796941" role=""/>
  <member type="way" ref="1353796931" role=""/>
  <member type="way" ref="642883023" role=""/>
  <member type="way" ref="100223011" role=""/>
  <member type="way" ref="936841423" role=""/>
  <member type="way" ref="1324275808" role=""/>
  <member type="way" ref="938527276" role=""/>
  <member type="way" ref="377630734" role=""/>
  <member type="way" ref="836084868" role=""/>
  <member type="way" ref="1172899581" role=""/>
  <member type="way" ref="585280160" role=""/>
  <member type="way" ref="834828188" role=""/>
  <member type="way" ref="1324275817" role=""/>
  <member type="way" ref="129927246" role=""/>
  <member type="way" ref="377630729" role=""/>
  <member type="way" ref="1172899580" role=""/>
  <member type="way" ref="1172899579" role=""/>
  <member type="way" ref="130662519" role=""/>
  <member type="way" ref="1349883186" role=""/>
  <member type="way" ref="126794865" role=""/>
  <member type="way" ref="166769344" role=""/>
  <member type="way" ref="127671034" role=""/>
  <member type="way" ref="126748443" role=""/>
  <member type="way" ref="1172899578" role=""/>
  <member type="way" ref="1172899576" role=""/>
  <member type="way" ref="287600621" role=""/>
  <member type="way" ref="836355746" role=""/>
  <member type="way" ref="1172899574" role=""/>
  <member type="way" ref="130662521" role=""/>
  <member type="way" ref="130662518" role=""/>
  <member type="way" ref="1355798636" role=""/>
  <member type="way" ref="1355798637" role=""/>
  <member type="way" ref="1176089712" role=""/>
  <member type="way" ref="1350828239" role=""/>
  <member type="way" ref="1172899571" role=""/>
  <member type="way" ref="938475830" role=""/>
  <member type="way" ref="126820819" role=""/>
  <member type="way" ref="1350828230" role=""/>
  <member type="way" ref="764254537" role=""/>
  <member type="way" ref="1350929005" role=""/>
  <member type="way" ref="859667562" role=""/>
  <member type="way" ref="1350929168" role=""/>
  <member type="way" ref="126820820" role=""/>
  <member type="way" ref="764194627" role=""/>
  <member type="way" ref="126820814" role=""/>
  <member type="way" ref="1172899567" role=""/>
  <member type="way" ref="1175798781" role=""/>
  <member type="way" ref="127077802" role=""/>
  <member type="way" ref="1172899566" role=""/>
  <member type="way" ref="1172899565" role=""/>
  <member type="way" ref="858188177" role=""/>
  <member type="way" ref="1172899563" role=""/>
  <member type="way" ref="1172899564" role=""/>
  <member type="way" ref="127077788" role=""/>
  <member type="way" ref="127077806" role=""/>
  <member type="way" ref="1163734946" role=""/>
  <member type="way" ref="246355239" role=""/>
  <member type="way" ref="1172095049" role=""/>
  <tag k="from" v="Santa Maria"/>
  <tag k="name" v="Ônibus 01: Bairro Santa Maria =&gt; Bairro Oswaldo Cruz"/>
  <tag k="network" v="SITS"/>
  <tag k="operator" v="Viação Padre Eustáquio"/>
  <tag k="public_transport:version" v="2"/>
  <tag k="ref" v="01 (OC)"/>
  <tag k="route" v="bus"/>
  <tag k="to" v="Oswaldo Cruz"/>
  <tag k="type" v="route"/>
 </relation>
 <relation id="8830675" visible="true" version="2" changeset="104080788" timestamp="2021-05-03T21:36:42Z" user="nutchayahongvilai" uid="10028134">
  <member type="node" ref="1407177521" role="via"/>
  <member type="way" ref="373250087" role="to"/>
  <member type="way" ref="938597759" role="from"/>
  <tag k="restriction" v="no_left_turn"/>
  <tag k="type" v="restriction"/>
 </relation>
 <relation id="8907965" visible="true" version="34" changeset="161691759" timestamp="2025-01-23T22:25:41Z" user="jaysonwcs" uid="18991845">
  <member type="way" ref="1209878416" role=""/>
  <member type="way" ref="166624830" role=""/>
  <member type="way" ref="1176115287" role=""/>
  <member type="way" ref="1209878418" role=""/>
  <member type="way" ref="1209878411" role=""/>
  <member type="way" ref="1172095063" role=""/>
  <member type="way" ref="1209878409" role=""/>
  <member type="way" ref="1153931938" role=""/>
  <member type="way" ref="127559278" role=""/>
  <member type="way" ref="1172095062" role=""/>
  <member type="way" ref="69421407" role=""/>
  <member type="way" ref="1353796924" role=""/>
  <member type="way" ref="1353796941" role=""/>
  <member type="way" ref="1353796931" role=""/>
  <member type="way" ref="642883023" role=""/>
  <member type="way" ref="100223011" role=""/>
  <member type="way" ref="1172899582" role=""/>
  <member type="way" ref="764254565" role=""/>
  <member type="way" ref="1172095061" role=""/>
  <member type="way" ref="764254559" role=""/>
  <member type="way" ref="1353796939" role=""/>
  <member type="way" ref="130658066" role=""/>
  <member type="way" ref="1172899579" role=""/>
  <member type="way" ref="130662519" role=""/>
  <member type="way" ref="1349883186" role=""/>
  <member type="way" ref="126794865" role=""/>
  <member type="way" ref="166769344" role=""/>
  <member type="way" ref="1163715037" role=""/>
  <member type="way" ref="1349479489" role=""/>
  <member type="way" ref="283837612" role=""/>
  <member type="way" ref="1349616742" role=""/>
  <member type="way" ref="1349616743" role=""/>
  <member type="way" ref="1175479590" role=""/>
  <member type="way" ref="283837930" role=""/>
  <member type="way" ref="965258867" role=""/>
  <member type="way" ref="938511515" role=""/>
  <member type="way" ref="938511514" role=""/>
  <member type="way" ref="283836052" role=""/>
  <member type="way" ref="1176089710" role=""/>
  <member type="way" ref="287600627" role=""/>
  <member type="way" ref="457967740" role=""/>
  <member type="way" ref="246355229" role=""/>
  <member type="way" ref="246355235" role=""/>
  <member type="way" ref="415068849" role=""/>
  <member type="way" ref="941518041" role=""/>
  <member type="way" ref="941520697" role=""/>
  <member type="way" ref="942371585" role=""/>
  <member type="way" ref="942371588" role=""/>
  <member type="way" ref="942370829" role=""/>
  <member type="way" ref="941520696" role=""/>
  <member type="way" ref="941525650" role=""/>
  <member type="way" ref="1176089707" role=""/>
  <member type="way" ref="941525649" role=""/>
  <member type="way" ref="642883031" role=""/>
  <member type="way" ref="739457783" role=""/>
  <member type="way" ref="1349932013" role=""/>
  <member type="way" ref="1263814036" role=""/>
  <member type="way" ref="691048388" role=""/>
  <member type="way" ref="635794974" role=""/>
  <member type="way" ref="635794971" role=""/>
  <member type="way" ref="965258864" role=""/>
  <member type="way" ref="129228634" role=""/>
  <member type="way" ref="858399943" role=""/>
  <member type="way" ref="128515918" role=""/>
  <member type="way" ref="128515922" role=""/>
  <member type="way" ref="128505254" role=""/>
  <member type="way" ref="128505255" role=""/>
  <member type="way" ref="1338653329" role=""/>
  <member type="way" ref="375846549" role=""/>
  <member type="way" ref="965258865" role=""/>
  <member type="way" ref="837872604" role=""/>
  <member type="way" ref="297531680" role=""/>
  <member type="way" ref="287806826" role=""/>
  <member type="way" ref="691058668" role=""/>
  <member type="way" ref="23991374" role=""/>
  <member type="way" ref="415254377" role=""/>
  <member type="way" ref="743182101" role=""/>
  <member type="way" ref="128503192" role=""/>
  <member type="way" ref="743182099" role=""/>
  <member type="way" ref="718245013" role=""/>
  <member type="way" ref="293633764" role=""/>
  <member type="way" ref="293937472" role=""/>
  <member type="way" ref="293937314" role=""/>
  <member type="way" ref="834621226" role=""/>
  <member type="way" ref="939110478" role=""/>
  <member type="way" ref="293937519" role=""/>
  <member type="way" ref="822295082" role=""/>
  <member type="way" ref="293937533" role=""/>
  <member type="way" ref="293937208" role=""/>
  <member type="way" ref="758807587" role=""/>
  <member type="way" ref="246079366" role=""/>
  <member type="way" ref="742002390" role=""/>
  <member type="way" ref="965253399" role=""/>
  <member type="way" ref="293940713" role=""/>
  <member type="way" ref="303877946" role=""/>
  <member type="way" ref="559243233" role=""/>
  <member type="way" ref="965251163" role=""/>
  <member type="way" ref="303877945" role=""/>
  <member type="way" ref="27179492" role=""/>
  <member type="way" ref="965253389" role=""/>
  <member type="way" ref="514913109" role=""/>
  <member type="way" ref="310284002" role=""/>
  <member type="way" ref="967290697" role=""/>
  <member type="way" ref="675070653" role=""/>
  <member type="way" ref="675070654" role=""/>
  <member type="way" ref="27184351" role=""/>
  <member type="way" ref="968933658" role=""/>
  <member type="way" ref="968620659" role=""/>
  <member type="way" ref="302144124" role=""/>
  <member type="way" ref="302144095" role=""/>
  <member type="way" ref="302141894" role=""/>
  <member type="way" ref="856214862" role=""/>
  <member type="way" ref="302142575" role=""/>
  <member type="way" ref="856214864" role=""/>
  <member type="way" ref="302141896" role=""/>
  <member type="way" ref="642900970" role=""/>
  <member type="way" ref="967285891" role=""/>
  <member type="way" ref="130101445" role=""/>
  <member type="way" ref="967285892" role=""/>
  <member type="way" ref="130174567" role=""/>
  <member type="way" ref="130174621" role=""/>
  <member type="way" ref="302133139" role=""/>
  <member type="way" ref="302134043" role=""/>
  <member type="way" ref="967285894" role=""/>
  <member type="way" ref="130174575" role=""/>
  <member type="way" ref="130174558" role=""/>
  <member type="way" ref="967290703" role=""/>
  <member type="way" ref="499556541" role=""/>
  <member type="way" ref="130174574" role=""/>
  <member type="way" ref="129999709" role=""/>
  <member type="way" ref="942613677" role=""/>
  <member type="way" ref="942613678" role=""/>
  <member type="way" ref="942613676" role=""/>
  <member type="way" ref="868833305" role=""/>
  <member type="way" ref="227617342" role=""/>
  <member type="way" ref="717721253" role=""/>
  <member type="way" ref="717721252" role=""/>
  <member type="way" ref="941542804" role=""/>
  <member type="way" ref="1340311706" role=""/>
  <member type="way" ref="1340311707" role=""/>
  <member type="way" ref="758542817" role=""/>
  <member type="way" ref="481488940" role=""/>
  <member type="way" ref="758530602" role=""/>
  <member type="way" ref="481488936" role=""/>
  <member type="way" ref="296377156" role=""/>
  <member type="way" ref="868833304" role=""/>
  <member type="way" ref="272806863" role=""/>
  <tag k="charge" v="4.85 BRL"/>
  <tag k="distance" v="17.224"/>
  <tag k="duration" v="1:10"/>
  <tag k="fee" v="yes"/>
  <tag k="from" v="São Caetano do Sul (Terminal Rodoviário Nicolau Delic)"/>
  <tag k="name" v="254DV1 Diadema (Terminal Metropolitano Diadema)"/>
  <tag k="network" v="EMTU"/>
  <tag k="network:short" v="EMTU"/>
  <tag k="network:wikidata" v="Q5374439"/>
  <tag k="network:wikipedia" v="pt:Empresa Metropolitana de Transportes Urbanos de São Paulo"/>
  <tag k="opening_hours" v="Mo-Fr 06:30-20:30; Sa 07:10-20:30; Su OFF; PH OFF"/>
  <tag k="operator" v="Trans Bus (Trans Bus Transportes Coletivos Ltda.)"/>
  <tag k="public_transport:version" v="2"/>
  <tag k="ref" v="254DV1"/>
  <tag k="route" v="bus"/>
  <tag k="source" v="https://www.emtu.sp.gov.br/sistemas/linha/resultado_imp.htm?numlinha=35939; https://www.emtu.sp.gov.br"/>
  <tag k="to" v="Diadema (Terminal Metropolitano Diadema)"/>
  <tag k="type" v="route"/>
  <tag k="via" v="Diadema (Avenida das Ameixeiras)"/>
 </relation>
 <relation id="9603035" visible="true" version="1" changeset="70412480" timestamp="2019-05-19T14:45:40Z" user="Yebra Jr" uid="9980566">
  <member type="way" ref="129228633" role="from"/>
  <member type="node" ref="5996511316" role="via"/>
  <member type="way" ref="635794974" role="to"/>
  <tag k="restriction" v="only_straight_on"/>
  <tag k="type" v="restriction"/>
 </relation>
 <relation id="9603036" visible="true" version="1" changeset="70412480" timestamp="2019-05-19T14:45:40Z" user="Yebra Jr" uid="9980566">
  <member type="way" ref="635794974" role="from"/>
  <member type="node" ref="5996511316" role="via"/>
  <member type="way" ref="635794971" role="to"/>
  <tag k="restriction" v="only_straight_on"/>
  <tag k="type" v="restriction"/>
 </relation>
 <relation id="10338723" visible="true" version="30" changeset="161196017" timestamp="2025-01-10T08:31:13Z" user="Flamen_Sru" uid="13841144">
  <member type="node" ref="11937835088" role="stop"/>
  <member type="node" ref="4815516735" role="platform"/>
  <member type="node" ref="6959226913" role="stop"/>
  <member type="node" ref="6959226912" role="platform"/>
  <member type="way" ref="965258881" role=""/>
  <member type="way" ref="152798395" role=""/>
  <member type="way" ref="292121075" role=""/>
  <member type="way" ref="303708479" role=""/>
  <member type="way" ref="303709062" role=""/>
  <member type="way" ref="292121891" role=""/>
  <member type="way" ref="303848105" role=""/>
  <member type="way" ref="292117906" role=""/>
  <member type="way" ref="581032008" role=""/>
  <member type="way" ref="292112709" role=""/>
  <member type="way" ref="292113325" role=""/>
  <member type="way" ref="969307691" role=""/>
  <member type="way" ref="936879792" role=""/>
  <member type="way" ref="969307692" role=""/>
  <member type="way" ref="293255695" role=""/>
  <member type="way" ref="292113398" role=""/>
  <member type="way" ref="292113407" role=""/>
  <member type="way" ref="292115565" role=""/>
  <member type="way" ref="1081290325" role=""/>
  <member type="way" ref="760188137" role=""/>
  <member type="way" ref="292115955" role=""/>
  <member type="way" ref="908530916" role=""/>
  <member type="way" ref="936904323" role=""/>
  <member type="way" ref="826325815" role=""/>
  <member type="way" ref="292116128" role=""/>
  <member type="way" ref="936937117" role=""/>
  <member type="way" ref="937414713" role=""/>
  <member type="way" ref="937414712" role=""/>
  <member type="way" ref="936938476" role=""/>
  <member type="way" ref="936938470" role=""/>
  <member type="way" ref="936938474" role=""/>
  <member type="way" ref="936938475" role=""/>
  <member type="way" ref="292124855" role=""/>
  <member type="way" ref="938525068" role=""/>
  <member type="way" ref="1065955504" role=""/>
  <member type="way" ref="855875202" role=""/>
  <member type="way" ref="855875201" role=""/>
  <member type="way" ref="965770986" role=""/>
  <member type="way" ref="965770989" role=""/>
  <member type="way" ref="939067258" role=""/>
  <member type="way" ref="939066503" role=""/>
  <member type="way" ref="939066504" role=""/>
  <member type="way" ref="942303827" role=""/>
  <member type="way" ref="938477491" role=""/>
  <member type="way" ref="733899626" role=""/>
  <member type="way" ref="659559769" role=""/>
  <member type="way" ref="746398528" role=""/>
  <member type="way" ref="293383949" role=""/>
  <member type="way" ref="565996773" role=""/>
  <member type="way" ref="303712011" role=""/>
  <member type="way" ref="965191471" role=""/>
  <member type="way" ref="291706792" role=""/>
  <member type="way" ref="286363968" role=""/>
  <member type="way" ref="332485245" role=""/>
  <member type="way" ref="664552982" role=""/>
  <member type="way" ref="291848749" role=""/>
  <member type="way" ref="291706597" role=""/>
  <member type="way" ref="124952071" role=""/>
  <member type="way" ref="253247789" role=""/>
  <member type="way" ref="253248033" role=""/>
  <member type="way" ref="456267531" role=""/>
  <member type="way" ref="936841556" role=""/>
  <member type="way" ref="758276636" role=""/>
  <member type="way" ref="754625219" role=""/>
  <member type="way" ref="332484895" role=""/>
  <member type="way" ref="456268621" role=""/>
  <member type="way" ref="460256777" role=""/>
  <member type="way" ref="290273196" role=""/>
  <member type="way" ref="290273225" role=""/>
  <member type="way" ref="936767784" role=""/>
  <member type="way" ref="787169790" role=""/>
  <member type="way" ref="787169792" role=""/>
  <member type="way" ref="921405034" role=""/>
  <member type="way" ref="936774726" role=""/>
  <member type="way" ref="825424159" role=""/>
  <member type="way" ref="936774723" role=""/>
  <member type="way" ref="938568737" role=""/>
  <member type="way" ref="287660204" role=""/>
  <member type="way" ref="972261012" role=""/>
  <member type="way" ref="287660215" role=""/>
  <member type="way" ref="318896647" role=""/>
  <member type="way" ref="971794583" role=""/>
  <member type="way" ref="973989495" role=""/>
  <member type="way" ref="971794584" role=""/>
  <member type="way" ref="1216396247" role=""/>
  <member type="way" ref="426852377" role=""/>
  <member type="way" ref="124950808" role=""/>
  <member type="way" ref="126464764" role=""/>
  <member type="way" ref="286353239" role=""/>
  <member type="way" ref="249122220" role=""/>
  <member type="way" ref="249120435" role=""/>
  <member type="way" ref="135487916" role=""/>
  <member type="way" ref="858109387" role=""/>
  <member type="way" ref="286361725" role=""/>
  <member type="way" ref="286361756" role=""/>
  <member type="way" ref="248341383" role=""/>
  <member type="way" ref="248341353" role=""/>
  <member type="way" ref="286362488" role=""/>
  <member type="way" ref="286362487" role=""/>
  <member type="way" ref="248342283" role=""/>
  <member type="way" ref="248342896" role=""/>
  <member type="way" ref="286362448" role=""/>
  <member type="way" ref="248343288" role=""/>
  <member type="way" ref="286362407" role=""/>
  <member type="way" ref="248343447" role=""/>
  <member type="way" ref="452155220" role=""/>
  <member type="way" ref="248343529" role=""/>
  <member type="way" ref="248343628" role=""/>
  <member type="way" ref="248343576" role=""/>
  <member type="way" ref="248344268" role=""/>
  <member type="way" ref="826325817" role=""/>
  <member type="way" ref="135487963" role=""/>
  <member type="way" ref="499568486" role=""/>
  <member type="way" ref="291731010" role=""/>
  <member type="way" ref="853116783" role=""/>
  <member type="way" ref="135487930" role=""/>
  <member type="way" ref="853116782" role=""/>
  <member type="way" ref="291731015" role=""/>
  <member type="way" ref="965253397" role=""/>
  <member type="way" ref="303878026" role=""/>
  <member type="way" ref="965253390" role=""/>
  <member type="way" ref="27176686" role=""/>
  <member type="way" ref="303878258" role=""/>
  <member type="way" ref="302964902" role=""/>
  <member type="way" ref="965251164" role=""/>
  <member type="way" ref="303098296" role=""/>
  <member type="way" ref="293941073" role=""/>
  <member type="way" ref="758807589" role=""/>
  <member type="way" ref="965253399" role=""/>
  <member type="way" ref="742002390" role=""/>
  <member type="way" ref="293938999" role=""/>
  <member type="way" ref="826325808" role=""/>
  <member type="way" ref="758807588" role=""/>
  <member type="way" ref="812695970" role=""/>
  <member type="way" ref="27015011" role=""/>
  <member type="way" ref="834624466" role=""/>
  <member type="way" ref="27015012" role=""/>
  <member type="way" ref="27014890" role=""/>
  <member type="way" ref="310232823" role=""/>
  <member type="way" ref="718245014" role=""/>
  <member type="way" ref="310307554" role=""/>
  <member type="way" ref="303102687" role=""/>
  <member type="way" ref="129247396" role=""/>
  <member type="way" ref="965258880" role=""/>
  <member type="way" ref="633519169" role=""/>
  <member type="way" ref="691068706" role=""/>
  <member type="way" ref="852357695" role=""/>
  <member type="way" ref="195810749" role=""/>
  <member type="way" ref="128506849" role=""/>
  <member type="way" ref="258845172" role=""/>
  <member type="way" ref="293935769" role=""/>
  <member type="way" ref="938864403" role=""/>
  <member type="way" ref="758784260" role=""/>
  <member type="way" ref="938864404" role=""/>
  <member type="way" ref="828926274" role=""/>
  <member type="way" ref="294030326" role=""/>
  <member type="way" ref="293930638" role=""/>
  <member type="way" ref="293930106" role=""/>
  <member type="way" ref="691077496" role=""/>
  <member type="way" ref="293912404" role=""/>
  <member type="way" ref="930772711" role=""/>
  <member type="way" ref="939427340" role=""/>
  <member type="way" ref="939427339" role=""/>
  <member type="way" ref="938880006" role=""/>
  <member type="way" ref="939427338" role=""/>
  <member type="way" ref="938880005" role=""/>
  <member type="way" ref="293928672" role=""/>
  <member type="way" ref="516719572" role=""/>
  <member type="way" ref="939427942" role=""/>
  <member type="way" ref="939427943" role=""/>
  <member type="way" ref="631447095" role=""/>
  <member type="way" ref="631708521" role=""/>
  <member type="way" ref="758784264" role=""/>
  <member type="way" ref="691057991" role=""/>
  <member type="way" ref="938590543" role=""/>
  <member type="way" ref="293914770" role=""/>
  <member type="way" ref="128528239" role=""/>
  <member type="way" ref="691052459" role=""/>
  <member type="way" ref="128505258" role=""/>
  <member type="way" ref="641333866" role=""/>
  <member type="way" ref="377630720" role=""/>
  <member type="way" ref="128515925" role=""/>
  <member type="way" ref="858399942" role=""/>
  <member type="way" ref="128515913" role=""/>
  <member type="way" ref="965258877" role=""/>
  <member type="way" ref="129228633" role=""/>
  <member type="way" ref="635794974" role=""/>
  <member type="way" ref="691048388" role=""/>
  <member type="way" ref="1263814037" role=""/>
  <member type="way" ref="1349932014" role=""/>
  <member type="way" ref="1263814041" role=""/>
  <member type="way" ref="1349932015" role=""/>
  <member type="way" ref="635794972" role=""/>
  <member type="way" ref="127062183" role=""/>
  <member type="way" ref="764194635" role=""/>
  <member type="way" ref="456843054" role=""/>
  <member type="way" ref="764254540" role=""/>
  <member type="way" ref="942369400" role=""/>
  <member type="way" ref="456844133" role=""/>
  <member type="way" ref="941520693" role=""/>
  <member type="way" ref="942370830" role=""/>
  <member type="way" ref="942371589" role=""/>
  <member type="way" ref="942371586" role=""/>
  <member type="way" ref="127062184" role=""/>
  <member type="way" ref="941518040" role=""/>
  <member type="way" ref="246355235" role=""/>
  <member type="way" ref="126985751" role=""/>
  <member type="way" ref="457967740" role=""/>
  <member type="way" ref="287600627" role=""/>
  <member type="way" ref="1176089710" role=""/>
  <member type="way" ref="126985287" role=""/>
  <member type="way" ref="965258875" role=""/>
  <member type="way" ref="938511513" role=""/>
  <member type="way" ref="1349465281" role=""/>
  <member type="way" ref="965258874" role=""/>
  <member type="way" ref="283837535" role=""/>
  <member type="way" ref="1166162912" role=""/>
  <member type="way" ref="283836163" role=""/>
  <member type="way" ref="1349616740" role=""/>
  <member type="way" ref="1349616741" role=""/>
  <member type="way" ref="300724837" role=""/>
  <member type="way" ref="1349479488" role=""/>
  <member type="way" ref="126748443" role=""/>
  <member type="way" ref="130657641" role=""/>
  <member type="way" ref="1344950121" role=""/>
  <member type="way" ref="1175798775" role=""/>
  <member type="way" ref="936841418" role=""/>
  <member type="way" ref="936841419" role=""/>
  <member type="way" ref="764254557" role=""/>
  <member type="way" ref="965258871" role=""/>
  <member type="way" ref="938483248" role=""/>
  <member type="way" ref="1349553324" role=""/>
  <member type="way" ref="69421415" role=""/>
  <member type="way" ref="764254564" role=""/>
  <member type="way" ref="965258870" role=""/>
  <member type="way" ref="1349553326" role=""/>
  <member type="way" ref="1349041895" role=""/>
  <tag k="charge" v="6.20 BRL"/>
  <tag k="duration" v="2:00"/>
  <tag k="fee" v="yes"/>
  <tag k="from" v="São Bernardo do Campo (Jardim João de Barro)"/>
  <tag k="name" v="147 São Caetano do Sul (Terminal Rodoviário Nicolau Delic)"/>
  <tag k="network" v="EMTU"/>
  <tag k="network:short" v="EMTU"/>
  <tag k="network:type" v="Comarcal"/>
  <tag k="network:wikidata" v="Q5374439"/>
  <tag k="network:wikipedia" v="pt:Empresa Metropolitana de Transportes Urbanos de São Paulo"/>
  <tag k="opening_hours" v="Mo-Fr 04:00-23:30; Sa 04:00-23:30; Su 04:00-23:30; PH 04:00-23:30"/>
  <tag k="operator" v="Trans Bus (Trans Bus Transportes Coletivos Ltda.)"/>
  <tag k="public_transport:version" v="2"/>
  <tag k="ref" v="147"/>
  <tag k="route" v="bus"/>
  <tag k="source" v="https://www.emtu.sp.gov.br/sistemas/linha/resultado_imp.htm?numlinha=35934; https://www.emtu.sp.gov.br"/>
  <tag k="to" v="São Caetano do Sul (Terminal Rodoviário Nicolau Delic)"/>
  <tag k="type" v="route"/>
  <tag k="via" v="São Bernardo do Campo (Paulicéia)"/>
 </relation>
 <relation id="10338740" visible="true" version="3" changeset="109995274" timestamp="2021-08-20T15:55:50Z" user="AjBelnuovo" uid="1799626">
  <member type="relation" ref="10338723" role=""/>
  <member type="relation" ref="12988953" role=""/>
  <tag k="colour" v="blue"/>
  <tag k="name" v="Ônibus 147 São Bernardo do Campo (Jardim Joao de Barro) / São Caetano do Sul (Terminal Rodoviário Nicolau Delic)"/>
  <tag k="network" v="EMTU"/>
  <tag k="network:short" v="EMTU"/>
  <tag k="network:wikidata" v="Q5374439"/>
  <tag k="network:wikipedia" v="pt:Empresa Metropolitana de Transportes Urbanos de São Paulo"/>
  <tag k="operator" v="Trans Bus (Trans Bus Transportes Coletivos Ltda.)"/>
  <tag k="ref" v="147"/>
  <tag k="route_master" v="bus"/>
  <tag k="source" v="https://www.emtu.sp.gov.br/sistemas/linha/resultado_imp.htm?numlinha=35934; https://www.emtu.sp.gov.br"/>
  <tag k="type" v="route_master"/>
 </relation>
 <relation id="10599374" visible="true" version="5" changeset="155637031" timestamp="2024-08-23T07:21:18Z" user="gscholz" uid="109705">
  <member type="node" ref="4526887649" role="admin_centre"/>
  <member type="way" ref="764194630" role="outer"/>
  <member type="way" ref="764194629" role="outer"/>
  <member type="way" ref="1175798785" role="outer"/>
  <member type="way" ref="127077797" role="outer"/>
  <member type="way" ref="1175798784" role="outer"/>
  <member type="way" ref="130785109" role="outer"/>
  <member type="way" ref="127077807" role="outer"/>
  <member type="way" ref="764194635" role="outer"/>
  <member type="way" ref="764194634" role="outer"/>
  <member type="way" ref="373086966" role="outer"/>
  <member type="way" ref="373086969" role="outer"/>
  <member type="way" ref="764194633" role="outer"/>
  <tag k="admin_level" v="10"/>
  <tag k="boundary" v="administrative"/>
  <tag k="name" v="Mauá"/>
  <tag k="type" v="boundary"/>
  <tag k="wikidata" v="Q10327707"/>
 </relation>
 <relation id="11306692" visible="true" version="3" changeset="131002168" timestamp="2023-01-08T03:49:44Z" user="IgorEliezer" uid="6833365">
  <member type="way" ref="471188167" role=""/>
  <member type="way" ref="306066887" role=""/>
  <member type="way" ref="1054944492" role=""/>
  <member type="way" ref="306066915" role=""/>
  <member type="way" ref="360607746" role=""/>
  <member type="way" ref="360607745" role=""/>
  <member type="way" ref="718927551" role=""/>
  <member type="way" ref="436295541" role=""/>
  <member type="way" ref="718479945" role=""/>
  <member type="way" ref="436295542" role=""/>
  <member type="way" ref="360607744" role=""/>
  <member type="way" ref="764194630" role=""/>
  <member type="way" ref="764194636" role=""/>
  <member type="way" ref="42845492" role=""/>
  <member type="way" ref="764254528" role=""/>
  <member type="way" ref="764254530" role=""/>
  <member type="way" ref="764254552" role=""/>
  <member type="way" ref="764254554" role=""/>
  <member type="way" ref="161393844" role=""/>
  <member type="way" ref="360607743" role=""/>
  <tag k="name" v="Ribeirão dos Meninos"/>
  <tag k="type" v="waterway"/>
  <tag k="waterway" v="stream"/>
 </relation>
 <relation id="12704201" visible="true" version="3" changeset="136021606" timestamp="2023-05-12T14:26:54Z" user="jaysonwcs" uid="18991845">
  <member type="way" ref="858180791" role="from"/>
  <member type="node" ref="1407216808" role="via"/>
  <member type="way" ref="1172103710" role="to"/>
  <tag k="implicit" v="yes"/>
  <tag k="restriction" v="no_left_turn"/>
  <tag k="type" v="restriction"/>
 </relation>
 <relation id="12988953" visible="true" version="28" changeset="162115636" timestamp="2025-02-04T08:50:39Z" user="pravaban" uid="21642930">
  <member type="way" ref="127666452" role=""/>
  <member type="way" ref="1153931944" role=""/>
  <member type="way" ref="1209878410" role=""/>
  <member type="way" ref="1153931943" role=""/>
  <member type="way" ref="127559299" role=""/>
  <member type="way" ref="127559278" role=""/>
  <member type="way" ref="1172095062" role=""/>
  <member type="way" ref="69421407" role=""/>
  <member type="way" ref="1353796924" role=""/>
  <member type="way" ref="1353796941" role=""/>
  <member type="way" ref="1353796931" role=""/>
  <member type="way" ref="642883023" role=""/>
  <member type="way" ref="100223011" role=""/>
  <member type="way" ref="1172899582" role=""/>
  <member type="way" ref="764254565" role=""/>
  <member type="way" ref="1172095061" role=""/>
  <member type="way" ref="764254559" role=""/>
  <member type="way" ref="1353796939" role=""/>
  <member type="way" ref="130658066" role=""/>
  <member type="way" ref="1172899579" role=""/>
  <member type="way" ref="130662519" role=""/>
  <member type="way" ref="1349883186" role=""/>
  <member type="way" ref="126794865" role=""/>
  <member type="way" ref="166769344" role=""/>
  <member type="way" ref="1163715037" role=""/>
  <member type="way" ref="1349479489" role=""/>
  <member type="way" ref="283837612" role=""/>
  <member type="way" ref="1349616742" role=""/>
  <member type="way" ref="1349616743" role=""/>
  <member type="way" ref="1175479590" role=""/>
  <member type="way" ref="283837930" role=""/>
  <member type="way" ref="965258867" role=""/>
  <member type="way" ref="938511515" role=""/>
  <member type="way" ref="938511514" role=""/>
  <member type="way" ref="283836052" role=""/>
  <member type="way" ref="1176089710" role=""/>
  <member type="way" ref="287600627" role=""/>
  <member type="way" ref="457967740" role=""/>
  <member type="way" ref="246355229" role=""/>
  <member type="way" ref="246355235" role=""/>
  <member type="way" ref="415068849" role=""/>
  <member type="way" ref="941518041" role=""/>
  <member type="way" ref="941520697" role=""/>
  <member type="way" ref="942371585" role=""/>
  <member type="way" ref="942371588" role=""/>
  <member type="way" ref="942370829" role=""/>
  <member type="way" ref="941520696" role=""/>
  <member type="way" ref="941525650" role=""/>
  <member type="way" ref="1176089707" role=""/>
  <member type="way" ref="941525649" role=""/>
  <member type="way" ref="642883031" role=""/>
  <member type="way" ref="739457783" role=""/>
  <member type="way" ref="1349932013" role=""/>
  <member type="way" ref="1263814036" role=""/>
  <member type="way" ref="691048388" role=""/>
  <member type="way" ref="635794974" role=""/>
  <member type="way" ref="635794971" role=""/>
  <member type="way" ref="965258864" role=""/>
  <member type="way" ref="129228634" role=""/>
  <member type="way" ref="858399943" role=""/>
  <member type="way" ref="128515918" role=""/>
  <member type="way" ref="128515922" role=""/>
  <member type="way" ref="128505254" role=""/>
  <member type="way" ref="128505255" role=""/>
  <member type="way" ref="1338653329" role=""/>
  <member type="way" ref="375846549" role=""/>
  <member type="way" ref="965258865" role=""/>
  <member type="way" ref="837872604" role=""/>
  <member type="way" ref="297531680" role=""/>
  <member type="way" ref="287806826" role=""/>
  <member type="way" ref="691058668" role=""/>
  <member type="way" ref="293917151" role=""/>
  <member type="way" ref="293915035" role=""/>
  <member type="way" ref="128504911" role=""/>
  <member type="way" ref="631295100" role=""/>
  <member type="way" ref="939427943" role=""/>
  <member type="way" ref="939427942" role=""/>
  <member type="way" ref="516719572" role=""/>
  <member type="way" ref="293928672" role=""/>
  <member type="way" ref="938880005" role=""/>
  <member type="way" ref="939427338" role=""/>
  <member type="way" ref="938880006" role=""/>
  <member type="way" ref="939427339" role=""/>
  <member type="way" ref="939427340" role=""/>
  <member type="way" ref="930772711" role=""/>
  <member type="way" ref="293912404" role=""/>
  <member type="way" ref="691077496" role=""/>
  <member type="way" ref="293928698" role=""/>
  <member type="way" ref="286528573" role=""/>
  <member type="way" ref="286528550" role=""/>
  <member type="way" ref="286528529" role=""/>
  <member type="way" ref="294098189" role=""/>
  <member type="way" ref="258845172" role=""/>
  <member type="way" ref="128506849" role=""/>
  <member type="way" ref="195810764" role=""/>
  <member type="way" ref="292371741" role=""/>
  <member type="way" ref="303103353" role=""/>
  <member type="way" ref="1356621600" role=""/>
  <member type="way" ref="648608585" role=""/>
  <member type="way" ref="260187227" role=""/>
  <member type="way" ref="281131597" role=""/>
  <member type="way" ref="281131599" role=""/>
  <member type="way" ref="128503192" role=""/>
  <member type="way" ref="743182099" role=""/>
  <member type="way" ref="718245013" role=""/>
  <member type="way" ref="293633764" role=""/>
  <member type="way" ref="293937472" role=""/>
  <member type="way" ref="293937314" role=""/>
  <member type="way" ref="834621226" role=""/>
  <member type="way" ref="939110478" role=""/>
  <member type="way" ref="293937519" role=""/>
  <member type="way" ref="822295082" role=""/>
  <member type="way" ref="293937533" role=""/>
  <member type="way" ref="293937208" role=""/>
  <member type="way" ref="758807587" role=""/>
  <member type="way" ref="246079366" role=""/>
  <member type="way" ref="742002390" role=""/>
  <member type="way" ref="965253399" role=""/>
  <member type="way" ref="293940713" role=""/>
  <member type="way" ref="303877946" role=""/>
  <member type="way" ref="559243233" role=""/>
  <member type="way" ref="965251163" role=""/>
  <member type="way" ref="303877945" role=""/>
  <member type="way" ref="27179492" role=""/>
  <member type="way" ref="965253389" role=""/>
  <member type="way" ref="514913110" role=""/>
  <member type="way" ref="1204462176" role=""/>
  <member type="way" ref="303097284" role=""/>
  <member type="way" ref="965251162" role=""/>
  <member type="way" ref="254165344" role=""/>
  <member type="way" ref="254173138" role=""/>
  <member type="way" ref="855787216" role=""/>
  <member type="way" ref="855787217" role=""/>
  <member type="way" ref="254173156" role=""/>
  <member type="way" ref="499568485" role=""/>
  <member type="way" ref="965251170" role=""/>
  <member type="way" ref="135487963" role=""/>
  <member type="way" ref="826325817" role=""/>
  <member type="way" ref="248344268" role=""/>
  <member type="way" ref="248343576" role=""/>
  <member type="way" ref="248343628" role=""/>
  <member type="way" ref="248343529" role=""/>
  <member type="way" ref="452155220" role=""/>
  <member type="way" ref="248343447" role=""/>
  <member type="way" ref="286362407" role=""/>
  <member type="way" ref="248343288" role=""/>
  <member type="way" ref="286362448" role=""/>
  <member type="way" ref="248342896" role=""/>
  <member type="way" ref="248342283" role=""/>
  <member type="way" ref="286362487" role=""/>
  <member type="way" ref="286362488" role=""/>
  <member type="way" ref="248341353" role=""/>
  <member type="way" ref="248341383" role=""/>
  <member type="way" ref="286361756" role=""/>
  <member type="way" ref="286361725" role=""/>
  <member type="way" ref="826325809" role=""/>
  <member type="way" ref="248340712" role=""/>
  <member type="way" ref="248340762" role=""/>
  <member type="way" ref="290622700" role=""/>
  <member type="way" ref="938901751" role=""/>
  <member type="way" ref="858444019" role=""/>
  <member type="way" ref="249119862" role=""/>
  <member type="way" ref="124950871" role=""/>
  <member type="way" ref="124950807" role=""/>
  <member type="way" ref="124950808" role=""/>
  <member type="way" ref="426852377" role=""/>
  <member type="way" ref="1216396247" role=""/>
  <member type="way" ref="971794584" role=""/>
  <member type="way" ref="973989495" role=""/>
  <member type="way" ref="971794583" role=""/>
  <member type="way" ref="318896647" role=""/>
  <member type="way" ref="287660215" role=""/>
  <member type="way" ref="972261012" role=""/>
  <member type="way" ref="287660204" role=""/>
  <member type="way" ref="938568737" role=""/>
  <member type="way" ref="787170655" role=""/>
  <member type="way" ref="1216394401" role=""/>
  <member type="way" ref="825424157" role=""/>
  <member type="way" ref="302167148" role=""/>
  <member type="way" ref="825424160" role=""/>
  <member type="way" ref="965374077" role=""/>
  <member type="way" ref="965251161" role=""/>
  <member type="way" ref="454045998" role=""/>
  <member type="way" ref="787169790" role=""/>
  <member type="way" ref="936767784" role=""/>
  <member type="way" ref="290273225" role=""/>
  <member type="way" ref="290273196" role=""/>
  <member type="way" ref="460256777" role=""/>
  <member type="way" ref="456268621" role=""/>
  <member type="way" ref="332484895" role=""/>
  <member type="way" ref="754625219" role=""/>
  <member type="way" ref="758276636" role=""/>
  <member type="way" ref="936841556" role=""/>
  <member type="way" ref="456267531" role=""/>
  <member type="way" ref="253248123" role=""/>
  <member type="way" ref="253247840" role=""/>
  <member type="way" ref="253247891" role=""/>
  <member type="way" ref="292107652" role=""/>
  <member type="way" ref="124952416" role=""/>
  <member type="way" ref="939062451" role=""/>
  <member type="way" ref="624949797" role=""/>
  <member type="way" ref="790366858" role=""/>
  <member type="way" ref="293383884" role=""/>
  <member type="way" ref="939064525" role=""/>
  <member type="way" ref="293385064" role=""/>
  <member type="way" ref="939066505" role=""/>
  <member type="way" ref="939066506" role=""/>
  <member type="way" ref="939067257" role=""/>
  <member type="way" ref="965770988" role=""/>
  <member type="way" ref="855875204" role=""/>
  <member type="way" ref="855875203" role=""/>
  <member type="way" ref="1065955505" role=""/>
  <member type="way" ref="938525069" role=""/>
  <member type="way" ref="292503049" role=""/>
  <member type="way" ref="937414706" role=""/>
  <member type="way" ref="936938473" role=""/>
  <member type="way" ref="937414709" role=""/>
  <member type="way" ref="936938472" role=""/>
  <member type="way" ref="937414710" role=""/>
  <member type="way" ref="937414714" role=""/>
  <member type="way" ref="308329605" role=""/>
  <member type="way" ref="826325816" role=""/>
  <member type="way" ref="293133361" role=""/>
  <member type="way" ref="293133612" role=""/>
  <member type="way" ref="760188134" role=""/>
  <member type="way" ref="760188135" role=""/>
  <member type="way" ref="292115565" role=""/>
  <member type="way" ref="292113407" role=""/>
  <member type="way" ref="292113398" role=""/>
  <member type="way" ref="292113010" role=""/>
  <member type="way" ref="936879791" role=""/>
  <member type="way" ref="292501299" role=""/>
  <member type="way" ref="581032008" role=""/>
  <member type="way" ref="292117906" role=""/>
  <member type="way" ref="303848105" role=""/>
  <member type="way" ref="292121891" role=""/>
  <member type="way" ref="303709062" role=""/>
  <member type="way" ref="303708479" role=""/>
  <member type="way" ref="292121075" role=""/>
  <member type="way" ref="152798395" role=""/>
  <member type="way" ref="965258881" role=""/>
  <tag k="charge" v="6.20 BRL"/>
  <tag k="duration" v="2:00"/>
  <tag k="fee" v="yes"/>
  <tag k="from" v="São Caetano do Sul (Terminal Rodoviário Nicolau Delic)"/>
  <tag k="name" v="147 São Bernardo do Campo (Jardim João de Barro)"/>
  <tag k="network" v="EMTU"/>
  <tag k="network:short" v="EMTU"/>
  <tag k="network:wikidata" v="Q5374439"/>
  <tag k="network:wikipedia" v="pt:Empresa Metropolitana de Transportes Urbanos de São Paulo"/>
  <tag k="opening_hours" v="Mo-Fr 05:10-00:30; Sa 05:10-00:30; Su 05:20-00:30; PH 05:20-00:30"/>
  <tag k="operator" v="Trans Bus (Trans Bus Transportes Coletivos Ltda.)"/>
  <tag k="public_transport:version" v="2"/>
  <tag k="ref" v="147"/>
  <tag k="route" v="bus"/>
  <tag k="source" v="https://www.emtu.sp.gov.br/sistemas/linha/resultado_imp.htm?numlinha=35934; https://www.emtu.sp.gov.br"/>
  <tag k="to" v="São Bernardo do Campo (Jardim João de Barro)"/>
  <tag k="type" v="route"/>
  <tag k="via" v="São Bernardo do Campo (Paulicéia)"/>
 </relation>
 <relation id="13017294" visible="true" version="20" changeset="168677667" timestamp="2025-07-09T05:55:08Z" user="MountTambora" uid="22435589">
  <member type="way" ref="451342410" role=""/>
  <member type="way" ref="965391770" role=""/>
  <member type="way" ref="272807022" role=""/>
  <member type="way" ref="296377238" role=""/>
  <member type="way" ref="967412175" role=""/>
  <member type="way" ref="51382299" role=""/>
  <member type="way" ref="297468275" role=""/>
  <member type="way" ref="296377258" role=""/>
  <member type="way" ref="297468477" role=""/>
  <member type="way" ref="95781795" role=""/>
  <member type="way" ref="481488930" role=""/>
  <member type="way" ref="481488937" role=""/>
  <member type="way" ref="967289218" role=""/>
  <member type="way" ref="967289217" role=""/>
  <member type="way" ref="137715852" role=""/>
  <member type="way" ref="298953693" role=""/>
  <member type="way" ref="137715926" role=""/>
  <member type="way" ref="94820779" role=""/>
  <member type="way" ref="941537402" role=""/>
  <member type="way" ref="941537401" role=""/>
  <member type="way" ref="481488943" role=""/>
  <member type="way" ref="1413415332" role=""/>
  <member type="way" ref="717715739" role=""/>
  <member type="way" ref="717715740" role=""/>
  <member type="way" ref="51382348" role=""/>
  <member type="way" ref="941468510" role=""/>
  <member type="way" ref="129999768" role=""/>
  <member type="way" ref="1154983271" role=""/>
  <member type="way" ref="196932639" role=""/>
  <member type="way" ref="196932640" role=""/>
  <member type="way" ref="1413415330" role=""/>
  <member type="way" ref="129999732" role=""/>
  <member type="way" ref="942613677" role=""/>
  <member type="way" ref="129999709" role=""/>
  <member type="way" ref="967290706" role=""/>
  <member type="way" ref="130174556" role=""/>
  <member type="way" ref="302132101" role=""/>
  <member type="way" ref="967285893" role=""/>
  <member type="way" ref="967285894" role=""/>
  <member type="way" ref="130174575" role=""/>
  <member type="way" ref="967290701" role=""/>
  <member type="way" ref="967285895" role=""/>
  <member type="way" ref="130174577" role=""/>
  <member type="way" ref="130174576" role=""/>
  <member type="way" ref="967289215" role=""/>
  <member type="way" ref="429499084" role=""/>
  <member type="way" ref="436804611" role=""/>
  <member type="way" ref="130102542" role=""/>
  <member type="way" ref="691241225" role=""/>
  <member type="way" ref="27183544" role=""/>
  <member type="way" ref="965251162" role=""/>
  <member type="way" ref="254165345" role=""/>
  <member type="way" ref="303098296" role=""/>
  <member type="way" ref="293941073" role=""/>
  <member type="way" ref="758807589" role=""/>
  <member type="way" ref="965253399" role=""/>
  <member type="way" ref="742002390" role=""/>
  <member type="way" ref="293938999" role=""/>
  <member type="way" ref="826325808" role=""/>
  <member type="way" ref="758807588" role=""/>
  <member type="way" ref="812695970" role=""/>
  <member type="way" ref="27015011" role=""/>
  <member type="way" ref="834624466" role=""/>
  <member type="way" ref="27015012" role=""/>
  <member type="way" ref="27014890" role=""/>
  <member type="way" ref="310232823" role=""/>
  <member type="way" ref="718245014" role=""/>
  <member type="way" ref="310307554" role=""/>
  <member type="way" ref="303102687" role=""/>
  <member type="way" ref="129247396" role=""/>
  <member type="way" ref="300404655" role=""/>
  <member type="way" ref="648608585" role=""/>
  <member type="way" ref="633518653" role=""/>
  <member type="way" ref="27015646" role=""/>
  <member type="way" ref="27015647" role=""/>
  <member type="way" ref="691066856" role=""/>
  <member type="way" ref="128504911" role=""/>
  <member type="way" ref="195810756" role=""/>
  <member type="way" ref="631708521" role=""/>
  <member type="way" ref="758784264" role=""/>
  <member type="way" ref="691057991" role=""/>
  <member type="way" ref="938590543" role=""/>
  <member type="way" ref="293914770" role=""/>
  <member type="way" ref="128528239" role=""/>
  <member type="way" ref="691052459" role=""/>
  <member type="way" ref="128505258" role=""/>
  <member type="way" ref="641333866" role=""/>
  <member type="way" ref="377630720" role=""/>
  <member type="way" ref="128515925" role=""/>
  <member type="way" ref="858399942" role=""/>
  <member type="way" ref="128515913" role=""/>
  <member type="way" ref="965258877" role=""/>
  <member type="way" ref="129228633" role=""/>
  <member type="way" ref="635794974" role=""/>
  <member type="way" ref="691048388" role=""/>
  <member type="way" ref="1263814037" role=""/>
  <member type="way" ref="1349932014" role=""/>
  <member type="way" ref="1263814041" role=""/>
  <member type="way" ref="1349932015" role=""/>
  <member type="way" ref="635794972" role=""/>
  <member type="way" ref="127062183" role=""/>
  <member type="way" ref="764194635" role=""/>
  <member type="way" ref="456843054" role=""/>
  <member type="way" ref="764254540" role=""/>
  <member type="way" ref="942369400" role=""/>
  <member type="way" ref="456844133" role=""/>
  <member type="way" ref="941520693" role=""/>
  <member type="way" ref="942370830" role=""/>
  <member type="way" ref="942371589" role=""/>
  <member type="way" ref="942371586" role=""/>
  <member type="way" ref="127062184" role=""/>
  <member type="way" ref="941518040" role=""/>
  <member type="way" ref="246355235" role=""/>
  <member type="way" ref="126985751" role=""/>
  <member type="way" ref="457967740" role=""/>
  <member type="way" ref="287600627" role=""/>
  <member type="way" ref="1176089710" role=""/>
  <member type="way" ref="126985287" role=""/>
  <member type="way" ref="965258875" role=""/>
  <member type="way" ref="938511513" role=""/>
  <member type="way" ref="1349465281" role=""/>
  <member type="way" ref="965258874" role=""/>
  <member type="way" ref="283837535" role=""/>
  <member type="way" ref="1166162912" role=""/>
  <member type="way" ref="283836163" role=""/>
  <member type="way" ref="1349616740" role=""/>
  <member type="way" ref="1349616741" role=""/>
  <member type="way" ref="300724837" role=""/>
  <member type="way" ref="1349479488" role=""/>
  <member type="way" ref="126748443" role=""/>
  <member type="way" ref="130657641" role=""/>
  <member type="way" ref="1344950121" role=""/>
  <member type="way" ref="1175798775" role=""/>
  <member type="way" ref="936841418" role=""/>
  <member type="way" ref="936841419" role=""/>
  <member type="way" ref="764254557" role=""/>
  <member type="way" ref="965258871" role=""/>
  <member type="way" ref="938483248" role=""/>
  <member type="way" ref="1349553324" role=""/>
  <member type="way" ref="69421415" role=""/>
  <member type="way" ref="764254564" role=""/>
  <member type="way" ref="965258870" role=""/>
  <member type="way" ref="1349553326" role=""/>
  <member type="way" ref="1349041895" role=""/>
  <tag k="charge" v="4.85 BRL"/>
  <tag k="distance" v="16.7"/>
  <tag k="duration" v="1:10"/>
  <tag k="fee" v="yes"/>
  <tag k="from" v="Diadema (Terminal Metropolitano Diadema)"/>
  <tag k="name" v="254 São Caetano do Sul (Terminal Rodoviário Nicolau Delic)"/>
  <tag k="network" v="EMTU"/>
  <tag k="network:short" v="EMTU"/>
  <tag k="network:wikidata" v="Q5374439"/>
  <tag k="network:wikipedia" v="pt:Empresa Metropolitana de Transportes Urbanos de São Paulo"/>
  <tag k="opening_hours" v="Mo-Fr 04:40-23:00; Sa 04:50-22:50; Su 05:00-22:10; PH 05:00-22:10"/>
  <tag k="operator" v="Trans Bus (Trans Bus Transportes Coletivos Ltda.)"/>
  <tag k="public_transport:version" v="2"/>
  <tag k="ref" v="254"/>
  <tag k="route" v="bus"/>
  <tag k="source" v="https://www.emtu.sp.gov.br/sistemas/linha/resultado_imp.htm?numlinha=35938; https://www.emtu.sp.gov.br"/>
  <tag k="to" v="São Caetano do Sul (Terminal Rodoviário Nicolau Delic)"/>
  <tag k="type" v="route"/>
  <tag k="via" v="Diadema (Jardim Canhema)"/>
 </relation>
 <relation id="13017295" visible="true" version="21" changeset="161691759" timestamp="2025-01-23T22:25:41Z" user="jaysonwcs" uid="18991845">
  <member type="way" ref="1209878416" role=""/>
  <member type="way" ref="166624830" role=""/>
  <member type="way" ref="1176115287" role=""/>
  <member type="way" ref="1209878418" role=""/>
  <member type="way" ref="1209878411" role=""/>
  <member type="way" ref="1172095063" role=""/>
  <member type="way" ref="1209878409" role=""/>
  <member type="way" ref="1153931938" role=""/>
  <member type="way" ref="127559278" role=""/>
  <member type="way" ref="1172095062" role=""/>
  <member type="way" ref="69421407" role=""/>
  <member type="way" ref="1353796924" role=""/>
  <member type="way" ref="1353796941" role=""/>
  <member type="way" ref="1353796931" role=""/>
  <member type="way" ref="642883023" role=""/>
  <member type="way" ref="100223011" role=""/>
  <member type="way" ref="1172899582" role=""/>
  <member type="way" ref="764254565" role=""/>
  <member type="way" ref="1172095061" role=""/>
  <member type="way" ref="764254559" role=""/>
  <member type="way" ref="1353796939" role=""/>
  <member type="way" ref="130658066" role=""/>
  <member type="way" ref="1172899579" role=""/>
  <member type="way" ref="130662519" role=""/>
  <member type="way" ref="1349883186" role=""/>
  <member type="way" ref="126794865" role=""/>
  <member type="way" ref="166769344" role=""/>
  <member type="way" ref="1163715037" role=""/>
  <member type="way" ref="1349479489" role=""/>
  <member type="way" ref="283837612" role=""/>
  <member type="way" ref="1349616742" role=""/>
  <member type="way" ref="1349616743" role=""/>
  <member type="way" ref="1175479590" role=""/>
  <member type="way" ref="283837930" role=""/>
  <member type="way" ref="965258867" role=""/>
  <member type="way" ref="938511515" role=""/>
  <member type="way" ref="938511514" role=""/>
  <member type="way" ref="283836052" role=""/>
  <member type="way" ref="1176089710" role=""/>
  <member type="way" ref="287600627" role=""/>
  <member type="way" ref="457967740" role=""/>
  <member type="way" ref="246355229" role=""/>
  <member type="way" ref="246355235" role=""/>
  <member type="way" ref="415068849" role=""/>
  <member type="way" ref="941518041" role=""/>
  <member type="way" ref="941520697" role=""/>
  <member type="way" ref="942371585" role=""/>
  <member type="way" ref="942371588" role=""/>
  <member type="way" ref="942370829" role=""/>
  <member type="way" ref="941520696" role=""/>
  <member type="way" ref="941525650" role=""/>
  <member type="way" ref="1176089707" role=""/>
  <member type="way" ref="941525649" role=""/>
  <member type="way" ref="642883031" role=""/>
  <member type="way" ref="739457783" role=""/>
  <member type="way" ref="1349932013" role=""/>
  <member type="way" ref="1263814036" role=""/>
  <member type="way" ref="691048388" role=""/>
  <member type="way" ref="635794974" role=""/>
  <member type="way" ref="635794971" role=""/>
  <member type="way" ref="965258864" role=""/>
  <member type="way" ref="129228634" role=""/>
  <member type="way" ref="858399943" role=""/>
  <member type="way" ref="128515918" role=""/>
  <member type="way" ref="128515922" role=""/>
  <member type="way" ref="128505254" role=""/>
  <member type="way" ref="128505255" role=""/>
  <member type="way" ref="1338653329" role=""/>
  <member type="way" ref="375846549" role=""/>
  <member type="way" ref="965258865" role=""/>
  <member type="way" ref="837872604" role=""/>
  <member type="way" ref="297531680" role=""/>
  <member type="way" ref="287806826" role=""/>
  <member type="way" ref="691058668" role=""/>
  <member type="way" ref="23991374" role=""/>
  <member type="way" ref="415254377" role=""/>
  <member type="way" ref="743182101" role=""/>
  <member type="way" ref="128503192" role=""/>
  <member type="way" ref="743182099" role=""/>
  <member type="way" ref="718245013" role=""/>
  <member type="way" ref="293633764" role=""/>
  <member type="way" ref="293937472" role=""/>
  <member type="way" ref="293937314" role=""/>
  <member type="way" ref="834621226" role=""/>
  <member type="way" ref="939110478" role=""/>
  <member type="way" ref="293937519" role=""/>
  <member type="way" ref="822295082" role=""/>
  <member type="way" ref="293937533" role=""/>
  <member type="way" ref="293937208" role=""/>
  <member type="way" ref="758807587" role=""/>
  <member type="way" ref="246079366" role=""/>
  <member type="way" ref="742002390" role=""/>
  <member type="way" ref="965253399" role=""/>
  <member type="way" ref="293940713" role=""/>
  <member type="way" ref="303877946" role=""/>
  <member type="way" ref="559243233" role=""/>
  <member type="way" ref="965251163" role=""/>
  <member type="way" ref="303877945" role=""/>
  <member type="way" ref="965258863" role=""/>
  <member type="way" ref="965253398" role=""/>
  <member type="way" ref="27183544" role=""/>
  <member type="way" ref="691241225" role=""/>
  <member type="way" ref="130102542" role=""/>
  <member type="way" ref="436804611" role=""/>
  <member type="way" ref="967289214" role=""/>
  <member type="way" ref="967289216" role=""/>
  <member type="way" ref="967289215" role=""/>
  <member type="way" ref="130174576" role=""/>
  <member type="way" ref="130174577" role=""/>
  <member type="way" ref="967285895" role=""/>
  <member type="way" ref="967290701" role=""/>
  <member type="way" ref="130174575" role=""/>
  <member type="way" ref="967285894" role=""/>
  <member type="way" ref="967285893" role=""/>
  <member type="way" ref="302132101" role=""/>
  <member type="way" ref="130174556" role=""/>
  <member type="way" ref="967290706" role=""/>
  <member type="way" ref="129999709" role=""/>
  <member type="way" ref="942613677" role=""/>
  <member type="way" ref="942613678" role=""/>
  <member type="way" ref="942613676" role=""/>
  <member type="way" ref="868833305" role=""/>
  <member type="way" ref="227617342" role=""/>
  <member type="way" ref="717721253" role=""/>
  <member type="way" ref="717721252" role=""/>
  <member type="way" ref="941542804" role=""/>
  <member type="way" ref="1340311706" role=""/>
  <member type="way" ref="1340311707" role=""/>
  <member type="way" ref="758542817" role=""/>
  <member type="way" ref="481488940" role=""/>
  <member type="way" ref="758530602" role=""/>
  <member type="way" ref="481488936" role=""/>
  <member type="way" ref="296377156" role=""/>
  <member type="way" ref="868833304" role=""/>
  <member type="way" ref="272806863" role=""/>
  <tag k="charge" v="4.85 BRL"/>
  <tag k="distance" v="17.587"/>
  <tag k="duration" v="1:10"/>
  <tag k="fee" v="yes"/>
  <tag k="from" v="São Caetano do Sul (Terminal Rodoviário Nicolau Delic)"/>
  <tag k="name" v="254 Diadema (Terminal Metropolitano Diadema)"/>
  <tag k="network" v="EMTU"/>
  <tag k="network:short" v="EMTU"/>
  <tag k="network:wikidata" v="Q5374439"/>
  <tag k="network:wikipedia" v="pt:Empresa Metropolitana de Transportes Urbanos de São Paulo"/>
  <tag k="opening_hours" v="Mo-Fr 05:00-23:40; Sa 05:25-23:40; Su 06:00-23:10; PH 06:00-23:10"/>
  <tag k="operator" v="Trans Bus (Trans Bus Transportes Coletivos Ltda.)"/>
  <tag k="public_transport:version" v="2"/>
  <tag k="ref" v="254"/>
  <tag k="route" v="bus"/>
  <tag k="source" v="https://www.emtu.sp.gov.br/sistemas/linha/resultado_imp.htm?numlinha=35938; https://www.emtu.sp.gov.br"/>
  <tag k="to" v="Diadema (Terminal Metropolitano Diadema)"/>
  <tag k="type" v="route"/>
  <tag k="via" v="Diadema (Jardim Canhema)"/>
 </relation>
 <relation id="13017296" visible="true" version="2" changeset="109995274" timestamp="2021-08-20T15:55:50Z" user="AjBelnuovo" uid="1799626">
  <member type="relation" ref="13017295" role=""/>
  <member type="relation" ref="13017294" role=""/>
  <tag k="name" v="Ônibus 254 Diadema (Terminal Metropolitano Diadema) / São Caetano do Sul (Terminal Rodoviário Nicolau Delic)"/>
  <tag k="network" v="EMTU"/>
  <tag k="network:short" v="EMTU"/>
  <tag k="network:wikidata" v="Q5374439"/>
  <tag k="network:wikipedia" v="pt:Empresa Metropolitana de Transportes Urbanos de São Paulo"/>
  <tag k="operator" v="Trans Bus (Trans Bus Transportes Coletivos Ltda.)"/>
  <tag k="ref" v="254"/>
  <tag k="route_master" v="bus"/>
  <tag k="source" v="https://www.emtu.sp.gov.br/sistemas/linha/resultado_imp.htm?numlinha=35938; https://www.emtu.sp.gov.br"/>
  <tag k="type" v="route_master"/>
 </relation>
 <relation id="13017322" visible="true" version="21" changeset="168677667" timestamp="2025-07-09T05:55:08Z" user="MountTambora" uid="22435589">
  <member type="way" ref="451342410" role=""/>
  <member type="way" ref="965391770" role=""/>
  <member type="way" ref="272807022" role=""/>
  <member type="way" ref="296377238" role=""/>
  <member type="way" ref="967412175" role=""/>
  <member type="way" ref="51382299" role=""/>
  <member type="way" ref="297468275" role=""/>
  <member type="way" ref="296377258" role=""/>
  <member type="way" ref="297468477" role=""/>
  <member type="way" ref="95781795" role=""/>
  <member type="way" ref="481488930" role=""/>
  <member type="way" ref="481488937" role=""/>
  <member type="way" ref="967289218" role=""/>
  <member type="way" ref="967289217" role=""/>
  <member type="way" ref="137715852" role=""/>
  <member type="way" ref="298953693" role=""/>
  <member type="way" ref="137715926" role=""/>
  <member type="way" ref="94820779" role=""/>
  <member type="way" ref="941537402" role=""/>
  <member type="way" ref="941537401" role=""/>
  <member type="way" ref="481488943" role=""/>
  <member type="way" ref="1413415332" role=""/>
  <member type="way" ref="717715739" role=""/>
  <member type="way" ref="717715740" role=""/>
  <member type="way" ref="51382348" role=""/>
  <member type="way" ref="941468510" role=""/>
  <member type="way" ref="129999768" role=""/>
  <member type="way" ref="1154983271" role=""/>
  <member type="way" ref="196932639" role=""/>
  <member type="way" ref="196932640" role=""/>
  <member type="way" ref="1413415330" role=""/>
  <member type="way" ref="129999732" role=""/>
  <member type="way" ref="942613677" role=""/>
  <member type="way" ref="129999709" role=""/>
  <member type="way" ref="130174574" role=""/>
  <member type="way" ref="499556541" role=""/>
  <member type="way" ref="967290703" role=""/>
  <member type="way" ref="130174558" role=""/>
  <member type="way" ref="130174575" role=""/>
  <member type="way" ref="967285894" role=""/>
  <member type="way" ref="302134043" role=""/>
  <member type="way" ref="302133139" role=""/>
  <member type="way" ref="130174621" role=""/>
  <member type="way" ref="130174567" role=""/>
  <member type="way" ref="967285892" role=""/>
  <member type="way" ref="130101445" role=""/>
  <member type="way" ref="967285891" role=""/>
  <member type="way" ref="642900970" role=""/>
  <member type="way" ref="302141896" role=""/>
  <member type="way" ref="856214863" role=""/>
  <member type="way" ref="302141898" role=""/>
  <member type="way" ref="856214861" role=""/>
  <member type="way" ref="302141894" role=""/>
  <member type="way" ref="302144095" role=""/>
  <member type="way" ref="302144124" role=""/>
  <member type="way" ref="968620659" role=""/>
  <member type="way" ref="968933658" role=""/>
  <member type="way" ref="27184351" role=""/>
  <member type="way" ref="675070654" role=""/>
  <member type="way" ref="675070653" role=""/>
  <member type="way" ref="967290697" role=""/>
  <member type="way" ref="27179248" role=""/>
  <member type="way" ref="303097285" role=""/>
  <member type="way" ref="303878258" role=""/>
  <member type="way" ref="302964902" role=""/>
  <member type="way" ref="965251164" role=""/>
  <member type="way" ref="303098296" role=""/>
  <member type="way" ref="293941073" role=""/>
  <member type="way" ref="758807589" role=""/>
  <member type="way" ref="965253399" role=""/>
  <member type="way" ref="742002390" role=""/>
  <member type="way" ref="293938999" role=""/>
  <member type="way" ref="826325808" role=""/>
  <member type="way" ref="758807588" role=""/>
  <member type="way" ref="812695970" role=""/>
  <member type="way" ref="27015011" role=""/>
  <member type="way" ref="834624466" role=""/>
  <member type="way" ref="27015012" role=""/>
  <member type="way" ref="27014890" role=""/>
  <member type="way" ref="310232823" role=""/>
  <member type="way" ref="718245014" role=""/>
  <member type="way" ref="310307554" role=""/>
  <member type="way" ref="303102687" role=""/>
  <member type="way" ref="129247396" role=""/>
  <member type="way" ref="300404655" role=""/>
  <member type="way" ref="648608585" role=""/>
  <member type="way" ref="633518653" role=""/>
  <member type="way" ref="27015646" role=""/>
  <member type="way" ref="27015647" role=""/>
  <member type="way" ref="691066856" role=""/>
  <member type="way" ref="128504911" role=""/>
  <member type="way" ref="195810756" role=""/>
  <member type="way" ref="631708521" role=""/>
  <member type="way" ref="758784264" role=""/>
  <member type="way" ref="691057991" role=""/>
  <member type="way" ref="938590543" role=""/>
  <member type="way" ref="293914770" role=""/>
  <member type="way" ref="128528239" role=""/>
  <member type="way" ref="691052459" role=""/>
  <member type="way" ref="128505258" role=""/>
  <member type="way" ref="641333866" role=""/>
  <member type="way" ref="377630720" role=""/>
  <member type="way" ref="128515925" role=""/>
  <member type="way" ref="858399942" role=""/>
  <member type="way" ref="128515913" role=""/>
  <member type="way" ref="965258877" role=""/>
  <member type="way" ref="129228633" role=""/>
  <member type="way" ref="635794974" role=""/>
  <member type="way" ref="691048388" role=""/>
  <member type="way" ref="1263814037" role=""/>
  <member type="way" ref="1349932014" role=""/>
  <member type="way" ref="1263814041" role=""/>
  <member type="way" ref="1349932015" role=""/>
  <member type="way" ref="635794972" role=""/>
  <member type="way" ref="127062183" role=""/>
  <member type="way" ref="764194635" role=""/>
  <member type="way" ref="456843054" role=""/>
  <member type="way" ref="764254540" role=""/>
  <member type="way" ref="942369400" role=""/>
  <member type="way" ref="456844133" role=""/>
  <member type="way" ref="941520693" role=""/>
  <member type="way" ref="942370830" role=""/>
  <member type="way" ref="942371589" role=""/>
  <member type="way" ref="942371586" role=""/>
  <member type="way" ref="127062184" role=""/>
  <member type="way" ref="941518040" role=""/>
  <member type="way" ref="246355235" role=""/>
  <member type="way" ref="126985751" role=""/>
  <member type="way" ref="457967740" role=""/>
  <member type="way" ref="287600627" role=""/>
  <member type="way" ref="1176089710" role=""/>
  <member type="way" ref="126985287" role=""/>
  <member type="way" ref="965258875" role=""/>
  <member type="way" ref="938511513" role=""/>
  <member type="way" ref="1349465281" role=""/>
  <member type="way" ref="965258874" role=""/>
  <member type="way" ref="283837535" role=""/>
  <member type="way" ref="1166162912" role=""/>
  <member type="way" ref="283836163" role=""/>
  <member type="way" ref="1349616740" role=""/>
  <member type="way" ref="1349616741" role=""/>
  <member type="way" ref="300724837" role=""/>
  <member type="way" ref="1349479488" role=""/>
  <member type="way" ref="126748443" role=""/>
  <member type="way" ref="130657641" role=""/>
  <member type="way" ref="1344950121" role=""/>
  <member type="way" ref="1175798775" role=""/>
  <member type="way" ref="936841418" role=""/>
  <member type="way" ref="936841419" role=""/>
  <member type="way" ref="764254557" role=""/>
  <member type="way" ref="965258871" role=""/>
  <member type="way" ref="938483248" role=""/>
  <member type="way" ref="1349553324" role=""/>
  <member type="way" ref="69421415" role=""/>
  <member type="way" ref="764254564" role=""/>
  <member type="way" ref="965258870" role=""/>
  <member type="way" ref="1349553326" role=""/>
  <member type="way" ref="1349041895" role=""/>
  <tag k="charge" v="4.85 BRL"/>
  <tag k="distance" v="17.669"/>
  <tag k="duration" v="1:10"/>
  <tag k="fee" v="yes"/>
  <tag k="from" v="Diadema (Terminal Metropolitano Diadema)"/>
  <tag k="name" v="254DV1 São Caetano do Sul (Terminal Rodoviário Nicolau Delic)"/>
  <tag k="network" v="EMTU"/>
  <tag k="network:short" v="EMTU"/>
  <tag k="network:wikidata" v="Q5374439"/>
  <tag k="network:wikipedia" v="pt:Empresa Metropolitana de Transportes Urbanos de São Paulo"/>
  <tag k="opening_hours" v="Mo-Fr 05:25-19:30; Sa 06:10-19:20; Su OFF; PH OFF"/>
  <tag k="operator" v="Trans Bus (Trans Bus Transportes Coletivos Ltda.)"/>
  <tag k="public_transport:version" v="2"/>
  <tag k="ref" v="254DV1"/>
  <tag k="route" v="bus"/>
  <tag k="source" v="https://www.emtu.sp.gov.br/sistemas/linha/resultado_imp.htm?numlinha=35939; https://www.emtu.sp.gov.br"/>
  <tag k="to" v="São Caetano do Sul (Terminal Rodoviário Nicolau Delic)"/>
  <tag k="type" v="route"/>
  <tag k="via" v="Diadema (Avenida das Ameixeiras)"/>
 </relation>
 <relation id="13017323" visible="true" version="2" changeset="109995274" timestamp="2021-08-20T15:55:50Z" user="AjBelnuovo" uid="1799626">
  <member type="relation" ref="13017322" role=""/>
  <member type="relation" ref="8907965" role=""/>
  <tag k="name" v="Ônibus 254DV1 Diadema (Terminal Metropolitano Diadema) / São Caetano do Sul (Terminal Rodoviário Nicolau Delic)"/>
  <tag k="network" v="EMTU"/>
  <tag k="network:short" v="EMTU"/>
  <tag k="network:wikidata" v="Q5374439"/>
  <tag k="network:wikipedia" v="pt:Empresa Metropolitana de Transportes Urbanos de São Paulo"/>
  <tag k="operator" v="Trans Bus (Trans Bus Transportes Coletivos Ltda.)"/>
  <tag k="ref" v="254DV1"/>
  <tag k="route_master" v="bus"/>
  <tag k="source" v="https://www.emtu.sp.gov.br/sistemas/linha/resultado_imp.htm?numlinha=35939; https://www.emtu.sp.gov.br"/>
  <tag k="type" v="route_master"/>
 </relation>
 <relation id="15846156" visible="true" version="21" changeset="162444510" timestamp="2025-02-12T20:31:06Z" user="jaysonwcs" uid="18991845">
  <member type="node" ref="3767628121" role="stop"/>
  <member type="node" ref="10957701960" role="stop"/>
  <member type="node" ref="10957701964" role="stop"/>
  <member type="node" ref="10957701965" role="stop"/>
  <member type="node" ref="10957701963" role="stop"/>
  <member type="node" ref="10899731059" role="stop"/>
  <member type="node" ref="10958263736" role="stop"/>
  <member type="node" ref="10827575107" role="stop"/>
  <member type="node" ref="10958263735" role="stop"/>
  <member type="node" ref="10958263734" role="stop"/>
  <member type="node" ref="10957649367" role="stop"/>
  <member type="node" ref="10958263748" role="stop"/>
  <member type="node" ref="10958263747" role="stop"/>
  <member type="node" ref="10958263746" role="stop"/>
  <member type="node" ref="10958263733" role="stop"/>
  <member type="node" ref="10899731058" role="stop"/>
  <member type="node" ref="10899731057" role="stop"/>
  <member type="node" ref="10899731056" role="stop"/>
  <member type="node" ref="10899731055" role="stop"/>
  <member type="node" ref="10899731054" role="stop"/>
  <member type="node" ref="10899731053" role="stop"/>
  <member type="node" ref="10899731052" role="stop"/>
  <member type="node" ref="10957476558" role="stop"/>
  <member type="node" ref="10890155150" role="stop"/>
  <member type="way" ref="373260324" role=""/>
  <member type="way" ref="858193640" role=""/>
  <member type="way" ref="1172095052" role=""/>
  <member type="way" ref="1172095051" role=""/>
  <member type="way" ref="942366338" role=""/>
  <member type="way" ref="941541982" role=""/>
  <member type="way" ref="373260325" role=""/>
  <member type="way" ref="941541981" role=""/>
  <member type="way" ref="941541980" role=""/>
  <member type="way" ref="1172095053" role=""/>
  <member type="way" ref="127086394" role=""/>
  <member type="way" ref="749966217" role=""/>
  <member type="way" ref="954753222" role=""/>
  <member type="way" ref="852395129" role=""/>
  <member type="way" ref="1176089705" role=""/>
  <member type="way" ref="1172103709" role=""/>
  <member type="way" ref="1172103708" role=""/>
  <member type="way" ref="130795061" role=""/>
  <member type="way" ref="127086380" role=""/>
  <member type="way" ref="1172103706" role=""/>
  <member type="way" ref="764194626" role=""/>
  <member type="way" ref="764194625" role=""/>
  <member type="way" ref="438021252" role=""/>
  <member type="way" ref="1172095059" role=""/>
  <member type="way" ref="1349597751" role=""/>
  <member type="way" ref="1349597752" role=""/>
  <member type="way" ref="1359398703" role=""/>
  <member type="way" ref="438472650" role=""/>
  <member type="way" ref="1349597753" role=""/>
  <member type="way" ref="1349597754" role=""/>
  <member type="way" ref="438474854" role=""/>
  <member type="way" ref="1352812995" role=""/>
  <member type="way" ref="1349597755" role=""/>
  <member type="way" ref="1352839750" role=""/>
  <member type="way" ref="1352839749" role=""/>
  <member type="way" ref="438473111" role=""/>
  <member type="way" ref="1352839751" role=""/>
  <member type="way" ref="1349597756" role=""/>
  <member type="way" ref="1349597757" role=""/>
  <member type="way" ref="1349597745" role=""/>
  <member type="way" ref="438473456" role=""/>
  <member type="way" ref="1349597759" role=""/>
  <member type="way" ref="1349597758" role=""/>
  <member type="way" ref="1349597744" role=""/>
  <member type="way" ref="1349597743" role=""/>
  <member type="way" ref="438473606" role=""/>
  <member type="way" ref="1349597742" role=""/>
  <member type="way" ref="1349597741" role=""/>
  <member type="way" ref="1349597740" role=""/>
  <member type="way" ref="1357863579" role=""/>
  <member type="way" ref="1357863634" role=""/>
  <member type="way" ref="1358712951" role=""/>
  <member type="way" ref="134834985" role=""/>
  <member type="way" ref="1358712928" role=""/>
  <member type="way" ref="1349597739" role=""/>
  <member type="way" ref="1349597738" role=""/>
  <member type="way" ref="438474205" role=""/>
  <member type="way" ref="134834983" role=""/>
  <member type="way" ref="1176113014" role=""/>
  <member type="way" ref="130661470" role=""/>
  <member type="way" ref="1172103704" role=""/>
  <member type="way" ref="1172103703" role=""/>
  <member type="way" ref="764254543" role=""/>
  <member type="way" ref="1172899583" role=""/>
  <member type="way" ref="938483250" role=""/>
  <member type="way" ref="764254561" role=""/>
  <member type="way" ref="1349553329" role=""/>
  <member type="way" ref="938483249" role=""/>
  <member type="way" ref="965258871" role=""/>
  <member type="way" ref="938483248" role=""/>
  <member type="way" ref="1349553324" role=""/>
  <member type="way" ref="69421415" role=""/>
  <member type="way" ref="1209878416" role=""/>
  <member type="way" ref="166624830" role=""/>
  <tag k="from" v="Bairro Nova Gerty"/>
  <tag k="name" v="Ônibus 06: Nova Gerty =&gt; Terminal Nicolau Delic"/>
  <tag k="network" v="SITS"/>
  <tag k="operator" v="VIPE"/>
  <tag k="public_transport:version" v="2"/>
  <tag k="ref" v="06"/>
  <tag k="route" v="bus"/>
  <tag k="to" v="Terminal Rodoviário Nicolau Delic"/>
  <tag k="type" v="route"/>
 </relation>
 <relation id="15846157" visible="true" version="24" changeset="162444510" timestamp="2025-02-12T20:31:16Z" user="jaysonwcs" uid="18991845">
  <member type="node" ref="10890155150" role="stop"/>
  <member type="node" ref="10899398622" role="stop"/>
  <member type="node" ref="10899398621" role="stop"/>
  <member type="node" ref="10899398620" role="stop"/>
  <member type="node" ref="10899398619" role="stop"/>
  <member type="node" ref="10899398618" role="stop"/>
  <member type="node" ref="12374937179" role="stop"/>
  <member type="node" ref="9294924903" role="stop"/>
  <member type="node" ref="9294924902" role="stop"/>
  <member type="node" ref="10899398606" role="stop"/>
  <member type="node" ref="10957476559" role="stop"/>
  <member type="node" ref="10899398617" role="stop"/>
  <member type="node" ref="3083932573" role="stop"/>
  <member type="node" ref="10899398616" role="stop"/>
  <member type="node" ref="10958263738" role="stop"/>
  <member type="node" ref="10899398615" role="stop"/>
  <member type="node" ref="10899398614" role="stop"/>
  <member type="node" ref="1404776789" role="stop"/>
  <member type="node" ref="10958263753" role="stop"/>
  <member type="node" ref="10957994402" role="stop"/>
  <member type="node" ref="10899398613" role="stop"/>
  <member type="node" ref="10958263737" role="stop"/>
  <member type="node" ref="10899398612" role="stop"/>
  <member type="node" ref="10899398611" role="stop"/>
  <member type="node" ref="10899398610" role="stop"/>
  <member type="node" ref="10957701963" role="stop"/>
  <member type="node" ref="10899398608" role="stop"/>
  <member type="node" ref="10899398607" role="stop"/>
  <member type="node" ref="10957701961" role="stop"/>
  <member type="node" ref="3767628121" role="stop"/>
  <member type="way" ref="1176115287" role=""/>
  <member type="way" ref="1209878418" role=""/>
  <member type="way" ref="1209878411" role=""/>
  <member type="way" ref="1172095063" role=""/>
  <member type="way" ref="1209878409" role=""/>
  <member type="way" ref="676688337" role=""/>
  <member type="way" ref="1153931939" role=""/>
  <member type="way" ref="1153931940" role=""/>
  <member type="way" ref="1172095062" role=""/>
  <member type="way" ref="69421407" role=""/>
  <member type="way" ref="1353796924" role=""/>
  <member type="way" ref="1353796941" role=""/>
  <member type="way" ref="1353796931" role=""/>
  <member type="way" ref="642883023" role=""/>
  <member type="way" ref="100223011" role=""/>
  <member type="way" ref="1172899582" role=""/>
  <member type="way" ref="764254565" role=""/>
  <member type="way" ref="1172095060" role=""/>
  <member type="way" ref="936841420" role=""/>
  <member type="way" ref="1176089714" role=""/>
  <member type="way" ref="1353796927" role=""/>
  <member type="way" ref="194730486" role=""/>
  <member type="way" ref="936856096" role=""/>
  <member type="way" ref="936856091" role=""/>
  <member type="way" ref="1175798771" role=""/>
  <member type="way" ref="130662516" role=""/>
  <member type="way" ref="126748459" role=""/>
  <member type="way" ref="126795957" role=""/>
  <member type="way" ref="438474205" role=""/>
  <member type="way" ref="1349597738" role=""/>
  <member type="way" ref="1349597739" role=""/>
  <member type="way" ref="1358712928" role=""/>
  <member type="way" ref="134834985" role=""/>
  <member type="way" ref="1358712951" role=""/>
  <member type="way" ref="1357863634" role=""/>
  <member type="way" ref="1357863579" role=""/>
  <member type="way" ref="1349597740" role=""/>
  <member type="way" ref="1349597741" role=""/>
  <member type="way" ref="1349597742" role=""/>
  <member type="way" ref="438473606" role=""/>
  <member type="way" ref="1349597743" role=""/>
  <member type="way" ref="1349597744" role=""/>
  <member type="way" ref="1349597758" role=""/>
  <member type="way" ref="1349597759" role=""/>
  <member type="way" ref="438473456" role=""/>
  <member type="way" ref="1349597745" role=""/>
  <member type="way" ref="1349597757" role=""/>
  <member type="way" ref="1349597756" role=""/>
  <member type="way" ref="1352839751" role=""/>
  <member type="way" ref="438473111" role=""/>
  <member type="way" ref="1352839749" role=""/>
  <member type="way" ref="1352839750" role=""/>
  <member type="way" ref="1349597755" role=""/>
  <member type="way" ref="1352812995" role=""/>
  <member type="way" ref="438474854" role=""/>
  <member type="way" ref="1349597754" role=""/>
  <member type="way" ref="1349597753" role=""/>
  <member type="way" ref="438472650" role=""/>
  <member type="way" ref="1359398703" role=""/>
  <member type="way" ref="1349597752" role=""/>
  <member type="way" ref="1349597751" role=""/>
  <member type="way" ref="1172095058" role=""/>
  <member type="way" ref="1359398705" role=""/>
  <member type="way" ref="1172095057" role=""/>
  <member type="way" ref="1172095055" role=""/>
  <member type="way" ref="127741444" role=""/>
  <member type="way" ref="1172095054" role=""/>
  <member type="way" ref="1172103708" role=""/>
  <member type="way" ref="127741473" role=""/>
  <member type="way" ref="1172095053" role=""/>
  <member type="way" ref="941541980" role=""/>
  <member type="way" ref="941541981" role=""/>
  <member type="way" ref="373260325" role=""/>
  <member type="way" ref="941541982" role=""/>
  <member type="way" ref="942366338" role=""/>
  <member type="way" ref="1172095050" role=""/>
  <member type="way" ref="1172095049" role=""/>
  <tag k="from" v="Terminal Rodoviário Nicolau Delic"/>
  <tag k="name" v="Ônibus 06: Terminal Nicolau Delic =&gt; Nova Gerty"/>
  <tag k="network" v="SITS"/>
  <tag k="network:type" v="Local"/>
  <tag k="official_name" v="06 - Nova Gerty"/>
  <tag k="operator" v="VIPE"/>
  <tag k="public_transport:version" v="2"/>
  <tag k="ref" v="06"/>
  <tag k="route" v="bus"/>
  <tag k="to" v="Bairro Nova Gerty"/>
  <tag k="type" v="route"/>
 </relation>
 <relation id="15846187" visible="true" version="2" changeset="136523054" timestamp="2023-05-25T02:55:21Z" user="jaysonwcs" uid="18991845">
  <member type="relation" ref="15846156" role=""/>
  <member type="relation" ref="15846157" role=""/>
  <tag k="name" v="06 - Nova Gerty"/>
  <tag k="network" v="SITS"/>
  <tag k="operator" v="VIPE"/>
  <tag k="ref" v="06"/>
  <tag k="route_master" v="bus"/>
  <tag k="type" v="route_master"/>
 </relation>
 <relation id="15902763" visible="true" version="18" changeset="161691759" timestamp="2025-01-23T22:25:41Z" user="jaysonwcs" uid="18991845">
  <member type="node" ref="3767628121" role="stop"/>
  <member type="node" ref="10827106978" role="platform"/>
  <member type="node" ref="10957515288" role="stop"/>
  <member type="node" ref="10961967069" role="platform"/>
  <member type="node" ref="10957515287" role="stop"/>
  <member type="node" ref="4526815822" role="platform"/>
  <member type="node" ref="10957515286" role="stop"/>
  <member type="node" ref="6011446788" role="platform"/>
  <member type="node" ref="10957515285" role="stop"/>
  <member type="node" ref="6011450970" role="platform"/>
  <member type="node" ref="10957515284" role="stop"/>
  <member type="node" ref="10965426785" role="platform"/>
  <member type="node" ref="8000410693" role="stop"/>
  <member type="node" ref="10965426784" role="platform"/>
  <member type="node" ref="10957515283" role="stop"/>
  <member type="node" ref="10965426783" role="platform"/>
  <member type="node" ref="10957515282" role="stop"/>
  <member type="node" ref="7158838249" role="platform"/>
  <member type="node" ref="10957515281" role="stop"/>
  <member type="node" ref="10965426782" role="platform"/>
  <member type="node" ref="10957515280" role="stop"/>
  <member type="node" ref="10965426781" role="platform"/>
  <member type="node" ref="10957515279" role="stop"/>
  <member type="node" ref="6011464085" role="platform"/>
  <member type="node" ref="10957515278" role="stop"/>
  <member type="node" ref="6011535593" role="platform"/>
  <member type="node" ref="10957515277" role="stop"/>
  <member type="node" ref="10965426780" role="platform"/>
  <member type="node" ref="10957515276" role="stop"/>
  <member type="node" ref="3758362076" role="platform"/>
  <member type="node" ref="10957515275" role="stop"/>
  <member type="node" ref="10965426779" role="platform"/>
  <member type="node" ref="10957515274" role="stop"/>
  <member type="node" ref="10965426778" role="platform"/>
  <member type="node" ref="3755220126" role="stop"/>
  <member type="node" ref="10965426777" role="platform"/>
  <member type="node" ref="9294924826" role="stop"/>
  <member type="node" ref="9294924825" role="platform"/>
  <member type="node" ref="10957515273" role="stop"/>
  <member type="node" ref="10965426776" role="platform"/>
  <member type="node" ref="10957515272" role="stop"/>
  <member type="node" ref="10965426775" role="platform"/>
  <member type="node" ref="10957515271" role="stop"/>
  <member type="node" ref="10961967057" role="platform"/>
  <member type="node" ref="10897926311" role="stop"/>
  <member type="node" ref="10899398622" role="stop"/>
  <member type="node" ref="10961967087" role="platform"/>
  <member type="node" ref="10899398621" role="stop"/>
  <member type="node" ref="10961967086" role="platform"/>
  <member type="node" ref="10899398620" role="stop"/>
  <member type="node" ref="10961967085" role="platform"/>
  <member type="node" ref="10899398619" role="stop"/>
  <member type="node" ref="10961967084" role="platform"/>
  <member type="node" ref="10899398618" role="stop"/>
  <member type="node" ref="10961967083" role="platform"/>
  <member type="node" ref="12374937179" role="stop"/>
  <member type="node" ref="9294924904" role="platform"/>
  <member type="node" ref="9294924903" role="stop"/>
  <member type="node" ref="3758362056" role="platform"/>
  <member type="node" ref="9294924902" role="stop"/>
  <member type="node" ref="3758362057" role="platform"/>
  <member type="node" ref="10899398606" role="stop"/>
  <member type="node" ref="10965426774" role="platform"/>
  <member type="node" ref="10957517805" role="stop"/>
  <member type="node" ref="10965426773" role="platform"/>
  <member type="node" ref="10957515304" role="stop"/>
  <member type="node" ref="10965426772" role="platform"/>
  <member type="node" ref="10957515303" role="stop"/>
  <member type="node" ref="10965426771" role="platform"/>
  <member type="node" ref="10957515302" role="stop"/>
  <member type="node" ref="10965426770" role="platform"/>
  <member type="node" ref="10957515301" role="stop"/>
  <member type="node" ref="10965426769" role="platform"/>
  <member type="node" ref="10957515300" role="stop"/>
  <member type="node" ref="10965426768" role="platform"/>
  <member type="node" ref="7949886159" role="stop"/>
  <member type="node" ref="10965426767" role="platform"/>
  <member type="node" ref="8694950279" role="stop"/>
  <member type="node" ref="10965426766" role="platform"/>
  <member type="node" ref="10957515299" role="stop"/>
  <member type="node" ref="10965426765" role="platform"/>
  <member type="node" ref="10957515298" role="stop"/>
  <member type="node" ref="10965426764" role="platform"/>
  <member type="node" ref="10957515297" role="stop"/>
  <member type="node" ref="10965426763" role="platform"/>
  <member type="node" ref="10957515296" role="stop"/>
  <member type="node" ref="4529262490" role="platform"/>
  <member type="node" ref="10957515294" role="stop"/>
  <member type="node" ref="10837176715" role="platform"/>
  <member type="node" ref="10957515293" role="stop"/>
  <member type="node" ref="10837176713" role="platform"/>
  <member type="node" ref="10957515292" role="stop"/>
  <member type="node" ref="10837156696" role="platform"/>
  <member type="node" ref="10957515291" role="stop"/>
  <member type="node" ref="10837156697" role="platform"/>
  <member type="node" ref="10957515290" role="stop"/>
  <member type="node" ref="10837156699" role="platform"/>
  <member type="node" ref="7950404062" role="stop"/>
  <member type="node" ref="4526559416" role="platform"/>
  <member type="way" ref="373260324" role=""/>
  <member type="way" ref="127077808" role=""/>
  <member type="way" ref="1177122289" role=""/>
  <member type="way" ref="1176089706" role=""/>
  <member type="way" ref="954720216" role=""/>
  <member type="way" ref="130795053" role=""/>
  <member type="way" ref="127077797" role=""/>
  <member type="way" ref="858188171" role=""/>
  <member type="way" ref="1175798783" role=""/>
  <member type="way" ref="858188172" role=""/>
  <member type="way" ref="858188175" role=""/>
  <member type="way" ref="127077802" role=""/>
  <member type="way" ref="1175798780" role=""/>
  <member type="way" ref="1172899568" role=""/>
  <member type="way" ref="126820814" role=""/>
  <member type="way" ref="1175798778" role=""/>
  <member type="way" ref="130662522" role=""/>
  <member type="way" ref="1350828231" role=""/>
  <member type="way" ref="1176087318" role=""/>
  <member type="way" ref="1350838740" role=""/>
  <member type="way" ref="764254542" role=""/>
  <member type="way" ref="1172899573" role=""/>
  <member type="way" ref="130662521" role=""/>
  <member type="way" ref="836355747" role=""/>
  <member type="way" ref="287600621" role=""/>
  <member type="way" ref="1172899575" role=""/>
  <member type="way" ref="965258873" role=""/>
  <member type="way" ref="130657641" role=""/>
  <member type="way" ref="1344950121" role=""/>
  <member type="way" ref="1175798774" role=""/>
  <member type="way" ref="1172899580" role=""/>
  <member type="way" ref="125984203" role=""/>
  <member type="way" ref="1324275815" role=""/>
  <member type="way" ref="1324275814" role=""/>
  <member type="way" ref="1353796935" role=""/>
  <member type="way" ref="377630728" role=""/>
  <member type="way" ref="1353796932" role=""/>
  <member type="way" ref="373252781" role=""/>
  <member type="way" ref="936836092" role=""/>
  <member type="way" ref="377630738" role=""/>
  <member type="way" ref="1338623750" role=""/>
  <member type="way" ref="1338623749" role=""/>
  <member type="way" ref="377630736" role=""/>
  <member type="way" ref="1175798773" role=""/>
  <member type="way" ref="69476906" role=""/>
  <member type="way" ref="239012720" role=""/>
  <member type="way" ref="965258872" role=""/>
  <member type="way" ref="764254557" role=""/>
  <member type="way" ref="965258871" role=""/>
  <member type="way" ref="938483248" role=""/>
  <member type="way" ref="1349553324" role=""/>
  <member type="way" ref="69421415" role=""/>
  <member type="way" ref="1209878415" role=""/>
  <member type="way" ref="166624833" role=""/>
  <member type="way" ref="1209878417" role=""/>
  <member type="way" ref="1172899593" role=""/>
  <member type="way" ref="1209878406" role=""/>
  <member type="way" ref="676688336" role=""/>
  <member type="way" ref="1209878407" role=""/>
  <member type="way" ref="1153931940" role=""/>
  <member type="way" ref="1172095062" role=""/>
  <member type="way" ref="69421407" role=""/>
  <member type="way" ref="1353796924" role=""/>
  <member type="way" ref="1353796941" role=""/>
  <member type="way" ref="1353796931" role=""/>
  <member type="way" ref="642883023" role=""/>
  <member type="way" ref="100223011" role=""/>
  <member type="way" ref="1172899582" role=""/>
  <member type="way" ref="764254565" role=""/>
  <member type="way" ref="1172095060" role=""/>
  <member type="way" ref="936841420" role=""/>
  <member type="way" ref="1176089714" role=""/>
  <member type="way" ref="1353796927" role=""/>
  <member type="way" ref="194730486" role=""/>
  <member type="way" ref="936856096" role=""/>
  <member type="way" ref="936856091" role=""/>
  <member type="way" ref="1175798771" role=""/>
  <member type="way" ref="1176112365" role=""/>
  <member type="way" ref="151534239" role=""/>
  <member type="way" ref="126783835" role=""/>
  <member type="way" ref="127419729" role=""/>
  <member type="way" ref="764194618" role=""/>
  <member type="way" ref="764254550" role=""/>
  <member type="way" ref="939437120" role=""/>
  <member type="way" ref="277426867" role=""/>
  <member type="way" ref="938579566" role=""/>
  <member type="way" ref="127419740" role=""/>
  <member type="way" ref="127947936" role=""/>
  <member type="way" ref="127419718" role=""/>
  <member type="way" ref="764194623" role=""/>
  <member type="way" ref="1176083971" role=""/>
  <member type="way" ref="94016876" role=""/>
  <member type="way" ref="411328835" role=""/>
  <member type="way" ref="1165107094" role=""/>
  <member type="way" ref="410092523" role=""/>
  <member type="way" ref="1164194147" role=""/>
  <member type="way" ref="1172899592" role=""/>
  <tag k="from" v="Oswaldo Cruz"/>
  <tag k="name" v="Ônibus 01: Bairro Oswaldo Cruz =&gt; Bairro Santa Maria"/>
  <tag k="network" v="SITS"/>
  <tag k="operator" v="Viação Padre Eustáquio"/>
  <tag k="public_transport:version" v="2"/>
  <tag k="ref" v="01 (SM)"/>
  <tag k="route" v="bus"/>
  <tag k="to" v="Santa Maria"/>
  <tag k="type" v="route"/>
 </relation>
 <relation id="15902764" visible="true" version="1" changeset="136523054" timestamp="2023-05-25T02:55:21Z" user="jaysonwcs" uid="18991845">
  <member type="relation" ref="6746339" role=""/>
  <member type="relation" ref="15902763" role=""/>
  <tag k="name" v="Ônibus 01: Semi Circular Santa Maria / Oswaldo Cruz"/>
  <tag k="network" v="SITS"/>
  <tag k="operator" v="VIPE"/>
  <tag k="ref" v="01"/>
  <tag k="route_master" v="bus"/>
  <tag k="type" v="route_master"/>
 </relation>
 <relation id="15905283" visible="true" version="22" changeset="161987400" timestamp="2025-01-31T18:22:50Z" user="jaysonwcs" uid="18991845">
  <member type="node" ref="10897926311" role="stop"/>
  <member type="node" ref="10899398622" role="stop"/>
  <member type="node" ref="10899398621" role="stop"/>
  <member type="node" ref="10899398620" role="stop"/>
  <member type="node" ref="10899398619" role="stop"/>
  <member type="node" ref="10899398618" role="stop"/>
  <member type="node" ref="12374937179" role="stop"/>
  <member type="node" ref="9294924903" role="stop"/>
  <member type="node" ref="9294924902" role="stop"/>
  <member type="node" ref="8680694462" role="stop"/>
  <member type="node" ref="9294924900" role="stop"/>
  <member type="node" ref="10957649349" role="stop"/>
  <member type="node" ref="10957701991" role="stop"/>
  <member type="node" ref="10957701990" role="stop"/>
  <member type="node" ref="10957476564" role="stop"/>
  <member type="node" ref="10957701987" role="stop"/>
  <member type="node" ref="10957701986" role="stop"/>
  <member type="node" ref="10957701985" role="stop"/>
  <member type="node" ref="10957701983" role="stop"/>
  <member type="node" ref="10957701982" role="stop"/>
  <member type="node" ref="10957701980" role="stop"/>
  <member type="node" ref="10957701979" role="stop"/>
  <member type="node" ref="10957701978" role="stop"/>
  <member type="node" ref="10957701977" role="stop"/>
  <member type="node" ref="10957701976" role="stop"/>
  <member type="node" ref="10957701975" role="stop"/>
  <member type="node" ref="10957701973" role="stop"/>
  <member type="node" ref="10957701972" role="stop"/>
  <member type="node" ref="10957701971" role="stop"/>
  <member type="node" ref="10957701970" role="stop"/>
  <member type="node" ref="10957701969" role="stop"/>
  <member type="node" ref="10957701968" role="stop"/>
  <member type="node" ref="4534903795" role="stop"/>
  <member type="node" ref="7941285188" role="stop"/>
  <member type="node" ref="10957701967" role="stop"/>
  <member type="node" ref="10957701966" role="stop"/>
  <member type="node" ref="10957701962" role="stop"/>
  <member type="node" ref="10899398607" role="stop"/>
  <member type="node" ref="10957701961" role="stop"/>
  <member type="node" ref="10957701959" role="stop"/>
  <member type="node" ref="3767628121" role="stop"/>
  <member type="node" ref="7793810317" role="stop"/>
  <member type="node" ref="7791061260" role="stop"/>
  <member type="node" ref="10957649370" role="stop"/>
  <member type="node" ref="10957701958" role="stop"/>
  <member type="node" ref="10957701957" role="stop"/>
  <member type="node" ref="10957701955" role="stop"/>
  <member type="node" ref="1404605566" role="stop"/>
  <member type="node" ref="10957701954" role="stop"/>
  <member type="node" ref="10957476551" role="stop"/>
  <member type="node" ref="10957515279" role="stop"/>
  <member type="node" ref="10957515278" role="stop"/>
  <member type="node" ref="10957701952" role="stop"/>
  <member type="node" ref="10957701951" role="stop"/>
  <member type="node" ref="10899731054" role="stop"/>
  <member type="node" ref="10899731053" role="stop"/>
  <member type="node" ref="10957476558" role="stop"/>
  <member type="node" ref="10897926311" role="stop"/>
  <member type="way" ref="1172899582" role=""/>
  <member type="way" ref="764254565" role=""/>
  <member type="way" ref="1172095060" role=""/>
  <member type="way" ref="936841420" role=""/>
  <member type="way" ref="1176089714" role=""/>
  <member type="way" ref="1353796927" role=""/>
  <member type="way" ref="194730486" role=""/>
  <member type="way" ref="936856096" role=""/>
  <member type="way" ref="936856091" role=""/>
  <member type="way" ref="1172103702" role=""/>
  <member type="way" ref="936856090" role=""/>
  <member type="way" ref="936856097" role=""/>
  <member type="way" ref="936878710" role=""/>
  <member type="way" ref="1176087333" role=""/>
  <member type="way" ref="126783826" role=""/>
  <member type="way" ref="1176087331" role=""/>
  <member type="way" ref="127665404" role=""/>
  <member type="way" ref="126748437" role=""/>
  <member type="way" ref="439083815" role=""/>
  <member type="way" ref="764254551" role=""/>
  <member type="way" ref="126786473" role=""/>
  <member type="way" ref="456860533" role=""/>
  <member type="way" ref="1176087330" role=""/>
  <member type="way" ref="1166164007" role=""/>
  <member type="way" ref="1175460002" role=""/>
  <member type="way" ref="1175460001" role=""/>
  <member type="way" ref="1176089696" role=""/>
  <member type="way" ref="1176089695" role=""/>
  <member type="way" ref="456860529" role=""/>
  <member type="way" ref="1176087329" role=""/>
  <member type="way" ref="1024593044" role=""/>
  <member type="way" ref="1024593043" role=""/>
  <member type="way" ref="926307136" role=""/>
  <member type="way" ref="853212813" role=""/>
  <member type="way" ref="126822553" role=""/>
  <member type="way" ref="1176089697" role=""/>
  <member type="way" ref="126924170" role=""/>
  <member type="way" ref="1176087326" role=""/>
  <member type="way" ref="126924161" role=""/>
  <member type="way" ref="938604123" role=""/>
  <member type="way" ref="1176087324" role=""/>
  <member type="way" ref="914857146" role=""/>
  <member type="way" ref="380300255" role=""/>
  <member type="way" ref="1172103705" role=""/>
  <member type="way" ref="1172095059" role=""/>
  <member type="way" ref="127086374" role=""/>
  <member type="way" ref="764194626" role=""/>
  <member type="way" ref="127216226" role=""/>
  <member type="way" ref="438021250" role=""/>
  <member type="way" ref="1176112354" role=""/>
  <member type="way" ref="1176113020" role=""/>
  <member type="way" ref="127216212" role=""/>
  <member type="way" ref="1176083076" role=""/>
  <member type="way" ref="127217136" role=""/>
  <member type="way" ref="127217125" role=""/>
  <member type="way" ref="127217130" role=""/>
  <member type="way" ref="749966217" role=""/>
  <member type="way" ref="127086394" role=""/>
  <member type="way" ref="1172095053" role=""/>
  <member type="way" ref="941541980" role=""/>
  <member type="way" ref="941541981" role=""/>
  <member type="way" ref="373260325" role=""/>
  <member type="way" ref="941541982" role=""/>
  <member type="way" ref="373260323" role=""/>
  <member type="way" ref="954720217" role=""/>
  <member type="way" ref="127741426" role=""/>
  <member type="way" ref="246355239" role=""/>
  <member type="way" ref="1172095049" role=""/>
  <member type="way" ref="373260324" role=""/>
  <member type="way" ref="127077808" role=""/>
  <member type="way" ref="1177122289" role=""/>
  <member type="way" ref="127077811" role=""/>
  <member type="way" ref="246355241" role=""/>
  <member type="way" ref="127077812" role=""/>
  <member type="way" ref="635794973" role=""/>
  <member type="way" ref="837772460" role=""/>
  <member type="way" ref="127077814" role=""/>
  <member type="way" ref="1349932015" role=""/>
  <member type="way" ref="635794972" role=""/>
  <member type="way" ref="127062183" role=""/>
  <member type="way" ref="764194635" role=""/>
  <member type="way" ref="456843054" role=""/>
  <member type="way" ref="764254540" role=""/>
  <member type="way" ref="942369400" role=""/>
  <member type="way" ref="456844133" role=""/>
  <member type="way" ref="127734296" role=""/>
  <member type="way" ref="1176089686" role=""/>
  <member type="way" ref="127086378" role=""/>
  <member type="way" ref="971790810" role=""/>
  <member type="way" ref="971790809" role=""/>
  <member type="way" ref="858024337" role=""/>
  <member type="way" ref="126987277" role=""/>
  <member type="way" ref="1176087320" role=""/>
  <member type="way" ref="1164192022" role=""/>
  <member type="way" ref="1164192021" role=""/>
  <member type="way" ref="457967740" role=""/>
  <member type="way" ref="287600627" role=""/>
  <member type="way" ref="1176089710" role=""/>
  <member type="way" ref="126985287" role=""/>
  <member type="way" ref="965258875" role=""/>
  <member type="way" ref="938511513" role=""/>
  <member type="way" ref="1349465281" role=""/>
  <member type="way" ref="965258874" role=""/>
  <member type="way" ref="938511516" role=""/>
  <member type="way" ref="965258867" role=""/>
  <member type="way" ref="938511517" role=""/>
  <member type="way" ref="126794896" role=""/>
  <member type="way" ref="836076775" role=""/>
  <member type="way" ref="126794867" role=""/>
  <member type="way" ref="373252803" role=""/>
  <member type="way" ref="938511518" role=""/>
  <member type="way" ref="938511514" role=""/>
  <member type="way" ref="283835867" role=""/>
  <member type="way" ref="965258875" role=""/>
  <member type="way" ref="938511522" role=""/>
  <member type="way" ref="1349465284" role=""/>
  <member type="way" ref="938511525" role=""/>
  <member type="way" ref="1349616746" role=""/>
  <member type="way" ref="938511524" role=""/>
  <member type="way" ref="1349616747" role=""/>
  <member type="way" ref="1183430072" role=""/>
  <member type="way" ref="1348017337" role=""/>
  <member type="way" ref="1348017336" role=""/>
  <member type="way" ref="126794882" role=""/>
  <member type="way" ref="1348052044" role=""/>
  <member type="way" ref="1348052036" role=""/>
  <member type="way" ref="1183430071" role=""/>
  <member type="way" ref="1350828240" role=""/>
  <member type="way" ref="1350828239" role=""/>
  <member type="way" ref="1172899571" role=""/>
  <member type="way" ref="938475830" role=""/>
  <member type="way" ref="1172899570" role=""/>
  <member type="way" ref="1176087318" role=""/>
  <member type="way" ref="1350838740" role=""/>
  <member type="way" ref="764254542" role=""/>
  <member type="way" ref="69421402" role=""/>
  <member type="way" ref="764254543" role=""/>
  <member type="way" ref="1172899583" role=""/>
  <member type="way" ref="938483250" role=""/>
  <member type="way" ref="764254561" role=""/>
  <member type="way" ref="1349553329" role=""/>
  <member type="way" ref="938483249" role=""/>
  <member type="way" ref="965258871" role=""/>
  <member type="way" ref="938483248" role=""/>
  <member type="way" ref="1349553324" role=""/>
  <member type="way" ref="69421415" role=""/>
  <member type="way" ref="1209878415" role=""/>
  <member type="way" ref="166624833" role=""/>
  <member type="way" ref="1209878417" role=""/>
  <member type="way" ref="1172899593" role=""/>
  <member type="way" ref="1209878406" role=""/>
  <member type="way" ref="676688336" role=""/>
  <member type="way" ref="1209878407" role=""/>
  <member type="way" ref="1153931940" role=""/>
  <member type="way" ref="1172095062" role=""/>
  <member type="way" ref="69421407" role=""/>
  <member type="way" ref="1353796924" role=""/>
  <member type="way" ref="1353796941" role=""/>
  <member type="way" ref="1353796931" role=""/>
  <member type="way" ref="642883023" role=""/>
  <member type="way" ref="100223011" role=""/>
  <tag k="from" v="Terminal Rodoviário Nicolau Delic"/>
  <tag k="name" v="Ônibus 04: Circular Santa Paula"/>
  <tag k="network" v="SITS"/>
  <tag k="operator" v="VIPE"/>
  <tag k="public_transport:version" v="2"/>
  <tag k="ref" v="04"/>
  <tag k="route" v="bus"/>
  <tag k="to" v="Santa Paula"/>
  <tag k="type" v="route"/>
 </relation>
 <relation id="15914288" visible="true" version="25" changeset="161992397" timestamp="2025-01-31T21:14:10Z" user="jaysonwcs" uid="18991845">
  <member type="node" ref="10890155150" role="stop"/>
  <member type="node" ref="10899398622" role="stop"/>
  <member type="node" ref="10961967087" role="platform"/>
  <member type="node" ref="10899398621" role="stop"/>
  <member type="node" ref="10961967086" role="platform"/>
  <member type="node" ref="10899398620" role="stop"/>
  <member type="node" ref="10961967085" role="platform"/>
  <member type="node" ref="10899398619" role="stop"/>
  <member type="node" ref="10961967084" role="platform"/>
  <member type="node" ref="10899398618" role="stop"/>
  <member type="node" ref="10961967083" role="platform"/>
  <member type="node" ref="12374937179" role="stop"/>
  <member type="node" ref="9294924904" role="platform"/>
  <member type="node" ref="10957701950" role="stop"/>
  <member type="node" ref="10961967082" role="platform"/>
  <member type="node" ref="10957701949" role="stop"/>
  <member type="node" ref="10961967081" role="platform"/>
  <member type="node" ref="10957701948" role="stop"/>
  <member type="node" ref="3906147267" role="platform"/>
  <member type="node" ref="10957701947" role="stop"/>
  <member type="node" ref="10961967080" role="platform"/>
  <member type="node" ref="10957701946" role="stop"/>
  <member type="node" ref="10961967079" role="platform"/>
  <member type="node" ref="10957476552" role="stop"/>
  <member type="node" ref="7563602767" role="platform"/>
  <member type="node" ref="10957701945" role="stop"/>
  <member type="node" ref="10961967078" role="platform"/>
  <member type="node" ref="1404605566" role="stop"/>
  <member type="node" ref="10961967077" role="platform"/>
  <member type="node" ref="10957701954" role="stop"/>
  <member type="node" ref="10817220480" role="platform"/>
  <member type="node" ref="10957701956" role="stop"/>
  <member type="node" ref="10961967074" role="platform"/>
  <member type="node" ref="10957649371" role="stop"/>
  <member type="node" ref="10961967073" role="platform"/>
  <member type="node" ref="7791061261" role="stop"/>
  <member type="node" ref="10961967072" role="platform"/>
  <member type="node" ref="7793810317" role="stop"/>
  <member type="node" ref="10961967070" role="platform"/>
  <member type="node" ref="3767628121" role="stop"/>
  <member type="node" ref="10827106978" role="platform"/>
  <member type="node" ref="10957701964" role="stop"/>
  <member type="node" ref="10822916223" role="platform"/>
  <member type="node" ref="10957701965" role="stop"/>
  <member type="node" ref="10822964452" role="platform"/>
  <member type="node" ref="7953454101" role="stop"/>
  <member type="node" ref="10961967088" role="platform"/>
  <member type="node" ref="10957701942" role="stop"/>
  <member type="node" ref="10824308981" role="platform"/>
  <member type="node" ref="10957701941" role="stop"/>
  <member type="node" ref="10824326933" role="platform"/>
  <member type="node" ref="4534903795" role="stop"/>
  <member type="way" ref="387509854" role="platform"/>
  <member type="node" ref="7941285188" role="stop"/>
  <member type="node" ref="10961967067" role="platform"/>
  <member type="node" ref="10957701940" role="stop"/>
  <member type="node" ref="10824342360" role="platform"/>
  <member type="node" ref="10957701939" role="stop"/>
  <member type="node" ref="10824409765" role="platform"/>
  <member type="node" ref="10957701938" role="stop"/>
  <member type="node" ref="10824481700" role="platform"/>
  <member type="node" ref="10957701971" role="stop"/>
  <member type="node" ref="10961967065" role="platform"/>
  <member type="node" ref="10957701973" role="stop"/>
  <member type="node" ref="10824791159" role="platform"/>
  <member type="node" ref="10957701974" role="stop"/>
  <member type="node" ref="10824791160" role="platform"/>
  <member type="node" ref="10957701976" role="stop"/>
  <member type="node" ref="10822571215" role="platform"/>
  <member type="node" ref="7950845444" role="stop"/>
  <member type="node" ref="3758362068" role="platform"/>
  <member type="node" ref="10957701937" role="stop"/>
  <member type="node" ref="10961967061" role="platform"/>
  <member type="node" ref="10957701936" role="stop"/>
  <member type="node" ref="10961967060" role="platform"/>
  <member type="node" ref="10957701935" role="stop"/>
  <member type="node" ref="10824825001" role="platform"/>
  <member type="node" ref="10957701982" role="stop"/>
  <member type="node" ref="10824938140" role="platform"/>
  <member type="node" ref="10957701983" role="stop"/>
  <member type="node" ref="10824953871" role="platform"/>
  <member type="node" ref="10957701985" role="stop"/>
  <member type="node" ref="10961967059" role="platform"/>
  <member type="node" ref="10957701934" role="stop"/>
  <member type="node" ref="10825026316" role="platform"/>
  <member type="node" ref="10957701988" role="stop"/>
  <member type="node" ref="10825026317" role="platform"/>
  <member type="node" ref="10957701989" role="stop"/>
  <member type="node" ref="5702508130" role="platform"/>
  <member type="node" ref="10957476563" role="stop"/>
  <member type="node" ref="5702508129" role="platform"/>
  <member type="node" ref="10957701933" role="stop"/>
  <member type="node" ref="10961967058" role="platform"/>
  <member type="node" ref="9294924836" role="stop"/>
  <member type="node" ref="9294924835" role="platform"/>
  <member type="node" ref="9294924834" role="stop"/>
  <member type="node" ref="9294924833" role="platform"/>
  <member type="node" ref="10957476558" role="stop"/>
  <member type="node" ref="10821945250" role="platform"/>
  <member type="node" ref="10957515271" role="stop"/>
  <member type="node" ref="10961967057" role="platform"/>
  <member type="node" ref="10890155150" role="stop"/>
  <member type="way" ref="1172899582" role=""/>
  <member type="way" ref="764254565" role=""/>
  <member type="way" ref="1172095060" role=""/>
  <member type="way" ref="936841420" role=""/>
  <member type="way" ref="1176089714" role=""/>
  <member type="way" ref="836070591" role=""/>
  <member type="way" ref="166769339" role=""/>
  <member type="way" ref="630105721" role=""/>
  <member type="way" ref="428821067" role=""/>
  <member type="way" ref="1176089713" role=""/>
  <member type="way" ref="126748432" role=""/>
  <member type="way" ref="1172899572" role=""/>
  <member type="way" ref="130662518" role=""/>
  <member type="way" ref="1355798636" role=""/>
  <member type="way" ref="1355798637" role=""/>
  <member type="way" ref="1350828241" role=""/>
  <member type="way" ref="1176089711" role=""/>
  <member type="way" ref="1355798633" role=""/>
  <member type="way" ref="1348052037" role=""/>
  <member type="way" ref="938480175" role=""/>
  <member type="way" ref="1348017334" role=""/>
  <member type="way" ref="1348017332" role=""/>
  <member type="way" ref="938511527" role=""/>
  <member type="way" ref="938511526" role=""/>
  <member type="way" ref="1349616745" role=""/>
  <member type="way" ref="126794876" role=""/>
  <member type="way" ref="1166162913" role=""/>
  <member type="way" ref="1349465283" role=""/>
  <member type="way" ref="938511521" role=""/>
  <member type="way" ref="965258874" role=""/>
  <member type="way" ref="938511516" role=""/>
  <member type="way" ref="965258867" role=""/>
  <member type="way" ref="938511517" role=""/>
  <member type="way" ref="126794896" role=""/>
  <member type="way" ref="836076775" role=""/>
  <member type="way" ref="126794867" role=""/>
  <member type="way" ref="373252803" role=""/>
  <member type="way" ref="938511518" role=""/>
  <member type="way" ref="938511514" role=""/>
  <member type="way" ref="283836052" role=""/>
  <member type="way" ref="1176089710" role=""/>
  <member type="way" ref="287600634" role=""/>
  <member type="way" ref="764254535" role=""/>
  <member type="way" ref="130782913" role=""/>
  <member type="way" ref="127734288" role=""/>
  <member type="way" ref="126985750" role=""/>
  <member type="way" ref="1176089686" role=""/>
  <member type="way" ref="127734296" role=""/>
  <member type="way" ref="429486774" role=""/>
  <member type="way" ref="1176089707" role=""/>
  <member type="way" ref="941525649" role=""/>
  <member type="way" ref="642883031" role=""/>
  <member type="way" ref="739457783" role=""/>
  <member type="way" ref="1349932013" role=""/>
  <member type="way" ref="1263814040" role=""/>
  <member type="way" ref="1349932014" role=""/>
  <member type="way" ref="130795057" role=""/>
  <member type="way" ref="837772459" role=""/>
  <member type="way" ref="635794973" role=""/>
  <member type="way" ref="130795048" role=""/>
  <member type="way" ref="287600625" role=""/>
  <member type="way" ref="246355226" role=""/>
  <member type="way" ref="246355224" role=""/>
  <member type="way" ref="127077798" role=""/>
  <member type="way" ref="1177122289" role=""/>
  <member type="way" ref="1176089706" role=""/>
  <member type="way" ref="1163734946" role=""/>
  <member type="way" ref="246355239" role=""/>
  <member type="way" ref="1172095049" role=""/>
  <member type="way" ref="373260324" role=""/>
  <member type="way" ref="858193640" role=""/>
  <member type="way" ref="1172095052" role=""/>
  <member type="way" ref="1172095051" role=""/>
  <member type="way" ref="942366338" role=""/>
  <member type="way" ref="941541982" role=""/>
  <member type="way" ref="373260325" role=""/>
  <member type="way" ref="941541981" role=""/>
  <member type="way" ref="941541980" role=""/>
  <member type="way" ref="1172095053" role=""/>
  <member type="way" ref="127086394" role=""/>
  <member type="way" ref="749966217" role=""/>
  <member type="way" ref="954753222" role=""/>
  <member type="way" ref="852395129" role=""/>
  <member type="way" ref="1176089705" role=""/>
  <member type="way" ref="852610254" role=""/>
  <member type="way" ref="852610253" role=""/>
  <member type="way" ref="127086377" role=""/>
  <member type="way" ref="438914459" role=""/>
  <member type="way" ref="1176089702" role=""/>
  <member type="way" ref="438914454" role=""/>
  <member type="way" ref="438914452" role=""/>
  <member type="way" ref="764194626" role=""/>
  <member type="way" ref="127216226" role=""/>
  <member type="way" ref="438021250" role=""/>
  <member type="way" ref="1176112354" role=""/>
  <member type="way" ref="1176113020" role=""/>
  <member type="way" ref="127216212" role=""/>
  <member type="way" ref="1176083076" role=""/>
  <member type="way" ref="127217136" role=""/>
  <member type="way" ref="127217125" role=""/>
  <member type="way" ref="939461139" role=""/>
  <member type="way" ref="1176089701" role=""/>
  <member type="way" ref="387044708" role=""/>
  <member type="way" ref="390733906" role=""/>
  <member type="way" ref="127419744" role=""/>
  <member type="way" ref="1176083072" role=""/>
  <member type="way" ref="1176083970" role=""/>
  <member type="way" ref="1176089699" role=""/>
  <member type="way" ref="277373178" role=""/>
  <member type="way" ref="126924165" role=""/>
  <member type="way" ref="1347717002" role=""/>
  <member type="way" ref="1347717003" role=""/>
  <member type="way" ref="1176087326" role=""/>
  <member type="way" ref="1176089698" role=""/>
  <member type="way" ref="126924148" role=""/>
  <member type="way" ref="855740876" role=""/>
  <member type="way" ref="126822553" role=""/>
  <member type="way" ref="853212813" role=""/>
  <member type="way" ref="926307136" role=""/>
  <member type="way" ref="130782904" role=""/>
  <member type="way" ref="1176089695" role=""/>
  <member type="way" ref="126786474" role=""/>
  <member type="way" ref="1176089694" role=""/>
  <member type="way" ref="126786475" role=""/>
  <member type="way" ref="126786476" role=""/>
  <member type="way" ref="1175460003" role=""/>
  <member type="way" ref="1175460000" role=""/>
  <member type="way" ref="1163678183" role=""/>
  <member type="way" ref="1166164008" role=""/>
  <member type="way" ref="1349929522" role=""/>
  <member type="way" ref="456860532" role=""/>
  <member type="way" ref="126786473" role=""/>
  <member type="way" ref="764254551" role=""/>
  <member type="way" ref="439083815" role=""/>
  <member type="way" ref="126748437" role=""/>
  <member type="way" ref="1176089690" role=""/>
  <member type="way" ref="126746227" role=""/>
  <member type="way" ref="1176089689" role=""/>
  <member type="way" ref="1176089687" role=""/>
  <member type="way" ref="151534285" role=""/>
  <member type="way" ref="853228316" role=""/>
  <member type="way" ref="936878712" role=""/>
  <member type="way" ref="936856094" role=""/>
  <member type="way" ref="942369788" role=""/>
  <member type="way" ref="942369789" role=""/>
  <member type="way" ref="938554864" role=""/>
  <member type="way" ref="936856093" role=""/>
  <member type="way" ref="936856092" role=""/>
  <member type="way" ref="1349553329" role=""/>
  <member type="way" ref="938483249" role=""/>
  <member type="way" ref="965258871" role=""/>
  <member type="way" ref="938483248" role=""/>
  <member type="way" ref="1349553324" role=""/>
  <member type="way" ref="69421415" role=""/>
  <member type="way" ref="1209878416" role=""/>
  <member type="way" ref="166624830" role=""/>
  <member type="way" ref="1176115287" role=""/>
  <member type="way" ref="1209878418" role=""/>
  <member type="way" ref="1209878412" role=""/>
  <member type="way" ref="166624837" role=""/>
  <member type="way" ref="1209878408" role=""/>
  <member type="way" ref="1153931939" role=""/>
  <member type="way" ref="1153931940" role=""/>
  <member type="way" ref="1172095062" role=""/>
  <member type="way" ref="69421407" role=""/>
  <member type="way" ref="1353796924" role=""/>
  <member type="way" ref="1353796941" role=""/>
  <member type="way" ref="1353796931" role=""/>
  <member type="way" ref="642883023" role=""/>
  <member type="way" ref="100223011" role=""/>
  <tag k="from" v="Terminal Rodoviário Nicolau Delic"/>
  <tag k="name" v="Ônibus 05: Circular Bairro Mauá"/>
  <tag k="network" v="SITS"/>
  <tag k="operator" v="Viação Padre Eustáquio"/>
  <tag k="public_transport:version" v="2"/>
  <tag k="ref" v="05"/>
  <tag k="route" v="bus"/>
  <tag k="to" v="Bairro Mauá"/>
  <tag k="type" v="route"/>
 </relation>
 <relation id="17360059" visible="true" version="1" changeset="148826715" timestamp="2024-03-18T17:09:19Z" user="petropouli" uid="4200031">
  <member type="way" ref="1263814036" role="from"/>
  <member type="node" ref="11741790305" role="via"/>
  <member type="way" ref="691048388" role="to"/>
  <tag k="restriction" v="only_straight_on"/>
  <tag k="type" v="restriction"/>
 </relation>
 <relation id="18595056" visible="true" version="2" changeset="161696984" timestamp="2025-01-24T04:21:31Z" user="jaysonwcs" uid="18991845">
  <member type="node" ref="10957649353" role="stop"/>
  <member type="node" ref="10965502133" role="platform"/>
  <member type="node" ref="9294924846" role="stop"/>
  <member type="node" ref="9294924845" role="platform"/>
  <member type="node" ref="11159399917" role="stop"/>
  <member type="node" ref="11159399916" role="platform"/>
  <member type="node" ref="9294924843" role="stop"/>
  <member type="node" ref="9294924842" role="platform"/>
  <member type="node" ref="9294924838" role="stop"/>
  <member type="node" ref="9294924837" role="platform"/>
  <member type="node" ref="9294924836" role="stop"/>
  <member type="node" ref="9294924835" role="platform"/>
  <member type="node" ref="9294924834" role="stop"/>
  <member type="node" ref="9294924833" role="platform"/>
  <member type="node" ref="10957476558" role="stop"/>
  <member type="node" ref="10821945250" role="platform"/>
  <member type="node" ref="10957515271" role="stop"/>
  <member type="node" ref="10961967057" role="platform"/>
  <member type="node" ref="10890155150" role="stop"/>
  <member type="node" ref="10899398622" role="stop"/>
  <member type="node" ref="10961967087" role="platform"/>
  <member type="node" ref="12528575937" role="stop"/>
  <member type="node" ref="10830089059" role="platform"/>
  <member type="node" ref="10957649380" role="stop"/>
  <member type="node" ref="10965502163" role="platform"/>
  <member type="node" ref="10957649379" role="stop"/>
  <member type="node" ref="10965502162" role="platform"/>
  <member type="node" ref="10957649378" role="stop"/>
  <member type="node" ref="10965502161" role="platform"/>
  <member type="node" ref="10965502160" role="stop"/>
  <member type="node" ref="10965426792" role="platform"/>
  <member type="node" ref="10957476554" role="stop"/>
  <member type="node" ref="10965426791" role="platform"/>
  <member type="node" ref="10957649377" role="stop"/>
  <member type="node" ref="10965502159" role="platform"/>
  <member type="node" ref="10957649376" role="stop"/>
  <member type="node" ref="10965502158" role="platform"/>
  <member type="node" ref="10957649375" role="stop"/>
  <member type="node" ref="10965502157" role="platform"/>
  <member type="node" ref="1406248367" role="stop"/>
  <member type="node" ref="10965502155" role="platform"/>
  <member type="node" ref="10957649373" role="stop"/>
  <member type="node" ref="10965502154" role="platform"/>
  <member type="node" ref="10957649372" role="stop"/>
  <member type="node" ref="10965502153" role="platform"/>
  <member type="node" ref="10957649371" role="stop"/>
  <member type="node" ref="10961967073" role="platform"/>
  <member type="node" ref="7791061261" role="stop"/>
  <member type="node" ref="10961967072" role="platform"/>
  <member type="node" ref="12528575935" role="stop"/>
  <member type="node" ref="12528575936" role="platform"/>
  <member type="node" ref="9294924826" role="stop"/>
  <member type="node" ref="9294924825" role="platform"/>
  <member type="node" ref="10958263762" role="stop"/>
  <member type="node" ref="10829990061" role="platform"/>
  <member type="node" ref="12528575934" role="stop"/>
  <member type="node" ref="12528575933" role="platform"/>
  <member type="node" ref="9294924903" role="stop"/>
  <member type="node" ref="3758362056" role="platform"/>
  <member type="node" ref="9294924902" role="stop"/>
  <member type="node" ref="3758362057" role="platform"/>
  <member type="node" ref="8680694462" role="stop"/>
  <member type="node" ref="9294924901" role="platform"/>
  <member type="node" ref="9294924900" role="stop"/>
  <member type="node" ref="9294924899" role="platform"/>
  <member type="node" ref="10957649349" role="stop"/>
  <member type="node" ref="12374892274" role="platform"/>
  <member type="node" ref="9294924896" role="stop"/>
  <member type="node" ref="9294924895" role="platform"/>
  <member type="node" ref="9294924894" role="stop"/>
  <member type="node" ref="9294924893" role="platform"/>
  <member type="node" ref="9294924892" role="stop"/>
  <member type="node" ref="3758362065" role="platform"/>
  <member type="node" ref="9294924891" role="stop"/>
  <member type="node" ref="3758362067" role="platform"/>
  <member type="way" ref="1353796943" role=""/>
  <member type="way" ref="127947938" role=""/>
  <member type="way" ref="396906185" role=""/>
  <member type="way" ref="649723677" role=""/>
  <member type="way" ref="1166125316" role=""/>
  <member type="way" ref="649723676" role=""/>
  <member type="way" ref="941580278" role=""/>
  <member type="way" ref="936878713" role=""/>
  <member type="way" ref="936878712" role=""/>
  <member type="way" ref="936856094" role=""/>
  <member type="way" ref="942369788" role=""/>
  <member type="way" ref="942369789" role=""/>
  <member type="way" ref="938554864" role=""/>
  <member type="way" ref="936856093" role=""/>
  <member type="way" ref="936856092" role=""/>
  <member type="way" ref="1349553329" role=""/>
  <member type="way" ref="938483249" role=""/>
  <member type="way" ref="965258871" role=""/>
  <member type="way" ref="938483248" role=""/>
  <member type="way" ref="1349553324" role=""/>
  <member type="way" ref="69421415" role=""/>
  <member type="way" ref="1209878416" role=""/>
  <member type="way" ref="166624830" role=""/>
  <member type="way" ref="1176115287" role=""/>
  <member type="way" ref="1209878418" role=""/>
  <member type="way" ref="1209878412" role=""/>
  <member type="way" ref="166624837" role=""/>
  <member type="way" ref="1209878408" role=""/>
  <member type="way" ref="1153931939" role=""/>
  <member type="way" ref="1153931940" role=""/>
  <member type="way" ref="1172095062" role=""/>
  <member type="way" ref="69421407" role=""/>
  <member type="way" ref="1353796924" role=""/>
  <member type="way" ref="100223009" role=""/>
  <member type="way" ref="1164500128" role=""/>
  <member type="way" ref="390726912" role=""/>
  <member type="way" ref="836531310" role=""/>
  <member type="way" ref="373252778" role=""/>
  <member type="way" ref="1338623755" role=""/>
  <member type="way" ref="1338623754" role=""/>
  <member type="way" ref="377630740" role=""/>
  <member type="way" ref="775808219" role=""/>
  <member type="way" ref="936836093" role=""/>
  <member type="way" ref="836084868" role=""/>
  <member type="way" ref="1172899581" role=""/>
  <member type="way" ref="127559306" role=""/>
  <member type="way" ref="373252786" role=""/>
  <member type="way" ref="1353796939" role=""/>
  <member type="way" ref="130658066" role=""/>
  <member type="way" ref="1172899579" role=""/>
  <member type="way" ref="130662519" role=""/>
  <member type="way" ref="1349883186" role=""/>
  <member type="way" ref="126794865" role=""/>
  <member type="way" ref="166769344" role=""/>
  <member type="way" ref="1163715037" role=""/>
  <member type="way" ref="1349479489" role=""/>
  <member type="way" ref="283837612" role=""/>
  <member type="way" ref="1349616742" role=""/>
  <member type="way" ref="1349616743" role=""/>
  <member type="way" ref="1175479590" role=""/>
  <member type="way" ref="283837930" role=""/>
  <member type="way" ref="965258867" role=""/>
  <member type="way" ref="938511515" role=""/>
  <member type="way" ref="938511514" role=""/>
  <member type="way" ref="283836052" role=""/>
  <member type="way" ref="1176089710" role=""/>
  <member type="way" ref="287600627" role=""/>
  <member type="way" ref="457967740" role=""/>
  <member type="way" ref="1164192021" role=""/>
  <member type="way" ref="1175738215" role=""/>
  <member type="way" ref="1176083077" role=""/>
  <member type="way" ref="246355229" role=""/>
  <member type="way" ref="246355235" role=""/>
  <member type="way" ref="415068849" role=""/>
  <member type="way" ref="941518041" role=""/>
  <member type="way" ref="941520697" role=""/>
  <member type="way" ref="942371585" role=""/>
  <member type="way" ref="1353796938" role=""/>
  <member type="way" ref="1353796936" role=""/>
  <member type="way" ref="674857573" role=""/>
  <member type="way" ref="127069570" role=""/>
  <member type="way" ref="942370829" role=""/>
  <member type="way" ref="941520696" role=""/>
  <member type="way" ref="941525650" role=""/>
  <member type="way" ref="1176089707" role=""/>
  <member type="way" ref="941525649" role=""/>
  <member type="way" ref="642883031" role=""/>
  <member type="way" ref="739457783" role=""/>
  <member type="way" ref="1349932013" role=""/>
  <member type="way" ref="1263814036" role=""/>
  <member type="way" ref="691048388" role=""/>
  <member type="way" ref="635794974" role=""/>
  <member type="way" ref="635794971" role=""/>
  <member type="way" ref="965258864" role=""/>
  <member type="way" ref="938597759" role=""/>
  <member type="way" ref="373087179" role=""/>
  <member type="way" ref="939403327" role=""/>
  <member type="way" ref="939403326" role=""/>
  <member type="way" ref="745536979" role=""/>
  <member type="way" ref="739457786" role=""/>
  <member type="way" ref="939404753" role=""/>
  <member type="way" ref="939404752" role=""/>
  <member type="way" ref="939404748" role=""/>
  <member type="way" ref="939404749" role=""/>
  <member type="way" ref="939406121" role=""/>
  <member type="way" ref="939406122" role=""/>
  <member type="way" ref="739457785" role=""/>
  <member type="way" ref="939406118" role=""/>
  <member type="way" ref="939406119" role=""/>
  <member type="way" ref="301994311" role=""/>
  <member type="way" ref="301994310" role=""/>
  <member type="way" ref="301994312" role=""/>
  <member type="way" ref="745206744" role=""/>
  <member type="way" ref="836342750" role=""/>
  <member type="way" ref="938508669" role=""/>
  <member type="way" ref="1144309531" role=""/>
  <member type="way" ref="373252793" role=""/>
  <member type="way" ref="939088074" role=""/>
  <member type="way" ref="834828187" role=""/>
  <member type="way" ref="1324275815" role=""/>
  <member type="way" ref="1324275814" role=""/>
  <member type="way" ref="1353796935" role=""/>
  <member type="way" ref="125984211" role=""/>
  <member type="way" ref="380300677" role=""/>
  <member type="way" ref="1353796933" role=""/>
  <member type="way" ref="1353796932" role=""/>
  <member type="way" ref="373252781" role=""/>
  <member type="way" ref="936836092" role=""/>
  <member type="way" ref="377630738" role=""/>
  <member type="way" ref="1338623750" role=""/>
  <member type="way" ref="1338623749" role=""/>
  <member type="way" ref="377630736" role=""/>
  <member type="way" ref="1175798773" role=""/>
  <member type="way" ref="936831613" role=""/>
  <member type="way" ref="1338623752" role=""/>
  <member type="way" ref="239012707" role=""/>
  <member type="way" ref="239012708" role=""/>
  <member type="way" ref="1338623753" role=""/>
  <member type="way" ref="938527274" role=""/>
  <member type="way" ref="938527273" role=""/>
  <member type="way" ref="194730487" role=""/>
  <member type="way" ref="836531310" role=""/>
  <member type="way" ref="938566065" role=""/>
  <member type="way" ref="127553710" role=""/>
  <member type="way" ref="127546560" role=""/>
  <member type="way" ref="1176112366" role=""/>
  <member type="way" ref="69421409" role=""/>
  <member type="way" ref="1353796924" role=""/>
  <member type="way" ref="1353796941" role=""/>
  <member type="way" ref="127559291" role=""/>
  <member type="way" ref="100223013" role=""/>
  <member type="way" ref="100223014" role=""/>
  <member type="way" ref="69421397" role=""/>
  <member type="way" ref="1153931941" role=""/>
  <member type="way" ref="1153931945" role=""/>
  <member type="way" ref="194730486" role=""/>
  <member type="way" ref="936856096" role=""/>
  <member type="way" ref="936856091" role=""/>
  <member type="way" ref="1172103702" role=""/>
  <member type="way" ref="936856090" role=""/>
  <member type="way" ref="936856097" role=""/>
  <member type="way" ref="936878710" role=""/>
  <member type="way" ref="1176087333" role=""/>
  <member type="way" ref="936878711" role=""/>
  <member type="way" ref="649723675" role=""/>
  <member type="way" ref="1166125315" role=""/>
  <member type="way" ref="649723678" role=""/>
  <member type="way" ref="127260823" role=""/>
  <member type="way" ref="1176115286" role=""/>
  <member type="way" ref="457964212" role=""/>
  <member type="way" ref="936886939" role=""/>
  <member type="way" ref="1353796926" role=""/>
  <member type="way" ref="1353796925" role=""/>
  <tag k="from" v="Parada Maceió"/>
  <tag k="name" v="Ônibus 10: Circular Universitário"/>
  <tag k="network" v="SITS"/>
  <tag k="operator" v="Viação Padre Eustaquio"/>
  <tag k="public_transport:version" v="2"/>
  <tag k="ref" v="10"/>
  <tag k="route" v="bus"/>
  <tag k="to" v="Parada Maceió"/>
  <tag k="type" v="route"/>
 </relation>
 <relation id="18595057" visible="true" version="1" changeset="161691759" timestamp="2025-01-23T22:25:41Z" user="jaysonwcs" uid="18991845">
  <member type="relation" ref="18595056" role=""/>
  <tag k="name" v="Ônibus 10: Circular Universitário"/>
  <tag k="network" v="SITS"/>
  <tag k="operator" v="VIPE"/>
  <tag k="ref" v="10"/>
  <tag k="route_master" v="bus"/>
  <tag k="type" v="route_master"/>
 </relation>
</osm>
