{"timestamp": 13.200000196695328, "ITS_PDU_Header": {"tmp": "tmp"}, "Management_Container": {"tmp": "tmp"}, "Station_Data_Container": {"sumo_id": "0", "location": [5777.03662109375, -923.6148071289062], "speed": [5.51757804278168, -3.527831978681207, 0]}, "Sensor_Information_Container": ["360_sensor", "forward_sensor", "backward_sensor"], "Perceived_Object_Container": [{"time": 13.100000195205212, "location": {"x": 5735.500358870209, "y": -898.4517726999406}, "speed": {"x": 0, "y": 0, "z": 0}, "pseudonym": 0}], "option": {"size": 261}}
{"timestamp": 13.40000019967556, "ITS_PDU_Header": {"tmp": "tmp"}, "Management_Container": {"tmp": "tmp"}, "Station_Data_Container": {"sumo_id": "0", "location": [5778.14599609375, -924.2061767578125], "speed": [5.556640542199603, -2.367553675658201, 0]}, "Sensor_Information_Container": ["360_sensor", "forward_sensor", "backward_sensor"], "Perceived_Object_Container": [{"time": 13.300000198185444, "location": {"x": 5735.160765474778, "y": -899.0883988218892}, "speed": {"x": -0.4492187433061191, "y": 0.2587890586437425, "z": 0}, "pseudonym": 0}], "option": {"size": 261}}
{"timestamp": 14.800000220537186, "ITS_PDU_Header": {"tmp": "tmp"}, "Management_Container": {"tmp": "tmp"}, "Station_Data_Container": {"sumo_id": "0", "location": [5785.06982421875, -921.3812255859375], "speed": [3.193359327415238, 6.688842673765977, 0]}, "Sensor_Information_Container": ["360_sensor", "forward_sensor", "backward_sensor"], "Perceived_Object_Container": [{"time": 14.70000021904707, "location": {"x": 5839.423075645574, "y": -803.9059179310389}, "speed": {"x": 6.0791014719143295, "y": 4.757080007238984, "z": 0}, "pseudonym": 1}], "option": {"size": 261}}
{"timestamp": 24.70000036805868, "ITS_PDU_Header": {"tmp": "tmp"}, "Management_Container": {"tmp": "tmp"}, "Station_Data_Container": {"sumo_id": "0", "location": [5830.3291015625, -840.0011596679688], "speed": [5.957031161233318, 1.998290985848144, 0]}, "Sensor_Information_Container": ["360_sensor", "forward_sensor", "backward_sensor"], "Perceived_Object_Container": [{"time": 24.600000366568565, "location": {"x": 5685.136694169665, "y": -875.6296598389931}, "speed": {"x": -3.0224608924618233, "y": 1.1895751775864485, "z": 0}, "pseudonym": 2}], "option": {"size": 261}}
{"timestamp": 24.900000371038914, "ITS_PDU_Header": {"tmp": "tmp"}, "Management_Container": {"tmp": "tmp"}, "Station_Data_Container": {"sumo_id": "0", "location": [5831.1572265625, -839.4111328125], "speed": [3.735351506838925, 3.2110595224639846, 0]}, "Sensor_Information_Container": ["360_sensor", "forward_sensor", "backward_sensor"], "Perceived_Object_Container": [{"time": 24.800000369548798, "location": {"x": 5724.036274878701, "y": -886.4680769532166}, "speed": {"x": 1.459960915744887, "y": -0.8355712766115178, "z": 0}, "pseudonym": 3}], "option": {"size": 261}}
{"timestamp": 25.700000382959843, "ITS_PDU_Header": {"tmp": "tmp"}, "Management_Container": {"tmp": "tmp"}, "Station_Data_Container": {"sumo_id": "0", "location": [5833.00048828125, -835.2821655273438], "speed": [0.0, 6.882934467748784, 0]}, "Sensor_Information_Container": ["360_sensor", "forward_sensor", "backward_sensor"], "Perceived_Object_Container": [{"time": 25.600000381469727, "location": {"x": 5844.112224959077, "y": -958.2312835452558}, "speed": {"x": -6.396484279684957, "y": 2.747192341876144, "z": 0}, "pseudonym": 4}], "option": {"size": 261}}
{"timestamp": 28.200000420212746, "ITS_PDU_Header": {"tmp": "tmp"}, "Management_Container": {"tmp": "tmp"}, "Station_Data_Container": {"sumo_id": "0", "location": [5828.5810546875, -816.4275512695312], "speed": [0.39550780660647444, 7.276000868141638, 0]}, "Sensor_Information_Container": ["360_sensor", "forward_sensor", "backward_sensor"], "Perceived_Object_Container": [{"time": 28.10000041872263, "location": {"x": 5822.158399048297, "y": -949.6759652909143}, "speed": {"x": -10.786132651774098, "y": 4.6374511027715934, "z": 0}, "pseudonym": 5}], "option": {"size": 261}}
{"timestamp": 37.000000551342964, "ITS_PDU_Header": {"tmp": "tmp"}, "Management_Container": {"tmp": "tmp"}, "Station_Data_Container": {"sumo_id": "0", "location": [5911.9853515625, -740.8995361328125], "speed": [7.661132698340227, 6.837158101243405, 0]}, "Sensor_Information_Container": ["360_sensor", "forward_sensor", "backward_sensor"], "Perceived_Object_Container": [{"time": 36.90000054985285, "location": {"x": 5875.74477840587, "y": -769.6613146805347}, "speed": {"x": 3.4374999487772593, "y": -4.9255370359787785, "z": 0}, "pseudonym": 6}], "option": {"size": 261}}
{"timestamp": 37.10000055283308, "ITS_PDU_Header": {"tmp": "tmp"}, "Management_Container": {"tmp": "tmp"}, "Station_Data_Container": {"sumo_id": "0", "location": [5912.71533203125, -740.2408447265625], "speed": [7.2998045787244354, 6.586913964347334, 0]}, "Sensor_Information_Container": ["360_sensor", "forward_sensor", "backward_sensor"], "Perceived_Object_Container": [{"time": 37.000000551342964, "location": {"x": 5876.013467363889, "y": -769.3715119402092}, "speed": {"x": 3.6572265080030784, "y": -2.3944091440080233, "z": 0}, "pseudonym": 6}], "option": {"size": 261}}
{"timestamp": 37.70000056177378, "ITS_PDU_Header": {"tmp": "tmp"}, "Management_Container": {"tmp": "tmp"}, "Station_Data_Container": {"sumo_id": "0", "location": [5916.0498046875, -735.5982055664062], "speed": [3.6132811961579145, 8.609008660778274, 0]}, "Sensor_Information_Container": ["360_sensor", "forward_sensor", "backward_sensor"], "Perceived_Object_Container": [{"time": 37.60000056028366, "location": {"x": 5966.520254070601, "y": -625.2443266219573}, "speed": {"x": 13.627929484428027, "y": 4.0045165418905535, "z": 0}, "pseudonym": 7}], "option": {"size": 261}}
