{"timestamp": 25.100000374019146, "ITS_PDU_Header": {"tmp": "tmp"}, "Management_Container": {"tmp": "tmp"}, "Station_Data_Container": {"sumo_id": "11", "location": [6035.94287109375, -733.702392578125], "speed": [1.7382812240975913, -6.746215719786052, 0]}, "Sensor_Information_Container": ["360_sensor", "forward_sensor", "backward_sensor"], "Perceived_Object_Container": [{"time": 25.100000374019146, "location": {"x": 6020.976840105163, "y": -613.062669707292}, "speed": {"x": -11.694335763240817, "y": -3.4368895972238542, "z": 0}, "pseudonym": 0}], "option": {"size": 261}}
{"timestamp": 25.80000038444996, "ITS_PDU_Header": {"tmp": "tmp"}, "Management_Container": {"tmp": "tmp"}, "Station_Data_Container": {"sumo_id": "11", "location": [6034.92529296875, -739.236572265625], "speed": [-3.3691405747958934, -8.346557492814101, 0]}, "Sensor_Information_Container": ["360_sensor", "forward_sensor", "backward_sensor"], "Perceived_Object_Container": [{"time": 25.700000382959843, "location": {"x": 6098.324891238946, "y": -624.8332708144018}, "speed": {"x": -5.512695230354439, "y": -10.174560395262235, "z": 0}, "pseudonym": 1}], "option": {"size": 261}}
{"timestamp": 26.100000388920307, "ITS_PDU_Header": {"tmp": "tmp"}, "Management_Container": {"tmp": "tmp"}, "Station_Data_Container": {"sumo_id": "11", "location": [6033.59912109375, -741.7160034179688], "speed": [-4.609374931314961, -8.45642077242701, 0]}, "Sensor_Information_Container": ["360_sensor", "forward_sensor", "backward_sensor"], "Perceived_Object_Container": [{"time": 26.00000038743019, "location": {"x": 6097.058875769775, "y": -628.4199457591465}, "speed": {"x": -5.937499911524356, "y": -10.946655110319627, "z": 0}, "pseudonym": 1}, {"time": 26.100000388920307, "location": {"x": 6095.844915360567, "y": -627.5187526454662}, "speed": {"x": -5.937499911524356, "y": -10.946655110319627, "z": 0}, "pseudonym": 1}], "option": {"size": 296}}
{"timestamp": 26.80000039935112, "ITS_PDU_Header": {"tmp": "tmp"}, "Management_Container": {"tmp": "tmp"}, "Station_Data_Container": {"sumo_id": "11", "location": [6030.134765625, -748.0712280273438], "speed": [-5.244140546856216, -9.611816263022776, 0]}, "Sensor_Information_Container": ["360_sensor", "forward_sensor", "backward_sensor"], "Perceived_Object_Container": [{"time": 26.700000397861004, "location": {"x": 6092.761996649288, "y": -636.2598153925628}, "speed": {"x": -6.176757720459138, "y": -11.39160139275191, "z": 0}, "pseudonym": 1}, {"time": 26.80000039935112, "location": {"x": 6091.5264011127565, "y": -635.4410351342887}, "speed": {"x": -6.176757720459138, "y": -11.39160139275191, "z": 0}, "pseudonym": 1}], "option": {"size": 296}}
{"timestamp": 27.80000041425228, "ITS_PDU_Header": {"tmp": "tmp"}, "Management_Container": {"tmp": "tmp"}, "Station_Data_Container": {"sumo_id": "11", "location": [6024.35546875, -758.675048828125], "speed": [-6.230468657158783, -11.434326001490264, 0]}, "Sensor_Information_Container": ["360_sensor", "forward_sensor", "backward_sensor"], "Perceived_Object_Container": [{"time": 27.80000041425228, "location": {"x": 6085.382087263874, "y": -646.7145238458575}, "speed": {"x": -6.162109283177417, "y": -11.353759596440797, "z": 0}, "pseudonym": 1}], "option": {"size": 261}}
{"timestamp": 28.200000420212746, "ITS_PDU_Header": {"tmp": "tmp"}, "Management_Container": {"tmp": "tmp"}, "Station_Data_Container": {"sumo_id": "11", "location": [6021.75341796875, -763.4478149414062], "speed": [-6.66015615075594, -12.204589661887443, 0]}, "Sensor_Information_Container": ["360_sensor", "forward_sensor", "backward_sensor"], "Perceived_Object_Container": [{"time": 28.10000041872263, "location": {"x": 6083.599549599905, "y": -649.9843253965855}, "speed": {"x": -5.786132726279903, "y": -10.664062341093087, "z": 0}, "pseudonym": 1}], "option": {"size": 261}}
{"timestamp": 28.400000423192978, "ITS_PDU_Header": {"tmp": "tmp"}, "Management_Container": {"tmp": "tmp"}, "Station_Data_Container": {"sumo_id": "11", "location": [6020.3974609375, -765.9364624023438], "speed": [-6.791992086291431, -12.465820126744806, 0]}, "Sensor_Information_Container": ["360_sensor", "forward_sensor", "backward_sensor"], "Perceived_Object_Container": [{"time": 28.300000421702862, "location": {"x": 6082.527294556287, "y": -651.9514468175956}, "speed": {"x": -5.361328045109986, "y": -9.869994970113114, "z": 0}, "pseudonym": 1}, {"time": 28.400000423192978, "location": {"x": 6082.7530983692595, "y": -654.6340886775101}, "speed": {"x": -5.361328045109986, "y": -9.869994970113114, "z": 0}, "pseudonym": 1}], "option": {"size": 296}}
{"timestamp": 28.60000042617321, "ITS_PDU_Header": {"tmp": "tmp"}, "Management_Container": {"tmp": "tmp"}, "Station_Data_Container": {"sumo_id": "11", "location": [6019.0390625, -768.4281005859375], "speed": [-6.796874898718672, -12.46643047829821, 0]}, "Sensor_Information_Container": ["360_sensor", "forward_sensor", "backward_sensor"], "Perceived_Object_Container": [{"time": 28.500000424683094, "location": {"x": 6082.277862263484, "y": -655.5158919760289}, "speed": {"x": -4.931640551512829, "y": -9.078979356900165, "z": 0}, "pseudonym": 1}], "option": {"size": 261}}
{"timestamp": 28.90000043064356, "ITS_PDU_Header": {"tmp": "tmp"}, "Management_Container": {"tmp": "tmp"}, "Station_Data_Container": {"sumo_id": "11", "location": [6016.99853515625, -772.1722412109375], "speed": [-6.806640523573153, -12.487182431113983, 0]}, "Sensor_Information_Container": ["360_sensor", "forward_sensor", "backward_sensor"], "Perceived_Object_Container": [{"time": 28.800000429153442, "location": {"x": 6080.981610057067, "y": -657.9320802976492}, "speed": {"x": -4.287109311117093, "y": -7.892455937080742, "z": 0}, "pseudonym": 1}], "option": {"size": 261}}
{"timestamp": 29.10000043362379, "ITS_PDU_Header": {"tmp": "tmp"}, "Management_Container": {"tmp": "tmp"}, "Station_Data_Container": {"sumo_id": "11", "location": [6015.64599609375, -774.6532592773438], "speed": [-6.762695211727989, -12.40600567451111, 0]}, "Sensor_Information_Container": ["360_sensor", "forward_sensor", "backward_sensor"], "Perceived_Object_Container": [{"time": 29.10000043362379, "location": {"x": 6079.877016752196, "y": -660.0042971844412}, "speed": {"x": -3.8525390050926953, "y": -7.102050675421198, "z": 0}, "pseudonym": 1}], "option": {"size": 261}}
{"timestamp": 29.300000436604023, "ITS_PDU_Header": {"tmp": "tmp"}, "Management_Container": {"tmp": "tmp"}, "Station_Data_Container": {"sumo_id": "11", "location": [6014.2890625, -777.14208984375], "speed": [-6.796874898718672, -12.45788555655054, 0]}, "Sensor_Information_Container": ["360_sensor", "forward_sensor", "backward_sensor"], "Perceived_Object_Container": [{"time": 29.200000435113907, "location": {"x": 6079.551535547744, "y": -660.6185858877909}, "speed": {"x": -3.4277343239227784, "y": -6.311645413761655, "z": 0}, "pseudonym": 1}], "option": {"size": 261}}
{"timestamp": 29.500000439584255, "ITS_PDU_Header": {"tmp": "tmp"}, "Management_Container": {"tmp": "tmp"}, "Station_Data_Container": {"sumo_id": "11", "location": [6012.9267578125, -779.6423950195312], "speed": [-6.8164061484276335, -12.515258602570615, 0]}, "Sensor_Information_Container": ["360_sensor", "forward_sensor", "backward_sensor"], "Perceived_Object_Container": [{"time": 29.40000043809414, "location": {"x": 6078.965112297785, "y": -661.7326041881385}, "speed": {"x": -3.0029296427528616, "y": -5.521850503655515, "z": 0}, "pseudonym": 1}], "option": {"size": 261}}
{"timestamp": 29.700000442564487, "ITS_PDU_Header": {"tmp": "tmp"}, "Management_Container": {"tmp": "tmp"}, "Station_Data_Container": {"sumo_id": "11", "location": [6011.56689453125, -782.1370849609375], "speed": [-6.77734364900971, -12.445068173929034, 0]}, "Sensor_Information_Container": ["360_sensor", "forward_sensor", "backward_sensor"], "Perceived_Object_Container": [{"time": 29.60000044107437, "location": {"x": 6078.363118587995, "y": -662.8745835997292}, "speed": {"x": -3.2421874516876423, "y": -5.97778311404909, "z": 0},