{"timestamp": 13.100000195205212, "ITS_PDU_Header": {"tmp": "tmp"}, "Management_Container": {"tmp": "tmp"}, "Station_Data_Container": {"sumo_id": "13", "location": [5733.8779296875, -898.1393432617188], "speed": [57338.77844246062, -8981.393298783998, 0]}, "Sensor_Information_Container": ["360_sensor", "forward_sensor", "backward_sensor"], "Perceived_Object_Container": [{"time": 13.100000195205212, "location": {"x": 5775.161053130386, "y": -921.9566713793646}, "speed": {"x": 5.527343667636161, "y": -3.5321044395550425, "z": 0}, "pseudonym": 0}], "option": {"size": 261}}
{"timestamp": 13.500000201165676, "ITS_PDU_Header": {"tmp": "tmp"}, "Management_Container": {"tmp": "tmp"}, "Station_Data_Container": {"sumo_id": "13", "location": [5733.65966796875, -898.0123291015625], "speed": [-0.8691406120487957, 0.5047607346659789, 0]}, "Sensor_Information_Container": ["360_sensor", "forward_sensor", "backward_sensor"], "Perceived_Object_Container": [{"time": 13.500000201165676, "location": {"x": 5777.323674583658, "y": -923.1696323916229}, "speed": {"x": 5.556640542199603, "y": -2.367553675658201, "z": 0}, "pseudonym": 0}], "option": {"size": 261}}
{"timestamp": 13.800000205636024, "ITS_PDU_Header": {"tmp": "tmp"}, "Management_Container": {"tmp": "tmp"}, "Station_Data_Container": {"sumo_id": "13", "location": [5733.28466796875, -897.793701171875], "speed": [-1.4453124784631657, 0.8337402219513026, 0]}, "Sensor_Information_Container": ["360_sensor", "forward_sensor", "backward_sensor"], "Perceived_Object_Container": [{"time": 13.800000205636024, "location": {"x": 5779.442464628136, "y": -923.6681484621245}, "speed": {"x": 5.17089836044761, "y": -0.8508300654466441, "z": 0}, "pseudonym": 0}], "option": {"size": 261}}
{"timestamp": 13.90000020712614, "ITS_PDU_Header": {"tmp": "tmp"}, "Management_Container": {"tmp": "tmp"}, "Station_Data_Container": {"sumo_id": "13", "location": [5733.12158203125, -897.6990966796875], "speed": [-1.630859350698302, 0.9460449077778323, 0]}, "Sensor_Information_Container": ["360_sensor", "forward_sensor", "backward_sensor"], "Perceived_Object_Container": [{"time": 13.90000020712614, "location": {"x": 5779.722002652632, "y": -923.8335569709943}, "speed": {"x": 4.853515552676982, "y": 0.1928710908759968, "z": 0}, "pseudonym": 0}], "option": {"size": 261}}
{"timestamp": 14.000000208616257, "ITS_PDU_Header": {"tmp": "tmp"}, "Management_Container": {"tmp": "tmp"}, "Station_Data_Container": {"sumo_id": "13", "location": [5732.94482421875, -897.5965576171875], "speed": [-1.7675780986610339, 1.0253906097204892, 0]}, "Sensor_Information_Container": ["360_sensor", "forward_sensor", "backward_sensor"], "Perceived_Object_Container": [{"time": 14.000000208616257, "location": {"x": 5780.077726390061, "y": -924.0426438972623}, "speed": {"x": 5.40039054452791, "y": -0.00976562485448085, "z": 0}, "pseudonym": 0}], "option": {"size": 261}}
{"timestamp": 14.200000211596489, "ITS_PDU_Header": {"tmp": "tmp"}, "Management_Container": {"tmp": "tmp"}, "Station_Data_Container": {"sumo_id": "13", "location": [5732.53662109375, -897.3600463867188], "speed": [-2.1435546555585465, 1.241455059625878, 0]}, "Sensor_Information_Container": ["360_sensor", "forward_sensor", "backward_sensor"], "Perceived_Object_Container": [{"time": 14.200000211596489, "location": {"x": 5780.708484108827, "y": -924.3990803920829}, "speed": {"x": 4.804687428404578, "y": 1.160278303023006, "z": 0}, "pseudonym": 0}], "option": {"size": 261}}
{"timestamp": 14.300000213086605, "ITS_PDU_Header": {"tmp": "tmp"}, "Management_Container": {"tmp": "tmp"}, "Station_Data_Container": {"sumo_id": "13", "location": [5732.306640625, -897.2268676757812], "speed": [-2.29980465323024, 1.3317870895298258, 0]}, "Sensor_Information_Container": ["360_sensor", "forward_sensor", "backward_sensor"], "Perceived_Object_Container": [{"time": 14.300000213086605, "location": {"x": 5781.190682678659, "y": -924.648096101291}, "speed": {"x": 5.019531175203157, "y": 2.4865722285721863, "z": 0}, "pseudonym": 0}], "option": {"size": 261}}
{"timestamp": 14.400000214576721, "ITS_PDU_Header": {"tmp": "tmp"}, "Management_Container": {"tmp": "tmp"}, "Station_Data_Container": {"sumo_id": "13", "location": [5732.0654296875, -897.0866088867188], "speed": [-2.41210933905677, 1.402587869724812, 0]}, "Sensor_Information_Container": ["360_sensor", "forward_sensor", "backward_sensor"], "Perceived_Object_Container": [{"time": 14.400000214576721, "location": {"x": 5781.91108137293, "y": -924.2720918009971}, "speed": {"x": 5.654296790744412, "y": 3.363647410815248, "z": 0}, "pseudonym": 0}], "option": {"size": 261}}
{"timestamp": 14.500000216066837, "ITS_PDU_Header": {"tmp": "tmp"}, "Management_Container": {"tmp": "tmp"}, "Station_Data_Container": {"sumo_id": "13", "location": [5731.8037109375, -896.9349975585938], "speed": [-2.6171874610008676, 1.516113258658152, 0]}, "Sensor_Information_Container": ["360_sensor", "forward_sensor", "backward_sensor"], "Perceived_Object_Container": [{"time": 14.500000216066837, "location": {"x": 5782.421782124374, "y": -923.7632292709498}, "speed": {"x": 4.106445251309197, "y": 5.055541916854055, "z": 0}, "pseudonym": 0}], "option": {"size": 261}}
{"timestamp": 23.100000344216824, "ITS_PDU_Header": {"tmp": "tmp"}, "Management_Container": {"tmp": "tmp"}, "Station_Data_Container": {"sumo_id": "13", "location": [5644.7109375, -861.132568359375], "speed": [-14.414062285213735, 5.692138587055525, 0]}, "Sensor_Information_Container": ["360_sensor", "forward_sensor", "backward_sensor"], "Perceived_Object_Container": [{"time": 23.100000344216824, "location": {"x": 5687.185447151068, "y": -876.7338887871006}, "speed": {"x": 0, "y": 0, "z": 0}, "pseudonym": 1}], "option": {"size": 261}}
{"timestamp": 23.20000034570694, "ITS_PDU_Header": {"tmp": "tmp"}, "Management_Container": {"tmp": "tmp"}, "Station_Data_Container": {"sumo_id": "13", "location": [5643.2607421875, -860.5629272460938], "speed": [-14.501952908904062, 5.69641104792936, 0]}, "Sensor_Information_Container": ["360_sensor", "forward_sensor", "backward_sensor"], "Perceived_Object_Container": [{"time": 23.20000034570694, "location": {"x": 5686.217820796905, "y": -878.0592272433904}, "speed": {"x": 56872.411261910034, "y": -8778.675406296918, "z": 0}, "pseudonym": 1}], "option": {"size": 261}}
{"timestamp": 23.300000347197056, "ITS_PDU_Header": {"tmp": "tmp"}, "Management_Container": {"tmp": "tmp"}, "Station_Data_Container": {"sumo_id": "13", "location": [5641.8154296875, -859.9967651367188], "speed": [-14.453124784631658, 5.661621009385272, 0]}, "Sensor_Information_Container": ["360_sensor", "forward_sensor", "backward_sensor"], "Perceived_Object_Container": [{"time": 23.300000347197056, "location": {"x": 5686.577526754509, "y": -877.0106000382768}, "speed": {"x": -0.23925780893478082, "y": 0.09277343611756807, "z": 0}, "pseudonym": 2}], "option": {"size": 261}}
