{"timestamp": 26.100000388920307, "ITS_PDU_Header": {"tmp": "tmp"}, "Management_Container": {"tmp": "tmp"}, "Station_Data_Container": {"sumo_id": "16", "location": [5714.26220703125, -708.7559204101562], "speed": [-3.872070254801657, 11.1608885055648, 0]}, "Sensor_Information_Container": ["360_sensor", "forward_sensor", "backward_sensor"], "Perceived_Object_Container": [{"time": 26.100000388920307, "location": {"x": 5689.889501645139, "y": -649.0011254648547}, "speed": {"x": 9.809570166326013, "y": 0.5181884688408901, "z": 0}, "pseudonym": 0}], "option": {"size": 261}}
{"timestamp": 26.30000039190054, "ITS_PDU_Header": {"tmp": "tmp"}, "Management_Container": {"tmp": "tmp"}, "Station_Data_Container": {"sumo_id": "16", "location": [5713.48291015625, -706.454833984375], "speed": [-3.9013671293650996, 11.50634748479206, 0]}, "Sensor_Information_Container": ["360_sensor", "forward_sensor", "backward_sensor"], "Perceived_Object_Container": [{"time": 26.200000390410423, "location": {"x": 5690.3636095061875, "y": -649.0292257528574}, "speed": {"x": 10.1220701616694, "y": 0.0, "z": 0}, "pseudonym": 0}, {"time": 26.30000039190054, "location": {"x": 5691.368414456649, "y": -649.0288732506989}, "speed": {"x": 10.1220701616694, "y": 0.0, "z": 0}, "pseudonym": 0}], "option": {"size": 296}}
{"timestamp": 26.600000396370888, "ITS_PDU_Header": {"tmp": "tmp"}, "Management_Container": {"tmp": "tmp"}, "Station_Data_Container": {"sumo_id": "16", "location": [5712.3671875, -702.9894409179688], "speed": [-3.6328124458668762, 11.566161937025756, 0]}, "Sensor_Information_Container": ["360_sensor", "forward_sensor", "backward_sensor"], "Perceived_Object_Container": [{"time": 26.600000396370888, "location": {"x": 5694.539539934357, "y": -648.9692514081017}, "speed": {"x": 10.834960776046502, "y": 0.018310546602151593, "z": 0}, "pseudonym": 0}], "option": {"size": 261}}
{"timestamp": 26.900000400841236, "ITS_PDU_Header": {"tmp": "tmp"}, "Management_Container": {"tmp": "tmp"}, "Station_Data_Container": {"sumo_id": "16", "location": [5711.298828125, -699.5185546875], "speed": [-3.4863280730496635, 11.578979319647262, 0]}, "Sensor_Information_Container": ["360_sensor", "forward_sensor", "backward_sensor"], "Perceived_Object_Container": [{"time": 26.900000400841236, "location": {"x": 5699.424877358477, "y": -648.9092154697664}, "speed": {"x": 11.357421705761228, "y": 0.0, "z": 0}, "pseudonym": 0}], "option": {"size": 261}}
{"timestamp": 30.100000448524952, "ITS_PDU_Header": {"tmp": "tmp"}, "Management_Container": {"tmp": "tmp"}, "Station_Data_Container": {"sumo_id": "16", "location": [5708.6279296875, -665.303955078125], "speed": [1.2695312310825104, 6.288452054732263, 0]}, "Sensor_Information_Container": ["360_sensor", "forward_sensor", "backward_sensor"], "Perceived_Object_Container": [{"time": 30.100000448524952, "location": {"x": 5711.522307688524, "y": -663.9717435118874}, "speed": {"x": 0, "y": 0, "z": 0}, "pseudonym": 1}], "option": {"size": 261}}
{"timestamp": 30.300000451505184, "ITS_PDU_Header": {"tmp": "tmp"}, "Management_Container": {"tmp": "tmp"}, "Station_Data_Container": {"sumo_id": "16", "location": [5708.89404296875, -663.9696655273438], "speed": [1.3427734174911168, 6.801757711145912, 0]}, "Sensor_Information_Container": ["360_sensor", "forward_sensor", "backward_sensor"], "Perceived_Object_Container": [{"time": 30.200000450015068, "location": {"x": 5711.5742282035035, "y": -663.7120578561675}, "speed": {"x": 57133.88098457633, "y": -6619.188744139839, "z": 0}, "pseudonym": 1}, {"time": 30.300000451505184, "location": {"x": 5711.769430092468, "y": -662.7381132727513}, "speed": {"x": -0.053710936699644676, "y": -0.25329589466309704, "z": 0}, "pseudonym": 2}], "option": {"size": 296}}
{"timestamp": 30.600000455975533, "ITS_PDU_Header": {"tmp": "tmp"}, "Management_Container": {"tmp": "tmp"}, "Station_Data_Container": {"sumo_id": "16", "location": [5709.30126953125, -661.9340209960938], "speed": [1.3037109180731934, 6.42822256046202, 0]}, "Sensor_Information_Container": ["360_sensor", "forward_sensor", "backward_sensor"], "Perceived_Object_Container": [{"time": 30.600000455975533, "location": {"x": 5712.366157700221, "y": -659.7247678909871}, "speed": {"x": -0.18554687223513613, "y": -0.9613036966129587, "z": 0}, "pseudonym": 2}, {"time": 30.600000455975533, "location": {"x": 5711.385457100331, "y": -664.7023932996628}, "speed": {"x": -0.18554687223513613, "y": -0.9613036966129587, "z": 0}, "pseudonym": 3}], "option": {"size": 296}}
{"timestamp": 30.90000046044588, "ITS_PDU_Header": {"tmp": "tmp"}, "Management_Container": {"tmp": "tmp"}, "Station_Data_Container": {"sumo_id": "16", "location": [5709.58447265625, -660.2294311523438], "speed": [0.7031249895226211, 5.5023192539465535, 0]}, "Sensor_Information_Container": ["360_sensor", "forward_sensor", "backward_sensor"], "Perceived_Object_Container": [{"time": 30.90000046044588, "location": {"x": 5712.245314288608, "y": -660.3357001439092}, "speed": {"x": -0.32714843262510845, "y": -1.6320800538051121, "z": 0}, "pseudonym": 2}], "option": {"size": 261}}
{"timestamp": 31.000000461935997, "ITS_PDU_Header": {"tmp": "tmp"}, "Management_Container": {"tmp": "tmp"}, "Station_Data_Container": {"sumo_id": "16", "location": [5709.65380859375, -659.6817016601562], "speed": [0.6933593646681403, 5.477294840256946, 0]}, "Sensor_Information_Container": ["360_sensor", "forward_sensor", "backward_sensor"], "Perceived_Object_Container": [{"time": 31.000000461935997, "location": {"x": 5711.372089735374, "y": -664.7533292678495}, "speed": {"x": -0.37597655689751275, "y": -1.8225097384674886, "z": 0}, "pseudonym": 3}], "option": {"size": 261}}
{"timestamp": 31.20000046491623, "ITS_PDU_Header": {"tmp": "tmp"}, "Management_Container": {"tmp": "tmp"}, "Station_Data_Container": {"sumo_id": "16", "location": [5709.79345703125, -658.5765380859375], "speed": [0.6933593646681403, 5.530395425403186, 0]}, "Sensor_Information_Container": ["360_sensor", "forward_sensor", "backward_sensor"], "Perceived_Object_Container": [{"time": 31.20000046491623, "location": {"x": 5711.623747568027, "y": -663.4726833296634}, "speed": {"x": -0.4492187433061191, "y": -2.2570800444918864, "z": 0}, "pseudonym": 2}], "option": {"size": 261}}
{"timestamp": 31.40000046789646, "ITS_PDU_Header": {"tmp": "tmp"}, "Management_Container": {"tmp": "tmp"}, "Station_Data_Container": {"sumo_id": "16", "location": [5709.76611328125, -657.524658203125], "speed": [-0.4736328054423212, 5.1452635952045975, 0]}, "Sensor_Information_Container": ["360_sensor", "forward_sensor", "backward_sensor"], "Perceived_Object_Container": [{"time": 31.300000466406345, "location": {"x": 5711.163921831166, "y": -665.8273478868841}, "speed": {"x": -0.5468749918509276, "y": -2.7416991778954984, "z": 0}, "pseudonym": 3}], "option": {"size": 261}}
{"timestamp": 31.500000469386578, "ITS_PDU_Header": {"tmp": "tmp"}, "Management_Container": {"tmp": "tmp"}, "Station_Data_Container": {"sumo_id": "16", "location": [5709.72119140625, -657.0000610351562], "speed": [-0.4492187433061191, 5.245971601516431, 0]}, "Sensor_Information_Container": ["360_sensor", "forward_sensor", "backward_sensor"], "Perceived_Object_Container": [{"time": 31.500000469386578, "location": {"x": 5712.178029215269, "y": -661.2461751835325}, "speed": {"x": -0.6005859285505722, "y": -2.9583739793542922, "z": 0}, "pseudonym": 2}], "option": {"size": 261}}
{"timestamp": 31.70000047236681, "ITS_PDU_Header": {"tmp": "tmp"}, "Management_Container": {"tmp": "tmp"}, "Station_Data_Container": {"sumo_id": "16", "location": [5709.54248046875, -656.0375366210938], "speed": [-1.3183593553549147, 4.299316342185194, 0]}, "Sensor_Information_Container": ["360_sensor", "forward_sensor", "backward_sensor"], "Perceived_Object_Container": [{"time": 31.600000470876694, "location": {"x": 5710.986206919977, "y": -666.7055180580986}, "speed": {"x": -0.6884765522408999, "y": -3.3740233872231338, "z": 0}, "pseudonym": 3}, {"time": 31.70000047236681,