{"timestamp": 20.10000029951334, "ITS_PDU_Header": {"tmp": "tmp"}, "Management_Container": {"tmp": "tmp"}, "Station_Data_Container": {"sumo_id": "17", "location": [6094.45361328125, -909.4425048828125], "speed": [-1.5576171642896957, 6.027831941428305, 0]}, "Sensor_Information_Container": ["360_sensor", "forward_sensor", "backward_sensor"], "Perceived_Object_Container": [{"time": 20.10000029951334, "location": {"x": 6078.002038700674, "y": -834.2290826642864}, "speed": {"x": 0, "y": 0, "z": 0}, "pseudonym": 0}], "option": {"size": 261}}
{"timestamp": 20.200000301003456, "ITS_PDU_Header": {"tmp": "tmp"}, "Management_Container": {"tmp": "tmp"}, "Station_Data_Container": {"sumo_id": "17", "location": [6094.27978515625, -908.8192138671875], "speed": [-1.7382812240975913, 6.232910063372403, 0]}, "Sensor_Information_Container": ["360_sensor", "forward_sensor", "backward_sensor"], "Perceived_Object_Container": [{"time": 20.200000301003456, "location": {"x": 6077.9784548702555, "y": -834.2470009267444}, "speed": {"x": 60787.9336645017, "y": -8323.625364249567, "z": 0}, "pseudonym": 0}], "option": {"size": 261}}
{"timestamp": 24.800000369548798, "ITS_PDU_Header": {"tmp": "tmp"}, "Management_Container": {"tmp": "tmp"}, "Station_Data_Container": {"sumo_id": "17", "location": [6073.1650390625, -865.3217163085938], "speed": [-2.7050780846911953, 12.752075005291776, 0]}, "Sensor_Information_Container": ["360_sensor", "forward_sensor", "backward_sensor"], "Perceived_Object_Container": [{"time": 24.800000369548798, "location": {"x": 6074.870097955953, "y": -856.3028698810342}, "speed": {"x": -0.7373046765133041, "y": -9.238281112338884, "z": 0}, "pseudonym": 1}], "option": {"size": 261}}
{"timestamp": 25.100000374019146, "ITS_PDU_Header": {"tmp": "tmp"}, "Management_Container": {"tmp": "tmp"}, "Station_Data_Container": {"sumo_id": "17", "location": [6072.3955078125, -861.4808349609375], "speed": [-2.5683593367284634, 12.814330863739091, 0]}, "Sensor_Information_Container": ["360_sensor", "forward_sensor", "backward_sensor"], "Perceived_Object_Container": [{"time": 25.00000037252903, "location": {"x": 6074.620145673721, "y": -857.3641788337518}, "speed": {"x": 0.6298828031140148, "y": -9.797973486811317, "z": 0}, "pseudonym": 1}, {"time": 25.100000374019146, "location": {"x": 6074.67045434063, "y": -857.4462556286592}, "speed": {"x": 0.6298828031140148, "y": -9.797973486811317, "z": 0}, "pseudonym": 1}], "option": {"size": 296}}
{"timestamp": 25.400000378489494, "ITS_PDU_Header": {"tmp": "tmp"}, "Management_Container": {"tmp": "tmp"}, "Station_Data_Container": {"sumo_id": "17", "location": [6071.99072265625, -857.6064453125], "speed": [-0.9960937351570467, 12.968139455197164, 0]}, "Sensor_Information_Container": ["360_sensor", "forward_sensor", "backward_sensor"], "Perceived_Object_Container": [{"time": 25.300000376999378, "location": {"x": 6074.6597593136785, "y": -858.8244639379917}, "speed": {"x": 0.6738281149591786, "y": -10.539550624198457, "z": 0}, "pseudonym": 1}, {"time": 25.400000378489494, "location": {"x": 6074.878874298131, "y": -859.5395828421944}, "speed": {"x": 0.6738281149591786, "y": -10.539550624198457, "z": 0}, "pseudonym": 1}], "option": {"size": 296}}
{"timestamp": 25.50000037997961, "ITS_PDU_Header": {"tmp": "tmp"}, "Management_Container": {"tmp": "tmp"}, "Station_Data_Container": {"sumo_id": "17", "location": [6071.890625, -856.3079223632812], "speed": [-1.0009765475842871, 12.985229298692506, 0]}, "Sensor_Information_Container": ["360_sensor", "forward_sensor", "backward_sensor"], "Perceived_Object_Container": [{"time": 25.50000037997961, "location": {"x": 6075.18124238304, "y": -861.9661230951792}, "speed": {"x": 1.7626952862337935, "y": -10.535278163324621, "z": 0}, "pseudonym": 1}], "option": {"size": 261}}
{"timestamp": 30.600000455975533, "ITS_PDU_Header": {"tmp": "tmp"}, "Management_Container": {"tmp": "tmp"}, "Station_Data_Container": {"sumo_id": "17", "location": [6099.82666015625, -817.7079467773438], "speed": [11.61621076440497, 2.174072233228799, 0]}, "Sensor_Information_Container": ["360_sensor", "forward_sensor", "backward_sensor"], "Perceived_Object_Container": [{"time": 30.600000455975533, "location": {"x": 6092.901109192014, "y": -818.920106725304}, "speed": {"x": 0, "y": 0, "z": 0}, "pseudonym": 2}], "option": {"size": 261}}
{"timestamp": 30.70000045746565, "ITS_PDU_Header": {"tmp": "tmp"}, "Management_Container": {"tmp": "tmp"}, "Station_Data_Container": {"sumo_id": "17", "location": [6101.0078125, -817.4869995117188], "speed": [11.811523261494587, 2.2094726233262922, 0]}, "Sensor_Information_Container": ["360_sensor", "forward_sensor", "backward_sensor"], "Perceived_Object_Container": [{"time": 30.70000045746565, "location": {"x": 6092.923780887463, "y": -818.9020816363072}, "speed": {"x": 60917.342842260856, "y": -8192.219726559226, "z": 0}, "pseudonym": 2}], "option": {"size": 261}}
{"timestamp": 30.800000458955765, "ITS_PDU_Header": {"tmp": "tmp"}, "Management_Container": {"tmp": "tmp"}, "Station_Data_Container": {"sumo_id": "17", "location": [6102.20947265625, -817.2623291015625], "speed": [12.016601383438687, 2.2467040680840005, 0]}, "Sensor_Information_Container": ["360_sensor", "forward_sensor", "backward_sensor"], "Perceived_Object_Container": [{"time": 30.800000458955765, "location": {"x": 6092.970375453726, "y": -818.879564480307}, "speed": {"x": 0.24902343378926167, "y": 0.04577636650537898, "z": 0}, "pseudonym": 3}], "option": {"size": 261}}
{"timestamp": 31.100000463426113, "ITS_PDU_Header": {"tmp": "tmp"}, "Management_Container": {"tmp": "tmp"}, "Station_Data_Container": {"sumo_id": "17", "location": [6105.9228515625, -816.5675659179688], "speed": [12.568359187716855, 2.3498534806094544, 0]}, "Sensor_Information_Container": ["360_sensor", "forward_sensor", "backward_sensor"], "Perceived_Object_Container": [{"time": 31.100000463426113, "location": {"x": 6093.217754557756, "y": -818.6394209348922}, "speed": {"x": 0.9570312357391233, "y": 0.1794433567010856, "z": 0}, "pseudonym": 3}], "option": {"size": 261}}
{"timestamp": 31.40000046789646, "ITS_PDU_Header": {"tmp": "tmp"}, "Management_Container": {"tmp": "tmp"}, "Station_Data_Container": {"sumo_id": "17", "location": [6109.7529296875, -815.8510131835938], "speed": [12.768554497233712, 2.3870849253671627, 0]}, "Sensor_Information_Container": ["360_sensor", "forward_sensor", "backward_sensor"], "Perceived_Object_Container": [{"time": 31.40000046789646, "location": {"x": 6093.779315527373, "y": -819.0324108233447}, "speed": {"x": 1.5869140388531382, "y": 0.2978515580616659, "z": 0}, "pseudonym": 3}], "option": {"size": 261}}
{"timestamp": 35.90000053495169, "ITS_PDU_Header": {"tmp": "tmp"}, "Management_Container": {"tmp": "tmp"}, "Station_Data_Container": {"sumo_id": "17", "location": [6158.70166015625, -806.3575439453125], "speed": [6.728515524737306, 1.3195800584617248, 0]}, "Sensor_Information_Container": ["360_sensor", "forward_sensor", "backward_sensor"], "Perceived_Object_Container": [{"time": 35.90000053495169, "location": {"x": 6122.651408065721, "y": -812.5535048894876}, "speed": {"x": 10.068359224969756, "y": 1.9323730180803982, "z": 0}, "pseudonym": 4}], "option": {"size": 261}}
{"timestamp": 36.30000054091215, "ITS_PDU_Header": {"tmp": "tmp"}, "Management_Container": {"tmp": "tmp"}, "Station_Data_Container": {"sumo_id": "17", "location": [6161.26220703125, -805.7860107421875], "speed": [5.86914053754299, 1.7950439185642613, 0]}, "Sensor_Information_Container": ["360_sensor", "forward_sensor", "backward_sensor"], "Perceived_Object_Container": [{"time": 36.200000539422035, "location": {"x": 6127.231410205208, "y": -812.9968519924039}, "speed": {"x": 10.771484214492377, "y": 2.068481414489725, "z": 0}, "pseudonym": 4}], "option": {"size": 261}}
{"timestamp": 39.1000005826354, "ITS_PDU_Header": {"tmp": "tmp"}, "Management_Container": {"tmp": "tmp"}, "Station_Data_Container": {"sumo_id": "17", "location": [6163.98291015625, -790.5571899414062],