{"timestamp": 19.500000290572643, "ITS_PDU_Header": {"tmp": "tmp"}, "Management_Container": {"tmp": "tmp"}, "Station_Data_Container": {"sumo_id": "19", "location": [5923.9609375, -453.6643371582031], "speed": [0.4687499930150808, 0.8349609250581127, 0]}, "Sensor_Information_Container": ["360_sensor", "forward_sensor", "backward_sensor"], "Perceived_Object_Container": [{"time": 19.500000290572643, "location": {"x": 5956.965066897531, "y": -401.6349047518861}, "speed": {"x": -6.601562401629055, "y": -7.907714725915868, "z": 0}, "pseudonym": 0}], "option": {"size": 261}}
{"timestamp": 19.80000029504299, "ITS_PDU_Header": {"tmp": "tmp"}, "Management_Container": {"tmp": "tmp"}, "Station_Data_Container": {"sumo_id": "19", "location": [5924.16064453125, -453.3055725097656], "speed": [0.7617187386495063, 1.363220194530186, 0]}, "Sensor_Information_Container": ["360_sensor", "forward_sensor", "backward_sensor"], "Perceived_Object_Container": [{"time": 19.80000029504299, "location": {"x": 5955.0674549515825, "y": -404.58269679429225}, "speed": {"x": -5.810546788416105, "y": -8.763732779566455, "z": 0}, "pseudonym": 0}], "option": {"size": 261}}
{"timestamp": 20.000000298023224, "ITS_PDU_Header": {"tmp": "tmp"}, "Management_Container": {"tmp": "tmp"}, "Station_Data_Container": {"sumo_id": "19", "location": [5924.34130859375, -452.98004150390625], "speed": [0.9570312357391233, 1.7221069079323574, 0]}, "Sensor_Information_Container": ["360_sensor", "forward_sensor", "backward_sensor"], "Perceived_Object_Container": [{"time": 20.000000298023224, "location": {"x": 5953.900282040906, "y": -406.38129652758386}, "speed": {"x": -5.712890539871297, "y": -9.307250837873655, "z": 0}, "pseudonym": 0}], "option": {"size": 261}}
{"timestamp": 20.300000302493572, "ITS_PDU_Header": {"tmp": "tmp"}, "Management_Container": {"tmp": "tmp"}, "Station_Data_Container": {"sumo_id": "19", "location": [5924.685546875, -452.3606262207031], "speed": [1.230468731664587, 2.2125243810933175, 0]}, "Sensor_Information_Container": ["360_sensor", "forward_sensor", "backward_sensor"], "Perceived_Object_Container": [{"time": 20.300000302493572, "location": {"x": 5952.544367212327, "y": -408.44302575891265}, "speed": {"x": -5.52246085520892, "y": -9.928588719239999, "z": 0}, "pseudonym": 0}], "option": {"size": 261}}
{"timestamp": 22.90000034123659, "ITS_PDU_Header": {"tmp": "tmp"}, "Management_Container": {"tmp": "tmp"}, "Station_Data_Container": {"sumo_id": "19", "location": [5931.2529296875, -440.5408630371094], "speed": [3.686523382566521, 6.630248924639092, 0]}, "Sensor_Information_Container": ["360_sensor", "forward_sensor", "backward_sensor"], "Perceived_Object_Container": [{"time": 22.90000034123659, "location": {"x": 5937.794228873085, "y": -435.59890750918913}, "speed": {"x": -5.551757729772363, "y": -9.984741062153264, "z": 0}, "pseudonym": 0}], "option": {"size": 261}}
{"timestamp": 25.80000038444996, "ITS_PDU_Header": {"tmp": "tmp"}, "Management_Container": {"tmp": "tmp"}, "Station_Data_Container": {"sumo_id": "19", "location": [5946.337890625, -413.3893127441406], "speed": [6.518554590365968, 11.743163887513221, 0]}, "Sensor_Information_Container": ["360_sensor", "forward_sensor", "backward_sensor"], "Perceived_Object_Container": [{"time": 25.80000038444996, "location": {"x": 5922.511685615764, "y": -462.8315440037553}, "speed": {"x": -5.576171791908565, "y": -10.083007662251477, "z": 0}, "pseudonym": 0}], "option": {"size": 261}}
{"timestamp": 27.400000408291817, "ITS_PDU_Header": {"tmp": "tmp"}, "Management_Container": {"tmp": "tmp"}, "Station_Data_Container": {"sumo_id": "19", "location": [5955.07568359375, -391.4462890625], "speed": [1.391601541763521, 15.79406714746256, 0]}, "Sensor_Information_Container": ["360_sensor", "forward_sensor", "backward_sensor"], "Perceived_Object_Container": [{"time": 27.400000408291817, "location": {"x": 5951.520642345192, "y": -293.4487502712753}, "speed": {"x": -1.1669921701104615, "y": -10.496826015460103, "z": 0}, "pseudonym": 1}, {"time": 27.400000408291817, "location": {"x": 5953.629138436346, "y": -280.3864275523355}, "speed": {"x": -0.1367187479627319, "y": -1.2155151186061632, "z": 0}, "pseudonym": 2}], "option": {"size": 296}}
{"timestamp": 30.70000045746565, "ITS_PDU_Header": {"tmp": "tmp"}, "Management_Container": {"tmp": "tmp"}, "Station_Data_Container": {"sumo_id": "19", "location": [5942.6435546875, -340.2316589355469], "speed": [-2.1874999674037103, 15.574645764013443, 0]}, "Sensor_Information_Container": ["360_sensor", "forward_sensor", "backward_sensor"], "Perceived_Object_Container": [{"time": 30.70000045746565, "location": {"x": 5947.078261010978, "y": -333.73842883012844}, "speed": {"x": -1.4355468536086848, "y": -12.91076640917709, "z": 0}, "pseudonym": 1}], "option": {"size": 261}}
{"timestamp": 31.100000463426113, "ITS_PDU_Header": {"tmp": "tmp"}, "Management_Container": {"tmp": "tmp"}, "Station_Data_Container": {"sumo_id": "19", "location": [5942.65625, -333.8923034667969], "speed": [1.8554687223513615, 15.852355720812742, 0]}, "Sensor_Information_Container": ["360_sensor", "forward_sensor", "backward_sensor"], "Perceived_Object_Container": [{"time": 31.100000463426113, "location": {"x": 5946.490541095008, "y": -337.49161019285884}, "speed": {"x": 0.6005859285505722, "y": -12.457580380773837, "z": 0}, "pseudonym": 1}], "option": {"size": 261}}
{"timestamp": 32.20000047981739, "ITS_PDU_Header": {"tmp": "tmp"}, "Management_Container": {"tmp": "tmp"}, "Station_Data_Container": {"sumo_id": "19", "location": [5944.685546875, -316.39288330078125], "speed": [1.791992160797236, 15.933837653192317, 0]}, "Sensor_Information_Container": ["360_sensor", "forward_sensor", "backward_sensor"], "Perceived_Object_Container": [{"time": 32.20000047981739, "location": {"x": 5948.459461179281, "y": -309.0335674209362}, "speed": {"x": -1.2548827938007892, "y": -10.546874842839317, "z": 0}, "pseudonym": 3}], "option": {"size": 261}}
{"timestamp": 32.50000048428774, "ITS_PDU_Header": {"tmp": "tmp"}, "Management_Container": {"tmp": "tmp"}, "Station_Data_Container": {"sumo_id": "19", "location": [5945.23974609375, -311.6148986816406], "speed": [1.7968749732244764, 15.926208258774754, 0]}, "Sensor_Information_Container": ["360_sensor", "forward_sensor", "backward_sensor"], "Perceived_Object_Container": [{"time": 32.50000048428774, "location": {"x": 5948.345912589071, "y": -309.8439035235579}, "speed": {"x": -1.2402343565190679, "y": -11.051330401728594, "z": 0}, "pseudonym": 3}], "option": {"size": 261}}
{"timestamp": 32.9000004902482, "ITS_PDU_Header": {"tmp": "tmp"}, "Management_Container": {"tmp": "tmp"}, "Station_Data_Container": {"sumo_id": "19", "location": [5945.98193359375, -305.2502136230469], "speed": [1.8701171596330828, 15.875549079842134, 0]}, "Sensor_Information_Container": ["360_sensor", "forward_sensor", "backward_sensor"], "Perceived_Object_Container": [{"time": 32.80000048875809, "location": {"x": 5949.106793325063, "y": -313.1626660842505}, "speed": {"x": -1.3525390423455976, "y": -11.730346504891715, "z": 0}, "pseudonym": 3}, {"time": 32.9000004902482, "location": {"x": 5948.939532656588, "y": -314.3545577959656}, "speed": {"x": -1.3525390423455976, "y": -11.730346504891715, "z": 0}, "pseudonym": 3}], "option": {"size": 296}}
{"timestamp": 34.50000051409006, "ITS_PDU_Header": {"tmp": "tmp"}, "Management_Container": {"tmp": "tmp"}, "Station_Data_Container": {"sumo_id": "19", "location": [5948.2373046875, -285.8032531738281], "speed": [1.0498046718566914, 8.804626333644594, 0]}, "Sensor_Information_Container": ["360_sensor", "forward_sensor", "backward_sensor"], "Perceived_Object_Container": [{"time": 34.50000051409006, "location": {"x": 5945.468009030835, "y": -333.9668421868277}, "speed": {"x": -1.3720702920545593, "y": -12.030029117613598, "z": 0}, "pseudonym": 3}], "option": {"size": 261}}
{"timestamp": 34.70000051707029, "ITS_PDU_Header": {"tmp": "tmp"}, "Management_Container": {"tmp": "tmp"},