{"timestamp": 24.2000003606081, "ITS_PDU_Header": {"tmp": "tmp"}, "Management_Container": {"tmp": "tmp"}, "Station_Data_Container": {"sumo_id": "20", "location": [6076.2431640625, -849.7827758789062], "speed": [-1.1914062322466636, -8.15429675349151, 0]}, "Sensor_Information_Container": ["360_sensor", "forward_sensor", "backward_sensor"], "Perceived_Object_Container": [{"time": 24.2000003606081, "location": {"x": 6074.366379531, "y": -871.2477339647606}, "speed": {"x": -5.844726475406788, "y": 11.578368968093857, "z": 0}, "pseudonym": 0}], "option": {"size": 261}}
{"timestamp": 24.400000363588333, "ITS_PDU_Header": {"tmp": "tmp"}, "Management_Container": {"tmp": "tmp"}, "Station_Data_Container": {"sumo_id": "20", "location": [6076.04345703125, -851.4849853515625], "speed": [-0.7617187386495063, -8.62915026204064, 0]}, "Sensor_Information_Container": ["360_sensor", "forward_sensor", "backward_sensor"], "Perceived_Object_Container": [{"time": 24.400000363588333, "location": {"x": 6074.90455350222, "y": -868.3231967441577}, "speed": {"x": -4.6728514928690865, "y": 12.028198062953383, "z": 0}, "pseudonym": 0}], "option": {"size": 261}}
{"timestamp": 24.50000036507845, "ITS_PDU_Header": {"tmp": "tmp"}, "Management_Container": {"tmp": "tmp"}, "Station_Data_Container": {"sumo_id": "20", "location": [6075.9736328125, -852.3665161132812], "speed": [-0.6982421770953807, -8.815307485829182, 0]}, "Sensor_Information_Container": ["360_sensor", "forward_sensor", "backward_sensor"], "Perceived_Object_Container": [{"time": 24.50000036507845, "location": {"x": 6074.932870133776, "y": -867.7991740647742}, "speed": {"x": -4.101562438881957, "y": 12.356567198685301, "z": 0}, "pseudonym": 0}], "option": {"size": 261}}
{"timestamp": 24.800000369548798, "ITS_PDU_Header": {"tmp": "tmp"}, "Management_Container": {"tmp": "tmp"}, "Station_Data_Container": {"sumo_id": "20", "location": [6075.7529296875, -855.1287841796875], "speed": [-0.7519531137950255, -9.386596539816312, 0]}, "Sensor_Information_Container": ["360_sensor", "forward_sensor", "backward_sensor"], "Perceived_Object_Container": [{"time": 24.800000369548798, "location": {"x": 6073.990371235109, "y": -864.0363680581769}, "speed": {"x": -3.3447265126596912, "y": 12.622680475969904, "z": 0}, "pseudonym": 0}], "option": {"size": 261}}
{"timestamp": 24.900000371038914, "ITS_PDU_Header": {"tmp": "tmp"}, "Management_Container": {"tmp": "tmp"}, "Station_Data_Container": {"sumo_id": "20", "location": [6075.76806640625, -856.0855102539062], "speed": [0.15136718524445317, -9.567260599624207, 0]}, "Sensor_Information_Container": ["360_sensor", "forward_sensor", "backward_sensor"], "Perceived_Object_Container": [{"time": 24.900000371038914, "location": {"x": 6074.0652791208395, "y": -864.1331061043663}, "speed": {"x": -2.7050780846911953, "y": 12.752075005291776, "z": 0}, "pseudonym": 0}], "option": {"size": 261}}
{"timestamp": 25.300000376999378, "ITS_PDU_Header": {"tmp": "tmp"}, "Management_Container": {"tmp": "tmp"}, "Station_Data_Container": {"sumo_id": "20", "location": [6076.02783203125, -860.1505126953125], "speed": [0.6738281149591786, -10.539550624198457, 0]}, "Sensor_Information_Container": ["360_sensor", "forward_sensor", "backward_sensor"], "Perceived_Object_Container": [{"time": 25.300000376999378, "location": {"x": 6073.384022966852, "y": -860.9482266684677}, "speed": {"x": -1.9433593460416891, "y": 12.879028128400027, "z": 0}, "pseudonym": 0}], "option": {"size": 261}}
{"timestamp": 25.400000378489494, "ITS_PDU_Header": {"tmp": "tmp"}, "Management_Container": {"tmp": "tmp"}, "Station_Data_Container": {"sumo_id": "20", "location": [6076.2041015625, -861.2040405273438], "speed": [1.7626952862337935, -10.535278163324621, 0]}, "Sensor_Information_Container": ["360_sensor", "forward_sensor", "backward_sensor"], "Perceived_Object_Container": [{"time": 25.300000376999378, "location": {"x": 6073.051092170771, "y": -857.6404092874446}, "speed": {"x": -1.1083984209835764, "y": 12.896728323448773, "z": 0}, "pseudonym": 0}, {"time": 25.400000378489494, "location": {"x": 6072.092528993468, "y": -860.2958757920275}, "speed": {"x": -1.1083984209835764, "y": 12.896728323448773, "z": 0}, "pseudonym": 0}], "option": {"size": 296}}
{"timestamp": 25.80000038444996, "ITS_PDU_Header": {"tmp": "tmp"}, "Management_Container": {"tmp": "tmp"}, "Station_Data_Container": {"sumo_id": "20", "location": [6077.087890625, -865.5952758789062], "speed": [2.275390591094038, -11.250610183915343, 0]}, "Sensor_Information_Container": ["360_sensor", "forward_sensor", "backward_sensor"], "Perceived_Object_Container": [{"time": 25.80000038444996, "location": {"x": 6073.341382066072, "y": -851.8877751070916}, "speed": {"x": 0.8984374866122382, "y": 12.933959768206481, "z": 0}, "pseudonym": 0}], "option": {"size": 261}}
{"timestamp": 26.200000390410423, "ITS_PDU_Header": {"tmp": "tmp"}, "Management_Container": {"tmp": "tmp"}, "Station_Data_Container": {"sumo_id": "20", "location": [6078.61572265625, -870.1351318359375], "speed": [4.013671815191629, -11.657104318483109, 0]}, "Sensor_Information_Container": ["360_sensor", "forward_sensor", "backward_sensor"], "Perceived_Object_Container": [{"time": 26.200000390410423, "location": {"x": 6071.612786359991, "y": -849.7378593882162}, "speed": {"x": 1.8798827844875636, "y": 12.837524222768483, "z": 0}, "pseudonym": 0}], "option": {"size": 261}}
{"timestamp": 30.100000448524952, "ITS_PDU_Header": {"tmp": "tmp"}, "Management_Container": {"tmp": "tmp"}, "Station_Data_Container": {"sumo_id": "20", "location": [6099.83349609375, -915.915771484375], "speed": [1.2695312310825104, -8.807372915634916, 0]}, "Sensor_Information_Container": ["360_sensor", "forward_sensor", "backward_sensor"], "Perceived_Object_Container": [{"time": 30.100000448524952, "location": {"x": 6092.266931176404, "y": -820.3707945645664}, "speed": {"x": 10.478515468857951, "y": 1.9610595410904357, "z": 0}, "pseudonym": 1}], "option": {"size": 261}}
{"timestamp": 36.10000053793192, "ITS_PDU_Header": {"tmp": "tmp"}, "Management_Container": {"tmp": "tmp"}, "Station_Data_Container": {"sumo_id": "20", "location": [6135.5791015625, -913.411376953125], "speed": [6.342773342985312, 0.1757812473806553, 0]}, "Sensor_Information_Container": ["360_sensor", "forward_sensor", "backward_sensor"], "Perceived_Object_Container": [{"time": 36.10000053793192, "location": {"x": 6135.126082222246, "y": -916.2239170279132}, "speed": {"x": 0, "y": 0, "z": 0}, "pseudonym": 2}], "option": {"size": 261}}
{"timestamp": 36.30000054091215, "ITS_PDU_Header": {"tmp": "tmp"}, "Management_Container": {"tmp": "tmp"}, "Station_Data_Container": {"sumo_id": "20", "location": [6136.84033203125, -913.3815307617188], "speed": [6.347656155412553, 0.16418456786595928, 0]}, "Sensor_Information_Container": ["360_sensor", "forward_sensor", "backward_sensor"], "Perceived_Object_Container": [{"time": 36.200000539422035, "location": {"x": 6133.352619232875, "y": -916.1455494505473}, "speed": {"x": 61340.6289687659, "y": -9174.442001962036, "z": 0}, "pseudonym": 2}, {"time": 36.30000054091215, "location": {"x": 6136.439507945373, "y": -916.6306127943602}, "speed": {"x": -0.2539062462165021, "y": 0.0018310546602151594, "z": 0}, "pseudonym": 3}], "option": {"size": 296}}
{"timestamp": 36.6000005453825, "ITS_PDU_Header": {"tmp": "tmp"}, "Management_Container": {"tmp": "tmp"}, "Station_Data_Container": {"sumo_id": "20", "location": [6138.572265625, -913.0006713867188], "speed": [5.761718664143701, 1.4807128685606588, 0]}, "Sensor_Information_Container": ["360_sensor", "forward_sensor", "backward_sensor"], "Perceived_Object_Container": [{"time": 36.6000005453825, "location": {"x": 6136.237918413765, "y": -917.2472197541749}, "speed": {"x": -0.9814452978753254, "y": 0.008544921747670743, "z": 0}, "pseudonym": 3}], "option": {"size": 261}}
{"timestamp": 36.90000054985285, "ITS_PDU_Header": {"tmp": "tmp"}, "Management_Container": {"tmp": "tmp"}, "Station_Data_Container": {"sumo_id": "20",