{"timestamp": 21.1000003144145, "ITS_PDU_Header": {"tmp": "tmp"}, "Management_Container": {"tmp": "tmp"}, "Station_Data_Container": {"sumo_id": "21", "location": [5896.66357421875, -264.2541198730469], "speed": [58966.63486351617, -2642.541159353537, 0]}, "Sensor_Information_Container": ["360_sensor", "forward_sensor", "backward_sensor"], "Perceived_Object_Container": [{"time": 21.1000003144145, "location": {"x": 5990.779188031282, "y": -270.62421342107075}, "speed": {"x": -12.915038870050925, "y": 0.26123046485736273, "z": 0}, "pseudonym": 0}], "option": {"size": 261}}
{"timestamp": 22.100000329315662, "ITS_PDU_Header": {"tmp": "tmp"}, "Management_Container": {"tmp": "tmp"}, "Station_Data_Container": {"sumo_id": "21", "location": [5895.38818359375, -264.12298583984375], "speed": [-2.1777343425492295, 0.22430419587635703, 0]}, "Sensor_Information_Container": ["360_sensor", "forward_sensor", "backward_sensor"], "Perceived_Object_Container": [{"time": 22.100000329315662, "location": {"x": 5977.850945995372, "y": -269.70437468247536}, "speed": {"x": -12.97851543160505, "y": 0.2633666952942804, "z": 0}, "pseudonym": 0}], "option": {"size": 261}}
{"timestamp": 22.600000336766243, "ITS_PDU_Header": {"tmp": "tmp"}, "Management_Container": {"tmp": "tmp"}, "Station_Data_Container": {"sumo_id": "21", "location": [5893.982421875, -263.9784851074219], "speed": [-3.1640624528517955, 0.3253173779648933, 0]}, "Sensor_Information_Container": ["360_sensor", "forward_sensor", "backward_sensor"], "Perceived_Object_Container": [{"time": 22.600000336766243, "location": {"x": 5971.6460930551375, "y": -270.14241784906113}, "speed": {"x": -12.075195132565572, "y": 0.24414062136202125, "z": 0}, "pseudonym": 0}], "option": {"size": 261}}
{"timestamp": 22.800000339746475, "ITS_PDU_Header": {"tmp": "tmp"}, "Management_Container": {"tmp": "tmp"}, "Station_Data_Container": {"sumo_id": "21", "location": [5893.2890625, -263.9072570800781], "speed": [-3.540039009749308, 0.36376952582941163, 0]}, "Sensor_Information_Container": ["360_sensor", "forward_sensor", "backward_sensor"], "Perceived_Object_Container": [{"time": 22.800000339746475, "location": {"x": 5969.3484964423, "y": -269.9438585462995}, "speed": {"x": -11.171874833526092, "y": 0.27069091393514105, "z": 0}, "pseudonym": 0}], "option": {"size": 261}}
{"timestamp": 23.000000342726707, "ITS_PDU_Header": {"tmp": "tmp"}, "Management_Container": {"tmp": "tmp"}, "Station_Data_Container": {"sumo_id": "21", "location": [5892.52978515625, -263.8291931152344], "speed": [-3.90624994179234, 0.401611322140525, 0]}, "Sensor_Information_Container": ["360_sensor", "forward_sensor", "backward_sensor"], "Perceived_Object_Container": [{"time": 23.000000342726707, "location": {"x": 5967.507688118465, "y": -269.77999577362783}, "speed": {"x": -10.273437346913854, "y": 0.20751952815771807, "z": 0}, "pseudonym": 0}], "option": {"size": 261}}
{"timestamp": 23.20000034570694, "ITS_PDU_Header": {"tmp": "tmp"}, "Management_Container": {"tmp": "tmp"}, "Station_Data_Container": {"sumo_id": "21", "location": [5891.69970703125, -263.7438659667969], "speed": [-4.218749937135727, 0.43334960291758773, 0]}, "Sensor_Information_Container": ["360_sensor", "forward_sensor", "backward_sensor"], "Perceived_Object_Container": [{"time": 23.20000034570694, "location": {"x": 5965.684427311664, "y": -269.61577370744106}, "speed": {"x": -9.384765485156096, "y": 0.19042968466237659, "z": 0}, "pseudonym": 0}], "option": {"size": 261}}
{"timestamp": 23.400000348687172, "ITS_PDU_Header": {"tmp": "tmp"}, "Management_Container": {"tmp": "tmp"}, "Station_Data_Container": {"sumo_id": "21", "location": [5890.78857421875, -263.650146484375], "speed": [-4.648437430732884, 0.47851561786956165, 0]}, "Sensor_Information_Container": ["360_sensor", "forward_sensor", "backward_sensor"], "Perceived_Object_Container": [{"time": 23.400000348687172, "location": {"x": 5964.040527941765, "y": -269.46396622132187}, "speed": {"x": -8.471679561262137, "y": 0.1712036107301174, "z": 0}, "pseudonym": 0}], "option": {"size": 261}}
{"timestamp": 23.600000351667404, "ITS_PDU_Header": {"tmp": "tmp"}, "Management_Container": {"tmp": "tmp"}, "Station_Data_Container": {"sumo_id": "21", "location": [5889.8046875, -263.5490417480469], "speed": [-4.999999925494195, 0.5133056564136497, 0]}, "Sensor_Information_Container": ["360_sensor", "forward_sensor", "backward_sensor"], "Perceived_Object_Container": [{"time": 23.600000351667404, "location": {"x": 5962.575307237088, "y": -269.3245903168351}, "speed": {"x": -7.57812488707714, "y": 0.15319823990466833, "z": 0}, "pseudonym": 0}], "option": {"size": 261}}
{"timestamp": 23.800000354647636, "ITS_PDU_Header": {"tmp": "tmp"}, "Management_Container": {"tmp": "tmp"}, "Station_Data_Container": {"sumo_id": "21", "location": [5888.74853515625, -263.4404602050781], "speed": [-5.375976482391708, 0.5523681558315731, 0]}, "Sensor_Information_Container": ["360_sensor", "forward_sensor", "backward_sensor"], "Perceived_Object_Container": [{"time": 23.800000354647636, "location": {"x": 5961.2849122336675, "y": -269.1974869743023}, "speed": {"x": -6.679687400464902, "y": 0.11291503737993483, "z": 0}, "pseudonym": 0}], "option": {"size": 261}}
{"timestamp": 24.2000003606081, "ITS_PDU_Header": {"tmp": "tmp"}, "Management_Container": {"tmp": "tmp"}, "Station_Data_Container": {"sumo_id": "21", "location": [5886.4072265625, -263.1997375488281], "speed": [-6.118163971332253, 0.6295776273373123, 0]}, "Sensor_Information_Container": ["360_sensor", "forward_sensor", "backward_sensor"], "Perceived_Object_Container": [{"time": 24.2000003606081, "location": {"x": 5958.688965739806, "y": -269.78257297233614}, "speed": {"x": -6.567382714638372, "y": -0.4617309501509227, "z": 0}, "pseudonym": 0}], "option": {"size": 261}}
{"timestamp": 24.300000362098217, "ITS_PDU_Header": {"tmp": "tmp"}, "Management_Container": {"tmp": "tmp"}, "Station_Data_Container": {"sumo_id": "21", "location": [5885.7724609375, -263.1344909667969], "speed": [-6.347656155412553, 0.6524658105900017, 0]}, "Sensor_Information_Container": ["360_sensor", "forward_sensor", "backward_sensor"], "Perceived_Object_Container": [{"time": 24.300000362098217, "location": {"x": 5958.2255241453, "y": -270.58284134035546}, "speed": {"x": -6.0107420979329635, "y": -1.5405273207943542, "z": 0}, "pseudonym": 0}], "option": {"size": 261}}
{"timestamp": 24.600000366568565, "ITS_PDU_Header": {"tmp": "tmp"}, "Management_Container": {"tmp": "tmp"}, "Station_Data_Container": {"sumo_id": "21", "location": [5883.74365234375, -262.9259338378906], "speed": [-6.972656146099327, 0.7171630752509374, 0]}, "Sensor_Information_Container": ["360_sensor", "forward_sensor", "backward_sensor"], "Perceived_Object_Container": [{"time": 24.600000366568565, "location": {"x": 5956.247640401363, "y": -270.3795194017279}, "speed": {"x": -5.185546797729331, "y": -2.3696899060951186, "z": 0}, "pseudonym": 0}], "option": {"size": 261}}
{"timestamp": 24.70000036805868, "ITS_PDU_Header": {"tmp": "tmp"}, "Management_Container": {"tmp": "tmp"}, "Station_Data_Container": {"sumo_id": "21", "location": [5883.0322265625, -262.85284423828125], "speed": [-7.114257706489299, 0.7308959852025511, 0]}, "Sensor_Information_Container": ["360_sensor", "forward_sensor", "backward_sensor"], "Perceived_Object_Container": [{"time": 24.70000036805868, "location": {"x": 5956.620532114323, "y": -269.55467109854885}, "speed": {"x": -4.882812427240425, "y": -2.9067992730915653, "z": 0}, "pseudonym": 0}], "option": {"size": 261}}
{"timestamp": 24.900000371038914, "ITS_PDU_Header": {"tmp": "tmp"}, "Management_Container": {"tmp": "tmp"}, "Station_Data_Container": {"sumo_id": "21", "location": [5881.56982421875, -262.7024230957031], "speed": [-7.382812389987523, 0.7592773324358861, 0]}, "Sensor_Information_Container": ["360_sensor", "forward_sensor", "backward_sensor"], "Perceived_Object_Container": [{"time": 24.900000371038914, "location": {"x": 5954.702466831921, "y": -271.0804883338798},