{"timestamp": 31.600000470876694, "ITS_PDU_Header": {"tmp": "tmp"}, "Management_Container": {"tmp": "tmp"}, "Station_Data_Container": {"sumo_id": "22", "location": [5787.845703125, -934.837646484375], "speed": [-3.3105468256690083, 3.0395507359571647, 0]}, "Sensor_Information_Container": ["360_sensor", "forward_sensor", "backward_sensor"], "Perceived_Object_Container": [{"time": 31.600000470876694, "location": {"x": 5769.390211432746, "y": -919.2589474088862}, "speed": {"x": 8.208007690191154, "y": -6.100463776283506, "z": 0}, "pseudonym": 0}], "option": {"size": 261}}
{"timestamp": 31.800000473856926, "ITS_PDU_Header": {"tmp": "tmp"}, "Management_Container": {"tmp": "tmp"}, "Station_Data_Container": {"sumo_id": "22", "location": [5787.28857421875, -934.2781982421875], "speed": [-2.6513671479915506, 2.6519774995449557, 0]}, "Sensor_Information_Container": ["360_sensor", "forward_sensor", "backward_sensor"], "Perceived_Object_Container": [{"time": 31.800000473856926, "location": {"x": 5770.918462393802, "y": -920.3707834874378}, "speed": {"x": 7.490234263386812, "y": -5.574951088801755, "z": 0}, "pseudonym": 0}], "option": {"size": 261}}
{"timestamp": 32.00000047683716, "ITS_PDU_Header": {"tmp": "tmp"}, "Management_Container": {"tmp": "tmp"}, "Station_Data_Container": {"sumo_id": "22", "location": [5786.8447265625, -933.8353881835938], "speed": [-2.0751952815771806, 2.066040008276105, 0]}, "Sensor_Information_Container": ["360_sensor", "forward_sensor", "backward_sensor"], "Perceived_Object_Container": [{"time": 32.00000047683716, "location": {"x": 5773.29588427128, "y": -920.6046317585606}, "speed": {"x": 6.77734364900971, "y": -5.038452073358713, "z": 0}, "pseudonym": 0}], "option": {"size": 261}}
{"timestamp": 32.20000047981739, "ITS_PDU_Header": {"tmp": "tmp"}, "Management_Container": {"tmp": "tmp"}, "Station_Data_Container": {"sumo_id": "22", "location": [5786.5205078125, -933.5120849609375], "speed": [-1.4697265405993678, 1.4648437281721274, 0]}, "Sensor_Information_Container": ["360_sensor", "forward_sensor", "backward_sensor"], "Perceived_Object_Container": [{"time": 32.20000047981739, "location": {"x": 5774.43482470897, "y": -921.5469114820409}, "speed": {"x": 6.049804597350887, "y": -4.501953057915672, "z": 0}, "pseudonym": 0}], "option": {"size": 261}}
{"timestamp": 32.40000048279762, "ITS_PDU_Header": {"tmp": "tmp"}, "Management_Container": {"tmp": "tmp"}, "Station_Data_Container": {"sumo_id": "22", "location": [5786.3193359375, -933.3114013671875], "speed": [-0.849609362339834, 0.8477783076796188, 0]}, "Sensor_Information_Container": ["360_sensor", "forward_sensor", "backward_sensor"], "Perceived_Object_Container": [{"time": 32.30000048130751, "location": {"x": 5774.845262902555, "y": -922.1433214008825}, "speed": {"x": 5.341796795401025, "y": -3.9788817766475413, "z": 0}, "pseudonym": 0}, {"time": 32.40000048279762, "location": {"x": 5775.392112478909, "y": -922.4418039753133}, "speed": {"x": 5.341796795401025, "y": -3.9788817766475413, "z": 0}, "pseudonym": 0}], "option": {"size": 296}}
{"timestamp": 32.600000485777855, "ITS_PDU_Header": {"tmp": "tmp"}, "Management_Container": {"tmp": "tmp"}, "Station_Data_Container": {"sumo_id": "22", "location": [5786.2431640625, -933.2349853515625], "speed": [-0.22460937165305955, 0.2252197232064646, 0]}, "Sensor_Information_Container": ["360_sensor", "forward_sensor", "backward_sensor"], "Perceived_Object_Container": [{"time": 32.600000485777855, "location": {"x": 5776.273522689905, "y": -923.1237006362494}, "speed": {"x": 4.633788993451163, "y": -3.446655222078335, "z": 0}, "pseudonym": 0}], "option": {"size": 261}}
{"timestamp": 32.9000004902482, "ITS_PDU_Header": {"tmp": "tmp"}, "Management_Container": {"tmp": "tmp"}, "Station_Data_Container": {"sumo_id": "22", "location": [5786.2421875, -933.2347412109375], "speed": [0.0, 0.0, 0]}, "Sensor_Information_Container": ["360_sensor", "forward_sensor", "backward_sensor"], "Perceived_Object_Container": [{"time": 32.80000048875809, "location": {"x": 5776.99510910329, "y": -923.8552029656887}, "speed": {"x": 4.272460873835372, "y": -2.7288817952739923, "z": 0}, "pseudonym": 0}, {"time": 32.9000004902482, "location": {"x": 5777.539069932952, "y": -923.986443494337}, "speed": {"x": 4.272460873835372, "y": -2.7288817952739923, "z": 0}, "pseudonym": 0}], "option": {"size": 296}}
{"timestamp": 33.30000049620867, "ITS_PDU_Header": {"tmp": "tmp"}, "Management_Container": {"tmp": "tmp"}, "Station_Data_Container": {"sumo_id": "22", "location": [5786.2421875, -933.2347412109375], "speed": [0.0, 0.0, 0]}, "Sensor_Information_Container": ["360_sensor", "forward_sensor", "backward_sensor"], "Perceived_Object_Container": [{"time": 33.20000049471855, "location": {"x": 5778.490086040774, "y": -925.1866220412448}, "speed": {"x": 4.306640560826055, "y": -2.1258544605098, "z": 0}, "pseudonym": 0}, {"time": 33.30000049620867, "location": {"x": 5778.502937204226, "y": -925.3847015714442}, "speed": {"x": 4.306640560826055, "y": -2.1258544605098, "z": 0}, "pseudonym": 0}], "option": {"size": 296}}
{"timestamp": 33.400000497698784, "ITS_PDU_Header": {"tmp": "tmp"}, "Management_Container": {"tmp": "tmp"}, "Station_Data_Container": {"sumo_id": "22", "location": [5786.2421875, -933.2347412109375], "speed": [0.0, 0.0, 0]}, "Sensor_Information_Container": ["360_sensor", "forward_sensor", "backward_sensor"], "Perceived_Object_Container": [{"time": 33.400000497698784, "location": {"x": 5778.47326536219, "y": -925.3546032857073}, "speed": {"x": 4.438476496361546, "y": -1.5301513443864683, "z": 0}, "pseudonym": 0}], "option": {"size": 261}}
{"timestamp": 33.70000050216913, "ITS_PDU_Header": {"tmp": "tmp"}, "Management_Container": {"tmp": "tmp"}, "Station_Data_Container": {"sumo_id": "22", "location": [5786.2421875, -933.2347412109375], "speed": [0.0, 0.0, 0]}, "Sensor_Information_Container": ["360_sensor", "forward_sensor", "backward_sensor"], "Perceived_Object_Container": [{"time": 33.600000500679016, "location": {"x": 5780.562223793451, "y": -925.5592426755858}, "speed": {"x": 4.208984312281246, "y": -0.953979477972098, "z": 0}, "pseudonym": 0}, {"time": 33.70000050216913, "location": {"x": 5778.724620969641, "y": -925.4301236179712}, "speed": {"x": 4.208984312281246, "y": -0.953979477972098, "z": 0}, "pseudonym": 0}], "option": {"size": 296}}
{"timestamp": 33.80000050365925, "ITS_PDU_Header": {"tmp": "tmp"}, "Management_Container": {"tmp": "tmp"}, "Station_Data_Container": {"sumo_id": "22", "location": [5786.2421875, -933.2347412109375], "speed": [0.0, 0.0, 0]}, "Sensor_Information_Container": ["360_sensor", "forward_sensor", "backward_sensor"], "Perceived_Object_Container": [{"time": 33.70000050216913, "location": {"x": 5780.650351176595, "y": -925.6783206975274}, "speed": {"x": 3.6718749452847996, "y": 0.23620605116775556, "z": 0}, "pseudonym": 0}, {"time": 33.80000050365925, "location": {"x": 5778.726602414507, "y": -925.4321808166632}, "speed": {"x": 3.6718749452847996, "y": 0.23620605116775556, "z": 0}, "pseudonym": 0}], "option": {"size": 296}}
{"timestamp": 34.00000050663948, "ITS_PDU_Header": {"tmp": "tmp"}, "Management_Container": {"tmp": "tmp"}, "Station_Data_Container": {"sumo_id": "22", "location": [5786.2421875, -933.2347412109375], "speed": [0.0, 0.0, 0]}, "Sensor_Information_Container": ["360_sensor", "forward_sensor", "backward_sensor"], "Perceived_Object_Container": [{"time": 33.900000505149364, "location": {"x": 5779.25374482604, "y": -925.6334156424588}, "speed": {"x": 4.24804681169917, "y": -0.020141601262366752, "z": 0}, "pseudonym": 0}, {"time": 34.00000050663948, "location": {"x": 5779.871807727559, "y": -925.8012576500822}, "speed": {"x": 4.24804681169917, "y": -0.020141601262366752, "z": 0}, "pseudonym": 0}], "option": {"size": 296}}
{"timestamp": 34.20000050961971, "ITS_PDU_Header": {"tmp": "tmp"}, "Management_Container": {"tmp": "tmp"}, "Station_Data_Container": {"sumo_id": "22", "location": [5786.22412109375, -933.216552734375],