{"timestamp": 23.100000344216824, "ITS_PDU_Header": {"tmp": "tmp"}, "Management_Container": {"tmp": "tmp"}, "Station_Data_Container": {"sumo_id": "23", "location": [5687.2412109375, -877.8675537109375], "speed": [56872.411261910034, -8778.675406296918, 0]}, "Sensor_Information_Container": ["360_sensor", "forward_sensor", "backward_sensor"], "Perceived_Object_Container": [{"time": 23.100000344216824, "location": {"x": 5646.640805012438, "y": -861.334373789038}, "speed": {"x": -14.487304471622341, "y": 5.687255774628285, "z": 0}, "pseudonym": 0}], "option": {"size": 261}}
{"timestamp": 25.80000038444996, "ITS_PDU_Header": {"tmp": "tmp"}, "Management_Container": {"tmp": "tmp"}, "Station_Data_Container": {"sumo_id": "23", "location": [5679.84912109375, -874.9571533203125], "speed": [-4.965820238503512, 1.9555663771097902, 0]}, "Sensor_Information_Container": ["360_sensor", "forward_sensor", "backward_sensor"], "Perceived_Object_Container": [{"time": 25.80000038444996, "location": {"x": 5726.082580362545, "y": -890.1240920818661}, "speed": {"x": 3.1640624528517955, "y": -1.8218993869140836, "z": 0}, "pseudonym": 1}], "option": {"size": 261}}
{"timestamp": 26.100000388920307, "ITS_PDU_Header": {"tmp": "tmp"}, "Management_Container": {"tmp": "tmp"}, "Station_Data_Container": {"sumo_id": "23", "location": [5678.23486328125, -874.321533203125], "speed": [-5.5371092924906415, 2.1795653972094446, 0]}, "Sensor_Information_Container": ["360_sensor", "forward_sensor", "backward_sensor"], "Perceived_Object_Container": [{"time": 26.100000388920307, "location": {"x": 5725.795071175495, "y": -889.9237166454355}, "speed": {"x": 3.6572265080030784, "y": -2.0880126641986867, "z": 0}, "pseudonym": 1}], "option": {"size": 261}}
{"timestamp": 26.400000393390656, "ITS_PDU_Header": {"tmp": "tmp"}, "Management_Container": {"tmp": "tmp"}, "Station_Data_Container": {"sumo_id": "23", "location": [5676.44287109375, -873.6162109375], "speed": [-6.162109283177417, 2.424926721678276, 0]}, "Sensor_Information_Container": ["360_sensor", "forward_sensor", "backward_sensor"], "Perceived_Object_Container": [{"time": 26.400000393390656, "location": {"x": 5727.775218709209, "y": -891.1191383485523}, "speed": {"x": 4.24804681169917, "y": -2.4645995726496044, "z": 0}, "pseudonym": 1}], "option": {"size": 261}}
{"timestamp": 26.700000397861004, "ITS_PDU_Header": {"tmp": "tmp"}, "Management_Container": {"tmp": "tmp"}, "Station_Data_Container": {"sumo_id": "23", "location": [5674.486328125, -872.845703125], "speed": [-6.752929586873508, 2.657470663525601, 0]}, "Sensor_Information_Container": ["360_sensor", "forward_sensor", "backward_sensor"], "Perceived_Object_Container": [{"time": 26.700000397861004, "location": {"x": 5728.174703357162, "y": -891.152080822276}, "speed": {"x": 4.82421867811354, "y": -2.781372028866827, "z": 0}, "pseudonym": 1}], "option": {"size": 261}}
{"timestamp": 27.000000402331352, "ITS_PDU_Header": {"tmp": "tmp"}, "Management_Container": {"tmp": "tmp"}, "Station_Data_Container": {"sumo_id": "23", "location": [5672.36572265625, -872.0107421875], "speed": [-7.2656248917337525, 2.8601073792560787, 0]}, "Sensor_Information_Container": ["360_sensor", "forward_sensor", "backward_sensor"], "Perceived_Object_Container": [{"time": 27.000000402331352, "location": {"x": 5730.2080195891, "y": -890.986162275465}, "speed": {"x": 5.40039054452791, "y": -3.09814448508405, "z": 0}, "pseudonym": 1}], "option": {"size": 261}}
{"timestamp": 27.3000004068017, "ITS_PDU_Header": {"tmp": "tmp"}, "Management_Container": {"tmp": "tmp"}, "Station_Data_Container": {"sumo_id": "23", "location": [5670.0732421875, -871.1080932617188], "speed": [-7.836913945720882, 3.0853271024625437, 0]}, "Sensor_Information_Container": ["360_sensor", "forward_sensor", "backward_sensor"], "Perceived_Object_Container": [{"time": 27.3000004068017, "location": {"x": 5731.517433289414, "y": -892.8593320954475}, "speed": {"x": 5.937499911524356, "y": -3.421020456835323, "z": 0}, "pseudonym": 1}], "option": {"size": 261}}
{"timestamp": 27.60000041127205, "ITS_PDU_Header": {"tmp": "tmp"}, "Management_Container": {"tmp": "tmp"}, "Station_Data_Container": {"sumo_id": "23", "location": [5667.61474609375, -870.14013671875], "speed": [-8.39355456242629, 3.3038329585815527, 0]}, "Sensor_Information_Container": ["360_sensor", "forward_sensor", "backward_sensor"], "Perceived_Object_Container": [{"time": 27.60000041127205, "location": {"x": 5733.690707292531, "y": -893.530839788536}, "speed": {"x": 6.455078028811842, "y": -3.7408446708195706, "z": 0}, "pseudonym": 1}], "option": {"size": 261}}
{"timestamp": 27.900000415742397, "ITS_PDU_Header": {"tmp": "tmp"}, "Management_Container": {"tmp": "tmp"}, "Station_Data_Container": {"sumo_id": "23", "location": [5665.01611328125, -869.1167602539062], "speed": [-8.769531119323803, 3.4539794407191957, 0]}, "Sensor_Information_Container": ["360_sensor", "forward_sensor", "backward_sensor"], "Perceived_Object_Container": [{"time": 27.900000415742397, "location": {"x": 5735.628470581515, "y": -895.0405884568331}, "speed": {"x": 6.972656146099327, "y": -3.942871034996643, "z": 0}, "pseudonym": 1}], "option": {"size": 261}}
{"timestamp": 28.300000421702862, "ITS_PDU_Header": {"tmp": "tmp"}, "Management_Container": {"tmp": "tmp"}, "Station_Data_Container": {"sumo_id": "23", "location": [5661.9404296875, -867.8756713867188], "speed": [-6.953124896390365, 3.04016108751057, 0]}, "Sensor_Information_Container": ["360_sensor", "forward_sensor", "backward_sensor"], "Perceived_Object_Container": [{"time": 28.300000421702862, "location": {"x": 5738.692556206869, "y": -897.0344203236751}, "speed": {"x": 7.612304574067823, "y": -4.201049742086981, "z": 0}, "pseudonym": 1}], "option": {"size": 261}}
