{"timestamp": 26.80000039935112, "ITS_PDU_Header": {"tmp": "tmp"}, "Management_Container": {"tmp": "tmp"}, "Station_Data_Container": {"sumo_id": "25", "location": [5953.16748046875, -278.0019226074219], "speed": [59531.67391759643, -2780.0191846487046, 0]}, "Sensor_Information_Container": ["360_sensor", "forward_sensor", "backward_sensor"], "Perceived_Object_Container": [{"time": 26.80000039935112, "location": {"x": 5952.777571167846, "y": -284.7573368944672}, "speed": {"x": -1.162109357683221, "y": -9.507446147390512, "z": 0}, "pseudonym": 0}], "option": {"size": 261}}
{"timestamp": 27.10000040382147, "ITS_PDU_Header": {"tmp": "tmp"}, "Management_Container": {"tmp": "tmp"}, "Station_Data_Container": {"sumo_id": "25", "location": [5953.1494140625, -278.1507873535156], "speed": [-0.08789062369032764, -0.7498168833581077, 0]}, "Sensor_Information_Container": ["360_sensor", "forward_sensor", "backward_sensor"], "Perceived_Object_Container": [{"time": 27.10000040382147, "location": {"x": 5952.568626833102, "y": -288.31918050175295}, "speed": {"x": -1.1767577949649424, "y": -10.026244967784807, "z": 0}, "pseudonym": 0}], "option": {"size": 261}}
{"timestamp": 27.500000409781933, "ITS_PDU_Header": {"tmp": "tmp"}, "Management_Container": {"tmp": "tmp"}, "Station_Data_Container": {"sumo_id": "25", "location": [5953.09033203125, -278.67523193359375], "speed": [-0.1806640598078957, -1.6397094482226753, 0]}, "Sensor_Information_Container": ["360_sensor", "forward_sensor", "backward_sensor"], "Perceived_Object_Container": [{"time": 27.500000409781933, "location": {"x": 5951.836372667004, "y": -292.24730326430637}, "speed": {"x": -1.2158202943828658, "y": -10.649413903811366, "z": 0}, "pseudonym": 0}], "option": {"size": 261}}
{"timestamp": 27.80000041425228, "ITS_PDU_Header": {"tmp": "tmp"}, "Management_Container": {"tmp": "tmp"}, "Station_Data_Container": {"sumo_id": "25", "location": [5953.0205078125, -279.28399658203125], "speed": [-0.26855468349822337, -2.210998502209805, 0]}, "Sensor_Information_Container": ["360_sensor", "forward_sensor", "backward_sensor"], "Perceived_Object_Container": [{"time": 27.80000041425228, "location": {"x": 5952.076529630849, "y": -295.6889981948925}, "speed": {"x": -1.3281249802093955, "y": -11.369018385275924, "z": 0}, "pseudonym": 0}], "option": {"size": 261}}
{"timestamp": 28.10000041872263, "ITS_PDU_Header": {"tmp": "tmp"}, "Management_Container": {"tmp": "tmp"}, "Station_Data_Container": {"sumo_id": "25", "location": [5952.92236328125, -280.08685302734375], "speed": [-0.356445307188551, -2.928161577460742, 0]}, "Sensor_Information_Container": ["360_sensor", "forward_sensor", "backward_sensor"], "Perceived_Object_Container": [{"time": 28.10000041872263, "location": {"x": 5951.144009537668, "y": -299.3079332108067}, "speed": {"x": -1.357421854772838, "y": -11.913451970913231, "z": 0}, "pseudonym": 0}], "option": {"size": 261}}
{"timestamp": 28.400000423192978, "ITS_PDU_Header": {"tmp": "tmp"}, "Management_Container": {"tmp": "tmp"}, "Station_Data_Container": {"sumo_id": "25", "location": [5952.8115234375, -281.0671691894531], "speed": [-0.390624994179234, -3.408813425767222, 0]}, "Sensor_Information_Container": ["360_sensor", "forward_sensor", "backward_sensor"], "Perceived_Object_Container": [{"time": 28.400000423192978, "location": {"x": 5951.05961811284, "y": -302.71734088458624}, "speed": {"x": -1.5087890400172914, "y": -12.497863583298571, "z": 0}, "pseudonym": 0}], "option": {"size": 261}}
{"timestamp": 29.300000436604023, "ITS_PDU_Header": {"tmp": "tmp"}, "Management_Container": {"tmp": "tmp"}, "Station_Data_Container": {"sumo_id": "25", "location": [5952.345703125, -285.0594482421875], "speed": [-0.6249999906867744, -5.19744865302073, 0]}, "Sensor_Information_Container": ["360_sensor", "forward_sensor", "backward_sensor"], "Perceived_Object_Container": [{"time": 29.300000436604023, "location": {"x": 5947.102188094672, "y": -360.88552216530263}, "speed": {"x": -4.169921812863323, "y": 15.518493421100178, "z": 0}, "pseudonym": 1}], "option": {"size": 261}}
{"timestamp": 29.40000043809414, "ITS_PDU_Header": {"tmp": "tmp"}, "Management_Container": {"tmp": "tmp"}, "Station_Data_Container": {"sumo_id": "25", "location": [5952.2841796875, -285.6047058105469], "speed": [-0.6152343658322935, -5.452575602344042, 0]}, "Sensor_Information_Container": ["360_sensor", "forward_sensor", "backward_sensor"], "Perceived_Object_Container": [{"time": 29.40000043809414, "location": {"x": 5949.177896359089, "y": -315.39288718804767}, "speed": {"x": -1.4648437281721274, "y": -12.81311016063228, "z": 0}, "pseudonym": 0}], "option": {"size": 261}}
{"timestamp": 30.300000451505184, "ITS_PDU_Header": {"tmp": "tmp"}, "Management_Container": {"tmp": "tmp"}, "Station_Data_Container": {"sumo_id": "25", "location": [5951.62353515625, -291.33087158203125], "speed": [-0.7958984256401893, -7.115783585372812, 0]}, "Sensor_Information_Container": ["360_sensor", "forward_sensor", "backward_sensor"], "Perceived_Object_Container": [{"time": 30.300000451505184, "location": {"x": 5944.587484241605, "y": -346.41856304867247}, "speed": {"x": -4.208984312281246, "y": 15.524902112410931, "z": 0}, "pseudonym": 1}], "option": {"size": 261}}
{"timestamp": 30.4000004529953, "ITS_PDU_Header": {"tmp": "tmp"}, "Management_Container": {"tmp": "tmp"}, "Station_Data_Container": {"sumo_id": "25", "location": [5951.5400390625, -292.05877685546875], "speed": [-0.8349609250581127, -7.279052625908664, 0]}, "Sensor_Information_Container": ["360_sensor", "forward_sensor", "backward_sensor"], "Perceived_Object_Container": [{"time": 30.4000004529953, "location": {"x": 5947.350617508906, "y": -328.1198330521512}, "speed": {"x": -1.450195290890406, "y": -12.820129203496439, "z": 0}, "pseudonym": 0}], "option": {"size": 261}}
{"timestamp": 31.20000046491623, "ITS_PDU_Header": {"tmp": "tmp"}, "Management_Container": {"tmp": "tmp"}, "Station_Data_Container": {"sumo_id": "25", "location": [5950.78662109375, -298.53448486328125], "speed": [-0.9814452978753254, -8.748779166508031, 0]}, "Sensor_Information_Container": ["360_sensor", "forward_sensor", "backward_sensor"], "Perceived_Object_Container": [{"time": 31.20000046491623, "location": {"x": 5947.541403341608, "y": -338.6841565646415}, "speed": {"x": 0.9082031114667191, "y": -12.560424617522589, "z": 0}, "pseudonym": 0}], "option": {"size": 261}}
{"timestamp": 31.40000046789646, "ITS_PDU_Header": {"tmp": "tmp"}, "Management_Container": {"tmp": "tmp"}, "Station_Data_Container": {"sumo_id": "25", "location": [5950.57275390625, -300.3507995605469], "speed": [-1.0644531091384126, -9.207763534668631, 0]}, "Sensor_Information_Container": ["360_sensor", "forward_sensor", "backward_sensor"], "Perceived_Object_Container": [{"time": 31.40000046789646, "location": {"x": 5948.178922815952, "y": -342.06976724568653}, "speed": {"x": 1.3964843541907614, "y": -12.972717091847702, "z": 0}, "pseudonym": 0}], "option": {"size": 261}}
{"timestamp": 31.500000469386578, "ITS_PDU_Header": {"tmp": "tmp"}, "Management_Container": {"tmp": "tmp"}, "Station_Data_Container": {"sumo_id": "25", "location": [5950.46875, -301.2872009277344], "speed": [-1.0400390470022105, -9.364013532340325, 0]}, "Sensor_Information_Container": ["360_sensor", "forward_sensor", "backward_sensor"], "Perceived_Object_Container": [{"time": 31.500000469386578, "location": {"x": 5948.118797109586, "y": -342.18160616565046}, "speed": {"x": 3.203124952269719, "y": -12.602233698930835, "z": 0}, "pseudonym": 0}], "option": {"size": 261}}
{"timestamp": 32.20000047981739, "ITS_PDU_Header": {"tmp": "tmp"}, "Management_Container": {"tmp": "tmp"}, "Station_Data_Container": {"sumo_id": "25", "location": [5949.642578125, -308.39971923828125], "speed": [-1.2158202943828658, -10.721435387113162, 0]}, "Sensor_Information_Container": ["360_sensor", "forward_sensor", "backward_sensor"], "Perceived_Object_Container": [{"time": 32.20000047981739, "location": {"x": 5945.659603576061, "y": -316.1096565600019},