{"timestamp": 27.000000402331352, "ITS_PDU_Header": {"tmp": "tmp"}, "Management_Container": {"tmp": "tmp"}, "Station_Data_Container": {"sumo_id": "26", "location": [5851.8603515625, -834.0285034179688], "speed": [1.7480468489520722, 0.999755844477477, 0]}, "Sensor_Information_Container": ["360_sensor", "forward_sensor", "backward_sensor"], "Perceived_Object_Container": [{"time": 27.000000402331352, "location": {"x": 5733.639534854885, "y": -892.8395958749244}, "speed": {"x": 5.40039054452791, "y": -3.09814448508405, "z": 0}, "pseudonym": 0}], "option": {"size": 261}}
{"timestamp": 27.3000004068017, "ITS_PDU_Header": {"tmp": "tmp"}, "Management_Container": {"tmp": "tmp"}, "Station_Data_Container": {"sumo_id": "26", "location": [5852.48876953125, -833.6710815429688], "speed": [2.265624966239557, 1.2817382621506115, 0]}, "Sensor_Information_Container": ["360_sensor", "forward_sensor", "backward_sensor"], "Perceived_Object_Container": [{"time": 27.3000004068017, "location": {"x": 5735.465235590418, "y": -893.7461267184583}, "speed": {"x": 5.937499911524356, "y": -3.421020456835323, "z": 0}, "pseudonym": 0}], "option": {"size": 261}}
{"timestamp": 27.60000041127205, "ITS_PDU_Header": {"tmp": "tmp"}, "Management_Container": {"tmp": "tmp"}, "Station_Data_Container": {"sumo_id": "26", "location": [5853.2646484375, -833.22998046875], "speed": [2.75878902139084, 1.5795898202122776, 0]}, "Sensor_Information_Container": ["360_sensor", "forward_sensor", "backward_sensor"], "Perceived_Object_Container": [{"time": 27.60000041127205, "location": {"x": 5735.8731956738975, "y": -893.3377074449764}, "speed": {"x": 6.455078028811842, "y": -3.7408446708195706, "z": 0}, "pseudonym": 0}], "option": {"size": 261}}
{"timestamp": 27.900000415742397, "ITS_PDU_Header": {"tmp": "tmp"}, "Management_Container": {"tmp": "tmp"}, "Station_Data_Container": {"sumo_id": "26", "location": [5854.19482421875, -832.72265625], "speed": [3.2763671386783253, 1.7675780986610339, 0]}, "Sensor_Information_Container": ["360_sensor", "forward_sensor", "backward_sensor"], "Perceived_Object_Container": [{"time": 27.900000415742397, "location": {"x": 5739.138458786729, "y": -895.3150203684619}, "speed": {"x": 6.972656146099327, "y": -3.942871034996643, "z": 0}, "pseudonym": 0}], "option": {"size": 261}}
{"timestamp": 28.300000421702862, "ITS_PDU_Header": {"tmp": "tmp"}, "Management_Container": {"tmp": "tmp"}, "Station_Data_Container": {"sumo_id": "26", "location": [5855.73291015625, -831.990234375], "speed": [4.179687437717804, 1.8585204801183868, 0]}, "Sensor_Information_Container": ["360_sensor", "forward_sensor", "backward_sensor"], "Perceived_Object_Container": [{"time": 28.300000421702862, "location": {"x": 5740.161895698317, "y": -895.7615814941807}, "speed": {"x": 7.612304574067823, "y": -4.201049742086981, "z": 0}, "pseudonym": 0}], "option": {"size": 261}}
{"timestamp": 36.0000005364418, "ITS_PDU_Header": {"tmp": "tmp"}, "Management_Container": {"tmp": "tmp"}, "Station_Data_Container": {"sumo_id": "26", "location": [5928.138671875, -864.6395263671875], "speed": [11.108398271971966, -5.993652254437621, 0]}, "Sensor_Information_Container": ["360_sensor", "forward_sensor", "backward_sensor"], "Perceived_Object_Container": [{"time": 36.0000005364418, "location": {"x": 5827.8277916539055, "y": -802.6298514537662}, "speed": {"x": 3.652343695575838, "y": -14.512328885311948, "z": 0}, "pseudonym": 1}], "option": {"size": 261}}
{"timestamp": 36.6000005453825, "ITS_PDU_Header": {"tmp": "tmp"}, "Management_Container": {"tmp": "tmp"}, "Station_Data_Container": {"sumo_id": "26", "location": [5934.2587890625, -867.94287109375], "speed": [9.243163924766124, -4.989623949086309, 0]}, "Sensor_Information_Container": ["360_sensor", "forward_sensor", "backward_sensor"], "Perceived_Object_Container": [{"time": 36.6000005453825, "location": {"x": 5829.44049990538, "y": -811.4599406538426}, "speed": {"x": 3.8916015045106187, "y": -14.00634744753916, "z": 0}, "pseudonym": 1}], "option": {"size": 261}}
{"timestamp": 37.000000551342964, "ITS_PDU_Header": {"tmp": "tmp"}, "Management_Container": {"tmp": "tmp"}, "Station_Data_Container": {"sumo_id": "26", "location": [5937.560546875, -869.727783203125], "speed": [7.675781135621948, -4.143676696066906, 0]}, "Sensor_Information_Container": ["360_sensor", "forward_sensor", "backward_sensor"], "Perceived_Object_Container": [{"time": 37.000000551342964, "location": {"x": 5832.7342136748475, "y": -814.6659988816982}, "speed": {"x": 3.413085886641057, "y": -12.305297668199277, "z": 0}, "pseudonym": 1}], "option": {"size": 261}}
{"timestamp": 37.30000055581331, "ITS_PDU_Header": {"tmp": "tmp"}, "Management_Container": {"tmp": "tmp"}, "Station_Data_Container": {"sumo_id": "26", "location": [5939.6259765625, -870.843017578125], "speed": [6.484374903375285, -3.50402826809841, 0]}, "Sensor_Information_Container": ["360_sensor", "forward_sensor", "backward_sensor"], "Perceived_Object_Container": [{"time": 37.30000055581331, "location": {"x": 5832.7577917878, "y": -814.6929835641613}, "speed": {"x": 3.168945265279036, "y": -10.966186360028589, "z": 0}, "pseudonym": 1}], "option": {"size": 261}}
{"timestamp": 37.90000056475401, "ITS_PDU_Header": {"tmp": "tmp"}, "Management_Container": {"tmp": "tmp"}, "Station_Data_Container": {"sumo_id": "26", "location": [5943.31298828125, -872.83544921875], "speed": [6.6210936513380165, -3.570556587419561, 0]}, "Sensor_Information_Container": ["360_sensor", "forward_sensor", "backward_sensor"], "Perceived_Object_Container": [{"time": 37.90000056475401, "location": {"x": 5834.44203523857, "y": -820.4723343768051}, "speed": {"x": 2.6269530858553485, "y": -8.33190905553238, "z": 0}, "pseudonym": 1}], "option": {"size": 261}}
