{"timestamp": 29.800000444054604, "ITS_PDU_Header": {"tmp": "tmp"}, "Management_Container": {"tmp": "tmp"}, "Station_Data_Container": {"sumo_id": "27", "location": [6108.29931640625, -599.7190551757812], "speed": [6.1962889701681, -1.7553710675929328, 0]}, "Sensor_Information_Container": ["360_sensor", "forward_sensor", "backward_sensor"], "Perceived_Object_Container": [{"time": 29.800000444054604, "location": {"x": 6150.578236441236, "y": -524.1274242484508}, "speed": {"x": -4.121093688590919, "y": 12.27783184829605, "z": 0}, "pseudonym": 0}], "option": {"size": 261}}
{"timestamp": 30.4000004529953, "ITS_PDU_Header": {"tmp": "tmp"}, "Management_Container": {"tmp": "tmp"}, "Station_Data_Container": {"sumo_id": "27", "location": [6109.384765625, -597.1913452148438], "speed": [-0.5322265545692063, 4.887695239667665, 0]}, "Sensor_Information_Container": ["360_sensor", "forward_sensor", "backward_sensor"], "Perceived_Object_Container": [{"time": 30.4000004529953, "location": {"x": 6103.76134354799, "y": -575.2343674937802}, "speed": {"x": -0.5810546788416106, "y": -2.231445279248874, "z": 0}, "pseudonym": 1}], "option": {"size": 261}}
{"timestamp": 30.70000045746565, "ITS_PDU_Header": {"tmp": "tmp"}, "Management_Container": {"tmp": "tmp"}, "Station_Data_Container": {"sumo_id": "27", "location": [6109.0869140625, -595.7367553710938], "speed": [-1.2109374819556253, 4.921874926658348, 0]}, "Sensor_Information_Container": ["360_sensor", "forward_sensor", "backward_sensor"], "Perceived_Object_Container": [{"time": 30.70000045746565, "location": {"x": 6103.381161056577, "y": -576.6784501512121}, "speed": {"x": -0.6298828031140148, "y": -2.805175739449624, "z": 0}, "pseudonym": 1}], "option": {"size": 261}}
{"timestamp": 31.000000461935997, "ITS_PDU_Header": {"tmp": "tmp"}, "Management_Container": {"tmp": "tmp"}, "Station_Data_Container": {"sumo_id": "27", "location": [6108.6748046875, -594.1351928710938], "speed": [-1.6113281009893403, 5.475463785596731, 0]}, "Sensor_Information_Container": ["360_sensor", "forward_sensor", "backward_sensor"], "Perceived_Object_Container": [{"time": 31.000000461935997, "location": {"x": 6103.144846258819, "y": -578.0230000000107}, "speed": {"x": -0.4882812427240425, "y": -3.4307860816898037, "z": 0}, "pseudonym": 1}], "option": {"size": 261}}
{"timestamp": 31.300000466406345, "ITS_PDU_Header": {"tmp": "tmp"}, "Management_Container": {"tmp": "tmp"}, "Station_Data_Container": {"sumo_id": "27", "location": [6108.1591796875, -592.3672485351562], "speed": [-1.757812473806553, 6.08032217502114, 0]}, "Sensor_Information_Container": ["360_sensor", "forward_sensor", "backward_sensor"], "Perceived_Object_Container": [{"time": 31.300000466406345, "location": {"x": 6103.00872435602, "y": -578.3282650411475}, "speed": {"x": -0.5761718664143701, "y": -3.9935302139292626, "z": 0}, "pseudonym": 1}], "option": {"size": 261}}
{"timestamp": 31.600000470876694, "ITS_PDU_Header": {"tmp": "tmp"}, "Management_Container": {"tmp": "tmp"}, "Station_Data_Container": {"sumo_id": "27", "location": [6107.57470703125, -590.4381103515625], "speed": [-2.0068359075958146, 6.576537987939448, 0]}, "Sensor_Information_Container": ["360_sensor", "forward_sensor", "backward_sensor"], "Perceived_Object_Container": [{"time": 31.600000470876694, "location": {"x": 6101.195772695455, "y": -583.4573561975942}, "speed": {"x": -0.7910156132129489, "y": -4.520873956071228, "z": 0}, "pseudonym": 1}], "option": {"size": 261}}
{"timestamp": 31.800000473856926, "ITS_PDU_Header": {"tmp": "tmp"}, "Management_Container": {"tmp": "tmp"}, "Station_Data_Container": {"sumo_id": "27", "location": [6107.150390625, -589.0553588867188], "speed": [-2.158203092840268, 7.00927723930363, 0]}, "Sensor_Information_Container": ["360_sensor", "forward_sensor", "backward_sensor"], "Perceived_Object_Container": [{"time": 31.800000473856926, "location": {"x": 6101.324316427708, "y": -584.481060411473}, "speed": {"x": -0.1171874982537702, "y": -4.819335865686299, "z": 0}, "pseudonym": 1}], "option": {"size": 261}}
{"timestamp": 32.00000047683716, "ITS_PDU_Header": {"tmp": "tmp"}, "Management_Container": {"tmp": "tmp"}, "Station_Data_Container": {"sumo_id": "27", "location": [6106.7431640625, -587.7178955078125], "speed": [-1.977539033032372, 6.472167872307184, 0]}, "Sensor_Information_Container": ["360_sensor", "forward_sensor", "backward_sensor"], "Perceived_Object_Container": [{"time": 32.00000047683716, "location": {"x": 6102.418937501456, "y": -585.3663208395694}, "speed": {"x": 0.10742187339928935, "y": -5.305175702196721, "z": 0}, "pseudonym": 1}], "option": {"size": 261}}
{"timestamp": 32.20000047981739, "ITS_PDU_Header": {"tmp": "tmp"}, "Management_Container": {"tmp": "tmp"}, "Station_Data_Container": {"sumo_id": "27", "location": [6106.359375, -586.47265625], "speed": [-1.95312497089617, 6.350097561626173, 0]}, "Sensor_Information_Container": ["360_sensor", "forward_sensor", "backward_sensor"], "Perceived_Object_Container": [{"time": 32.20000047981739, "location": {"x": 6102.795172137906, "y": -584.9030935531908}, "speed": {"x": 0.43457030602439783, "y": -5.7550047970562455, "z": 0}, "pseudonym": 1}], "option": {"size": 261}}
{"timestamp": 32.40000048279762, "ITS_PDU_Header": {"tmp": "tmp"}, "Management_Container": {"tmp": "tmp"}, "Station_Data_Container": {"sumo_id": "27", "location": [6105.947265625, -585.1273193359375], "speed": [-2.1191405934223444, 6.843871968330861, 0]}, "Sensor_Information_Container": ["360_sensor", "forward_sensor", "backward_sensor"], "Perceived_Object_Container": [{"time": 32.30000048130751, "location": {"x": 6102.75336222643, "y": -584.5263412264576}, "speed": {"x": 0.9179687363211999, "y": -6.025390535214685, "z": 0}, "pseudonym": 1}, {"time": 32.40000048279762, "location": {"x": 6103.186061803204, "y": -587.4114921572259}, "speed": {"x": 0.9179687363211999, "y": -6.025390535214685, "z": 0}, "pseudonym": 1}], "option": {"size": 296}}
{"timestamp": 32.600000485777855, "ITS_PDU_Header": {"tmp": "tmp"}, "Management_Container": {"tmp": "tmp"}, "Station_Data_Container": {"sumo_id": "27", "location": [6105.53466796875, -583.71435546875], "speed": [-1.9970702827413338, 7.017211809497896, 0]}, "Sensor_Information_Container": ["360_sensor", "forward_sensor", "backward_sensor"], "Perceived_Object_Container": [{"time": 32.600000485777855, "location": {"x": 6103.420737856422, "y": -587.3601164365245}, "speed": {"x": 1.3720702920545593, "y": -6.3562010771602235, "z": 0}, "pseudonym": 1}], "option": {"size": 261}}
{"timestamp": 32.80000048875809, "ITS_PDU_Header": {"tmp": "tmp"}, "Management_Container": {"tmp": "tmp"}, "Station_Data_Container": {"sumo_id": "27", "location": [6105.3291015625, -582.4707641601562], "speed": [-0.30761718291614676, 5.831298741231877, 0]}, "Sensor_Information_Container": ["360_sensor", "forward_sensor", "backward_sensor"], "Perceived_Object_Container": [{"time": 32.80000048875809, "location": {"x": 6103.030279513863, "y": -586.292463292964}, "speed": {"x": 1.860351534778602, "y": -6.616210838910776, "z": 0}, "pseudonym": 1}], "option": {"size": 261}}
{"timestamp": 33.00000049173832, "ITS_PDU_Header": {"tmp": "tmp"}, "Management_Container": {"tmp": "tmp"}, "Station_Data_Container": {"sumo_id": "27", "location": [6105.30029296875, -581.292724609375], "speed": [-0.15136718524445317, 5.989990145117191, 0]}, "Sensor_Information_Container": ["360_sensor", "forward_sensor", "backward_sensor"], "Perceived_Object_Container": [{"time": 33.00000049173832, "location": {"x": 6103.903107709393, "y": -588.8951981390813}, "speed": {"x": 2.089843718858902, "y": -7.0697020430907305, "z": 0}, "pseudonym": 1}], "option": {"size": 261}}
{"timestamp": 33.100000493228436, "ITS_PDU_Header": {"tmp": "tmp"}, "Management_Container": {"tmp": "tmp"}, "Station_Data_Container": {"sumo_id": "27", "location": [6105.28125, -580.6903686523438], "speed": [-0.19042968466237659, 6.02355948055447, 0]}, "Sensor_Information_Container": ["360_sensor", "forward_sensor", "backward_sensor"],