{"timestamp": 33.20000049471855, "ITS_PDU_Header": {"tmp": "tmp"}, "Management_Container": {"tmp": "tmp"}, "Station_Data_Container": {"sumo_id": "29", "location": [5901.88525390625, -790.734375], "speed": [7.089843644353097, -4.064330994124249, 0]}, "Sensor_Information_Container": ["360_sensor", "forward_sensor", "backward_sensor"], "Perceived_Object_Container": [{"time": 33.20000049471855, "location": {"x": 5873.066696139403, "y": -775.102720693576}, "speed": {"x": 11.220702957798496, "y": 9.528198100206284, "z": 0}, "pseudonym": 0}], "option": {"size": 261}}
{"timestamp": 34.400000512599945, "ITS_PDU_Header": {"tmp": "tmp"}, "Management_Container": {"tmp": "tmp"}, "Station_Data_Container": {"sumo_id": "29", "location": [5911.6025390625, -796.3009033203125], "speed": [8.920898304568256, -5.1098632051071045, 0]}, "Sensor_Information_Container": ["360_sensor", "forward_sensor", "backward_sensor"], "Perceived_Object_Container": [{"time": 34.400000512599945, "location": {"x": 5982.8028570383085, "y": -831.7656814270131}, "speed": {"x": -2.978515580616659, "y": -6.163940337837632, "z": 0}, "pseudonym": 1}], "option": {"size": 261}}
{"timestamp": 34.60000051558018, "ITS_PDU_Header": {"tmp": "tmp"}, "Management_Container": {"tmp": "tmp"}, "Station_Data_Container": {"sumo_id": "29", "location": [5913.4365234375, -797.3518676757812], "speed": [9.248046737193365, -5.300903241322886, 0]}, "Sensor_Information_Container": ["360_sensor", "forward_sensor", "backward_sensor"], "Perceived_Object_Container": [{"time": 34.60000051558018, "location": {"x": 5982.613310059795, "y": -831.8087116856132}, "speed": {"x": -1.5527343518624552, "y": -6.173095611138708, "z": 0}, "pseudonym": 1}], "option": {"size": 261}}
{"timestamp": 34.900000520050526, "ITS_PDU_Header": {"tmp": "tmp"}, "Management_Container": {"tmp": "tmp"}, "Station_Data_Container": {"sumo_id": "29", "location": [5916.322265625, -799.0048217773438], "speed": [9.794921729044292, -5.610351478899248, 0]}, "Sensor_Information_Container": ["360_sensor", "forward_sensor", "backward_sensor"], "Perceived_Object_Container": [{"time": 34.900000520050526, "location": {"x": 5982.411077615941, "y": -833.8636292759477}, "speed": {"x": 0.22949218408029998, "y": -5.543212808024692, "z": 0}, "pseudonym": 1}], "option": {"size": 261}}
{"timestamp": 35.10000052303076, "ITS_PDU_Header": {"tmp": "tmp"}, "Management_Container": {"tmp": "tmp"}, "Station_Data_Container": {"sumo_id": "29", "location": [5918.34033203125, -800.1608276367188], "speed": [10.175781098369045, -5.825805577251232, 0]}, "Sensor_Information_Container": ["360_sensor", "forward_sensor", "backward_sensor"], "Perceived_Object_Container": [{"time": 35.10000052303076, "location": {"x": 5982.340414694007, "y": -834.8745639983945}, "speed": {"x": 0.2929687456344255, "y": -6.212158110556631, "z": 0}, "pseudonym": 1}], "option": {"size": 261}}
{"timestamp": 35.200000524520874, "ITS_PDU_Header": {"tmp": "tmp"}, "Management_Container": {"tmp": "tmp"}, "Station_Data_Container": {"sumo_id": "29", "location": [5919.37548828125, -800.7540283203125], "speed": [10.3515623457497, -5.932006747543711, 0]}, "Sensor_Information_Container": ["360_sensor", "forward_sensor", "backward_sensor"], "Perceived_Object_Container": [{"time": 35.200000524520874, "location": {"x": 5982.87242378452, "y": -836.1560251735004}, "speed": {"x": 1.0253906097204892, "y": -5.538940347150857, "z": 0}, "pseudonym": 1}], "option": {"size": 261}}
{"timestamp": 35.30000052601099, "ITS_PDU_Header": {"tmp": "tmp"}, "Management_Container": {"tmp": "tmp"}, "Station_Data_Container": {"sumo_id": "29", "location": [5920.4287109375, -801.357177734375], "speed": [10.532226405557596, -6.031494050748735, 0]}, "Sensor_Information_Container": ["360_sensor", "forward_sensor", "backward_sensor"], "Perceived_Object_Container": [{"time": 35.30000052601099, "location": {"x": 5982.457182239679, "y": -835.0015012822458}, "speed": {"x": 2.358398402357125, "y": -5.344238201614645, "z": 0}, "pseudonym": 1}], "option": {"size": 261}}
{"timestamp": 35.50000052899122, "ITS_PDU_Header": {"tmp": "tmp"}, "Management_Container": {"tmp": "tmp"}, "Station_Data_Container": {"sumo_id": "29", "location": [5922.595703125, -802.5985717773438], "speed": [10.947265461873032, -6.270141508130111, 0]}, "Sensor_Information_Container": ["360_sensor", "forward_sensor", "backward_sensor"], "Perceived_Object_Container": [{"time": 35.50000052899122, "location": {"x": 5983.705380272926, "y": -835.7448011839367}, "speed": {"x": 3.0371093297435445, "y": -5.959472567446938, "z": 0}, "pseudonym": 1}], "option": {"size": 261}}
{"timestamp": 35.60000053048134, "ITS_PDU_Header": {"tmp": "tmp"}, "Management_Container": {"tmp": "tmp"}, "Station_Data_Container": {"sumo_id": "29", "location": [5923.70166015625, -803.2324829101562], "speed": [11.059570147699562, -6.339111233664882, 0]}, "Sensor_Information_Container": ["360_sensor", "forward_sensor", "backward_sensor"], "Perceived_Object_Container": [{"time": 35.60000053048134, "location": {"x": 5984.27670937847, "y": -836.0884623516513}, "speed": {"x": 4.2578124365536505, "y": -5.079955978990257, "z": 0}, "pseudonym": 1}], "option": {"size": 261}}
{"timestamp": 35.700000531971455, "ITS_PDU_Header": {"tmp": "tmp"}, "Management_Container": {"tmp": "tmp"}, "Station_Data_Container": {"sumo_id": "29", "location": [5924.82177734375, -803.8740234375], "speed": [11.201171708089534, -6.415405177840514, 0]}, "Sensor_Information_Container": ["360_sensor", "forward_sensor", "backward_sensor"], "Perceived_Object_Container": [{"time": 35.700000531971455, "location": {"x": 5984.944480614506, "y": -836.4846479543679}, "speed": {"x": 4.951171801221791, "y": -4.865112232191678, "z": 0}, "pseudonym": 1}], "option": {"size": 261}}
{"timestamp": 35.90000053495169, "ITS_PDU_Header": {"tmp": "tmp"}, "Management_Container": {"tmp": "tmp"}, "Station_Data_Container": {"sumo_id": "29", "location": [5927.05908203125, -805.1557006835938], "speed": [11.15234358381713, -6.3909911157043116, 0]}, "Sensor_Information_Container": ["360_sensor", "forward_sensor", "backward_sensor"], "Perceived_Object_Container": [{"time": 35.90000053495169, "location": {"x": 5985.131084783497, "y": -839.3260077067846}, "speed": {"x": 6.0107420979329635, "y": -4.555053643061911, "z": 0}, "pseudonym": 1}], "option": {"size": 261}}
{"timestamp": 36.0000005364418, "ITS_PDU_Header": {"tmp": "tmp"}, "Management_Container": {"tmp": "tmp"}, "Station_Data_Container": {"sumo_id": "29", "location": [5928.17236328125, -805.7933349609375], "speed": [11.132812334108168, -6.37634267842259, 0]}, "Sensor_Information_Container": ["360_sensor", "forward_sensor", "backward_sensor"], "Perceived_Object_Container": [{"time": 36.0000005364418, "location": {"x": 5985.7477560166, "y": -839.6714913009512}, "speed": {"x": 6.562499902211131, "y": -4.207763609174436, "z": 0}, "pseudonym": 1}], "option": {"size": 261}}
{"timestamp": 36.30000054091215, "ITS_PDU_Header": {"tmp": "tmp"}, "Management_Container": {"tmp": "tmp"}, "Station_Data_Container": {"sumo_id": "29", "location": [5931.52001953125, -807.7110595703125], "speed": [11.14746077138989, -6.381225490849831, 0]}, "Sensor_Information_Container": ["360_sensor", "forward_sensor", "backward_sensor"], "Perceived_Object_Container": [{"time": 36.30000054091215, "location": {"x": 5988.5632810708175, "y": -839.5148677846961}, "speed": {"x": 7.416992076978206, "y": -4.042358338201667, "z": 0}, "pseudonym": 1}], "option": {"size": 261}}
{"timestamp": 36.6000005453825, "ITS_PDU_Header": {"tmp": "tmp"}, "Management_Container": {"tmp": "tmp"}, "Station_Data_Container": {"sumo_id": "29", "location": [5934.86474609375, -809.6272583007812], "speed": [11.118163896826447, -6.36901845978173, 0]}, "Sensor_Information_Container": ["360_sensor", "forward_sensor", "backward_sensor"], "Perceived_Object_Container": [{"time": 36.6000005453825, "location": {"x": 5990.914441694554, "y": -840.8771126444128}, "speed": {"x": 7.939453006692931, "y": -4.322509701214586,