{"timestamp": 5.100000075995922, "ITS_PDU_Header": {"tmp": "tmp"}, "Management_Container": {"tmp": "tmp"}, "Station_Data_Container": {"sumo_id": "2", "location": [6066.84619140625, -390.99072265625], "speed": [1.5332031021534935, -5.930786044436901, 0]}, "Sensor_Information_Container": ["360_sensor", "forward_sensor", "backward_sensor"], "Perceived_Object_Container": [{"time": 5.100000075995922, "location": {"x": 6063.516812558502, "y": -390.23243659548734}, "speed": {"x": 0, "y": 0, "z": 0}, "pseudonym": 0}], "option": {"size": 261}}
{"timestamp": 5.500000081956387, "ITS_PDU_Header": {"tmp": "tmp"}, "Management_Container": {"tmp": "tmp"}, "Station_Data_Container": {"sumo_id": "2", "location": [6067.15283203125, -393.5809326171875], "speed": [-0.23925780893478082, -6.809692281340178, 0]}, "Sensor_Information_Container": ["360_sensor", "forward_sensor", "backward_sensor"], "Perceived_Object_Container": [{"time": 5.4000000804662704, "location": {"x": 6062.654569840165, "y": -390.6336754312089}, "speed": {"x": -0.23925780893478082, "y": 0.7165527236975323, "z": 0}, "pseudonym": 0}], "option": {"size": 261}}
{"timestamp": 5.900000087916851, "ITS_PDU_Header": {"tmp": "tmp"}, "Management_Container": {"tmp": "tmp"}, "Station_Data_Container": {"sumo_id": "2", "location": [6066.89599609375, -396.4786376953125], "speed": [-1.9091796590510062, -6.506347559297867, 0]}, "Sensor_Information_Container": ["360_sensor", "forward_sensor", "backward_sensor"], "Perceived_Object_Container": [{"time": 5.800000086426735, "location": {"x": 6062.517245784237, "y": -390.16712655184915}, "speed": {"x": -0.5273437421419659, "y": 1.5744018320083346, "z": 0}, "pseudonym": 0}, {"time": 5.900000087916851, "location": {"x": 6061.855183993775, "y": -390.0886170870133}, "speed": {"x": -0.5273437421419659, "y": 1.5744018320083346, "z": 0}, "pseudonym": 0}], "option": {"size": 296}}
{"timestamp": 21.1000003144145, "ITS_PDU_Header": {"tmp": "tmp"}, "Management_Container": {"tmp": "tmp"}, "Station_Data_Container": {"sumo_id": "2", "location": [5979.3125, -486.2595520019531], "speed": [0.0, 0.0, 0]}, "Sensor_Information_Container": ["360_sensor", "forward_sensor", "backward_sensor"], "Perceived_Object_Container": [{"time": 21.000000312924385, "location": {"x": 5973.809232355299, "y": -496.2924474278559}, "speed": {"x": -10.23437484749593, "y": 5.920410068029015, "z": 0}, "pseudonym": 1}], "option": {"size": 261}}
{"timestamp": 25.50000037997961, "ITS_PDU_Header": {"tmp": "tmp"}, "Management_Container": {"tmp": "tmp"}, "Station_Data_Container": {"sumo_id": "2", "location": [5963.72607421875, -491.6356506347656], "speed": [-7.871093632711565, 3.871459903248252, 0]}, "Sensor_Information_Container": ["360_sensor", "forward_sensor", "backward_sensor"], "Perceived_Object_Container": [{"time": 25.400000378489494, "location": {"x": 5934.145967019578, "y": -475.3904636003233}, "speed": {"x": -6.005859285505723, "y": 3.5061644985353277, "z": 0}, "pseudonym": 1}], "option": {"size": 261}}
{"timestamp": 25.700000382959843, "ITS_PDU_Header": {"tmp": "tmp"}, "Management_Container": {"tmp": "tmp"}, "Station_Data_Container": {"sumo_id": "2", "location": [5962.0947265625, -490.8249206542969], "speed": [-8.256835814463559, 4.138488707862963, 0]}, "Sensor_Information_Container": ["360_sensor", "forward_sensor", "backward_sensor"], "Perceived_Object_Container": [{"time": 25.600000381469727, "location": {"x": 5933.082071639731, "y": -474.74577011667304}, "speed": {"x": -5.244140546856216, "y": 3.061828567656449, "z": 0}, "pseudonym": 1}], "option": {"size": 261}}
{"timestamp": 25.80000038444996, "ITS_PDU_Header": {"tmp": "tmp"}, "Management_Container": {"tmp": "tmp"}, "Station_Data_Container": {"sumo_id": "2", "location": [5961.2841796875, -490.3512268066406], "speed": [-8.105468629219105, 4.736938405976617, 0]}, "Sensor_Information_Container": ["360_sensor", "forward_sensor", "backward_sensor"], "Perceived_Object_Container": [{"time": 25.700000382959843, "location": {"x": 5912.970795282778, "y": -458.1670993418531}, "speed": {"x": 0.0, "y": 0.0, "z": 0}, "pseudonym": 2}], "option": {"size": 261}}
{"timestamp": 25.900000385940075, "ITS_PDU_Header": {"tmp": "tmp"}, "Management_Container": {"tmp": "tmp"}, "Station_Data_Container": {"sumo_id": "2", "location": [5960.45166015625, -489.8655090332031], "speed": [-8.325195188444924, 4.8571776619974125, 0]}, "Sensor_Information_Container": ["360_sensor", "forward_sensor", "backward_sensor"], "Perceived_Object_Container": [{"time": 25.80000038444996, "location": {"x": 5932.109694067085, "y": -474.21265925864066}, "speed": {"x": -4.462890558497748, "y": 2.607421836146387, "z": 0}, "pseudonym": 1}], "option": {"size": 261}}
{"timestamp": 26.00000038743019, "ITS_PDU_Header": {"tmp": "tmp"}, "Management_Container": {"tmp": "tmp"}, "Station_Data_Container": {"sumo_id": "2", "location": [5959.60498046875, -489.3708190917969], "speed": [-8.466796748834897, 4.946899340347955, 0]}, "Sensor_Information_Container": ["360_sensor", "forward_sensor", "backward_sensor"], "Perceived_Object_Container": [{"time": 25.900000385940075, "location": {"x": 5922.768165206214, "y": -465.43998785997087}, "speed": {"x": -5.5371092924906415, "y": -10.018005221813839, "z": 0}, "pseudonym": 3}], "option": {"size": 261}}
{"timestamp": 26.100000388920307, "ITS_PDU_Header": {"tmp": "tmp"}, "Management_Container": {"tmp": "tmp"}, "Station_Data_Container": {"sumo_id": "2", "location": [5958.7373046875, -488.8638916015625], "speed": [-8.676757683206235, 5.069274826805668, 0]}, "Sensor_Information_Container": ["360_sensor", "forward_sensor", "backward_sensor"], "Perceived_Object_Container": [{"time": 26.00000038743019, "location": {"x": 5931.367679308906, "y": -473.7506783507849}, "speed": {"x": -3.6962890074210017, "y": 2.158813444393673, "z": 0}, "pseudonym": 1}], "option": {"size": 261}}
{"timestamp": 26.700000397861004, "ITS_PDU_Header": {"tmp": "tmp"}, "Management_Container": {"tmp": "tmp"}, "Station_Data_Container": {"sumo_id": "2", "location": [5953.16943359375, -485.61248779296875], "speed": [-9.702148292926724, 5.669860755356241, 0]}, "Sensor_Information_Container": ["360_sensor", "forward_sensor", "backward_sensor"], "Perceived_Object_Container": [{"time": 26.600000396370888, "location": {"x": 5930.040565598184, "y": -472.47985082366745}, "speed": {"x": -4.37011712238018, "y": 2.159423795947078, "z": 0}, "pseudonym": 1}], "option": {"size": 261}}
{"timestamp": 26.80000039935112, "ITS_PDU_Header": {"tmp": "tmp"}, "Management_Container": {"tmp": "tmp"}, "Station_Data_Container": {"sumo_id": "2", "location": [5952.203125, -485.04833984375], "speed": [-9.6630857935088, 5.641479408122906, 0]}, "Sensor_Information_Container": ["360_sensor", "forward_sensor", "backward_sensor"], "Perceived_Object_Container": [{"time": 26.700000397861004, "location": {"x": 5912.127368073792, "y": -458.3270298111518}, "speed": {"x": 0.0, "y": 0.0, "z": 0}, "pseudonym": 2}, {"time": 26.80000039935112, "location": {"x": 5911.747662574519, "y": -458.15282213662687}, "speed": {"x": 0.0, "y": 0.0, "z": 0}, "pseudonym": 2}], "option": {"size": 296}}
{"timestamp": 27.000000402331352, "ITS_PDU_Header": {"tmp": "tmp"}, "Management_Container": {"tmp": "tmp"}, "Station_Data_Container": {"sumo_id": "2", "location": [5950.28857421875, -483.9305725097656], "speed": [-9.53613267040055, 5.568847573267704, 0]}, "Sensor_Information_Container": ["360_sensor", "forward_sensor", "backward_sensor"], "Perceived_Object_Container": [{"time": 26.900000400841236, "location": {"x": 5928.37396042078, "y": -471.8375277364944}, "speed": {"x": -4.956054613649031, "y": 2.449951135367883, "z": 0}, "pseudonym": 1}], "option": {"size": 261}}
{"timestamp": 27.200000405311584, "ITS_PDU_Header": {"tmp": "tmp"}, "Management_Container": {"tmp": "tmp"}, "Station_Data_Container": {"sumo_id": "2", "location": [5948.41650390625, -482.8371887207031], "speed": [-9.30175767389301, 5.43304435263508, 0]},