{"timestamp": 30.100000448524952, "ITS_PDU_Header": {"tmp": "tmp"}, "Management_Container": {"tmp": "tmp"}, "Station_Data_Container": {"sumo_id": "30", "location": [5713.38818359375, -661.9188842773438], "speed": [57133.88098457633, -6619.188744139839, 0]}, "Sensor_Information_Container": ["360_sensor", "forward_sensor", "backward_sensor"], "Perceived_Object_Container": [{"time": 30.100000448524952, "location": {"x": 5709.282341321767, "y": -666.563648915814}, "speed": {"x": 1.3623046672000785, "y": 6.727294821630496, "z": 0}, "pseudonym": 0}], "option": {"size": 261}}
{"timestamp": 30.800000458955765, "ITS_PDU_Header": {"tmp": "tmp"}, "Management_Container": {"tmp": "tmp"}, "Station_Data_Container": {"sumo_id": "30", "location": [5713.2548828125, -662.5823364257812], "speed": [-0.32714843262510845, -1.6320800538051121, 0]}, "Sensor_Information_Container": ["360_sensor", "forward_sensor", "backward_sensor"], "Perceived_Object_Container": [{"time": 30.800000458955765, "location": {"x": 5710.4100646775505, "y": -660.9966156566463}, "speed": {"x": 1.1914062322466636, "y": 5.988159090456976, "z": 0}, "pseudonym": 0}], "option": {"size": 261}}
{"timestamp": 30.90000046044588, "ITS_PDU_Header": {"tmp": "tmp"}, "Management_Container": {"tmp": "tmp"}, "Station_Data_Container": {"sumo_id": "30", "location": [5713.21728515625, -662.7645874023438], "speed": [-0.37597655689751275, -1.8225097384674886, 0]}, "Sensor_Information_Container": ["360_sensor", "forward_sensor", "backward_sensor"], "Perceived_Object_Container": [{"time": 30.90000046044588, "location": {"x": 5710.506061110762, "y": -660.1990813592217}, "speed": {"x": 0.9374999860301616, "y": 5.555419839092793, "z": 0}, "pseudonym": 0}], "option": {"size": 261}}
{"timestamp": 31.40000046789646, "ITS_PDU_Header": {"tmp": "tmp"}, "Management_Container": {"tmp": "tmp"}, "Station_Data_Container": {"sumo_id": "30", "location": [5712.96435546875, -664.0132446289062], "speed": [-0.6005859285505722, -2.9583739793542922, 0]}, "Sensor_Information_Container": ["360_sensor", "forward_sensor", "backward_sensor"], "Perceived_Object_Container": [{"time": 31.40000046789646, "location": {"x": 5709.511775928665, "y": -659.413105894268}, "speed": {"x": 0.20019530951685743, "y": 5.373535076178087, "z": 0}, "pseudonym": 0}], "option": {"size": 261}}
{"timestamp": 31.500000469386578, "ITS_PDU_Header": {"tmp": "tmp"}, "Management_Container": {"tmp": "tmp"}, "Station_Data_Container": {"sumo_id": "30", "location": [5712.89990234375, -664.3297729492188], "speed": [-0.6445312403957361, -3.1652831559586057, 0]}, "Sensor_Information_Container": ["360_sensor", "forward_sensor", "backward_sensor"], "Perceived_Object_Container": [{"time": 31.500000469386578, "location": {"x": 5709.479800860483, "y": -658.8968793979134}, "speed": {"x": -0.4736328054423212, "y": 5.1452635952045975, "z": 0}, "pseudonym": 0}], "option": {"size": 261}}
{"timestamp": 31.800000473856926, "ITS_PDU_Header": {"tmp": "tmp"}, "Management_Container": {"tmp": "tmp"}, "Station_Data_Container": {"sumo_id": "30", "location": [5712.68603515625, -665.4002685546875], "speed": [-0.7421874889405445, -3.747558537907026, 0]}, "Sensor_Information_Container": ["360_sensor", "forward_sensor", "backward_sensor"], "Perceived_Object_Container": [{"time": 31.800000473856926, "location": {"x": 5709.5864827460955, "y": -657.419764726649}, "speed": {"x": -1.3183593553549147, "y": 4.299316342185194, "z": 0}, "pseudonym": 0}], "option": {"size": 261}}
{"timestamp": 31.900000475347042, "ITS_PDU_Header": {"tmp": "tmp"}, "Management_Container": {"tmp": "tmp"}, "Station_Data_Container": {"sumo_id": "30", "location": [5712.6083984375, -665.7946166992188], "speed": [-0.7763671759312276, -3.943481386550048, 0]}, "Sensor_Information_Container": ["360_sensor", "forward_sensor", "backward_sensor"], "Perceived_Object_Container": [{"time": 31.900000475347042, "location": {"x": 5709.192216120211, "y": -656.9966589208972}, "speed": {"x": -1.850585909924121, "y": 3.8104247479077467, "z": 0}, "pseudonym": 0}], "option": {"size": 261}}
{"timestamp": 39.60000059008598, "ITS_PDU_Header": {"tmp": "tmp"}, "Management_Container": {"tmp": "tmp"}, "Station_Data_Container": {"sumo_id": "30", "location": [5734.69921875, -746.9077758789062], "speed": [6.6552733383286995, -14.905395285704802, 0]}, "Sensor_Information_Container": ["360_sensor", "forward_sensor", "backward_sensor"], "Perceived_Object_Container": [{"time": 39.50000058859587, "location": {"x": 5801.011231513397, "y": -878.5292422780512}, "speed": {"x": 3.8867186920833783, "y": 10.657348474005632, "z": 0}, "pseudonym": 1}], "option": {"size": 261}}
