{"timestamp": 33.30000049620867, "ITS_PDU_Header": {"tmp": "tmp"}, "Management_Container": {"tmp": "tmp"}, "Station_Data_Container": {"sumo_id": "31", "location": [5804.013671875, -572.3921508789062], "speed": [-3.735351506838925, 2.1655273114811284, 0]}, "Sensor_Information_Container": ["360_sensor", "forward_sensor", "backward_sensor"], "Perceived_Object_Container": [{"time": 33.30000049620867, "location": {"x": 5910.075501522602, "y": -640.066087933806}, "speed": {"x": 9.970702976424947, "y": 2.932128862557875, "z": 0}, "pseudonym": 0}], "option": {"size": 261}}
{"timestamp": 37.10000055283308, "ITS_PDU_Header": {"tmp": "tmp"}, "Management_Container": {"tmp": "tmp"}, "Station_Data_Container": {"sumo_id": "31", "location": [5786.53662109375, -547.5987548828125], "speed": [-7.055663957362414, 9.205932480008416, 0]}, "Sensor_Information_Container": ["360_sensor", "forward_sensor", "backward_sensor"], "Perceived_Object_Container": [{"time": 37.10000055283308, "location": {"x": 5877.1872570299665, "y": -653.967969439414}, "speed": {"x": -11.865234198194232, "y": -3.04138179061738, "z": 0}, "pseudonym": 1}], "option": {"size": 261}}
