{"timestamp": 35.30000052601099, "ITS_PDU_Header": {"tmp": "tmp"}, "Management_Container": {"tmp": "tmp"}, "Station_Data_Container": {"sumo_id": "32", "location": [5981.07861328125, -387.5234680175781], "speed": [6.518554590365968, 1.4566039822011592, 0]}, "Sensor_Information_Container": ["360_sensor", "forward_sensor", "backward_sensor"], "Perceived_Object_Container": [{"time": 35.30000052601099, "location": {"x": 5959.777116820405, "y": -392.02415765093883}, "speed": {"x": 0.37597655689751275, "y": -12.944946096167772, "z": 0}, "pseudonym": 0}], "option": {"size": 261}}
{"timestamp": 35.50000052899122, "ITS_PDU_Header": {"tmp": "tmp"}, "Management_Container": {"tmp": "tmp"}, "Station_Data_Container": {"sumo_id": "32", "location": [5982.43505859375, -387.2203369140625], "speed": [6.884765522408999, 1.537475563027329, 0]}, "Sensor_Information_Container": ["360_sensor", "forward_sensor", "backward_sensor"], "Perceived_Object_Container": [{"time": 35.50000052899122, "location": {"x": 5959.686709554604, "y": -393.14315897580235}, "speed": {"x": -1.2499999813735487, "y": -12.800292778010775, "z": 0}, "pseudonym": 0}], "option": {"size": 261}}
{"timestamp": 39.00000058114529, "ITS_PDU_Header": {"tmp": "tmp"}, "Management_Container": {"tmp": "tmp"}, "Station_Data_Container": {"sumo_id": "32", "location": [6017.95166015625, -379.283935546875], "speed": [13.300781051802918, 2.9705810104223933, 0]}, "Sensor_Information_Container": ["360_sensor", "forward_sensor", "backward_sensor"], "Perceived_Object_Container": [{"time": 39.00000058114529, "location": {"x": 5959.625736349013, "y": -389.49783900558856}, "speed": {"x": 1.8701171596330828, "y": -11.8975828305247, "z": 0}, "pseudonym": 1}], "option": {"size": 261}}
{"timestamp": 39.1000005826354, "ITS_PDU_Header": {"tmp": "tmp"}, "Management_Container": {"tmp": "tmp"}, "Station_Data_Container": {"sumo_id": "32", "location": [6019.296875, -378.9833068847656], "speed": [13.452148237047371, 3.0062865762965894, 0]}, "Sensor_Information_Container": ["360_sensor", "forward_sensor", "backward_sensor"], "Perceived_Object_Container": [{"time": 39.1000005826354, "location": {"x": 5959.510707705893, "y": -390.8911160889256}, "speed": {"x": 0.3369140574795893, "y": -11.900634588291725, "z": 0}, "pseudonym": 1}], "option": {"size": 261}}
{"timestamp": 39.50000058859587, "ITS_PDU_Header": {"tmp": "tmp"}, "Management_Container": {"tmp": "tmp"}, "Station_Data_Container": {"sumo_id": "32", "location": [6024.71923828125, -377.77166748046875], "speed": [13.54492167316494, 3.0273437048890637, 0]}, "Sensor_Information_Container": ["360_sensor", "forward_sensor", "backward_sensor"], "Perceived_Object_Container": [{"time": 39.50000058859587, "location": {"x": 5959.8903729941185, "y": -393.05122848590395}, "speed": {"x": -1.333007792636636, "y": -11.887512029893516, "z": 0}, "pseudonym": 1}], "option": {"size": 261}}
