{"timestamp": 36.10000053793192, "ITS_PDU_Header": {"tmp": "tmp"}, "Management_Container": {"tmp": "tmp"}, "Station_Data_Container": {"sumo_id": "33", "location": [5887.08837890625, -263.2698059082031], "speed": [-6.015624910360204, 0.6179809478226163, 0]}, "Sensor_Information_Container": ["360_sensor", "forward_sensor", "backward_sensor"], "Perceived_Object_Container": [{"time": 36.10000053793192, "location": {"x": 5948.530550038052, "y": -273.21953578961705}, "speed": {"x": 0.3369140574795893, "y": 7.705993537515498, "z": 0}, "pseudonym": 0}], "option": {"size": 261}}
{"timestamp": 36.200000539422035, "ITS_PDU_Header": {"tmp": "tmp"}, "Management_Container": {"tmp": "tmp"}, "Station_Data_Container": {"sumo_id": "33", "location": [5886.46240234375, -263.2054138183594], "speed": [-6.259765531722225, 0.643920888842331, 0]}, "Sensor_Information_Container": ["360_sensor", "forward_sensor", "backward_sensor"], "Perceived_Object_Container": [{"time": 36.200000539422035, "location": {"x": 5948.0856154889325, "y": -273.1845403664527}, "speed": {"x": -0.8740234244760361, "y": 7.099914444984281, "z": 0}, "pseudonym": 0}], "option": {"size": 261}}
{"timestamp": 36.500000543892384, "ITS_PDU_Header": {"tmp": "tmp"}, "Management_Container": {"tmp": "tmp"}, "Station_Data_Container": {"sumo_id": "33", "location": [5884.4609375, -262.9996643066406], "speed": [-6.8505858354183164, 0.7040405168527287, 0]}, "Sensor_Information_Container": ["360_sensor", "forward_sensor", "backward_sensor"], "Perceived_Object_Container": [{"time": 36.500000543892384, "location": {"x": 5948.212603112045, "y": -273.3233892811149}, "speed": {"x": -2.7783202710998016, "y": 5.495605386859098, "z": 0}, "pseudonym": 0}], "option": {"size": 261}}
{"timestamp": 36.6000005453825, "ITS_PDU_Header": {"tmp": "tmp"}, "Management_Container": {"tmp": "tmp"}, "Station_Data_Container": {"sumo_id": "33", "location": [5883.75244140625, -262.92681884765625], "speed": [-7.084960831925857, 0.7284545789889308, 0]}, "Sensor_Information_Container": ["360_sensor", "forward_sensor", "backward_sensor"], "Perceived_Object_Container": [{"time": 36.6000005453825, "location": {"x": 5946.922928512643, "y": -270.9083642004966}, "speed": {"x": -2.9638671433349377, "y": 6.007385164389236, "z": 0}, "pseudonym": 0}], "option": {"size": 261}}
{"timestamp": 36.80000054836273, "ITS_PDU_Header": {"tmp": "tmp"}, "Management_Container": {"tmp": "tmp"}, "Station_Data_Container": {"sumo_id": "33", "location": [5882.26611328125, -262.7740478515625], "speed": [-7.529296762804735, 0.7742309454943099, 0]}, "Sensor_Information_Container": ["360_sensor", "forward_sensor", "backward_sensor"], "Perceived_Object_Container": [{"time": 36.80000054836273, "location": {"x": 5946.369132839938, "y": -269.3639947639615}, "speed": {"x": -4.165039000436082, "y": 4.768981862530382, "z": 0}, "pseudonym": 0}], "option": {"size": 261}}
{"timestamp": 36.90000054985285, "ITS_PDU_Header": {"tmp": "tmp"}, "Management_Container": {"tmp": "tmp"}, "Station_Data_Container": {"sumo_id": "33", "location": [5881.49755859375, -262.69500732421875], "speed": [-7.685546760476429, 0.7904052616595438, 0]}, "Sensor_Information_Container": ["360_sensor", "forward_sensor", "backward_sensor"], "Perceived_Object_Container": [{"time": 36.90000054985285, "location": {"x": 5945.502857122758, "y": -270.0274459457848}, "speed": {"x": -5.219726484720014, "y": 4.510497979663342, "z": 0}, "pseudonym": 0}], "option": {"size": 261}}
{"timestamp": 37.000000551342964, "ITS_PDU_Header": {"tmp": "tmp"}, "Management_Container": {"tmp": "tmp"}, "Station_Data_Container": {"sumo_id": "33", "location": [5880.70849609375, -262.6139831542969], "speed": [-7.890624882420527, 0.8102416871452081, 0]}, "Sensor_Information_Container": ["360_sensor", "forward_sensor", "backward_sensor"], "Perceived_Object_Container": [{"time": 37.000000551342964, "location": {"x": 5945.1821633741665, "y": -268.4856923888139}, "speed": {"x": -5.717773352298537, "y": 4.773864674957623, "z": 0}, "pseudonym": 0}], "option": {"size": 261}}
{"timestamp": 37.10000055283308, "ITS_PDU_Header": {"tmp": "tmp"}, "Management_Container": {"tmp": "tmp"}, "Station_Data_Container": {"sumo_id": "33", "location": [5879.89599609375, -262.5304260253906], "speed": [-8.124999878928067, 0.8355712766115178, 0]}, "Sensor_Information_Container": ["360_sensor", "forward_sensor", "backward_sensor"], "Perceived_Object_Container": [{"time": 37.10000055283308, "location": {"x": 5944.331772394655, "y": -268.39868445772856}, "speed": {"x": -6.562499902211131, "y": 3.6151122508181297, "z": 0}, "pseudonym": 0}], "option": {"size": 261}}
{"timestamp": 37.200000554323196, "ITS_PDU_Header": {"tmp": "tmp"}, "Management_Container": {"tmp": "tmp"}, "Station_Data_Container": {"sumo_id": "33", "location": [5879.06103515625, -262.4445495605469], "speed": [-8.349609250581127, 0.8587646356409098, 0]}, "Sensor_Information_Container": ["360_sensor", "forward_sensor", "backward_sensor"], "Perceived_Object_Container": [{"time": 37.200000554323196, "location": {"x": 5943.482821617736, "y": -268.31157838079895}, "speed": {"x": -7.338867078142359, "y": 2.7682494704686182, "z": 0}, "pseudonym": 0}], "option": {"size": 261}}
{"timestamp": 37.40000055730343, "ITS_PDU_Header": {"tmp": "tmp"}, "Management_Container": {"tmp": "tmp"}, "Station_Data_Container": {"sumo_id": "33", "location": [5877.3369140625, -262.267333984375], "speed": [-8.710937370196918, 0.895385728845213, 0]}, "Sensor_Information_Container": ["360_sensor", "forward_sensor", "backward_sensor"], "Perceived_Object_Container": [{"time": 37.40000055730343, "location": {"x": 5941.784738700601, "y": -268.13676466751656}, "speed": {"x": -8.208007690191154, "y": 1.5872192146298407, "z": 0}, "pseudonym": 0}], "option": {"size": 261}}
{"timestamp": 37.60000056028366, "ITS_PDU_Header": {"tmp": "tmp"}, "Management_Container": {"tmp": "tmp"}, "Station_Data_Container": {"sumo_id": "33", "location": [5875.5478515625, -262.0834045410156], "speed": [-9.018554553113065, 0.9271240096222757, 0]}, "Sensor_Information_Container": ["360_sensor", "forward_sensor", "backward_sensor"], "Perceived_Object_Container": [{"time": 37.60000056028366, "location": {"x": 5940.37019117859, "y": -267.2281242263572}, "speed": {"x": -8.686523308060716, "y": 1.3571166789961355, "z": 0}, "pseudonym": 0}], "option": {"size": 261}}
{"timestamp": 37.80000056326389, "ITS_PDU_Header": {"tmp": "tmp"}, "Management_Container": {"tmp": "tmp"}, "Station_Data_Container": {"sumo_id": "33", "location": [5873.6884765625, -261.8922424316406], "speed": [-9.384765485156096, 0.964965805933389, 0]}, "Sensor_Information_Container": ["360_sensor", "forward_sensor", "backward_sensor"], "Perceived_Object_Container": [{"time": 37.80000056326389, "location": {"x": 5938.61808384585, "y": -267.045475599363}, "speed": {"x": -9.130859238939594, "y": 0.763244617533019, "z": 0}, "pseudonym": 0}], "option": {"size": 261}}
{"timestamp": 38.20000056922436, "ITS_PDU_Header": {"tmp": "tmp"}, "Management_Container": {"tmp": "tmp"}, "Station_Data_Container": {"sumo_id": "33", "location": [5869.7353515625, -261.48583984375], "speed": [-10.156249848660083, 1.0440063320993433, 0]}, "Sensor_Information_Container": ["360_sensor", "forward_sensor", "backward_sensor"], "Perceived_Object_Container": [{"time": 38.20000056922436, "location": {"x": 5934.302640789886, "y": -267.36607540360296}, "speed": {"x": -9.76562485448085, "y": 0.8169555542326636, "z": 0}, "pseudonym": 0}], "option": {"size": 261}}
{"timestamp": 38.500000573694706, "ITS_PDU_Header": {"tmp": "tmp"}, "Management_Container": {"tmp": "tmp"}, "Station_Data_Container": {"sumo_id": "33", "location": [5866.57666015625, -261.1611328125], "speed": [-10.742187339928934, 1.1047363116631461, 0]}, "Sensor_Information_Container": ["360_sensor", "forward_sensor", "backward_sensor"], "Perceived_Object_Container": [{"time": 38.500000573694706, "location": {"x": 5931.158843845757, "y": -267.80033888636484}, "speed": {"x": -10.380859220313143,