{"timestamp": 34.1000005081296, "ITS_PDU_Header": {"tmp": "tmp"}, "Management_Container": {"tmp": "tmp"}, "Station_Data_Container": {"sumo_id": "34", "location": [5831.3017578125, -665.7291259765625], "speed": [58313.01670919334, -6657.291160564257, 0]}, "Sensor_Information_Container": ["360_sensor", "forward_sensor", "backward_sensor"], "Perceived_Object_Container": [{"time": 34.1000005081296, "location": {"x": 5912.563467291904, "y": -643.309306579807}, "speed": {"x": -11.762695137222183, "y": -3.457641550039626, "z": 0}, "pseudonym": 0}, {"time": 34.1000005081296, "location": {"x": 5918.334245686455, "y": -637.3040093913476}, "speed": {"x": 11.367187330615709, "y": 3.344116161106286, "z": 0}, "pseudonym": 1}], "option": {"size": 296}}
{"timestamp": 34.400000512599945, "ITS_PDU_Header": {"tmp": "tmp"}, "Management_Container": {"tmp": "tmp"}, "Station_Data_Container": {"sumo_id": "34", "location": [5831.1591796875, -665.7718505859375], "speed": [-0.6982421770953807, -0.21057128592474333, 0]}, "Sensor_Information_Container": ["360_sensor", "forward_sensor", "backward_sensor"], "Perceived_Object_Container": [{"time": 34.400000512599945, "location": {"x": 5921.689169393152, "y": -637.364371126235}, "speed": {"x": 11.904296697612155, "y": 3.503417916545005, "z": 0}, "pseudonym": 1}], "option": {"size": 261}}
{"timestamp": 34.70000051707029, "ITS_PDU_Header": {"tmp": "tmp"}, "Management_Container": {"tmp": "tmp"}, "Station_Data_Container": {"sumo_id": "34", "location": [5830.82568359375, -665.8724365234375], "speed": [-1.3378906050638764, -0.4028320252473351, 0]}, "Sensor_Information_Container": ["360_sensor", "forward_sensor", "backward_sensor"], "Perceived_Object_Container": [{"time": 34.70000051707029, "location": {"x": 5925.412175690115, "y": -636.1920014323335}, "speed": {"x": 12.51953106344445, "y": 3.6810302185858754, "z": 0}, "pseudonym": 1}], "option": {"size": 261}}
{"timestamp": 35.00000052154064, "ITS_PDU_Header": {"tmp": "tmp"}, "Management_Container": {"tmp": "tmp"}, "Station_Data_Container": {"sumo_id": "34", "location": [5830.3056640625, -666.0291137695312], "speed": [-1.9042968466237657, -0.574340811754155, 0]}, "Sensor_Information_Container": ["360_sensor", "forward_sensor", "backward_sensor"], "Perceived_Object_Container": [{"time": 35.00000052154064, "location": {"x": 5929.303974487303, "y": -634.9643501165893}, "speed": {"x": 13.066406055295378, "y": 3.8458251380052397, "z": 0}, "pseudonym": 1}], "option": {"size": 261}}
{"timestamp": 35.10000052303076, "ITS_PDU_Header": {"tmp": "tmp"}, "Management_Container": {"tmp": "tmp"}, "Station_Data_Container": {"sumo_id": "34", "location": [5830.09814453125, -666.091552734375], "speed": [-2.0751952815771806, -0.6243896391333693, 0]}, "Sensor_Information_Container": ["360_sensor", "forward_sensor", "backward_sensor"], "Perceived_Object_Container": [{"time": 35.10000052303076, "location": {"x": 5900.773559202866, "y": -647.4734512911439}, "speed": {"x": -11.791992011785625, "y": -3.3227538567371093, "z": 0}, "pseudonym": 0}], "option": {"size": 261}}
{"timestamp": 35.30000052601099, "ITS_PDU_Header": {"tmp": "tmp"}, "Management_Container": {"tmp": "tmp"}, "Station_Data_Container": {"sumo_id": "34", "location": [5829.63525390625, -666.2305908203125], "speed": [-2.3828124644933273, -0.7141113174839121, 0]}, "Sensor_Information_Container": ["360_sensor", "forward_sensor", "backward_sensor"], "Perceived_Object_Container": [{"time": 35.30000052601099, "location": {"x": 5933.388775461494, "y": -633.6738371625734}, "speed": {"x": 13.686523233554912, "y": 4.0270995493665405, "z": 0}, "pseudonym": 1}], "option": {"size": 261}}
{"timestamp": 35.400000527501106, "ITS_PDU_Header": {"tmp": "tmp"}, "Management_Container": {"tmp": "tmp"}, "Station_Data_Container": {"sumo_id": "34", "location": [5829.38037109375, -666.3073120117188], "speed": [-2.5488280870195017, -0.7672119026301518, 0]}, "Sensor_Information_Container": ["360_sensor", "forward_sensor", "backward_sensor"], "Perceived_Object_Container": [{"time": 35.400000527501106, "location": {"x": 5715.313053480427, "y": -693.5379743042337}, "speed": {"x": 2.5244140248832996, "y": -10.206909027592703, "z": 0}, "pseudonym": 2}], "option": {"size": 261}}
{"timestamp": 35.60000053048134, "ITS_PDU_Header": {"tmp": "tmp"}, "Management_Container": {"tmp": "tmp"}, "Station_Data_Container": {"sumo_id": "34", "location": [5828.8271484375, -666.4739990234375], "speed": [-2.8662108947901292, -0.8605956903011249, 0]}, "Sensor_Information_Container": ["360_sensor", "forward_sensor", "backward_sensor"], "Perceived_Object_Container": [{"time": 35.60000053048134, "location": {"x": 5819.446406194573, "y": -666.1010606998074}, "speed": {"x": 13.852538856081086, "y": 4.168090758203108, "z": 0}, "pseudonym": 3}], "option": {"size": 261}}
{"timestamp": 35.700000531971455, "ITS_PDU_Header": {"tmp": "tmp"}, "Management_Container": {"tmp": "tmp"}, "Station_Data_Container": {"sumo_id": "34", "location": [5828.5185546875, -666.5670166015625], "speed": [-3.0859374540159488, -0.930175767389301, 0]}, "Sensor_Information_Container": ["360_sensor", "forward_sensor", "backward_sensor"], "Perceived_Object_Container": [{"time": 35.700000531971455, "location": {"x": 5716.052202740055, "y": -696.194049026366}, "speed": {"x": 2.8369140202266867, "y": -10.739135582161909, "z": 0}, "pseudonym": 2}], "option": {"size": 261}}
{"timestamp": 36.0000005364418, "ITS_PDU_Header": {"tmp": "tmp"}, "Management_Container": {"tmp": "tmp"}, "Station_Data_Container": {"sumo_id": "34", "location": [5827.4716796875, -666.882080078125], "speed": [-3.686523382566521, -1.1077880694301714, 0]}, "Sensor_Information_Container": ["360_sensor", "forward_sensor", "backward_sensor"], "Perceived_Object_Container": [{"time": 36.0000005364418, "location": {"x": 5717.2105189058275, "y": -700.0786689792759}, "speed": {"x": 3.2128905771242, "y": -11.177978349060142, "z": 0}, "pseudonym": 2}, {"time": 36.0000005364418, "location": {"x": 5715.672058153524, "y": -694.9483281099479}, "speed": {"x": 3.2128905771242, "y": -11.177978349060142, "z": 0}, "pseudonym": 4}], "option": {"size": 296}}
{"timestamp": 36.10000053793192, "ITS_PDU_Header": {"tmp": "tmp"}, "Management_Container": {"tmp": "tmp"}, "Station_Data_Container": {"sumo_id": "34", "location": [5827.08544921875, -666.9984741210938], "speed": [-3.862304629947176, -1.1639404123434363, 0]}, "Sensor_Information_Container": ["360_sensor", "forward_sensor", "backward_sensor"], "Perceived_Object_Container": [{"time": 36.10000053793192, "location": {"x": 5888.9160272035015, "y": -649.9396849206148}, "speed": {"x": -11.816406073921828, "y": -3.109741164598746, "z": 0}, "pseudonym": 0}], "option": {"size": 261}}
{"timestamp": 36.30000054091215, "ITS_PDU_Header": {"tmp": "tmp"}, "Management_Container": {"tmp": "tmp"}, "Station_Data_Container": {"sumo_id": "34", "location": [5826.23876953125, -667.2534790039062], "speed": [-4.3505858726712185, -1.310424785160649, 0]}, "Sensor_Information_Container": ["360_sensor", "forward_sensor", "backward_sensor"], "Perceived_Object_Container": [{"time": 36.30000054091215, "location": {"x": 5718.015625182203, "y": -702.5995425417767}, "speed": {"x": 3.549804634603789, "y": -11.665038888677374, "z": 0}, "pseudonym": 2}, {"time": 36.30000054091215, "location": {"x": 5947.215326321475, "y": -629.2921358992817}, "speed": {"x": 13.710937295691114, "y": 4.034423768007401, "z": 0}, "pseudonym": 1}], "option": {"size": 296}}
{"timestamp": 36.40000054240227, "ITS_PDU_Header": {"tmp": "tmp"}, "Management_Container": {"tmp": "tmp"}, "Station_Data_Container": {"sumo_id": "34", "location": [5825.7822265625, -667.3907470703125], "speed": [-4.565429619469797, -1.3726806436079644, 0]}, "Sensor_Information_Container": ["360_sensor", "forward_sensor", "backward_sensor"], "Perceived_Object_Container": [{"time": 36.40000054240227, "location": {"x": 5717.212026447473, "y": -700.0783818277503}, "speed": {"x": 3.6914061949937613, "y": -11.779784980717524, "z": 0},