{"timestamp": 35.10000052303076, "ITS_PDU_Header": {"tmp": "tmp"}, "Management_Container": {"tmp": "tmp"}, "Station_Data_Container": {"sumo_id": "35", "location": [6039.77734375, -722.440673828125], "speed": [60397.77253750306, -7224.4066306292025, 0]}, "Sensor_Information_Container": ["360_sensor", "forward_sensor", "backward_sensor"], "Perceived_Object_Container": [{"time": 35.10000052303076, "location": {"x": 6111.38548700967, "y": -603.2763267700177}, "speed": {"x": 6.4257811542484, "y": -5.542602456471287, "z": 0}, "pseudonym": 0}], "option": {"size": 261}}
{"timestamp": 35.30000052601099, "ITS_PDU_Header": {"tmp": "tmp"}, "Management_Container": {"tmp": "tmp"}, "Station_Data_Container": {"sumo_id": "35", "location": [6039.81494140625, -722.3743286132812], "speed": [0.24902343378926167, 0.44067382155844836, 0]}, "Sensor_Information_Container": ["360_sensor", "forward_sensor", "backward_sensor"], "Perceived_Object_Container": [{"time": 35.30000052601099, "location": {"x": 6111.482492937303, "y": -603.1103675022692}, "speed": {"x": 6.591796776774574, "y": -4.920043871998133, "z": 0}, "pseudonym": 0}, {"time": 35.30000052601099, "location": {"x": 6046.146961947841, "y": -718.2025722503471}, "speed": {"x": -6.381835842403236, "y": -11.20544416896337, "z": 0}, "pseudonym": 1}], "option": {"size": 296}}
{"timestamp": 35.50000052899122, "ITS_PDU_Header": {"tmp": "tmp"}, "Management_Container": {"tmp": "tmp"}, "Station_Data_Container": {"sumo_id": "35", "location": [6039.8994140625, -722.2261352539062], "speed": [0.4833984302968021, 0.8416747921455683, 0]}, "Sensor_Information_Container": ["360_sensor", "forward_sensor", "backward_sensor"], "Perceived_Object_Container": [{"time": 35.50000052899122, "location": {"x": 6112.766972491201, "y": -604.0964205519488}, "speed": {"x": 6.396484279684957, "y": -5.874633701523636, "z": 0}, "pseudonym": 0}], "option": {"size": 261}}
{"timestamp": 35.60000053048134, "ITS_PDU_Header": {"tmp": "tmp"}, "Management_Container": {"tmp": "tmp"}, "Station_Data_Container": {"sumo_id": "35", "location": [6039.95947265625, -722.1209106445312], "speed": [0.6005859285505722, 1.0522460780703116, 0]}, "Sensor_Information_Container": ["360_sensor", "forward_sensor", "backward_sensor"], "Perceived_Object_Container": [{"time": 35.60000053048134, "location": {"x": 6114.757963894154, "y": -606.9400031914257}, "speed": {"x": 5.703124915016816, "y": -6.452026271044817, "z": 0}, "pseudonym": 0}], "option": {"size": 261}}
{"timestamp": 35.700000531971455, "ITS_PDU_Header": {"tmp": "tmp"}, "Management_Container": {"tmp": "tmp"}, "Station_Data_Container": {"sumo_id": "35", "location": [6040.03173828125, -721.99365234375], "speed": [0.7226562392315828, 1.2725829888495357, 0]}, "Sensor_Information_Container": ["360_sensor", "forward_sensor", "backward_sensor"], "Perceived_Object_Container": [{"time": 35.700000531971455, "location": {"x": 6113.927300146671, "y": -605.2562187242272}, "speed": {"x": 5.146484298311408, "y": -6.744995016679242, "z": 0}, "pseudonym": 0}], "option": {"size": 261}}
{"timestamp": 35.90000053495169, "ITS_PDU_Header": {"tmp": "tmp"}, "Management_Container": {"tmp": "tmp"}, "Station_Data_Container": {"sumo_id": "35", "location": [6040.2080078125, -721.6846923828125], "speed": [0.942382798457402, 1.6473388426402384, 0]}, "Sensor_Information_Container": ["360_sensor", "forward_sensor", "backward_sensor"], "Perceived_Object_Container": [{"time": 35.90000053495169, "location": {"x": 6114.865160342515, "y": -606.722180550868}, "speed": {"x": 4.199218687426765, "y": -7.614745980281443, "z": 0}, "pseudonym": 0}], "option": {"size": 261}}
{"timestamp": 36.30000054091215, "ITS_PDU_Header": {"tmp": "tmp"}, "Management_Container": {"tmp": "tmp"}, "Station_Data_Container": {"sumo_id": "35", "location": [6040.68994140625, -720.8388671875], "speed": [1.3525390423455976, 2.3712157849786313, 0]}, "Sensor_Information_Container": ["360_sensor", "forward_sensor", "backward_sensor"], "Perceived_Object_Container": [{"time": 36.30000054091215, "location": {"x": 6042.1634718572805, "y": -727.5590571347002}, "speed": {"x": -6.3671874051215145, "y": -11.265258621197065, "z": 0}, "pseudonym": 1}], "option": {"size": 261}}
{"timestamp": 38.10000056773424, "ITS_PDU_Header": {"tmp": "tmp"}, "Management_Container": {"tmp": "tmp"}, "Station_Data_Container": {"sumo_id": "35", "location": [6044.74658203125, -713.7183227539062], "speed": [3.0712890167342275, 5.391845622780239, 0]}, "Sensor_Information_Container": ["360_sensor", "forward_sensor", "backward_sensor"], "Perceived_Object_Container": [{"time": 38.10000056773424, "location": {"x": 6106.604206000403, "y": -599.0246903248492}, "speed": {"x": 0, "y": 0, "z": 0}, "pseudonym": 2}], "option": {"size": 261}}
{"timestamp": 38.20000056922436, "ITS_PDU_Header": {"tmp": "tmp"}, "Management_Container": {"tmp": "tmp"}, "Station_Data_Container": {"sumo_id": "35", "location": [6045.0634765625, -713.1610717773438], "speed": [3.168945265279036, 5.572509682588135, 0]}, "Sensor_Information_Container": ["360_sensor", "forward_sensor", "backward_sensor"], "Perceived_Object_Container": [{"time": 38.20000056922436, "location": {"x": 6107.727454534054, "y": -600.1359396987888}, "speed": {"x": 61077.367253938806, "y": -5988.168245730277, "z": 0}, "pseudonym": 2}], "option": {"size": 261}}
{"timestamp": 38.300000570714474, "ITS_PDU_Header": {"tmp": "tmp"}, "Management_Container": {"tmp": "tmp"}, "Station_Data_Container": {"sumo_id": "35", "location": [6045.3935546875, -712.5820922851562], "speed": [3.3007812008145274, 5.7897948356003335, 0]}, "Sensor_Information_Container": ["360_sensor", "forward_sensor", "backward_sensor"], "Perceived_Object_Container": [{"time": 38.300000570714474, "location": {"x": 6106.630588898191, "y": -599.0391347614309}, "speed": {"x": 0.18554687223513613, "y": -0.12939452932187126, "z": 0}, "pseudonym": 3}], "option": {"size": 261}}
{"timestamp": 38.60000057518482, "ITS_PDU_Header": {"tmp": "tmp"}, "Management_Container": {"tmp": "tmp"}, "Station_Data_Container": {"sumo_id": "35", "location": [6046.4404296875, -710.7448120117188], "speed": [3.593749946448953, 6.310424710654845, 0]}, "Sensor_Information_Container": ["360_sensor", "forward_sensor", "backward_sensor"], "Perceived_Object_Container": [{"time": 38.60000057518482, "location": {"x": 6106.689415960577, "y": -599.0338569527019}, "speed": {"x": 0.7373046765133041, "y": -0.5047607346659789, "z": 0}, "pseudonym": 3}], "option": {"size": 261}}
{"timestamp": 38.90000057965517, "ITS_PDU_Header": {"tmp": "tmp"}, "Management_Container": {"tmp": "tmp"}, "Station_Data_Container": {"sumo_id": "35", "location": [6047.478515625, -708.8377075195312], "speed": [3.0468749545980254, 6.19995107948853, 0]}, "Sensor_Information_Container": ["360_sensor", "forward_sensor", "backward_sensor"], "Perceived_Object_Container": [{"time": 38.90000057965517, "location": {"x": 6107.22846285257, "y": -599.7457298260889}, "speed": {"x": 1.2207031068101062, "y": -0.8825683462237068, "z": 0}, "pseudonym": 3}, {"time": 38.90000057965517, "location": {"x": 6024.892509767317, "y": -756.4473194079766}, "speed": {"x": -6.215820219877061, "y": -11.403198072266607, "z": 0}, "pseudonym": 1}], "option": {"size": 296}}
{"timestamp": 39.20000058412552, "ITS_PDU_Header": {"tmp": "tmp"}, "Management_Container": {"tmp": "tmp"}, "Station_Data_Container": {"sumo_id": "35", "location": [6048.3623046875, -706.986328125], "speed": [2.900390581780812, 6.150512603662721, 0]}, "Sensor_Information_Container": ["360_sensor", "forward_sensor", "backward_sensor"], "Perceived_Object_Container": [{"time": 39.20000058412552, "location": {"x": 6106.955561261012, "y": -599.5184812703478}, "speed": {"x": 1.6845702873979467, "y": -1.2463378720531184, "z": 0}, "pseudonym": 3}], "option": {"size": 261}}
{"timestamp": 39.300000585615635, "ITS_PDU_Header": {"tmp": "tmp"}, "Management_Container": {"tmp": "tmp"}, "Station_Data_Container": {"sumo_id": "35", "location": [6048.515625, -706.3661499023438],