{"timestamp": 36.10000053793192, "ITS_PDU_Header": {"tmp": "tmp"}, "Management_Container": {"tmp": "tmp"}, "Station_Data_Container": {"sumo_id": "36", "location": [6134.06298828125, -917.4442138671875], "speed": [61340.6289687659, -9174.442001962036, 0]}, "Sensor_Information_Container": ["360_sensor", "forward_sensor", "backward_sensor"], "Perceived_Object_Container": [{"time": 36.10000053793192, "location": {"x": 6134.280230089734, "y": -914.5674068593145}, "speed": {"x": 6.376953029975995, "y": 0.2111816374781484, "z": 0}, "pseudonym": 0}], "option": {"size": 261}}
{"timestamp": 36.500000543892384, "ITS_PDU_Header": {"tmp": "tmp"}, "Management_Container": {"tmp": "tmp"}, "Station_Data_Container": {"sumo_id": "36", "location": [6133.81689453125, -917.4420776367188], "speed": [-0.9814452978753254, 0.008544921747670743, 0]}, "Sensor_Information_Container": ["360_sensor", "forward_sensor", "backward_sensor"], "Perceived_Object_Container": [{"time": 36.500000543892384, "location": {"x": 6136.078595259342, "y": -913.9180413482568}, "speed": {"x": 5.947265536378837, "y": 0.8392333859319481, "z": 0}, "pseudonym": 0}], "option": {"size": 261}}
{"timestamp": 36.6000005453825, "ITS_PDU_Header": {"tmp": "tmp"}, "Management_Container": {"tmp": "tmp"}, "Station_Data_Container": {"sumo_id": "36", "location": [6133.69775390625, -917.4409790039062], "speed": [-1.1914062322466636, 0.010986327961290955, 0]}, "Sensor_Information_Container": ["360_sensor", "forward_sensor", "backward_sensor"], "Perceived_Object_Container": [{"time": 36.6000005453825, "location": {"x": 6136.795224399918, "y": -914.2008143022908}, "speed": {"x": 5.610351478899248, "y": 1.4886474387549244, "z": 0}, "pseudonym": 0}], "option": {"size": 261}}
{"timestamp": 36.90000054985285, "ITS_PDU_Header": {"tmp": "tmp"}, "Management_Container": {"tmp": "tmp"}, "Station_Data_Container": {"sumo_id": "36", "location": [6133.21240234375, -917.4368286132812], "speed": [-1.8115234105061977, 0.010375976407885902, 0]}, "Sensor_Information_Container": ["360_sensor", "forward_sensor", "backward_sensor"], "Perceived_Object_Container": [{"time": 36.90000054985285, "location": {"x": 6137.813156653117, "y": -912.8212383013504}, "speed": {"x": 3.5302733848948273, "y": 2.7648925369248905, "z": 0}, "pseudonym": 0}], "option": {"size": 261}}
{"timestamp": 37.000000551342964, "ITS_PDU_Header": {"tmp": "tmp"}, "Management_Container": {"tmp": "tmp"}, "Station_Data_Container": {"sumo_id": "36", "location": [6133.01416015625, -917.4390258789062], "speed": [-1.9824218454596125, -0.02197265592258191, 0]}, "Sensor_Information_Container": ["360_sensor", "forward_sensor", "backward_sensor"], "Perceived_Object_Container": [{"time": 37.000000551342964, "location": {"x": 6138.254181238879, "y": -912.4217806156012}, "speed": {"x": 4.033203064900591, "y": 2.7911376537213077, "z": 0}, "pseudonym": 0}], "option": {"size": 261}}
{"timestamp": 37.10000055283308, "ITS_PDU_Header": {"tmp": "tmp"}, "Management_Container": {"tmp": "tmp"}, "Station_Data_Container": {"sumo_id": "36", "location": [6132.79736328125, -917.4414672851562], "speed": [-2.1679687176947486, -0.024414062136202126, 0]}, "Sensor_Information_Container": ["360_sensor", "forward_sensor", "backward_sensor"], "Perceived_Object_Container": [{"time": 37.10000055283308, "location": {"x": 6139.370234847014, "y": -911.4303656258902}, "speed": {"x": 4.5117186827701525, "y": 3.0377196812969496, "z": 0}, "pseudonym": 0}], "option": {"size": 261}}
{"timestamp": 37.200000554323196, "ITS_PDU_Header": {"tmp": "tmp"}, "Management_Container": {"tmp": "tmp"}, "Station_Data_Container": {"sumo_id": "36", "location": [6132.5634765625, -917.4429321289062], "speed": [-2.3388671526481635, -0.014648437281721275, 0]}, "Sensor_Information_Container": ["360_sensor", "forward_sensor", "backward_sensor"], "Perceived_Object_Container": [{"time": 37.200000554323196, "location": {"x": 6139.14878810652, "y": -912.2968806300137}, "speed": {"x": 3.3496093250869317, "y": 3.1188964378998216, "z": 0}, "pseudonym": 0}], "option": {"size": 261}}
{"timestamp": 37.30000055581331, "ITS_PDU_Header": {"tmp": "tmp"}, "Management_Container": {"tmp": "tmp"}, "Station_Data_Container": {"sumo_id": "36", "location": [6132.306640625, -917.4451904296875], "speed": [-2.5683593367284634, -0.022583007475986964, 0]}, "Sensor_Information_Container": ["360_sensor", "forward_sensor", "backward_sensor"], "Perceived_Object_Container": [{"time": 37.30000055581331, "location": {"x": 6139.677852558485, "y": -911.6058074801261}, "speed": {"x": 2.861328082362889, "y": 4.118652282377298, "z": 0}, "pseudonym": 0}], "option": {"size": 261}}
