{"timestamp": 38.10000056773424, "ITS_PDU_Header": {"tmp": "tmp"}, "Management_Container": {"tmp": "tmp"}, "Station_Data_Container": {"sumo_id": "38", "location": [6107.73681640625, -598.8168334960938], "speed": [61077.367253938806, -5988.168245730277, 0]}, "Sensor_Information_Container": ["360_sensor", "forward_sensor", "backward_sensor"], "Perceived_Object_Container": [{"time": 38.10000056773424, "location": {"x": 6098.796200751858, "y": -586.3572113423819}, "speed": {"x": -3.0224608924618233, "y": -7.69653308843772, "z": 0}, "pseudonym": 0}], "option": {"size": 261}}
{"timestamp": 38.300000570714474, "ITS_PDU_Header": {"tmp": "tmp"}, "Management_Container": {"tmp": "tmp"}, "Station_Data_Container": {"sumo_id": "38", "location": [6107.79248046875, -598.8546142578125], "speed": [0.37109374447027227, -0.24841308223585662, 0]}, "Sensor_Information_Container": ["360_sensor", "forward_sensor", "backward_sensor"], "Perceived_Object_Container": [{"time": 38.300000570714474, "location": {"x": 6098.983674200159, "y": -587.6231686833966}, "speed": {"x": -4.150390563154361, "y": -7.180175674257045, "z": 0}, "pseudonym": 0}], "option": {"size": 261}}
{"timestamp": 38.40000057220459, "ITS_PDU_Header": {"tmp": "tmp"}, "Management_Container": {"tmp": "tmp"}, "Station_Data_Container": {"sumo_id": "38", "location": [6107.8486328125, -598.892578125], "speed": [0.5615234291326489, -0.37963866621794307, 0]}, "Sensor_Information_Container": ["360_sensor", "forward_sensor", "backward_sensor"], "Perceived_Object_Container": [{"time": 38.40000057220459, "location": {"x": 6099.313315853293, "y": -587.3819614723532}, "speed": {"x": -4.848632740249742, "y": -7.145995987266362, "z": 0}, "pseudonym": 0}], "option": {"size": 261}}
{"timestamp": 38.60000057518482, "ITS_PDU_Header": {"tmp": "tmp"}, "Management_Container": {"tmp": "tmp"}, "Station_Data_Container": {"sumo_id": "38", "location": [6108.01025390625, -599.0052490234375], "speed": [0.8789062369032765, -0.6219482329197491, 0]}, "Sensor_Information_Container": ["360_sensor", "forward_sensor", "backward_sensor"], "Perceived_Object_Container": [{"time": 38.60000057518482, "location": {"x": 6098.787288266942, "y": -587.9773746197017}, "speed": {"x": -5.839843662979548, "y": -6.606445214056295, "z": 0}, "pseudonym": 0}], "option": {"size": 261}}
{"timestamp": 38.70000057667494, "ITS_PDU_Header": {"tmp": "tmp"}, "Management_Container": {"tmp": "tmp"}, "Station_Data_Container": {"sumo_id": "38", "location": [6108.11279296875, -599.0791015625], "speed": [1.0253906097204892, -0.7385253796201142, 0]}, "Sensor_Information_Container": ["360_sensor", "forward_sensor", "backward_sensor"], "Perceived_Object_Container": [{"time": 38.70000057667494, "location": {"x": 6097.936443316492, "y": -588.3491206596825}, "speed": {"x": -6.391601467257717, "y": -6.170654204925087, "z": 0}, "pseudonym": 0}], "option": {"size": 261}}
{"timestamp": 38.800000578165054, "ITS_PDU_Header": {"tmp": "tmp"}, "Management_Container": {"tmp": "tmp"}, "Station_Data_Container": {"sumo_id": "38", "location": [6108.23486328125, -599.1673583984375], "speed": [1.2207031068101062, -0.8825683462237068, 0]}, "Sensor_Information_Container": ["360_sensor", "forward_sensor", "backward_sensor"], "Perceived_Object_Container": [{"time": 38.800000578165054, "location": {"x": 6096.856511968678, "y": -588.3955081781593}, "speed": {"x": -7.187499892897906, "y": -5.612792885112868, "z": 0}, "pseudonym": 0}], "option": {"size": 261}}
