{"timestamp": 39.1000005826354, "ITS_PDU_Header": {"tmp": "tmp"}, "Management_Container": {"tmp": "tmp"}, "Station_Data_Container": {"sumo_id": "39", "location": [5937.8154296875, -907.0732421875], "speed": [59378.153412071566, -9070.732286710556, 0]}, "Sensor_Information_Container": ["360_sensor", "forward_sensor", "backward_sensor"], "Perceived_Object_Container": [{"time": 39.1000005826354, "location": {"x": 5948.589292763681, "y": -877.9528468202487}, "speed": {"x": 5.117187423747965, "y": -5.101928634912839, "z": 0}, "pseudonym": 0}], "option": {"size": 261}}
{"timestamp": 39.40000058710575, "ITS_PDU_Header": {"tmp": "tmp"}, "Management_Container": {"tmp": "tmp"}, "Station_Data_Container": {"sumo_id": "39", "location": [5937.8740234375, -906.9342651367188], "speed": [0.2929687456344255, 0.6890869037943049, 0]}, "Sensor_Information_Container": ["360_sensor", "forward_sensor", "backward_sensor"], "Perceived_Object_Container": [{"time": 39.40000058710575, "location": {"x": 5949.748889792468, "y": -878.9133025568769}, "speed": {"x": 3.3691405747958934, "y": -5.523071206762325, "z": 0}, "pseudonym": 0}], "option": {"size": 261}}
{"timestamp": 39.60000059008598, "ITS_PDU_Header": {"tmp": "tmp"}, "Management_Container": {"tmp": "tmp"}, "Station_Data_Container": {"sumo_id": "39", "location": [5937.9609375, -906.73046875], "speed": [0.4736328054423212, 1.1230468582652977, 0]}, "Sensor_Information_Container": ["360_sensor", "forward_sensor", "backward_sensor"], "Perceived_Object_Container": [{"time": 39.60000059008598, "location": {"x": 5950.091702773706, "y": -879.0068577137472}, "speed": {"x": 2.612304648573627, "y": -6.668090720950206, "z": 0}, "pseudonym": 0}], "option": {"size": 261}}
