{"timestamp": 17.700000263750553, "ITS_PDU_Header": {"tmp": "tmp"}, "Management_Container": {"tmp": "tmp"}, "Station_Data_Container": {"sumo_id": "3", "location": [5895.49609375, -652.1837768554688], "speed": [-4.59960930646048, 4.186401304805259, 0]}, "Sensor_Information_Container": ["360_sensor", "forward_sensor", "backward_sensor"], "Perceived_Object_Container": [{"time": 17.600000262260437, "location": {"x": 5831.346154162194, "y": -572.0949538790209}, "speed": {"x": -10.12695297409664, "y": -3.61877436013856, "z": 0}, "pseudonym": 0}, {"time": 17.600000262260437, "location": {"x": 5836.072616195487, "y": -570.4370927879397}, "speed": {"x": -10.12695297409664, "y": -3.61877436013856, "z": 0}, "pseudonym": 1}], "option": {"size": 296}}
{"timestamp": 18.100000269711018, "ITS_PDU_Header": {"tmp": "tmp"}, "Management_Container": {"tmp": "tmp"}, "Station_Data_Container": {"sumo_id": "3", "location": [5893.29052734375, -650.8488159179688], "speed": [-6.376953029975995, 2.3278808246868725, 0]}, "Sensor_Information_Container": ["360_sensor", "forward_sensor", "backward_sensor"], "Perceived_Object_Container": [{"time": 18.0000002682209, "location": {"x": 5972.474308493854, "y": -685.8893416562736}, "speed": {"x": 3.8525390050926953, "y": -13.148193163451655, "z": 0}, "pseudonym": 2}], "option": {"size": 261}}
{"timestamp": 19.80000029504299, "ITS_PDU_Header": {"tmp": "tmp"}, "Management_Container": {"tmp": "tmp"}, "Station_Data_Container": {"sumo_id": "3", "location": [5878.8212890625, -653.2464599609375], "speed": [-10.053710787688035, -2.5799560162431594, 0]}, "Sensor_Information_Container": ["360_sensor", "forward_sensor", "backward_sensor"], "Perceived_Object_Container": [{"time": 19.700000293552876, "location": {"x": 6019.310426165596, "y": -608.4414844170901}, "speed": {"x": -1.4160156038997231, "y": -8.836669790198359, "z": 0}, "pseudonym": 3}], "option": {"size": 261}}
{"timestamp": 20.000000298023224, "ITS_PDU_Header": {"tmp": "tmp"}, "Management_Container": {"tmp": "tmp"}, "Station_Data_Container": {"sumo_id": "3", "location": [5876.75244140625, -653.7769165039062], "speed": [-10.46386703157623, -2.6824950772152083, 0]}, "Sensor_Information_Container": ["360_sensor", "forward_sensor", "backward_sensor"], "Perceived_Object_Container": [{"time": 19.900000296533108, "location": {"x": 6019.369756399162, "y": -610.1011583255364}, "speed": {"x": -2.9394530811987356, "y": -8.182372924948142, "z": 0}, "pseudonym": 3}], "option": {"size": 261}}
{"timestamp": 20.10000029951334, "ITS_PDU_Header": {"tmp": "tmp"}, "Management_Container": {"tmp": "tmp"}, "Station_Data_Container": {"sumo_id": "3", "location": [5875.69189453125, -654.048828125], "speed": [-10.605468591966202, -2.7191161704195115, 0]}, "Sensor_Information_Container": ["360_sensor", "forward_sensor", "backward_sensor"], "Perceived_Object_Container": [{"time": 20.000000298023224, "location": {"x": 6017.649798721478, "y": -610.5760833155814}, "speed": {"x": -4.331054622962257, "y": -7.859496953196869, "z": 0}, "pseudonym": 3}], "option": {"size": 261}}
{"timestamp": 20.40000030398369, "ITS_PDU_Header": {"tmp": "tmp"}, "Management_Container": {"tmp": "tmp"}, "Station_Data_Container": {"sumo_id": "3", "location": [5872.42041015625, -654.8876953125], "speed": [-11.098632647117485, -2.8460692935277625, 0]}, "Sensor_Information_Container": ["360_sensor", "forward_sensor", "backward_sensor"], "Perceived_Object_Container": [{"time": 20.300000302493572, "location": {"x": 6016.05917986481, "y": -612.7075797395438}, "speed": {"x": -5.234374922001735, "y": -6.695556540853433, "z": 0}, "pseudonym": 3}], "option": {"size": 261}}
{"timestamp": 20.500000305473804, "ITS_PDU_Header": {"tmp": "tmp"}, "Management_Container": {"tmp": "tmp"}, "Station_Data_Container": {"sumo_id": "3", "location": [5871.2978515625, -655.1756591796875], "speed": [-11.225585770225736, -2.8796386289650404, 0]}, "Sensor_Information_Container": ["360_sensor", "forward_sensor", "backward_sensor"], "Perceived_Object_Container": [{"time": 20.40000030398369, "location": {"x": 6015.1104382705125, "y": -612.9448258042388}, "speed": {"x": -6.31835928084911, "y": -5.988769442010381, "z": 0}, "pseudonym": 3}], "option": {"size": 261}}
{"timestamp": 20.800000309944153, "ITS_PDU_Header": {"tmp": "tmp"}, "Management_Container": {"tmp": "tmp"}, "Station_Data_Container": {"sumo_id": "3", "location": [5867.8046875, -656.0714111328125], "speed": [-11.85058576091251, -3.0383300328503546, 0]}, "Sensor_Information_Container": ["360_sensor", "forward_sensor", "backward_sensor"], "Perceived_Object_Container": [{"time": 20.700000308454037, "location": {"x": 6012.671728086456, "y": -613.5331290132764}, "speed": {"x": -7.099609269207578, "y": -5.136108321903522, "z": 0}, "pseudonym": 3}], "option": {"size": 261}}
{"timestamp": 25.80000038444996, "ITS_PDU_Header": {"tmp": "tmp"}, "Management_Container": {"tmp": "tmp"}, "Station_Data_Container": {"sumo_id": "3", "location": [5804.18505859375, -674.0505981445312], "speed": [-8.295898313881482, -2.826538043818801, 0]}, "Sensor_Information_Container": ["360_sensor", "forward_sensor", "backward_sensor"], "Perceived_Object_Container": [{"time": 25.700000382959843, "location": {"x": 5716.441076269359, "y": -711.0460973672069}, "speed": {"x": -4.042968689755072, "y": 10.894775228280198, "z": 0}, "pseudonym": 4}], "option": {"size": 261}}
{"timestamp": 26.400000393390656, "ITS_PDU_Header": {"tmp": "tmp"}, "Management_Container": {"tmp": "tmp"}, "Station_Data_Container": {"sumo_id": "3", "location": [5799.5546875, -676.40625], "speed": [-6.8164061484276335, -4.705810476752959, 0]}, "Sensor_Information_Container": ["360_sensor", "forward_sensor", "backward_sensor"], "Perceived_Object_Container": [{"time": 26.30000039190054, "location": {"x": 5836.010337202274, "y": -653.7849818914145}, "speed": {"x": 1.9433593460416891, "y": -7.554931528047748, "z": 0}, "pseudonym": 5}], "option": {"size": 261}}
