{"timestamp": 14.70000021904707, "ITS_PDU_Header": {"tmp": "tmp"}, "Management_Container": {"tmp": "tmp"}, "Station_Data_Container": {"sumo_id": "6", "location": [5846.2490234375, -552.9044189453125], "speed": [2.7294921468273974, -7.661132698340227, 0]}, "Sensor_Information_Container": ["360_sensor", "forward_sensor", "backward_sensor"], "Perceived_Object_Container": [{"time": 14.600000217556953, "location": {"x": 5902.836652773823, "y": -677.2090770804476}, "speed": {"x": -3.5302733848948273, "y": 13.482055463164219, "z": 0}, "pseudonym": 0}, {"time": 14.70000021904707, "location": {"x": 5903.725250037049, "y": -675.6760957121345}, "speed": {"x": -3.4277343239227784, "y": 13.046874805586416, "z": 0}, "pseudonym": 0}], "option": {"size": 296}}
{"timestamp": 22.70000033825636, "ITS_PDU_Header": {"tmp": "tmp"}, "Management_Container": {"tmp": "tmp"}, "Station_Data_Container": {"sumo_id": "6", "location": [5826.73291015625, -612.5755615234375], "speed": [3.481445260622423, -13.640746867049533, 0]}, "Sensor_Information_Container": ["360_sensor", "forward_sensor", "backward_sensor"], "Perceived_Object_Container": [{"time": 22.70000033825636, "location": {"x": 5841.789803983442, "y": -661.9759926956717}, "speed": {"x": -14.46777322191338, "y": -3.8226317789758477, "z": 0}, "pseudonym": 1}], "option": {"size": 261}}
{"timestamp": 36.80000054836273, "ITS_PDU_Header": {"tmp": "tmp"}, "Management_Container": {"tmp": "tmp"}, "Station_Data_Container": {"sumo_id": "6", "location": [5874.0810546875, -768.19140625], "speed": [3.378906199650374, -4.800414967530743, 0]}, "Sensor_Information_Container": ["360_sensor", "forward_sensor", "backward_sensor"], "Perceived_Object_Container": [{"time": 36.700000546872616, "location": {"x": 5932.431484386155, "y": -866.8443698684534}, "speed": {"x": 8.84765611815965, "y": -4.77478020228773, "z": 0}, "pseudonym": 2}], "option": {"size": 261}}
{"timestamp": 37.000000551342964, "ITS_PDU_Header": {"tmp": "tmp"}, "Management_Container": {"tmp": "tmp"}, "Station_Data_Container": {"sumo_id": "6", "location": [5874.79052734375, -768.9234008789062], "speed": [3.6572265080030784, -2.3944091440080233, 0]}, "Sensor_Information_Container": ["360_sensor", "forward_sensor", "backward_sensor"], "Perceived_Object_Container": [{"time": 36.90000054985285, "location": {"x": 5939.448498487419, "y": -869.048828177108}, "speed": {"x": 8.05175769251946, "y": -4.367065364613155, "z": 0}, "pseudonym": 2}], "option": {"size": 261}}
{"timestamp": 37.200000554323196, "ITS_PDU_Header": {"tmp": "tmp"}, "Management_Container": {"tmp": "tmp"}, "Station_Data_Container": {"sumo_id": "6", "location": [5875.5791015625, -769.4366455078125], "speed": [4.106445251309197, -2.8027343332360037, 0]}, "Sensor_Information_Container": ["360_sensor", "forward_sensor", "backward_sensor"], "Perceived_Object_Container": [{"time": 37.10000055283308, "location": {"x": 5939.215463492371, "y": -812.7580311581057}, "speed": {"x": 11.186523270807813, "y": -6.406860256092843, "z": 0}, "pseudonym": 3}], "option": {"size": 261}}
{"timestamp": 37.30000055581331, "ITS_PDU_Header": {"tmp": "tmp"}, "Management_Container": {"tmp": "tmp"}, "Station_Data_Container": {"sumo_id": "6", "location": [5875.97509765625, -769.6609497070312], "speed": [3.9599608784919846, -2.24304195876357, 0]}, "Sensor_Information_Container": ["360_sensor", "forward_sensor", "backward_sensor"], "Perceived_Object_Container": [{"time": 37.200000554323196, "location": {"x": 5996.062703544856, "y": -843.9777306380781}, "speed": {"x": 9.223632675057162, "y": -5.025024339183802, "z": 0}, "pseudonym": 4}], "option": {"size": 261}}
