{"timestamp": 119.99999999977648, "ITS_PDU_Header": {"tmp": "tmp"}, "Basic_Container": {"tmp": "tmp"}, "HF_Container": {"sumo_id": "120", "location": [-961.225830078125, -9.25], "speed": [-96122.5851563197, -925.0000206753616, 0], "yaw": -179.99996948242188}, "LF_Container": {"tmp": "tmp"}, "Special_Vehicle_Container": {"tmp": "tmp"}, "option": {"size": 190, "type": "CAM"}}
{"timestamp": 119.99999999977648, "ITS_PDU_Header": {"tmp": "tmp"}, "Management_Container": {"tmp": "tmp"}, "Station_Data_Container": {"sumo_id": "120", "location": [-961.225830078125, -9.25], "speed": [-96122.5851563197, -925.0000206753616, 0], "yaw": -179.99996948242188}, "Sensor_Information_Container": [0, 1, 2, 3], "Perceived_Object_Container": [{"time": 119.99999999977648, "location": {"x": -944.4846828609208, "y": -2.5964220602417516}, "speed": {"x": -94587.55704583728, "y": -200.00000447034847, "z": 0}, "pseudonym": 0}], "option": {"size": 296, "type": "CPM"}}
{"timestamp": 120.10999999731779, "ITS_PDU_Header": {"tmp": "tmp"}, "Basic_Container": {"tmp": "tmp"}, "HF_Container": {"sumo_id": "120", "location": [-962.7891845703125, -9.25], "speed": [-15.637207380768821, 0.0, 0], "yaw": -179.99996948242188}, "LF_Container": {"tmp": "tmp"}, "Special_Vehicle_Container": {"tmp": "tmp"}, "option": {"size": 190, "type": "CAM"}}
{"timestamp": 120.10999999731779, "ITS_PDU_Header": {"tmp": "tmp"}, "Management_Container": {"tmp": "tmp"}, "Station_Data_Container": {"sumo_id": "120", "location": [-962.7891845703125, -9.25], "speed": [-15.637207380768821, 0.0, 0], "yaw": -179.99996948242188}, "Sensor_Information_Container": [0, 1, 2, 3], "Perceived_Object_Container": [{"time": 120.10999999731779, "location": {"x": -958.5054657300435, "y": -2.3554485740739577}, "speed": {"x": -4.296875096042642, "y": 0.0, "z": 0}, "pseudonym": 1}, {"time": 120.10999999731779, "location": {"x": -968.8885060708461, "y": -1.7958509596723657}, "speed": {"x": -4.211425875382703, "y": 0.0, "z": 0}, "pseudonym": 2}], "option": {"size": 331, "type": "CPM"}}
{"timestamp": 120.11999999709427, "ITS_PDU_Header": {"tmp": "tmp"}, "Management_Container": {"tmp": "tmp"}, "Station_Data_Container": {"sumo_id": "120", "location": [-962.9454956054688, -9.25], "speed": [-15.631103865007397, 0.0, 0], "yaw": -179.99996948242188}, "Sensor_Information_Container": [0, 1, 2, 3], "Perceived_Object_Container": [{"time": 120.10999999731779, "location": {"x": -992.1439752860517, "y": -1.986423218498687}, "speed": {"x": -4.418945411271126, "y": 0.0, "z": 0}, "pseudonym": 3}, {"time": 120.10999999731779, "location": {"x": -983.489885418421, "y": 1.6874530858877308}, "speed": {"x": 8.898925980156497, "y": 0.0, "z": 0}, "pseudonym": 4}, {"time": 120.10999999731779, "location": {"x": -993.1553727499753, "y": 5.516402936504385}, "speed": {"x": 5.889892709774361, "y": 0.0, "z": 0}, "pseudonym": 5}, {"time": 120.10999999731779, "location": {"x": -980.8426128514844, "y": -2.2079288915030597}, "speed": {"x": -4.229736422666976, "y": 0.0, "z": 0}, "pseudonym": 6}, {"time": 120.10999999731779, "location": {"x": -999.9308093383004, "y": 0.9833149359756312}, "speed": {"x": 2.5390625567524707, "y": 3.6204517696898826, "z": 0}, "pseudonym": 7}, {"time": 120.10999999731779, "location": {"x": -919.0481397825006, "y": -5.792281546609243}, "speed": {"x": -15.960693716124304, "y": 0.0, "z": 0}, "pseudonym": 8}, {"time": 120.10999999731779, "location": {"x": -946.2588854351816, "y": -2.2693153064685063}, "speed": {"x": -4.443359474316823, "y": 0.0, "z": 0}, "pseudonym": 9}, {"time": 120.10999999731779, "location": {"x": -857.2801442534062, "y": -5.873044953637545}, "speed": {"x": -16.66870154444951, "y": 0.0, "z": 0}, "pseudonym": 10}, {"time": 120.10999999731779, "location": {"x": -934.4087999988252, "y": -2.253339472050018}, "speed": {"x": -4.6630860417280955, "y": 0.0, "z": 0}, "pseudonym": 11}, {"time": 120.10999999731779, "location": {"x": -894.8079559695125, "y": -5.6275120998530355}, "speed": {"x": -16.125488641682757, "y": 0.0, "z": 0}, "pseudonym": 12}, {"time": 120.10999999731779, "location": {"x": -924.4735480257978, "y": -9.225096948375146}, "speed": {"x": -16.632080449880966, "y": 0.0, "z": 0}, "pseudonym": 13}, {"time": 120.10999999731779, "location": {"x": -942.2746305446566, "y": -6.137494844600127}, "speed": {"x": -16.003418326454273, "y": 0.0, "z": 0}, "pseudonym": 14}, {"time": 120.10999999731779, "location": {"x": -895.4171563633163, "y": -1.587100727549803}, "speed": {"x": -5.480957153758939, "y": 0.0, "z": 0}, "pseudonym": 15}], "option": {"size": 716, "type": "CPM"}}
{"timestamp": 120.2199999948591, "ITS_PDU_Header": {"tmp": "tmp"}, "Management_Container": {"tmp": "tmp"}, "Station_Data_Container": {"sumo_id": "120", "location": [-964.5089721679688, -9.25], "speed": [-15.643310896530245, 0.0, 0], "yaw": -179.99996948242188}, "Sensor_Information_Container": [0, 1, 2, 3], "Perceived_Object_Container": [{"time": 120.20999999508261, "location": {"x": -999.5003560262825, "y": 1.0955220599794575}, "speed": {"x": 3.8574219612200995, "y": 2.617579757070089, "z": 0}, "pseudonym": 7}, {"time": 120.20999999508261, "location": {"x": -908.4697371455426, "y": -2.5934842940921468}, "speed": {"x": -5.157470818403456, "y": 0.0, "z": 0}, "pseudonym": 16}, {"time": 120.20999999508261, "location": {"x": -863.9705027276672, "y": 2.4742990565882526}, "speed": {"x": 3.3447266372604663, "y": 0.0, "z": 0}, "pseudonym": 17}], "option": {"size": 366, "type": "CPM"}}
{"timestamp": 120.31999999262392, "ITS_PDU_Header": {"tmp": "tmp"}, "Management_Container": {"tmp": "tmp"}, "Station_Data_Container": {"sumo_id": "120", "location": [-966.0723266601562, -9.25], "speed": [-15.631103865007397, 0.0, 0], "yaw": -179.99996948242188}, "Sensor_Information_Container": [0, 1, 2, 3], "Perceived_Object_Container": [{"time": 120.30999999284744, "location": {"x": -999.1197243781367, "y": 1.3218014980930184}, "speed": {"x": 4.376220800941157, "y": 2.707195342492953, "z": 0}, "pseudonym": 7}, {"time": 120.30999999284744, "location": {"x": -853.807364912347, "y": -2.331609973082709}, "speed": {"x": -6.622314601145266, "y": 0.0, "z": 0}, "pseudonym": 18}], "option": {"size": 331, "type": "CPM"}}
{"timestamp": 120.36999999150633, "ITS_PDU_Header": {"tmp": "tmp"}, "Basic_Container": {"tmp": "tmp"}, "HF_Container": {"sumo_id": "120", "location": [-966.8539428710938, -9.25], "speed": [-15.631103865007397, 0.0, 0], "yaw": -179.99996948242188}, "LF_Container": {"tmp": "tmp"}, "Special_Vehicle_Container": {"tmp": "tmp"}, "option": {"size": 190, "type": "CAM"}}
{"timestamp": 120.41999999038875, "ITS_PDU_Header": {"tmp": "tmp"}, "Management_Container": {"tmp": "tmp"}, "Station_Data_Container": {"sumo_id": "120", "location": [-967.6356201171875, -9.25], "speed": [-15.637207380768821, 0.0, 0], "yaw": -179.99996948242188}, "Sensor_Information_Container": [0, 1, 2, 3], "Perceived_Object_Container": [{"time": 120.40999999061226, "location": {"x": -946.181976739272, "y": -2.5872186301291364}, "speed": {"x": -4.449462990078248, "y": 0.0, "z": 0}, "pseudonym": 19}, {"time": 120.40999999061226, "location": {"x": -924.7756988893759, "y": 4.993269689044869}, "speed": {"x": 12.768554972899445, "y": 0.0, "z": 0}, "pseudonym": 20}, {"time": 120.40999999061226, "location": {"x": -995.2343782360731, "y": -2.601351145549838}, "speed": {"x": -4.827880967286549, "y": 0.0, "z": 0}, "pseudonym": 21}, {"time": 120.40999999061226, "location": {"x": -991.4345082775142, "y": 5.640955123811555}, "speed": {"x": 6.475830222871085, "y": 0.0, "z": 0}, "pseudonym": 5}, {"time": 120.40999999061226, "location": {"x": -998.7662863248362, "y": 2.069162612006516}, "speed": {"x": 5.072021597743517, "y": 1.5855551120390396, "z": 0}, "pseudonym": 7}], "option": {"size": 436, "type": "CPM"}}
{"timestamp": 120.50999998837709, "ITS_PDU_Header": {"tmp": "tmp"}, "Management_Container": {"tmp": "tmp"}, "Station_Data_Container": {"sumo_id": "120", "location": [-969.0425415039062, -9.25], "speed": [-15.625000349245973, 0.0, 0],