{"timestamp": 119.99999999977648, "ITS_PDU_Header": {"tmp": "tmp"}, "Basic_Container": {"tmp": "tmp"}, "HF_Container": {"sumo_id": "234", "location": [-165.38584899902344, 2.0], "speed": [-16538.58526956853, 200.00000447034847, 0], "yaw": 0.0}, "LF_Container": {"tmp": "tmp"}, "Special_Vehicle_Container": {"tmp": "tmp"}, "option": {"size": 190, "type": "CAM"}}
{"timestamp": 119.99999999977648, "ITS_PDU_Header": {"tmp": "tmp"}, "Management_Container": {"tmp": "tmp"}, "Station_Data_Container": {"sumo_id": "234", "location": [-165.38584899902344, 2.0], "speed": [-16538.58526956853, 200.00000447034847, 0], "yaw": 0.0}, "Sensor_Information_Container": [0, 1, 2, 3], "Perceived_Object_Container": [{"time": 119.99999999977648, "location": {"x": -184.73960115686975, "y": 2.0847627858492594}, "speed": {"x": -18534.337267302064, "y": 200.00000447034847, "z": 0}, "pseudonym": 0}, {"time": 119.99999999977648, "location": {"x": -180.0977798994859, "y": 5.243551487211074}, "speed": {"x": -18028.9798951666, "y": 575.0000128522519, "z": 0}, "pseudonym": 1}], "option": {"size": 331, "type": "CPM"}}
{"timestamp": 120.10999999731779, "ITS_PDU_Header": {"tmp": "tmp"}, "Basic_Container": {"tmp": "tmp"}, "HF_Container": {"sumo_id": "234", "location": [-164.0213623046875, 2.0], "speed": [13.665771789828803, 0.0, 0], "yaw": 0.0}, "LF_Container": {"tmp": "tmp"}, "Special_Vehicle_Container": {"tmp": "tmp"}, "option": {"size": 190, "type": "CAM"}}
{"timestamp": 120.10999999731779, "ITS_PDU_Header": {"tmp": "tmp"}, "Management_Container": {"tmp": "tmp"}, "Station_Data_Container": {"sumo_id": "234", "location": [-164.0213623046875, 2.0], "speed": [13.665771789828803, 0.0, 0], "yaw": 0.0}, "Sensor_Information_Container": [0, 1, 2, 3], "Perceived_Object_Container": [{"time": 120.10999999731779, "location": {"x": -162.96790702317924, "y": 9.245226473265403}, "speed": {"x": 16.625976934119542, "y": 0.0, "z": 0}, "pseudonym": 2}], "option": {"size": 296, "type": "CPM"}}
{"timestamp": 120.11999999709427, "ITS_PDU_Header": {"tmp": "tmp"}, "Management_Container": {"tmp": "tmp"}, "Station_Data_Container": {"sumo_id": "234", "location": [-163.884765625, 2.0], "speed": [13.659668274067378, 0.0, 0], "yaw": 0.0}, "Sensor_Information_Container": [0, 1, 2, 3], "Perceived_Object_Container": [{"time": 120.10999999731779, "location": {"x": -155.99090847672502, "y": -1.4950961908584022}, "speed": {"x": -13.623047179498833, "y": 0.0, "z": 0}, "pseudonym": 3}, {"time": 120.10999999731779, "location": {"x": -126.79257059779133, "y": -9.160379369835416}, "speed": {"x": -16.632080449880966, "y": 0.0, "z": 0}, "pseudonym": 4}, {"time": 120.10999999731779, "location": {"x": -145.23684806211418, "y": 2.1569647171104513}, "speed": {"x": 13.983154609422861, "y": 0.0, "z": 0}, "pseudonym": 5}, {"time": 120.10999999731779, "location": {"x": -81.04489968888387, "y": 8.825655735072033}, "speed": {"x": 14.550781575235312, "y": 0.0, "z": 0}, "pseudonym": 6}, {"time": 120.10999999731779, "location": {"x": -93.47639765411527, "y": -1.700139802419903}, "speed": {"x": -12.27493313569426, "y": 0.0, "z": 0}, "pseudonym": 7}, {"time": 120.10999999731779, "location": {"x": -102.40103466103285, "y": -8.725689169601138}, "speed": {"x": -16.644287481403815, "y": 0.0, "z": 0}, "pseudonym": 8}, {"time": 120.10999999731779, "location": {"x": -115.57186460580674, "y": -2.102885703792914}, "speed": {"x": -13.323974907189047, "y": 0.0, "z": 0}, "pseudonym": 9}, {"time": 120.10999999731779, "location": {"x": -135.367954133668, "y": -2.0753833674417024}, "speed": {"x": -13.549804990361743, "y": 0.0, "z": 0}, "pseudonym": 10}, {"time": 120.10999999731779, "location": {"x": -144.19628328673414, "y": 5.737005988576405}, "speed": {"x": 16.644287481403815, "y": 0.0, "z": 0}, "pseudonym": 11}, {"time": 120.10999999731779, "location": {"x": -105.78514019553438, "y": 5.003210790495182}, "speed": {"x": 16.637421026172213, "y": 0.0, "z": 0}, "pseudonym": 12}, {"time": 120.10999999731779, "location": {"x": -131.33544158187743, "y": -4.913014245100101}, "speed": {"x": -16.644287481403815, "y": 0.0, "z": 0}, "pseudonym": 13}, {"time": 120.10999999731779, "location": {"x": -178.41061462598358, "y": 5.604026798001072}, "speed": {"x": 16.656494512926663, "y": 0.0, "z": 0}, "pseudonym": 14}, {"time": 120.10999999731779, "location": {"x": -174.4322325774888, "y": -1.7132855512464709}, "speed": {"x": -14.25781281868695, "y": 0.0, "z": 0}, "pseudonym": 15}, {"time": 120.10999999731779, "location": {"x": -183.49240650856734, "y": 1.8603170597897476}, "speed": {"x": 13.359070122817236, "y": 0.0, "z": 0}, "pseudonym": 16}, {"time": 120.10999999731779, "location": {"x": -246.18668274401557, "y": -1.7900313663630005}, "speed": {"x": -14.585876790863502, "y": 0.0, "z": 0}, "pseudonym": 17}, {"time": 120.10999999731779, "location": {"x": -187.3276778925323, "y": 9.769722157820066}, "speed": {"x": 16.517639529354263, "y": 0.0, "z": 0}, "pseudonym": 18}, {"time": 120.10999999731779, "location": {"x": -205.68166629447586, "y": -9.083722032568868}, "speed": {"x": -12.776184367601225, "y": 0.0, "z": 0}, "pseudonym": 19}, {"time": 120.10999999731779, "location": {"x": -228.4704611882089, "y": 9.550302491590532}, "speed": {"x": 1.4038086251275679, "y": 0.0, "z": 0}, "pseudonym": 20}, {"time": 120.10999999731779, "location": {"x": -289.3408037466414, "y": 8.858917348451785}, "speed": {"x": 16.65039099716524, "y": 0.0, "z": 0}, "pseudonym": 21}, {"time": 120.10999999731779, "location": {"x": -242.08961397239523, "y": -9.706397869437467}, "speed": {"x": -3.900146571550069, "y": 0.0, "z": 0}, "pseudonym": 22}, {"time": 120.10999999731779, "location": {"x": -211.24495157265477, "y": 9.450520803268303}, "speed": {"x": 16.540527713459603, "y": 0.0, "z": 0}, "pseudonym": 23}, {"time": 120.10999999731779, "location": {"x": -218.16131111371124, "y": -1.2049980252022419}, "speed": {"x": -14.6484378274181, "y": 0.0, "z": 0}, "pseudonym": 24}, {"time": 120.10999999731779, "location": {"x": -267.1874831852189, "y": -1.7699012557924418}, "speed": {"x": -14.72168001655519, "y": 0.0, "z": 0}, "pseudonym": 25}], "option": {"size": 1066, "type": "CPM"}}
{"timestamp": 120.20999999508261, "ITS_PDU_Header": {"tmp": "tmp"}, "Management_Container": {"tmp": "tmp"}, "Station_Data_Container": {"sumo_id": "234", "location": [-162.6541748046875, 2.0], "speed": [13.677978821351651, 0.0, 0], "yaw": 0.0}, "Sensor_Information_Container": [0, 1, 2, 3], "Perceived_Object_Container": [{"time": 120.20999999508261, "location": {"x": -157.25155482411142, "y": -5.510682461412995}, "speed": {"x": -16.670227423389868, "y": 0.0, "z": 0}, "pseudonym": 26}], "option": {"size": 296, "type": "CPM"}}
{"timestamp": 120.2199999948591, "ITS_PDU_Header": {"tmp": "tmp"}, "Management_Container": {"tmp": "tmp"}, "Station_Data_Container": {"sumo_id": "234", "location": [-162.51727294921875, 2.0], "speed": [13.6901858528745, 0.0, 0], "yaw": 0.0}, "Sensor_Information_Container": [0, 1, 2, 3], "Perceived_Object_Container": [{"time": 120.20999999508261, "location": {"x": -183.99738045202605, "y": -6.055202100803271}, "speed": {"x": -15.895080921688994, "y": 0.0, "z": 0}, "pseudonym": 27}, {"time": 120.20999999508261, "location": {"x": -255.1135931686719, "y": -9.10731198557254}, "speed": {"x": -3.5888672677174345, "y": 0.0, "z": 0}, "pseudonym": 28}, {"time": 120.20999999508261, "location": {"x": -79.81831097347785, "y": -8.659458244456987}, "speed": {"x": -16.558075321273698, "y": 0.0, "z": 0}, "pseudonym": 29}, {"time": 120.20999999508261, "location": {"x": -74.85606044693668, "y": -1.509760186636456}, "speed": {"x": -12.280273711985506, "y": 0.0, "z": 0}, "pseudonym": 30}], "option": {"size": 401, "type": "CPM"}}
{"timestamp": 120.31999999262392, "ITS_PDU_Header": {"tmp": "tmp"}, "Management_Container": {"tmp": "tmp"}, "Station_Data_Container": {"sumo_id": "234", "location": [-161.14642333984375, 2.0], "speed": [13.714599915920196, 0.0, 0], "yaw": 0.0}, "Sensor_Information_Container": [0, 1, 2, 3],