{"timestamp": 119.99999999977648, "ITS_PDU_Header": {"tmp": "tmp"}, "Basic_Container": {"tmp": "tmp"}, "HF_Container": {"sumo_id": "243", "location": [364.4642028808594, 9.25], "speed": [36446.421102726934, 925.0000206753616, 0], "yaw": 0.0}, "LF_Container": {"tmp": "tmp"}, "Special_Vehicle_Container": {"tmp": "tmp"}, "option": {"size": 190, "type": "CAM"}}
{"timestamp": 119.99999999977648, "ITS_PDU_Header": {"tmp": "tmp"}, "Management_Container": {"tmp": "tmp"}, "Station_Data_Container": {"sumo_id": "243", "location": [364.4642028808594, 9.25], "speed": [36446.421102726934, 925.0000206753616, 0], "yaw": 0.0}, "Sensor_Information_Container": [0, 1, 2, 3], "Perceived_Object_Container": [{"time": 119.99999999977648, "location": {"x": 396.3222242155368, "y": 1.4523683604053765}, "speed": {"x": 39775.21756385008, "y": 200.00000447034847, "z": 0}, "pseudonym": 0}], "option": {"size": 296, "type": "CPM"}}
{"timestamp": 120.10999999731779, "ITS_PDU_Header": {"tmp": "tmp"}, "Basic_Container": {"tmp": "tmp"}, "HF_Container": {"sumo_id": "243", "location": [365.9539794921875, 9.25], "speed": [14.907837247278628, 0.0, 0], "yaw": 0.0}, "LF_Container": {"tmp": "tmp"}, "Special_Vehicle_Container": {"tmp": "tmp"}, "option": {"size": 190, "type": "CAM"}}
{"timestamp": 120.10999999731779, "ITS_PDU_Header": {"tmp": "tmp"}, "Management_Container": {"tmp": "tmp"}, "Station_Data_Container": {"sumo_id": "243", "location": [365.9539794921875, 9.25], "speed": [14.907837247278628, 0.0, 0], "yaw": 0.0}, "Sensor_Information_Container": [0, 1, 2, 3], "Perceived_Object_Container": [{"time": 120.10999999731779, "location": {"x": 360.40584538131674, "y": 1.6892035033327506}, "speed": {"x": 11.962890892391448, "y": 0.0, "z": 0}, "pseudonym": 1}, {"time": 120.10999999731779, "location": {"x": 367.6421273456631, "y": 5.955522551511072}, "speed": {"x": 16.671753302330224, "y": 0.0, "z": 0}, "pseudonym": 2}, {"time": 120.10999999731779, "location": {"x": 358.3879613930834, "y": -5.267327069089158}, "speed": {"x": -10.729980708583758, "y": 0.0, "z": 0}, "pseudonym": 3}, {"time": 120.10999999731779, "location": {"x": 357.8311763750452, "y": -2.419206565450448}, "speed": {"x": -12.356567659003309, "y": 0.0, "z": 0}, "pseudonym": 4}], "option": {"size": 401, "type": "CPM"}}
{"timestamp": 120.11999999709427, "ITS_PDU_Header": {"tmp": "tmp"}, "Management_Container": {"tmp": "tmp"}, "Station_Data_Container": {"sumo_id": "243", "location": [366.1028747558594, 9.25], "speed": [14.889526699994356, 0.0, 0], "yaw": 0.0}, "Sensor_Information_Container": [0, 1, 2, 3], "Perceived_Object_Container": [{"time": 120.10999999731779, "location": {"x": 397.6073747712183, "y": 2.048584245103179}, "speed": {"x": 11.837768819282251, "y": 0.0, "z": 0}, "pseudonym": 5}, {"time": 120.10999999731779, "location": {"x": 429.65324939293225, "y": -8.817141940607858}, "speed": {"x": -14.01062043034927, "y": 0.0, "z": 0}, "pseudonym": 6}, {"time": 120.10999999731779, "location": {"x": 378.40377496863164, "y": 2.342246341519221}, "speed": {"x": 11.93847682934575, "y": 0.0, "z": 0}, "pseudonym": 7}, {"time": 120.10999999731779, "location": {"x": 402.5840842414581, "y": -9.20838934011768}, "speed": {"x": -15.148926119854885, "y": 0.0, "z": 0}, "pseudonym": 8}, {"time": 120.10999999731779, "location": {"x": 430.58383305836526, "y": -8.761994049495613}, "speed": {"x": -14.01062043034927, "y": 0.0, "z": 0}, "pseudonym": 6}, {"time": 120.10999999731779, "location": {"x": 427.97036853895554, "y": 9.180896021523989}, "speed": {"x": 12.728882120450187, "y": 0.0, "z": 0}, "pseudonym": 9}, {"time": 120.10999999731779, "location": {"x": 461.9951556932147, "y": -2.150605274151249}, "speed": {"x": -14.016723946110694, "y": 0.0, "z": 0}, "pseudonym": 10}, {"time": 120.10999999731779, "location": {"x": 509.4777232387896, "y": 5.64376905834596}, "speed": {"x": 16.125488641682757, "y": 0.0, "z": 0}, "pseudonym": 11}, {"time": 120.10999999731779, "location": {"x": 394.44451859637854, "y": -1.6365083055876912}, "speed": {"x": -11.999511986959993, "y": 0.0, "z": 0}, "pseudonym": 12}, {"time": 120.10999999731779, "location": {"x": 437.68763955214666, "y": 5.485166931577233}, "speed": {"x": 16.210937862342696, "y": 0.0, "z": 0}, "pseudonym": 13}, {"time": 120.10999999731779, "location": {"x": 441.30231782389154, "y": 2.615999972734146}, "speed": {"x": 10.449218983558245, "y": 0.0, "z": 0}, "pseudonym": 14}, {"time": 120.10999999731779, "location": {"x": 417.3358990894817, "y": 1.7899809580118493}, "speed": {"x": 11.657715104320237, "y": 0.0, "z": 0}, "pseudonym": 15}, {"time": 120.10999999731779, "location": {"x": 456.99788809890424, "y": 1.9650688562676546}, "speed": {"x": 10.580444572428865, "y": 0.0, "z": 0}, "pseudonym": 16}, {"time": 120.10999999731779, "location": {"x": 439.4919368098501, "y": -2.306096979022092}, "speed": {"x": -13.699341126516636, "y": 0.0, "z": 0}, "pseudonym": 17}, {"time": 120.10999999731779, "location": {"x": 439.41625283911355, "y": 2.5417671338824865}, "speed": {"x": 10.449218983558245, "y": 0.0, "z": 0}, "pseudonym": 18}, {"time": 120.10999999731779, "location": {"x": 321.6695614880304, "y": 5.837414773159416}, "speed": {"x": 15.695190780502351, "y": 0.0, "z": 0}, "pseudonym": 19}, {"time": 120.10999999731779, "location": {"x": 223.65287746233452, "y": -5.202931237107155}, "speed": {"x": -15.771484727520154, "y": 0.0, "z": 0}, "pseudonym": 20}, {"time": 120.10999999731779, "location": {"x": 340.4290233719546, "y": 2.126592054712378}, "speed": {"x": 11.947632102987887, "y": 0.0, "z": 0}, "pseudonym": 21}, {"time": 120.10999999731779, "location": {"x": 343.77198314952835, "y": 9.21254235278745}, "speed": {"x": 14.88037142635222, "y": 0.0, "z": 0}, "pseudonym": 22}, {"time": 120.10999999731779, "location": {"x": 272.81569678415417, "y": 5.906635892753162}, "speed": {"x": 16.647339239284527, "y": 0.0, "z": 0}, "pseudonym": 23}, {"time": 120.10999999731779, "location": {"x": 337.1583997098568, "y": -2.0002528307668914}, "speed": {"x": -12.109375270665629, "y": 0.0, "z": 0}, "pseudonym": 24}, {"time": 120.10999999731779, "location": {"x": 243.68060188306114, "y": 2.272362930790107}, "speed": {"x": 11.997986108019637, "y": 0.0, "z": 0}, "pseudonym": 25}, {"time": 120.10999999731779, "location": {"x": 346.028280816322, "y": 6.236724047888804}, "speed": {"x": 16.50695837677177, "y": 0.0, "z": 0}, "pseudonym": 26}, {"time": 120.10999999731779, "location": {"x": 345.27555628450403, "y": -5.028739054050438}, "speed": {"x": -15.95459020036288, "y": 0.0, "z": 0}, "pseudonym": 27}, {"time": 120.10999999731779, "location": {"x": 321.88662416485494, "y": -5.16364516665441}, "speed": {"x": -16.049194694664955, "y": 0.0, "z": 0}, "pseudonym": 28}, {"time": 120.10999999731779, "location": {"x": 302.45143332380934, "y": 2.0440561992113757}, "speed": {"x": 11.840820577162964, "y": 0.0, "z": 0}, "pseudonym": 29}, {"time": 120.10999999731779, "location": {"x": 246.10877637058474, "y": 5.799202343333113}, "speed": {"x": 16.67327918127058, "y": 0.0, "z": 0}, "pseudonym": 30}], "option": {"size": 1206, "type": "CPM"}}
{"timestamp": 120.20999999508261, "ITS_PDU_Header": {"tmp": "tmp"}, "Management_Container": {"tmp": "tmp"}, "Station_Data_Container": {"sumo_id": "243", "location": [367.4438171386719, 9.25], "speed": [14.901733731517204, 0.0, 0], "yaw": 0.0}, "Sensor_Information_Container": [0, 1, 2, 3], "Perceived_Object_Container": [{"time": 120.20999999508261, "location": {"x": 466.1930149886982, "y": 5.743370639701279}, "speed": {"x": 16.662598028688087, "y": 0.0, "z": 0}, "pseudonym": 31}, {"time": 120.20999999508261, "location": {"x": 503.6860659556763, "y": -5.693123624954405}, "speed": {"x": -16.442871461276816, "y": 0.0, "z": 0}, "pseudonym": 32}], "option": {"size": 331, "type": "CPM"}}
{"timestamp": 120.2199999948591, "ITS_PDU_Header": {"tmp": "tmp"}, "Management_Container": {"tmp": "tmp"}, "Station_Data_Container": {"sumo_id": "243", "location": [367.5927734375, 9.25], "speed": [14.89563021575578, 0.0, 0], "yaw": 0.0},