{"timestamp": 119.99999999977648, "ITS_PDU_Header": {"tmp": "tmp"}, "Basic_Container": {"tmp": "tmp"}, "HF_Container": {"sumo_id": "274", "location": [-53.04583740234375, -9.25], "speed": [-5304.583858801064, -925.0000206753616, 0], "yaw": -179.99996948242188}, "LF_Container": {"tmp": "tmp"}, "Special_Vehicle_Container": {"tmp": "tmp"}, "option": {"size": 190, "type": "CAM"}}
{"timestamp": 119.99999999977648, "ITS_PDU_Header": {"tmp": "tmp"}, "Management_Container": {"tmp": "tmp"}, "Station_Data_Container": {"sumo_id": "274", "location": [-53.04583740234375, -9.25], "speed": [-5304.583858801064, -925.0000206753616, 0], "yaw": -179.99996948242188}, "Sensor_Information_Container": [0, 1, 2, 3], "Perceived_Object_Container": [{"time": 119.99999999977648, "location": {"x": -184.85436267271197, "y": 1.505944561060815}, "speed": {"x": -18534.337267302064, "y": 200.00000447034847, "z": 0}, "pseudonym": 0}], "option": {"size": 296, "type": "CPM"}}
{"timestamp": 120.10999999731779, "ITS_PDU_Header": {"tmp": "tmp"}, "Basic_Container": {"tmp": "tmp"}, "HF_Container": {"sumo_id": "274", "location": [-54.694637298583984, -9.25], "speed": [-16.473007570348848, 0.0, 0], "yaw": -179.99996948242188}, "LF_Container": {"tmp": "tmp"}, "Special_Vehicle_Container": {"tmp": "tmp"}, "option": {"size": 190, "type": "CAM"}}
{"timestamp": 120.10999999731779, "ITS_PDU_Header": {"tmp": "tmp"}, "Management_Container": {"tmp": "tmp"}, "Station_Data_Container": {"sumo_id": "274", "location": [-54.694637298583984, -9.25], "speed": [-16.473007570348848, 0.0, 0], "yaw": -179.99996948242188}, "Sensor_Information_Container": [0, 1, 2, 3], "Perceived_Object_Container": [{"time": 120.10999999731779, "location": {"x": -51.0971244431768, "y": -2.530799700161428}, "speed": {"x": -11.669922135843086, "y": 0.0, "z": 0}, "pseudonym": 1}, {"time": 120.10999999731779, "location": {"x": -60.18411269221649, "y": 1.5642475996756549}, "speed": {"x": 15.362167701769643, "y": 0.0, "z": 0}, "pseudonym": 2}, {"time": 120.10999999731779, "location": {"x": -58.54721024122802, "y": 8.752331805161782}, "speed": {"x": 14.538956013447553, "y": 0.0, "z": 0}, "pseudonym": 3}], "option": {"size": 366, "type": "CPM"}}
{"timestamp": 120.11999999709427, "ITS_PDU_Header": {"tmp": "tmp"}, "Management_Container": {"tmp": "tmp"}, "Station_Data_Container": {"sumo_id": "274", "location": [-54.85955810546875, -9.25], "speed": [-16.4920810571033, 0.0, 0], "yaw": -179.99996948242188}, "Sensor_Information_Container": [0, 1, 2, 3], "Perceived_Object_Container": [{"time": 120.10999999731779, "location": {"x": -31.95932977283069, "y": -2.4556309927887923}, "speed": {"x": -11.798095966832994, "y": 0.0, "z": 0}, "pseudonym": 4}, {"time": 120.10999999731779, "location": {"x": 0.20611603571398796, "y": -5.677896063034916}, "speed": {"x": -16.656494512926663, "y": 0.0, "z": 0}, "pseudonym": 5}, {"time": 120.10999999731779, "location": {"x": 17.7664333823056, "y": -6.140162022913266}, "speed": {"x": -15.2282718247534, "y": 0.0, "z": 0}, "pseudonym": 6}, {"time": 120.10999999731779, "location": {"x": -30.181752554585877, "y": -2.7098937371603995}, "speed": {"x": -11.798095966832994, "y": 0.0, "z": 0}, "pseudonym": 4}, {"time": 120.10999999731779, "location": {"x": -40.759900619514994, "y": 1.3926808253348248}, "speed": {"x": 16.320801146048332, "y": 0.0, "z": 0}, "pseudonym": 7}, {"time": 120.10999999731779, "location": {"x": 35.92605322005763, "y": -1.775925581673505}, "speed": {"x": -14.34326203934689, "y": 0.0, "z": 0}, "pseudonym": 8}, {"time": 120.10999999731779, "location": {"x": -28.081234720079205, "y": -5.469578496115715}, "speed": {"x": -16.082764031352788, "y": 0.0, "z": 0}, "pseudonym": 9}, {"time": 120.10999999731779, "location": {"x": -102.32103594268597, "y": 1.8370033326783293}, "speed": {"x": 14.714813561323588, "y": 0.0, "z": 0}, "pseudonym": 10}, {"time": 120.10999999731779, "location": {"x": -105.92093681722031, "y": 5.0918941897637}, "speed": {"x": 16.65039099716524, "y": 0.0, "z": 0}, "pseudonym": 11}, {"time": 120.10999999731779, "location": {"x": -80.02065297787546, "y": 9.054788912203362}, "speed": {"x": 14.550781575235312, "y": 0.0, "z": 0}, "pseudonym": 12}, {"time": 120.10999999731779, "location": {"x": -79.62589322932972, "y": 4.916290627976903}, "speed": {"x": 16.644287481403815, "y": 0.0, "z": 0}, "pseudonym": 13}, {"time": 120.10999999731779, "location": {"x": -76.89462651934295, "y": -9.391397595574114}, "speed": {"x": -16.559601200214054, "y": 0.0, "z": 0}, "pseudonym": 14}, {"time": 120.10999999731779, "location": {"x": -88.21610864986964, "y": -5.641701049883299}, "speed": {"x": -16.40625036670827, "y": 0.0, "z": 0}, "pseudonym": 15}, {"time": 120.10999999731779, "location": {"x": -72.22476568900548, "y": -2.7532713825496984}, "speed": {"x": -12.292480743508355, "y": 0.0, "z": 0}, "pseudonym": 16}, {"time": 120.10999999731779, "location": {"x": -91.54757572817168, "y": -1.9777167197501064}, "speed": {"x": -12.27493313569426, "y": 0.0, "z": 0}, "pseudonym": 17}, {"time": 120.10999999731779, "location": {"x": -133.60403671321325, "y": -2.2916080486686328}, "speed": {"x": -13.549804990361743, "y": 0.0, "z": 0}, "pseudonym": 18}, {"time": 120.10999999731779, "location": {"x": -91.22948040405501, "y": -2.0035006957163293}, "speed": {"x": -12.27493313569426, "y": 0.0, "z": 0}, "pseudonym": 17}, {"time": 120.10999999731779, "location": {"x": -122.98403087843683, "y": 1.9551563252334911}, "speed": {"x": 14.342499099876711, "y": 0.0, "z": 0}, "pseudonym": 19}, {"time": 120.10999999731779, "location": {"x": -78.7260724836009, "y": -10.056377082073213}, "speed": {"x": -16.559601200214054, "y": 0.0, "z": 0}, "pseudonym": 20}], "option": {"size": 926, "type": "CPM"}}
{"timestamp": 120.20999999508261, "ITS_PDU_Header": {"tmp": "tmp"}, "Management_Container": {"tmp": "tmp"}, "Station_Data_Container": {"sumo_id": "274", "location": [-56.34368896484375, -9.25], "speed": [-16.485596071606786, 0.0, 0], "yaw": -179.99996948242188}, "Sensor_Information_Container": [0, 1, 2, 3], "Perceived_Object_Container": [{"time": 120.20999999508261, "location": {"x": 9.024626039206375, "y": 8.65290547181597}, "speed": {"x": 15.960693716124304, "y": 0.0, "z": 0}, "pseudonym": 21}, {"time": 120.20999999508261, "location": {"x": 61.72430930147745, "y": 1.9988058303962148}, "speed": {"x": 12.890625288127929, "y": 0.0, "z": 0}, "pseudonym": 22}], "option": {"size": 331, "type": "CPM"}}
{"timestamp": 120.2199999948591, "ITS_PDU_Header": {"tmp": "tmp"}, "Management_Container": {"tmp": "tmp"}, "Station_Data_Container": {"sumo_id": "274", "location": [-56.508602142333984, -9.25], "speed": [-16.49131811763312, 0.0, 0], "yaw": -179.99996948242188}, "Sensor_Information_Container": [0, 1, 2, 3], "Perceived_Object_Container": [{"time": 120.20999999508261, "location": {"x": -185.57374500509897, "y": 9.0618547644732}, "speed": {"x": 16.520691287234975, "y": 0.0, "z": 0}, "pseudonym": 23}, {"time": 120.20999999508261, "location": {"x": -175.68358248668272, "y": -1.8285342262513797}, "speed": {"x": -14.262390455508019, "y": 0.0, "z": 0}, "pseudonym": 24}], "option": {"size": 331, "type": "CPM"}}
{"timestamp": 120.30999999284744, "ITS_PDU_Header": {"tmp": "tmp"}, "Management_Container": {"tmp": "tmp"}, "Station_Data_Container": {"sumo_id": "274", "location": [-57.99261474609375, -9.25], "speed": [-16.47949255584536, 0.0, 0], "yaw": -179.99996948242188}, "Sensor_Information_Container": [0, 1, 2, 3], "Perceived_Object_Container": [{"time": 120.30999999284744, "location": {"x": -32.48391503540235, "y": -2.709042145120896}, "speed": {"x": -11.79199245107157, "y": 0.0, "z": 0}, "pseudonym": 25}], "option": {"size": 296, "type": "CPM"}}
{"timestamp": 120.31999999262392, "ITS_PDU_Header": {"tmp": "tmp"}, "Management_Container": {"tmp": "tmp"}, "Station_Data_Container": {"sumo_id": "274", "location": [-58.1575927734375, -9.25], "speed": [-16.497803103129634, 0.0, 0], "yaw": -179.99996948242188}, "Sensor_Information_Container": [0, 1, 2, 3],