{"timestamp": 119.99999999977648, "ITS_PDU_Header": {"tmp": "tmp"}, "Basic_Container": {"tmp": "tmp"}, "HF_Container": {"sumo_id": "285", "location": [224.65380859375, -2.0], "speed": [22465.381361515403, -200.00000447034847, 0], "yaw": -179.99996948242188}, "LF_Container": {"tmp": "tmp"}, "Special_Vehicle_Container": {"tmp": "tmp"}, "option": {"size": 190, "type": "CAM"}}
{"timestamp": 119.99999999977648, "ITS_PDU_Header": {"tmp": "tmp"}, "Management_Container": {"tmp": "tmp"}, "Station_Data_Container": {"sumo_id": "285", "location": [224.65380859375, -2.0], "speed": [22465.381361515403, -200.00000447034847, 0], "yaw": -179.99996948242188}, "Sensor_Information_Container": [0, 1, 2, 3], "Perceived_Object_Container": [{"time": 119.99999999977648, "location": {"x": 211.2417896640434, "y": -9.75071805913507}, "speed": {"x": 20981.7875783545, "y": -925.0000206753616, "z": 0}, "pseudonym": 0}, {"time": 119.99999999977648, "location": {"x": 201.9210272480405, "y": -6.306761653203694}, "speed": {"x": 20041.722554901, "y": -575.0000128522519, "z": 0}, "pseudonym": 1}, {"time": 119.99999999977648, "location": {"x": 242.34083228086922, "y": 1.2327004724565005}, "speed": {"x": 24174.79302081748, "y": 200.00000447034847, "z": 0}, "pseudonym": 2}], "option": {"size": 366, "type": "CPM"}}
{"timestamp": 120.10999999731779, "ITS_PDU_Header": {"tmp": "tmp"}, "Basic_Container": {"tmp": "tmp"}, "HF_Container": {"sumo_id": "285", "location": [223.56211853027344, -2.0], "speed": [-10.91461206036684, 0.0, 0], "yaw": -179.99996948242188}, "LF_Container": {"tmp": "tmp"}, "Special_Vehicle_Container": {"tmp": "tmp"}, "option": {"size": 190, "type": "CAM"}}
{"timestamp": 120.10999999731779, "ITS_PDU_Header": {"tmp": "tmp"}, "Management_Container": {"tmp": "tmp"}, "Station_Data_Container": {"sumo_id": "285", "location": [223.56211853027344, -2.0], "speed": [-10.91461206036684, 0.0, 0], "yaw": -179.99996948242188}, "Sensor_Information_Container": [0, 1, 2, 3], "Perceived_Object_Container": [{"time": 120.10999999731779, "location": {"x": 223.1776808653925, "y": 1.4022811736436815}, "speed": {"x": 12.060547144574235, "y": 0.0, "z": 0}, "pseudonym": 3}, {"time": 120.10999999731779, "location": {"x": 217.46160014961012, "y": 5.516955860377233}, "speed": {"x": 16.624451055179186, "y": 0.0, "z": 0}, "pseudonym": 4}], "option": {"size": 331, "type": "CPM"}}
{"timestamp": 120.11999999709427, "ITS_PDU_Header": {"tmp": "tmp"}, "Management_Container": {"tmp": "tmp"}, "Station_Data_Container": {"sumo_id": "285", "location": [223.453125, -2.0], "speed": [-10.89935327096328, 0.0, 0], "yaw": -179.99996948242188}, "Sensor_Information_Container": [0, 1, 2, 3], "Perceived_Object_Container": [{"time": 120.10999999731779, "location": {"x": 203.80726871425205, "y": 1.8789160608826068}, "speed": {"x": 12.123108181128833, "y": 0.0, "z": 0}, "pseudonym": 5}, {"time": 120.10999999731779, "location": {"x": 195.83078388855833, "y": 5.32989843433162}, "speed": {"x": 15.063476899194946, "y": 0.0, "z": 0}, "pseudonym": 6}, {"time": 120.10999999731779, "location": {"x": 205.8935528824596, "y": -2.101484699269928}, "speed": {"x": -10.607910393355274, "y": 0.0, "z": 0}, "pseudonym": 7}, {"time": 120.10999999731779, "location": {"x": 129.6193338517781, "y": -5.691571164893921}, "speed": {"x": -16.624451055179186, "y": 0.0, "z": 0}, "pseudonym": 8}, {"time": 120.10999999731779, "location": {"x": 193.2170571092878, "y": 8.701977374592303}, "speed": {"x": 16.662598028688087, "y": 0.0, "z": 0}, "pseudonym": 9}, {"time": 120.10999999731779, "location": {"x": 88.77801366655976, "y": -9.454902481252487}, "speed": {"x": -15.41748081335755, "y": 0.0, "z": 0}, "pseudonym": 10}, {"time": 120.10999999731779, "location": {"x": 183.75409006357222, "y": 2.185502165316344}, "speed": {"x": 12.207031522848416, "y": 0.0, "z": 0}, "pseudonym": 11}, {"time": 120.10999999731779, "location": {"x": 194.1135773259666, "y": 9.749513731162969}, "speed": {"x": 16.662598028688087, "y": 0.0, "z": 0}, "pseudonym": 9}, {"time": 120.10999999731779, "location": {"x": 209.22649053996452, "y": -8.80476418439489}, "speed": {"x": -16.68548621279343, "y": 0.0, "z": 0}, "pseudonym": 12}, {"time": 120.10999999731779, "location": {"x": 200.40676826791463, "y": -5.397818784107628}, "speed": {"x": -15.782165880102646, "y": 0.0, "z": 0}, "pseudonym": 13}, {"time": 120.10999999731779, "location": {"x": 170.71500456230828, "y": 5.937183832294197}, "speed": {"x": 15.625000349245973, "y": 0.0, "z": 0}, "pseudonym": 14}, {"time": 120.10999999731779, "location": {"x": 123.52197183529785, "y": 6.025268648617059}, "speed": {"x": 15.893555042748638, "y": 0.0, "z": 0}, "pseudonym": 15}, {"time": 120.10999999731779, "location": {"x": 222.9817004492196, "y": -5.0466919399806915}, "speed": {"x": -15.771484727520154, "y": 0.0, "z": 0}, "pseudonym": 16}, {"time": 120.10999999731779, "location": {"x": 342.7345933175445, "y": 9.350380413197218}, "speed": {"x": 14.88037142635222, "y": 0.0, "z": 0}, "pseudonym": 17}, {"time": 120.10999999731779, "location": {"x": 280.572964393701, "y": 2.0266199253192534}, "speed": {"x": 11.901855734777206, "y": 0.0, "z": 0}, "pseudonym": 18}, {"time": 120.10999999731779, "location": {"x": 244.50109785736225, "y": -1.8816671344945826}, "speed": {"x": -11.546325941674246, "y": 0.0, "z": 0}, "pseudonym": 19}, {"time": 120.10999999731779, "location": {"x": 319.4987734128772, "y": 1.7304040174967037}, "speed": {"x": 11.901855734777206, "y": 0.0, "z": 0}, "pseudonym": 20}, {"time": 120.10999999731779, "location": {"x": 244.05704606089694, "y": -8.415298280222368}, "speed": {"x": -16.625976934119542, "y": 0.0, "z": 0}, "pseudonym": 21}, {"time": 120.10999999731779, "location": {"x": 338.80318856936526, "y": 1.815033831214187}, "speed": {"x": 11.947632102987887, "y": 0.0, "z": 0}, "pseudonym": 22}, {"time": 120.10999999731779, "location": {"x": 239.2230172842809, "y": 9.027352049853363}, "speed": {"x": 16.40625036670827, "y": 0.0, "z": 0}, "pseudonym": 23}, {"time": 120.10999999731779, "location": {"x": 244.0657307137635, "y": 5.886209527283242}, "speed": {"x": 16.67327918127058, "y": 0.0, "z": 0}, "pseudonym": 24}, {"time": 120.10999999731779, "location": {"x": 300.1915748080562, "y": 1.9335096923326318}, "speed": {"x": 11.840820577162964, "y": 0.0, "z": 0}, "pseudonym": 25}, {"time": 120.10999999731779, "location": {"x": 319.8150458650039, "y": 5.9996963150788085}, "speed": {"x": 15.695190780502351, "y": 0.0, "z": 0}, "pseudonym": 26}, {"time": 120.10999999731779, "location": {"x": 292.88431088654687, "y": -5.633657813523139}, "speed": {"x": -16.064453484068515, "y": 0.0, "z": 0}, "pseudonym": 27}, {"time": 120.10999999731779, "location": {"x": 244.88634977729043, "y": -5.703979679285447}, "speed": {"x": -15.79589879056585, "y": 0.0, "z": 0}, "pseudonym": 28}, {"time": 120.10999999731779, "location": {"x": 268.18064854253345, "y": -5.76075289254818}, "speed": {"x": -15.808105822088699, "y": 0.0, "z": 0}, "pseudonym": 29}, {"time": 120.10999999731779, "location": {"x": 243.53838273283407, "y": 1.117912830701902}, "speed": {"x": 11.997986108019637, "y": 0.0, "z": 0}, "pseudonym": 30}, {"time": 120.10999999731779, "location": {"x": 271.40512667028577, "y": 5.299624947382539}, "speed": {"x": 16.647339239284527, "y": 0.0, "z": 0}, "pseudonym": 31}, {"time": 120.10999999731779, "location": {"x": 246.7288465595064, "y": -5.154004841870458}, "speed": {"x": -15.79589879056585, "y": 0.0, "z": 0}, "pseudonym": 32}], "option": {"size": 1276, "type": "CPM"}}
{"timestamp": 120.20999999508261, "ITS_PDU_Header": {"tmp": "tmp"}, "Management_Container": {"tmp": "tmp"}, "Station_Data_Container": {"sumo_id": "285", "location": [222.4715576171875, -2.0], "speed": [-10.900879149903636, 0.0, 0], "yaw": -179.99996948242188}, "Sensor_Information_Container": [0, 1, 2, 3], "Perceived_Object_Container": [{"time": 120.20999999508261, "location": {"x": 147.89154951740335, "y": 8.415049920001074}, "speed": {"x": 16.566467655445656, "y": 0.0, "z": 0},