{"timestamp": 119.99999999977648, "ITS_PDU_Header": {"tmp": "tmp"}, "Basic_Container": {"tmp": "tmp"}, "HF_Container": {"sumo_id": "306", "location": [-984.5308227539062, 2.0], "speed": [-98453.08447598855, 200.00000447034847, 0], "yaw": 0.0}, "LF_Container": {"tmp": "tmp"}, "Special_Vehicle_Container": {"tmp": "tmp"}, "option": {"size": 190, "type": "CAM"}}
{"timestamp": 119.99999999977648, "ITS_PDU_Header": {"tmp": "tmp"}, "Management_Container": {"tmp": "tmp"}, "Station_Data_Container": {"sumo_id": "306", "location": [-984.5308227539062, 2.0], "speed": [-98453.08447598855, 200.00000447034847, 0], "yaw": 0.0}, "Sensor_Information_Container": [0, 1, 2, 3], "Perceived_Object_Container": [{"time": 119.99999999977648, "location": {"x": -961.4159036177609, "y": -8.614764984664086}, "speed": {"x": -96122.5851563197, "y": -925.0000206753616, "z": 0}, "pseudonym": 0}, {"time": 119.99999999977648, "location": {"x": -991.6418321663151, "y": -1.7736864964535186}, "speed": {"x": -99318.19680001281, "y": -200.00000447034847, "z": 0}, "pseudonym": 1}], "option": {"size": 331, "type": "CPM"}}
{"timestamp": 120.10999999731779, "ITS_PDU_Header": {"tmp": "tmp"}, "Basic_Container": {"tmp": "tmp"}, "HF_Container": {"sumo_id": "306", "location": [-983.6481323242188, 2.0], "speed": [8.91723652744077, 0.0, 0], "yaw": 0.0}, "LF_Container": {"tmp": "tmp"}, "Special_Vehicle_Container": {"tmp": "tmp"}, "option": {"size": 190, "type": "CAM"}}
{"timestamp": 120.10999999731779, "ITS_PDU_Header": {"tmp": "tmp"}, "Management_Container": {"tmp": "tmp"}, "Station_Data_Container": {"sumo_id": "306", "location": [-983.6481323242188, 2.0], "speed": [8.91723652744077, 0.0, 0], "yaw": 0.0}, "Sensor_Information_Container": [0, 1, 2, 3], "Perceived_Object_Container": [{"time": 120.10999999731779, "location": {"x": -982.1237707383192, "y": -1.4854141348827858}, "speed": {"x": -4.248046969951249, "y": 0.0, "z": 0}, "pseudonym": 2}], "option": {"size": 296, "type": "CPM"}}
{"timestamp": 120.11999999709427, "ITS_PDU_Header": {"tmp": "tmp"}, "Management_Container": {"tmp": "tmp"}, "Station_Data_Container": {"sumo_id": "306", "location": [-983.5587158203125, 2.0], "speed": [8.941650590486466, 0.0, 0], "yaw": 0.0}, "Sensor_Information_Container": [0, 1, 2, 3], "Perceived_Object_Container": [{"time": 120.10999999731779, "location": {"x": -970.3049511877824, "y": -1.6368240392604039}, "speed": {"x": -4.205322359621279, "y": 0.0, "z": 0}, "pseudonym": 3}, {"time": 120.10999999731779, "location": {"x": -962.7502187908638, "y": -8.91404197009884}, "speed": {"x": -15.637207380768821, "y": 0.0, "z": 0}, "pseudonym": 4}, {"time": 120.10999999731779, "location": {"x": -930.2428853926081, "y": 5.7383422378251545}, "speed": {"x": 12.188720975564143, "y": 0.0, "z": 0}, "pseudonym": 5}, {"time": 120.10999999731779, "location": {"x": -894.8364866445302, "y": 5.483380899216804}, "speed": {"x": 7.489013839267503, "y": 0.0, "z": 0}, "pseudonym": 6}, {"time": 120.10999999731779, "location": {"x": -864.0877995596647, "y": 5.015316998200061}, "speed": {"x": 15.313721045413338, "y": 0.0, "z": 0}, "pseudonym": 7}, {"time": 120.10999999731779, "location": {"x": -923.2928520046531, "y": 1.9328265911888323}, "speed": {"x": 8.190918151831287, "y": 0.0, "z": 0}, "pseudonym": 8}, {"time": 120.10999999731779, "location": {"x": -947.0193955489118, "y": -2.1595335585145845}, "speed": {"x": -4.443359474316823, "y": 0.0, "z": 0}, "pseudonym": 9}, {"time": 120.10999999731779, "location": {"x": -852.1722236596274, "y": -1.2981726585781181}, "speed": {"x": -6.701660306043781, "y": 0.0, "z": 0}, "pseudonym": 10}, {"time": 120.10999999731779, "location": {"x": -908.8816635287966, "y": -1.8320587408201423}, "speed": {"x": -5.187988397210577, "y": 0.0, "z": 0}, "pseudonym": 11}, {"time": 120.10999999731779, "location": {"x": -958.9179259437769, "y": -1.811168490866441}, "speed": {"x": -4.284668064519794, "y": 0.0, "z": 0}, "pseudonym": 12}, {"time": 120.10999999731779, "location": {"x": -934.6283616676642, "y": -2.0318849460909036}, "speed": {"x": -4.6630860417280955, "y": 0.0, "z": 0}, "pseudonym": 13}, {"time": 120.10999999731779, "location": {"x": -905.4364716260853, "y": 2.2864945760293027}, "speed": {"x": 8.111572446932772, "y": 0.0, "z": 0}, "pseudonym": 14}, {"time": 120.10999999731779, "location": {"x": -942.5519150971774, "y": -6.132414633144281}, "speed": {"x": -15.997314810692849, "y": 0.0, "z": 0}, "pseudonym": 15}, {"time": 120.10999999731779, "location": {"x": -945.2690049771585, "y": -1.391739440202013}, "speed": {"x": -4.443359474316823, "y": 0.0, "z": 0}, "pseudonym": 16}, {"time": 120.10999999731779, "location": {"x": -921.4022980866545, "y": -1.4103839772597784}, "speed": {"x": -4.907226672185064, "y": 0.0, "z": 0}, "pseudonym": 17}, {"time": 120.10999999731779, "location": {"x": -1000.08222957066, "y": 0.7487548413529714}, "speed": {"x": 2.6550293562195306, "y": 3.6132276865816344, "z": 0}, "pseudonym": 18}, {"time": 120.10999999731779, "location": {"x": -993.4287505202816, "y": 5.506788993779235}, "speed": {"x": 5.914306772820058, "y": 0.0, "z": 0}, "pseudonym": 19}, {"time": 120.10999999731779, "location": {"x": -992.7529142992745, "y": -1.6064691619356166}, "speed": {"x": -4.418945411271126, "y": 0.0, "z": 0}, "pseudonym": 20}], "option": {"size": 891, "type": "CPM"}}
{"timestamp": 120.2199999948591, "ITS_PDU_Header": {"tmp": "tmp"}, "Management_Container": {"tmp": "tmp"}, "Station_Data_Container": {"sumo_id": "306", "location": [-982.653564453125, 2.0], "speed": [9.143066610613465, 0.0, 0], "yaw": 0.0}, "Sensor_Information_Container": [0, 1, 2, 3], "Perceived_Object_Container": [{"time": 120.20999999508261, "location": {"x": -882.1423947386609, "y": -1.825469780872994}, "speed": {"x": -5.804443489114422, "y": 0.0, "z": 0}, "pseudonym": 21}, {"time": 120.20999999508261, "location": {"x": -895.9751209081863, "y": -1.7107388286126664}, "speed": {"x": -5.468750122236091, "y": 0.0, "z": 0}, "pseudonym": 22}, {"time": 120.20999999508261, "location": {"x": -867.7672421353698, "y": -1.5217969367548214}, "speed": {"x": -6.158447403277026, "y": 0.0, "z": 0}, "pseudonym": 23}, {"time": 120.20999999508261, "location": {"x": -999.8172477153486, "y": 0.9433675906614583}, "speed": {"x": 3.9184571188343416, "y": 2.634680330038376, "z": 0}, "pseudonym": 18}], "option": {"size": 401, "type": "CPM"}}
{"timestamp": 120.31999999262392, "ITS_PDU_Header": {"tmp": "tmp"}, "Management_Container": {"tmp": "tmp"}, "Station_Data_Container": {"sumo_id": "306", "location": [-981.7293701171875, 2.0], "speed": [9.326172083456191, 0.0, 0], "yaw": 0.0}, "Sensor_Information_Container": [0, 1, 2, 3], "Perceived_Object_Container": [{"time": 120.30999999284744, "location": {"x": -999.249063442736, "y": 1.2625541820488}, "speed": {"x": 4.418945411271126, "y": 2.713334621042042, "z": 0}, "pseudonym": 18}], "option": {"size": 296, "type": "CPM"}}
{"timestamp": 120.36999999150633, "ITS_PDU_Header": {"tmp": "tmp"}, "Basic_Container": {"tmp": "tmp"}, "HF_Container": {"sumo_id": "306", "location": [-981.2598876953125, 2.0], "speed": [9.423828335638978, 0.0, 0], "yaw": 0.0}, "LF_Container": {"tmp": "tmp"}, "Special_Vehicle_Container": {"tmp": "tmp"}, "option": {"size": 190, "type": "CAM"}}
{"timestamp": 120.40999999061226, "ITS_PDU_Header": {"tmp": "tmp"}, "Management_Container": {"tmp": "tmp"}, "Station_Data_Container": {"sumo_id": "306", "location": [-980.8810424804688, 2.0], "speed": [9.503174040537493, 0.0, 0], "yaw": 0.0}, "Sensor_Information_Container": [0, 1, 2, 3], "Perceived_Object_Container": [{"time": 120.40999999061226, "location": {"x": -926.6271667812125, "y": 5.736569765756181}, "speed": {"x": 12.780762004422293, "y": 0.0, "z": 0}, "pseudonym": 5}], "option": {"size": 296, "type": "CPM"}}
{"timestamp": 120.41999999038875, "ITS_PDU_Header": {"tmp": "tmp"}, "Management_Container": {"tmp": "tmp"}, "Station_Data_Container": {"sumo_id": "306", "location": [-980.7858276367188, 2.0], "speed": [9.521484587821766, 0.0, 0], "yaw": 0.0},