{"timestamp": 119.99999999977648, "ITS_PDU_Header": {"tmp": "tmp"}, "Basic_Container": {"tmp": "tmp"}, "HF_Container": {"sumo_id": "332", "location": [945.9047241210938, -2.0], "speed": [94590.47452637124, -200.00000447034847, 0], "yaw": -179.99996948242188}, "LF_Container": {"tmp": "tmp"}, "Special_Vehicle_Container": {"tmp": "tmp"}, "option": {"size": 190, "type": "CAM"}}
{"timestamp": 119.99999999977648, "ITS_PDU_Header": {"tmp": "tmp"}, "Management_Container": {"tmp": "tmp"}, "Station_Data_Container": {"sumo_id": "332", "location": [945.9047241210938, -2.0], "speed": [94590.47452637124, -200.00000447034847, 0], "yaw": -179.99996948242188}, "Sensor_Information_Container": [0, 1, 2, 3], "Perceived_Object_Container": [{"time": 119.99999999977648, "location": {"x": 933.6386531442886, "y": -1.9509433502028197}, "speed": {"x": 93200.65515936885, "y": -200.00000447034847, "z": 0}, "pseudonym": 0}], "option": {"size": 296, "type": "CPM"}}
{"timestamp": 120.10999999731779, "ITS_PDU_Header": {"tmp": "tmp"}, "Basic_Container": {"tmp": "tmp"}, "HF_Container": {"sumo_id": "332", "location": [945.1485595703125, -2.0], "speed": [-7.6416017333031085, 0.0, 0], "yaw": -179.99996948242188}, "LF_Container": {"tmp": "tmp"}, "Special_Vehicle_Container": {"tmp": "tmp"}, "option": {"size": 190, "type": "CAM"}}
{"timestamp": 120.10999999731779, "ITS_PDU_Header": {"tmp": "tmp"}, "Management_Container": {"tmp": "tmp"}, "Station_Data_Container": {"sumo_id": "332", "location": [945.1485595703125, -2.0], "speed": [-7.6416017333031085, 0.0, 0], "yaw": -179.99996948242188}, "Sensor_Information_Container": [0, 1, 2, 3], "Perceived_Object_Container": [{"time": 120.10999999731779, "location": {"x": 943.3895098129972, "y": 1.6271774186300534}, "speed": {"x": 4.492187600408218, "y": 0.0, "z": 0}, "pseudonym": 1}], "option": {"size": 296, "type": "CPM"}}
{"timestamp": 120.11999999709427, "ITS_PDU_Header": {"tmp": "tmp"}, "Management_Container": {"tmp": "tmp"}, "Station_Data_Container": {"sumo_id": "332", "location": [945.0720825195312, -2.0], "speed": [-7.647705249064533, 0.0, 0], "yaw": -179.99996948242188}, "Sensor_Information_Container": [0, 1, 2, 3], "Perceived_Object_Container": [{"time": 120.10999999731779, "location": {"x": 930.9033545159733, "y": 1.1664011545721449}, "speed": {"x": 4.821777451525125, "y": 0.0, "z": 0}, "pseudonym": 2}, {"time": 120.10999999731779, "location": {"x": 927.7481949894197, "y": 5.863193872718842}, "speed": {"x": 16.632080449880966, "y": 0.0, "z": 0}, "pseudonym": 3}, {"time": 120.10999999731779, "location": {"x": 885.3328473057147, "y": -6.067093807750296}, "speed": {"x": -10.36987327865973, "y": 0.0, "z": 0}, "pseudonym": 4}, {"time": 120.10999999731779, "location": {"x": 932.7995220862178, "y": -2.084213942398032}, "speed": {"x": -8.32519549858262, "y": 0.0, "z": 0}, "pseudonym": 5}, {"time": 120.10999999731779, "location": {"x": 931.7361940644057, "y": 1.1635907135042403}, "speed": {"x": 4.821777451525125, "y": 0.0, "z": 0}, "pseudonym": 2}, {"time": 120.10999999731779, "location": {"x": 848.4167066323985, "y": -9.35727589035888}, "speed": {"x": -15.191650730184854, "y": 0.0, "z": 0}, "pseudonym": 6}, {"time": 120.10999999731779, "location": {"x": 918.2177685567398, "y": 2.188653353725804}, "speed": {"x": 5.218505976017698, "y": 0.0, "z": 0}, "pseudonym": 7}, {"time": 120.10999999731779, "location": {"x": 903.9623679290501, "y": 1.5900651816973497}, "speed": {"x": 5.676269658124514, "y": 0.0, "z": 0}, "pseudonym": 8}, {"time": 120.10999999731779, "location": {"x": 916.3933922808599, "y": 1.2723860632769184}, "speed": {"x": 5.218505976017698, "y": 0.0, "z": 0}, "pseudonym": 9}, {"time": 120.10999999731779, "location": {"x": 919.0179019081103, "y": -5.887528673069953}, "speed": {"x": -9.967041238405733, "y": 0.0, "z": 0}, "pseudonym": 10}, {"time": 120.10999999731779, "location": {"x": 891.3464156791442, "y": 9.075463590164462}, "speed": {"x": 16.717529670540905, "y": 0.0, "z": 0}, "pseudonym": 11}, {"time": 120.10999999731779, "location": {"x": 930.6727150885642, "y": 8.596083808944385}, "speed": {"x": 16.662598028688087, "y": 0.0, "z": 0}, "pseudonym": 12}, {"time": 120.10999999731779, "location": {"x": 879.8654454340614, "y": 5.4856894009100845}, "speed": {"x": 16.656494512926663, "y": 0.0, "z": 0}, "pseudonym": 13}, {"time": 120.10999999731779, "location": {"x": 954.8173260936617, "y": 1.65418203206115}, "speed": {"x": 4.284668064519794, "y": 0.0, "z": 0}, "pseudonym": 14}, {"time": 120.10999999731779, "location": {"x": 990.8847082508366, "y": 1.1620912192775497}, "speed": {"x": 4.101562591677068, "y": 0.0, "z": 0}, "pseudonym": 15}, {"time": 120.10999999731779, "location": {"x": 980.52948869127, "y": 9.04037041920901}, "speed": {"x": 17.468262109196083, "y": 0.0, "z": 0}, "pseudonym": 16}, {"time": 120.10999999731779, "location": {"x": 955.134534829451, "y": 5.149821637097126}, "speed": {"x": 16.68090857597236, "y": 0.0, "z": 0}, "pseudonym": 17}, {"time": 120.10999999731779, "location": {"x": 975.3878228222803, "y": -1.9297779112319804}, "speed": {"x": -7.507324386551776, "y": 0.0, "z": 0}, "pseudonym": 18}, {"time": 120.10999999731779, "location": {"x": 966.6414632237586, "y": 1.7347623094371907}, "speed": {"x": 4.150390717768461, "y": 0.0, "z": 0}, "pseudonym": 19}, {"time": 120.10999999731779, "location": {"x": 977.7323852864358, "y": 1.5536018487603416}, "speed": {"x": 4.089355560154219, "y": 0.0, "z": 0}, "pseudonym": 20}], "option": {"size": 961, "type": "CPM"}}
{"timestamp": 120.2199999948591, "ITS_PDU_Header": {"tmp": "tmp"}, "Management_Container": {"tmp": "tmp"}, "Station_Data_Container": {"sumo_id": "332", "location": [944.29833984375, -2.0], "speed": [-7.794189627338714, 0.0, 0], "yaw": -179.99996948242188}, "Sensor_Information_Container": [0, 1, 2, 3], "Perceived_Object_Container": [{"time": 120.20999999508261, "location": {"x": 1000.2549676307442, "y": 1.1611917477705753}, "speed": {"x": 1.3610840147975984, "y": -1.856976789019483, "z": 0}, "pseudonym": 21}, {"time": 120.20999999508261, "location": {"x": 875.6681875371505, "y": 2.350889320892145}, "speed": {"x": 6.6284181169066905, "y": 0.0, "z": 0}, "pseudonym": 22}, {"time": 120.20999999508261, "location": {"x": 797.8544403171894, "y": 9.617580334538253}, "speed": {"x": 15.515137065540337, "y": 0.0, "z": 0}, "pseudonym": 23}], "option": {"size": 366, "type": "CPM"}}
{"timestamp": 120.31999999262392, "ITS_PDU_Header": {"tmp": "tmp"}, "Management_Container": {"tmp": "tmp"}, "Station_Data_Container": {"sumo_id": "332", "location": [943.5084838867188, -2.0], "speed": [-7.983398615942864, 0.0, 0], "yaw": -179.99996948242188}, "Sensor_Information_Container": [0, 1, 2, 3], "Perceived_Object_Container": [{"time": 120.30999999284744, "location": {"x": 901.4568423109406, "y": -9.269724800060871}, "speed": {"x": -0.6958007968023597, "y": 0.0, "z": 0}, "pseudonym": 24}, {"time": 120.30999999284744, "location": {"x": 890.3414091087315, "y": 2.0131641274376717}, "speed": {"x": 6.079101698378511, "y": 0.0, "z": 0}, "pseudonym": 25}], "option": {"size": 331, "type": "CPM"}}
{"timestamp": 120.41999999038875, "ITS_PDU_Header": {"tmp": "tmp"}, "Basic_Container": {"tmp": "tmp"}, "HF_Container": {"sumo_id": "332", "location": [942.7018432617188, -2.0], "speed": [-8.148193541501318, 0.0, 0], "yaw": -179.99996948242188}, "LF_Container": {"tmp": "tmp"}, "Special_Vehicle_Container": {"tmp": "tmp"}, "option": {"size": 190, "type": "CAM"}}
{"timestamp": 120.41999999038875, "ITS_PDU_Header": {"tmp": "tmp"}, "Management_Container": {"tmp": "tmp"}, "Station_Data_Container": {"sumo_id": "332", "location": [942.7018432617188, -2.0], "speed": [-8.148193541501318, 0.0, 0], "yaw": -179.99996948242188}, "Sensor_Information_Container": [0, 1, 2, 3], "Perceived_Object_Container": [{"time": 120.40999999061226, "location": {"x": 930.2164090344392, "y": -2.0806288451225474}, "speed": {"x": -8.90502949591792, "y": 0.0, "z": 0}, "pseudonym": 5}, {"time": 120.40999999061226, "location": {"x": 882.1319598510577,