{"timestamp": 119.99999999977648, "ITS_PDU_Header": {"tmp": "tmp"}, "Basic_Container": {"tmp": "tmp"}, "HF_Container": {"sumo_id": "379", "location": [-545.5648193359375, 2.0], "speed": [-54556.48315302617, 200.00000447034847, 0], "yaw": 0.0}, "LF_Container": {"tmp": "tmp"}, "Special_Vehicle_Container": {"tmp": "tmp"}, "option": {"size": 190, "type": "CAM"}}
{"timestamp": 119.99999999977648, "ITS_PDU_Header": {"tmp": "tmp"}, "Management_Container": {"tmp": "tmp"}, "Station_Data_Container": {"sumo_id": "379", "location": [-545.5648193359375, 2.0], "speed": [-54556.48315302617, 200.00000447034847, 0], "yaw": 0.0}, "Sensor_Information_Container": [0, 1, 2, 3], "Perceived_Object_Container": [{"time": 119.99999999977648, "location": {"x": -568.6909303995176, "y": 2.1036198416503105}, "speed": {"x": -56937.65996406212, "y": 200.00000447034847, "z": 0}, "pseudonym": 0}], "option": {"size": 296, "type": "CPM"}}
{"timestamp": 120.10999999731779, "ITS_PDU_Header": {"tmp": "tmp"}, "Basic_Container": {"tmp": "tmp"}, "HF_Container": {"sumo_id": "379", "location": [-544.0103759765625, 2.0], "speed": [15.551758160108882, 0.0, 0], "yaw": 0.0}, "LF_Container": {"tmp": "tmp"}, "Special_Vehicle_Container": {"tmp": "tmp"}, "option": {"size": 190, "type": "CAM"}}
{"timestamp": 120.10999999731779, "ITS_PDU_Header": {"tmp": "tmp"}, "Management_Container": {"tmp": "tmp"}, "Station_Data_Container": {"sumo_id": "379", "location": [-544.0103759765625, 2.0], "speed": [15.551758160108882, 0.0, 0], "yaw": 0.0}, "Sensor_Information_Container": [0, 1, 2, 3], "Perceived_Object_Container": [{"time": 120.10999999731779, "location": {"x": -547.6224918973401, "y": -5.144444424734967}, "speed": {"x": -13.977051093661437, "y": 0.0, "z": 0}, "pseudonym": 1}, {"time": 120.10999999731779, "location": {"x": -536.8404615235403, "y": -8.756061914352221}, "speed": {"x": -16.632080449880966, "y": 0.0, "z": 0}, "pseudonym": 2}], "option": {"size": 331, "type": "CPM"}}
{"timestamp": 120.11999999709427, "ITS_PDU_Header": {"tmp": "tmp"}, "Management_Container": {"tmp": "tmp"}, "Station_Data_Container": {"sumo_id": "379", "location": [-543.8548583984375, 2.0], "speed": [15.551758160108882, 0.0, 0], "yaw": 0.0}, "Sensor_Information_Container": [0, 1, 2, 3], "Perceived_Object_Container": [{"time": 120.10999999731779, "location": {"x": -559.9700649942063, "y": -5.443857734387153}, "speed": {"x": -16.656494512926663, "y": 0.0, "z": 0}, "pseudonym": 3}, {"time": 120.10999999731779, "location": {"x": -567.3419320428126, "y": 1.8296104917006897}, "speed": {"x": 13.87939484147865, "y": 0.0, "z": 0}, "pseudonym": 4}, {"time": 120.10999999731779, "location": {"x": -612.5782247149554, "y": 5.59287295200883}, "speed": {"x": 16.41845739823112, "y": 0.0, "z": 0}, "pseudonym": 5}, {"time": 120.10999999731779, "location": {"x": -567.4952483991517, "y": -1.6228214178276141}, "speed": {"x": -12.664795204955233, "y": 0.0, "z": 0}, "pseudonym": 6}, {"time": 120.10999999731779, "location": {"x": -596.0185367598498, "y": 9.5556388436854}, "speed": {"x": 15.222168308991975, "y": 0.0, "z": 0}, "pseudonym": 7}, {"time": 120.10999999731779, "location": {"x": -563.4538197913878, "y": 4.916070244191891}, "speed": {"x": 16.687012091733784, "y": 0.0, "z": 0}, "pseudonym": 8}, {"time": 120.10999999731779, "location": {"x": -630.4252159413918, "y": -1.1425732689001724}, "speed": {"x": -12.158203396757022, "y": 0.0, "z": 0}, "pseudonym": 9}, {"time": 120.10999999731779, "location": {"x": -550.0174137413303, "y": 9.510877881301566}, "speed": {"x": 14.971924162773583, "y": 0.0, "z": 0}, "pseudonym": 10}, {"time": 120.10999999731779, "location": {"x": -522.7262147528728, "y": -1.8644570399430576}, "speed": {"x": -15.106201509524915, "y": 0.0, "z": 0}, "pseudonym": 11}, {"time": 120.10999999731779, "location": {"x": -533.9744823597945, "y": 4.922206629381892}, "speed": {"x": 16.22924840962697, "y": 0.0, "z": 0}, "pseudonym": 12}, {"time": 120.10999999731779, "location": {"x": -522.6281874035375, "y": 2.0970246847722707}, "speed": {"x": 15.734863632951608, "y": 0.0, "z": 0}, "pseudonym": 13}, {"time": 120.10999999731779, "location": {"x": -450.019145162223, "y": 9.71312248997128}, "speed": {"x": 15.820312853611547, "y": 0.0, "z": 0}, "pseudonym": 14}, {"time": 120.10999999731779, "location": {"x": -454.867029766301, "y": -2.4578488127876437}, "speed": {"x": -15.124512056809188, "y": 0.0, "z": 0}, "pseudonym": 15}, {"time": 120.10999999731779, "location": {"x": -477.3354583351686, "y": -1.5836570227735025}, "speed": {"x": -15.109253267405627, "y": 0.0, "z": 0}, "pseudonym": 16}, {"time": 120.10999999731779, "location": {"x": -412.3495664106151, "y": 6.206151513925633}, "speed": {"x": 16.66870154444951, "y": 0.0, "z": 0}, "pseudonym": 17}, {"time": 120.10999999731779, "location": {"x": -407.788041454501, "y": -9.00197647360762}, "speed": {"x": -9.39636251471257, "y": 0.0, "z": 0}, "pseudonym": 18}], "option": {"size": 821, "type": "CPM"}}
{"timestamp": 120.2199999948591, "ITS_PDU_Header": {"tmp": "tmp"}, "Management_Container": {"tmp": "tmp"}, "Station_Data_Container": {"sumo_id": "379", "location": [-542.2989501953125, 2.0], "speed": [15.56396519163173, 0.0, 0], "yaw": 0.0}, "Sensor_Information_Container": [0, 1, 2, 3], "Perceived_Object_Container": [{"time": 120.20999999508261, "location": {"x": -652.151282790462, "y": 9.279675734044542}, "speed": {"x": 4.589843852591005, "y": 0.0, "z": 0}, "pseudonym": 19}, {"time": 120.20999999508261, "location": {"x": -634.6106356451457, "y": 5.689605931238681}, "speed": {"x": 16.339111693332605, "y": 0.0, "z": 0}, "pseudonym": 20}, {"time": 120.20999999508261, "location": {"x": -648.9470354983769, "y": -9.817162978682491}, "speed": {"x": -16.17431676777415, "y": 0.0, "z": 0}, "pseudonym": 21}, {"time": 120.20999999508261, "location": {"x": -433.5241320832746, "y": -2.150211096965675}, "speed": {"x": -15.1275638146899, "y": 0.0, "z": 0}, "pseudonym": 22}, {"time": 120.20999999508261, "location": {"x": -481.6710651001232, "y": 4.91534214662232}, "speed": {"x": 16.632080449880966, "y": 0.0, "z": 0}, "pseudonym": 23}, {"time": 120.20999999508261, "location": {"x": -477.2461808053574, "y": -8.66034816975673}, "speed": {"x": -16.97082557464001, "y": 0.0, "z": 0}, "pseudonym": 24}, {"time": 120.20999999508261, "location": {"x": -411.0067513289331, "y": -2.0374926653811123}, "speed": {"x": -15.130615572570612, "y": 0.0, "z": 0}, "pseudonym": 25}], "option": {"size": 506, "type": "CPM"}}
{"timestamp": 120.36999999150633, "ITS_PDU_Header": {"tmp": "tmp"}, "Basic_Container": {"tmp": "tmp"}, "HF_Container": {"sumo_id": "379", "location": [-539.9633178710938, 2.0], "speed": [15.582275738916003, 0.0, 0], "yaw": 0.0}, "LF_Container": {"tmp": "tmp"}, "Special_Vehicle_Container": {"tmp": "tmp"}, "option": {"size": 190, "type": "CAM"}}
{"timestamp": 120.41999999038875, "ITS_PDU_Header": {"tmp": "tmp"}, "Management_Container": {"tmp": "tmp"}, "Station_Data_Container": {"sumo_id": "379", "location": [-539.184326171875, 2.0], "speed": [15.576172223154579, 0.0, 0], "yaw": 0.0}, "Sensor_Information_Container": [0, 1, 2, 3], "Perceived_Object_Container": [{"time": 120.40999999061226, "location": {"x": -612.8716614313396, "y": -1.1659197722485959}, "speed": {"x": -12.274170196224082, "y": 0.0, "z": 0}, "pseudonym": 26}, {"time": 120.40999999061226, "location": {"x": -410.7041844549728, "y": -9.08131807763042}, "speed": {"x": -10.015869364497126, "y": 0.0, "z": 0}, "pseudonym": 18}], "option": {"size": 331, "type": "CPM"}}
{"timestamp": 120.50999998837709, "ITS_PDU_Header": {"tmp": "tmp"}, "Management_Container": {"tmp": "tmp"}, "Station_Data_Container": {"sumo_id": "379", "location": [-537.781494140625, 2.0], "speed": [15.588379254677427, 0.0, 0], "yaw": 0.0}, "Sensor_Information_Container": [0, 1, 2, 3], "Perceived_Object_Container": [{"time": 120.50999998837709, "location": {"x": -651.267260786406, "y": 9.866151081489626}, "speed": {"x": 5.181884881449153, "y": 0.0, "z": 0}, "pseudonym": 19}, {"time": 120.50999998837709,