{"timestamp": 119.99999999977648, "ITS_PDU_Header": {"tmp": "tmp"}, "Basic_Container": {"tmp": "tmp"}, "HF_Container": {"sumo_id": "401", "location": [626.0604248046875, 2.0], "speed": [62606.04387982288, 200.00000447034847, 0], "yaw": 0.0}, "LF_Container": {"tmp": "tmp"}, "Special_Vehicle_Container": {"tmp": "tmp"}, "option": {"size": 190, "type": "CAM"}}
{"timestamp": 119.99999999977648, "ITS_PDU_Header": {"tmp": "tmp"}, "Management_Container": {"tmp": "tmp"}, "Station_Data_Container": {"sumo_id": "401", "location": [626.0604248046875, 2.0], "speed": [62606.04387982288, 200.00000447034847, 0], "yaw": 0.0}, "Sensor_Information_Container": [0, 1, 2, 3], "Perceived_Object_Container": [{"time": 119.99999999977648, "location": {"x": 626.0288137603684, "y": -5.084132983988311}, "speed": {"x": 62600.0746414082, "y": -575.0000128522519, "z": 0}, "pseudonym": 0}, {"time": 119.99999999977648, "location": {"x": 603.4981148713562, "y": -5.1839846905932365}, "speed": {"x": 60194.53259545265, "y": -575.0000128522519, "z": 0}, "pseudonym": 1}], "option": {"size": 331, "type": "CPM"}}
{"timestamp": 120.10999999731779, "ITS_PDU_Header": {"tmp": "tmp"}, "Basic_Container": {"tmp": "tmp"}, "HF_Container": {"sumo_id": "401", "location": [627.4505615234375, 2.0], "speed": [13.928222967570044, 0.0, 0], "yaw": 0.0}, "LF_Container": {"tmp": "tmp"}, "Special_Vehicle_Container": {"tmp": "tmp"}, "option": {"size": 190, "type": "CAM"}}
{"timestamp": 120.10999999731779, "ITS_PDU_Header": {"tmp": "tmp"}, "Management_Container": {"tmp": "tmp"}, "Station_Data_Container": {"sumo_id": "401", "location": [627.4505615234375, 2.0], "speed": [13.928222967570044, 0.0, 0], "yaw": 0.0}, "Sensor_Information_Container": [0, 1, 2, 3], "Perceived_Object_Container": [{"time": 120.10999999731779, "location": {"x": 628.6132380392437, "y": 8.654166837666374}, "speed": {"x": 16.625976934119542, "y": 0.0, "z": 0}, "pseudonym": 2}, {"time": 120.10999999731779, "location": {"x": 625.1831910516395, "y": -5.197719756471659}, "speed": {"x": -16.589355839550997, "y": 0.0, "z": 0}, "pseudonym": 3}], "option": {"size": 331, "type": "CPM"}}
{"timestamp": 120.11999999709427, "ITS_PDU_Header": {"tmp": "tmp"}, "Management_Container": {"tmp": "tmp"}, "Station_Data_Container": {"sumo_id": "401", "location": [627.5899658203125, 2.0], "speed": [13.940429999092892, 0.0, 0], "yaw": 0.0}, "Sensor_Information_Container": [0, 1, 2, 3], "Perceived_Object_Container": [{"time": 120.10999999731779, "location": {"x": 633.8335389183816, "y": 5.2865319477242325}, "speed": {"x": 14.727783532316614, "y": 0.0, "z": 0}, "pseudonym": 4}, {"time": 120.10999999731779, "location": {"x": 658.0954810862142, "y": 4.909583298514152}, "speed": {"x": 14.739990563839463, "y": 0.0, "z": 0}, "pseudonym": 5}, {"time": 120.10999999731779, "location": {"x": 658.1426787524608, "y": -4.926192818838001}, "speed": {"x": -16.49169958736821, "y": 0.0, "z": 0}, "pseudonym": 6}, {"time": 120.10999999731779, "location": {"x": 637.6122519372499, "y": -1.7664495638006876}, "speed": {"x": -7.714843922440199, "y": 0.0, "z": 0}, "pseudonym": 7}, {"time": 120.10999999731779, "location": {"x": 639.0897118515752, "y": -1.4128426124646927}, "speed": {"x": -7.714843922440199, "y": 0.0, "z": 0}, "pseudonym": 7}, {"time": 120.10999999731779, "location": {"x": 655.8153463156132, "y": -4.912162043413698}, "speed": {"x": -16.49169958736821, "y": 0.0, "z": 0}, "pseudonym": 8}, {"time": 120.10999999731779, "location": {"x": 696.2814682629087, "y": -6.084276392110839}, "speed": {"x": -16.198730830819848, "y": 0.0, "z": 0}, "pseudonym": 9}, {"time": 120.10999999731779, "location": {"x": 705.9232819414602, "y": -2.028602280083155}, "speed": {"x": -9.747314670994461, "y": 0.0, "z": 0}, "pseudonym": 10}, {"time": 120.10999999731779, "location": {"x": 653.4749179866237, "y": -2.0331423787614207}, "speed": {"x": -7.971191584420016, "y": 0.0, "z": 0}, "pseudonym": 11}, {"time": 120.10999999731779, "location": {"x": 669.9187860633176, "y": -1.5659725787838876}, "speed": {"x": -8.184814636069863, "y": 0.0, "z": 0}, "pseudonym": 12}, {"time": 120.10999999731779, "location": {"x": 648.5116721076676, "y": 2.863022255960188}, "speed": {"x": 14.25781281868695, "y": 0.0, "z": 0}, "pseudonym": 13}, {"time": 120.10999999731779, "location": {"x": 686.9526245331639, "y": -1.253765301629981}, "speed": {"x": -8.764648633405162, "y": 0.0, "z": 0}, "pseudonym": 14}, {"time": 120.10999999731779, "location": {"x": 591.5288949943483, "y": -1.2514067188031412}, "speed": {"x": -6.8969728104093555, "y": 0.0, "z": 0}, "pseudonym": 15}, {"time": 120.10999999731779, "location": {"x": 601.5484936808526, "y": -5.52269844598262}, "speed": {"x": -16.601562871073845, "y": 0.0, "z": 0}, "pseudonym": 16}, {"time": 120.10999999731779, "location": {"x": 577.9879157392209, "y": -1.435348350291483}, "speed": {"x": -6.701660306043781, "y": 0.0, "z": 0}, "pseudonym": 17}, {"time": 120.10999999731779, "location": {"x": 621.3199058118246, "y": -1.1641006836441932}, "speed": {"x": -7.446289228937534, "y": 0.0, "z": 0}, "pseudonym": 18}, {"time": 120.10999999731779, "location": {"x": 563.5562681328488, "y": -1.7108423784188151}, "speed": {"x": -6.640625148429539, "y": 0.0, "z": 0}, "pseudonym": 19}, {"time": 120.10999999731779, "location": {"x": 578.710906401964, "y": -1.818063530860637}, "speed": {"x": -6.701660306043781, "y": 0.0, "z": 0}, "pseudonym": 17}, {"time": 120.10999999731779, "location": {"x": 560.6012885020992, "y": 9.783717209421969}, "speed": {"x": 16.656494512926663, "y": 0.0, "z": 0}, "pseudonym": 20}, {"time": 120.10999999731779, "location": {"x": 604.9700763353142, "y": -9.105582933798784}, "speed": {"x": -11.645508072797389, "y": 0.0, "z": 0}, "pseudonym": 21}, {"time": 120.10999999731779, "location": {"x": 606.2306269221303, "y": 5.574274186152125}, "speed": {"x": 16.149902704728454, "y": 0.0, "z": 0}, "pseudonym": 22}, {"time": 120.10999999731779, "location": {"x": 582.4209725937892, "y": 5.797566921244502}, "speed": {"x": 16.223144893865545, "y": 0.0, "z": 0}, "pseudonym": 23}, {"time": 120.10999999731779, "location": {"x": 558.2883046866118, "y": 5.722801209452069}, "speed": {"x": 16.296387083002635, "y": 0.0, "z": 0}, "pseudonym": 24}, {"time": 120.10999999731779, "location": {"x": 577.5355290455178, "y": -5.635480917340585}, "speed": {"x": -16.589355839550997, "y": 0.0, "z": 0}, "pseudonym": 25}, {"time": 120.10999999731779, "location": {"x": 604.5105557902755, "y": 5.11943119758886}, "speed": {"x": 16.149902704728454, "y": 0.0, "z": 0}, "pseudonym": 22}, {"time": 120.10999999731779, "location": {"x": 585.9508810975913, "y": -8.615937218967957}, "speed": {"x": -11.816406514117267, "y": 0.0, "z": 0}, "pseudonym": 26}], "option": {"size": 1171, "type": "CPM"}}
{"timestamp": 120.20999999508261, "ITS_PDU_Header": {"tmp": "tmp"}, "Management_Container": {"tmp": "tmp"}, "Station_Data_Container": {"sumo_id": "401", "location": [628.84716796875, 2.0], "speed": [14.001465156707134, 0.0, 0], "yaw": 0.0}, "Sensor_Information_Container": [0, 1, 2, 3], "Perceived_Object_Container": [{"time": 120.20999999508261, "location": {"x": 672.0157022397159, "y": -8.651138217535653}, "speed": {"x": -13.977051093661437, "y": 0.0, "z": 0}, "pseudonym": 27}, {"time": 120.20999999508261, "location": {"x": 656.9696030709158, "y": 4.926219106234569}, "speed": {"x": 14.733887048078039, "y": 0.0, "z": 0}, "pseudonym": 28}], "option": {"size": 331, "type": "CPM"}}
{"timestamp": 120.2199999948591, "ITS_PDU_Header": {"tmp": "tmp"}, "Management_Container": {"tmp": "tmp"}, "Station_Data_Container": {"sumo_id": "401", "location": [628.9873046875, 2.0], "speed": [14.013672188229982, 0.0, 0], "yaw": 0.0}, "Sensor_Information_Container": [0, 1, 2, 3], "Perceived_Object_Container": [{"time": 120.20999999508261, "location": {"x": 530.8215464930444, "y": 8.487098897555567}, "speed": {"x": 13.134765918584897, "y": 0.0, "z": 0}, "pseudonym": 29}, {"time": 120.20999999508261, "location": {"x": 566.385926518791, "y": -8.449983128539708},