{"timestamp": 119.99999999977648, "ITS_PDU_Header": {"tmp": "tmp"}, "Basic_Container": {"tmp": "tmp"}, "HF_Container": {"sumo_id": "426", "location": [884.7604370117188, -5.75], "speed": [88476.0456787656, -575.0000128522519, 0], "yaw": -179.99996948242188}, "LF_Container": {"tmp": "tmp"}, "Special_Vehicle_Container": {"tmp": "tmp"}, "option": {"size": 190, "type": "CAM"}}
{"timestamp": 119.99999999977648, "ITS_PDU_Header": {"tmp": "tmp"}, "Management_Container": {"tmp": "tmp"}, "Station_Data_Container": {"sumo_id": "426", "location": [884.7604370117188, -5.75], "speed": [88476.0456787656, -575.0000128522519, 0], "yaw": -179.99996948242188}, "Sensor_Information_Container": [0, 1, 2, 3], "Perceived_Object_Container": [{"time": 119.99999999977648, "location": {"x": 888.3381566916852, "y": 8.619990073769378}, "speed": {"x": 88944.5698591598, "y": 925.0000206753616, "z": 0}, "pseudonym": 0}], "option": {"size": 296, "type": "CPM"}}
{"timestamp": 120.10999999731779, "ITS_PDU_Header": {"tmp": "tmp"}, "Basic_Container": {"tmp": "tmp"}, "HF_Container": {"sumo_id": "426", "location": [883.7291259765625, -5.75], "speed": [-10.400390857466851, 0.0, 0], "yaw": -179.99996948242188}, "LF_Container": {"tmp": "tmp"}, "Special_Vehicle_Container": {"tmp": "tmp"}, "option": {"size": 190, "type": "CAM"}}
{"timestamp": 120.10999999731779, "ITS_PDU_Header": {"tmp": "tmp"}, "Management_Container": {"tmp": "tmp"}, "Station_Data_Container": {"sumo_id": "426", "location": [883.7291259765625, -5.75], "speed": [-10.400390857466851, 0.0, 0], "yaw": -179.99996948242188}, "Sensor_Information_Container": [0, 1, 2, 3], "Perceived_Object_Container": [{"time": 120.10999999731779, "location": {"x": 890.5733516868389, "y": 8.634811817905522}, "speed": {"x": 16.717529670540905, "y": 0.0, "z": 0}, "pseudonym": 1}, {"time": 120.10999999731779, "location": {"x": 879.3189616140481, "y": 5.218164108610819}, "speed": {"x": 16.656494512926663, "y": 0.0, "z": 0}, "pseudonym": 2}], "option": {"size": 331, "type": "CPM"}}
{"timestamp": 120.11999999709427, "ITS_PDU_Header": {"tmp": "tmp"}, "Management_Container": {"tmp": "tmp"}, "Station_Data_Container": {"sumo_id": "426", "location": [883.625, -5.75], "speed": [-10.4125978889897, 0.0, 0], "yaw": -179.99996948242188}, "Sensor_Information_Container": [0, 1, 2, 3], "Perceived_Object_Container": [{"time": 120.10999999731779, "location": {"x": 899.8467752417064, "y": -9.14403686669684}, "speed": {"x": -0.19531250436557468, "y": 0.0, "z": 0}, "pseudonym": 3}, {"time": 120.10999999731779, "location": {"x": 954.8399288909111, "y": 1.845645248435547}, "speed": {"x": 4.284668064519794, "y": 0.0, "z": 0}, "pseudonym": 4}, {"time": 120.10999999731779, "location": {"x": 930.6206685082875, "y": -2.1251937318900236}, "speed": {"x": -8.32519549858262, "y": 0.0, "z": 0}, "pseudonym": 5}, {"time": 120.10999999731779, "location": {"x": 895.581033570792, "y": -2.074153113072664}, "speed": {"x": -7.3120118821862015, "y": 0.0, "z": 0}, "pseudonym": 6}, {"time": 120.10999999731779, "location": {"x": 975.4067403150498, "y": -2.1505524229224955}, "speed": {"x": -7.507324386551776, "y": 0.0, "z": 0}, "pseudonym": 7}, {"time": 120.10999999731779, "location": {"x": 944.6793190875715, "y": -2.3451741756789595}, "speed": {"x": -7.6416017333031085, "y": 0.0, "z": 0}, "pseudonym": 8}, {"time": 120.10999999731779, "location": {"x": 925.8422394502619, "y": 5.8920284555272}, "speed": {"x": 16.656494512926663, "y": 0.0, "z": 0}, "pseudonym": 9}, {"time": 120.10999999731779, "location": {"x": 917.107165665717, "y": -5.665421468683658}, "speed": {"x": -9.985351785690005, "y": 0.0, "z": 0}, "pseudonym": 10}, {"time": 120.10999999731779, "location": {"x": 910.5905870864269, "y": -1.7420158674593424}, "speed": {"x": -7.507324386551776, "y": 0.0, "z": 0}, "pseudonym": 11}, {"time": 120.10999999731779, "location": {"x": 902.9536448055126, "y": 2.0831358501415433}, "speed": {"x": 5.664062626601665, "y": 0.0, "z": 0}, "pseudonym": 12}, {"time": 120.10999999731779, "location": {"x": 918.0559295502138, "y": 1.115040867046229}, "speed": {"x": 5.218505976017698, "y": 0.0, "z": 0}, "pseudonym": 13}, {"time": 120.10999999731779, "location": {"x": 848.1546586437231, "y": -9.062909399239857}, "speed": {"x": -15.197754245946278, "y": 0.0, "z": 0}, "pseudonym": 14}, {"time": 120.10999999731779, "location": {"x": 857.9595080963904, "y": 1.3962728990913593}, "speed": {"x": 7.159423988150596, "y": 0.0, "z": 0}, "pseudonym": 15}, {"time": 120.10999999731779, "location": {"x": 865.4794775068729, "y": -5.926156269170202}, "speed": {"x": -10.015869364497126, "y": 0.0, "z": 0}, "pseudonym": 16}, {"time": 120.10999999731779, "location": {"x": 859.850666434015, "y": 1.8878573509346022}, "speed": {"x": 7.159423988150596, "y": 0.0, "z": 0}, "pseudonym": 17}, {"time": 120.10999999731779, "location": {"x": 864.4675615338896, "y": -2.8292010947390183}, "speed": {"x": -3.9978028237328562, "y": 0.0, "z": 0}, "pseudonym": 18}, {"time": 120.10999999731779, "location": {"x": 873.5553070718456, "y": 1.3597593688932479}, "speed": {"x": 6.665039211475236, "y": 0.0, "z": 0}, "pseudonym": 19}, {"time": 120.10999999731779, "location": {"x": 863.6524521518211, "y": -6.567372804428296}, "speed": {"x": -10.015869364497126, "y": 0.0, "z": 0}, "pseudonym": 20}], "option": {"size": 891, "type": "CPM"}}
{"timestamp": 120.2199999948591, "ITS_PDU_Header": {"tmp": "tmp"}, "Management_Container": {"tmp": "tmp"}, "Station_Data_Container": {"sumo_id": "426", "location": [882.572265625, -5.75], "speed": [-10.607910393355274, 0.0, 0], "yaw": -179.99996948242188}, "Sensor_Information_Container": [0, 1, 2, 3], "Perceived_Object_Container": [{"time": 120.20999999508261, "location": {"x": 830.2359146182221, "y": -2.4681895719553735}, "speed": {"x": -3.460693436727526, "y": 0.0, "z": 0}, "pseudonym": 21}, {"time": 120.20999999508261, "location": {"x": 865.0564261489283, "y": -2.821140452743886}, "speed": {"x": -3.967285244925735, "y": 0.0, "z": 0}, "pseudonym": 22}, {"time": 120.20999999508261, "location": {"x": 966.2923715262197, "y": 2.3289541867166275}, "speed": {"x": 4.11987313896134, "y": 0.0, "z": 0}, "pseudonym": 23}, {"time": 120.20999999508261, "location": {"x": 932.5340610583554, "y": 8.618875960857688}, "speed": {"x": 16.66870154444951, "y": 0.0, "z": 0}, "pseudonym": 24}], "option": {"size": 401, "type": "CPM"}}
{"timestamp": 120.31999999262392, "ITS_PDU_Header": {"tmp": "tmp"}, "Management_Container": {"tmp": "tmp"}, "Station_Data_Container": {"sumo_id": "426", "location": [881.5008544921875, -5.75], "speed": [-10.784912350436576, 0.0, 0], "yaw": -179.99996948242188}, "Sensor_Information_Container": [0, 1, 2, 3], "Perceived_Object_Container": [{"time": 120.30999999284744, "location": {"x": 899.9166960876604, "y": -9.000221416987667}, "speed": {"x": -0.6958007968023597, "y": 0.0, "z": 0}, "pseudonym": 3}, {"time": 120.30999999284744, "location": {"x": 840.3674527143517, "y": -2.7561820057491295}, "speed": {"x": -3.8208008666515543, "y": 0.0, "z": 0}, "pseudonym": 25}, {"time": 120.30999999284744, "location": {"x": 839.3746847946823, "y": -2.9221194335457783}, "speed": {"x": -3.8208008666515543, "y": 0.0, "z": 0}, "pseudonym": 25}], "option": {"size": 366, "type": "CPM"}}
{"timestamp": 120.3899999910593, "ITS_PDU_Header": {"tmp": "tmp"}, "Basic_Container": {"tmp": "tmp"}, "HF_Container": {"sumo_id": "426", "location": [880.740234375, -5.75], "speed": [-10.913086181426484, 0.0, 0], "yaw": -179.99996948242188}, "LF_Container": {"tmp": "tmp"}, "Special_Vehicle_Container": {"tmp": "tmp"}, "option": {"size": 190, "type": "CAM"}}
{"timestamp": 120.41999999038875, "ITS_PDU_Header": {"tmp": "tmp"}, "Management_Container": {"tmp": "tmp"}, "Station_Data_Container": {"sumo_id": "426", "location": [880.411376953125, -5.75], "speed": [-10.968017823279302, 0.0, 0], "yaw": -179.99996948242188}, "Sensor_Information_Container": [0, 1, 2, 3], "Perceived_Object_Container": [{"time": 120.40999999061226, "location": {"x": 878.1042168154044,