{"timestamp": 119.99999999977648, "ITS_PDU_Header": {"tmp": "tmp"}, "Basic_Container": {"tmp": "tmp"}, "HF_Container": {"sumo_id": "42", "location": [-535.1522216796875, 5.75], "speed": [-53515.2233641272, 575.0000128522519, 0], "yaw": 0.0}, "LF_Container": {"tmp": "tmp"}, "Special_Vehicle_Container": {"tmp": "tmp"}, "option": {"size": 190, "type": "CAM"}}
{"timestamp": 119.99999999977648, "ITS_PDU_Header": {"tmp": "tmp"}, "Management_Container": {"tmp": "tmp"}, "Station_Data_Container": {"sumo_id": "42", "location": [-535.1522216796875, 5.75], "speed": [-53515.2233641272, 575.0000128522519, 0], "yaw": 0.0}, "Sensor_Information_Container": [0, 1, 2, 3], "Perceived_Object_Container": [{"time": 119.99999999977648, "location": {"x": -520.6878760612991, "y": -1.3127516099955718}, "speed": {"x": -52087.42181854148, "y": -200.00000447034847, "z": 0}, "pseudonym": 0}], "option": {"size": 296, "type": "CPM"}}
{"timestamp": 120.10999999731779, "ITS_PDU_Header": {"tmp": "tmp"}, "Basic_Container": {"tmp": "tmp"}, "HF_Container": {"sumo_id": "42", "location": [-533.5291748046875, 5.75], "speed": [16.22924840962697, 0.0, 0], "yaw": 0.0}, "LF_Container": {"tmp": "tmp"}, "Special_Vehicle_Container": {"tmp": "tmp"}, "option": {"size": 190, "type": "CAM"}}
{"timestamp": 120.10999999731779, "ITS_PDU_Header": {"tmp": "tmp"}, "Management_Container": {"tmp": "tmp"}, "Station_Data_Container": {"sumo_id": "42", "location": [-533.5291748046875, 5.75], "speed": [16.22924840962697, 0.0, 0], "yaw": 0.0}, "Sensor_Information_Container": [0, 1, 2, 3], "Perceived_Object_Container": [{"time": 120.10999999731779, "location": {"x": -536.4145108729521, "y": -8.664764081973562}, "speed": {"x": -16.632080449880966, "y": 0.0, "z": 0}, "pseudonym": 1}], "option": {"size": 296, "type": "CPM"}}
{"timestamp": 120.11999999709427, "ITS_PDU_Header": {"tmp": "tmp"}, "Management_Container": {"tmp": "tmp"}, "Station_Data_Container": {"sumo_id": "42", "location": [-533.3668212890625, 5.75], "speed": [16.235351925388393, 0.0, 0], "yaw": 0.0}, "Sensor_Information_Container": [0, 1, 2, 3], "Perceived_Object_Container": [{"time": 120.10999999731779, "location": {"x": -547.917027510874, "y": -5.053535326365267}, "speed": {"x": -13.977051093661437, "y": 0.0, "z": 0}, "pseudonym": 2}, {"time": 120.10999999731779, "location": {"x": -567.3628839651612, "y": 2.4909941271864495}, "speed": {"x": 13.87939484147865, "y": 0.0, "z": 0}, "pseudonym": 3}, {"time": 120.10999999731779, "location": {"x": -550.270895615368, "y": 9.116820083863338}, "speed": {"x": 14.971924162773583, "y": 0.0, "z": 0}, "pseudonym": 4}, {"time": 120.10999999731779, "location": {"x": -543.5149040308369, "y": 2.230770610628845}, "speed": {"x": 15.551758160108882, "y": 0.0, "z": 0}, "pseudonym": 5}, {"time": 120.10999999731779, "location": {"x": -588.936115406609, "y": 2.03469356137352}, "speed": {"x": 13.885498357240074, "y": 0.0, "z": 0}, "pseudonym": 6}, {"time": 120.10999999731779, "location": {"x": -610.0831372651147, "y": 2.225623481851375}, "speed": {"x": 13.830566715387256, "y": 0.0, "z": 0}, "pseudonym": 7}, {"time": 120.10999999731779, "location": {"x": -634.1675932095076, "y": 2.1891708465172535}, "speed": {"x": 13.000488571833564, "y": 0.0, "z": 0}, "pseudonym": 8}, {"time": 120.10999999731779, "location": {"x": -596.0117347659456, "y": 9.011892722627765}, "speed": {"x": 15.222168308991975, "y": 0.0, "z": 0}, "pseudonym": 9}, {"time": 120.10999999731779, "location": {"x": -624.6950984153177, "y": -8.467281432730802}, "speed": {"x": -16.125488641682757, "y": 0.0, "z": 0}, "pseudonym": 10}, {"time": 120.10999999731779, "location": {"x": -566.9444390327549, "y": -2.0954183907767088}, "speed": {"x": -12.664795204955233, "y": 0.0, "z": 0}, "pseudonym": 11}, {"time": 120.10999999731779, "location": {"x": -587.6064077930364, "y": -9.242612162224722}, "speed": {"x": -16.815185922723693, "y": 0.0, "z": 0}, "pseudonym": 12}, {"time": 120.10999999731779, "location": {"x": -522.3112199398389, "y": -1.398782335923187}, "speed": {"x": -15.106201509524915, "y": 0.0, "z": 0}, "pseudonym": 13}, {"time": 120.10999999731779, "location": {"x": -524.4683846190245, "y": 8.424943301193613}, "speed": {"x": 13.616943663737409, "y": 0.0, "z": 0}, "pseudonym": 14}, {"time": 120.10999999731779, "location": {"x": -523.1127116329496, "y": 8.416032114253746}, "speed": {"x": 13.616943663737409, "y": 0.0, "z": 0}, "pseudonym": 14}, {"time": 120.10999999731779, "location": {"x": -449.9267289850025, "y": 9.022994179573805}, "speed": {"x": 15.820312853611547, "y": 0.0, "z": 0}, "pseudonym": 15}, {"time": 120.10999999731779, "location": {"x": -522.4104582629054, "y": 2.2707862645805887}, "speed": {"x": 15.734863632951608, "y": 0.0, "z": 0}, "pseudonym": 16}, {"time": 120.10999999731779, "location": {"x": -475.83472038103355, "y": -9.000782201459874}, "speed": {"x": -16.95861854311716, "y": 0.0, "z": 0}, "pseudonym": 17}, {"time": 120.10999999731779, "location": {"x": -406.99934130910424, "y": 2.57833615578247}, "speed": {"x": 16.17126500989344, "y": 0.0, "z": 0}, "pseudonym": 18}, {"time": 120.10999999731779, "location": {"x": -499.5440670961053, "y": 2.829115272113956}, "speed": {"x": 15.890503284867926, "y": 0.0, "z": 0}, "pseudonym": 19}, {"time": 120.10999999731779, "location": {"x": -477.32838919959624, "y": -2.445440900931379}, "speed": {"x": -15.109253267405627, "y": 0.0, "z": 0}, "pseudonym": 20}, {"time": 120.10999999731779, "location": {"x": -499.4357614812738, "y": -2.0009456308410334}, "speed": {"x": -15.106201509524915, "y": 0.0, "z": 0}, "pseudonym": 21}, {"time": 120.10999999731779, "location": {"x": -431.9468536524712, "y": -2.4019767820630875}, "speed": {"x": -15.124512056809188, "y": 0.0, "z": 0}, "pseudonym": 22}, {"time": 120.10999999731779, "location": {"x": -476.37591134392676, "y": 2.630307783963511}, "speed": {"x": 16.006470084334985, "y": 0.0, "z": 0}, "pseudonym": 23}], "option": {"size": 1066, "type": "CPM"}}
{"timestamp": 120.2199999948591, "ITS_PDU_Header": {"tmp": "tmp"}, "Management_Container": {"tmp": "tmp"}, "Station_Data_Container": {"sumo_id": "42", "location": [-531.74365234375, 5.75], "speed": [16.235351925388393, 0.0, 0], "yaw": 0.0}, "Sensor_Information_Container": [0, 1, 2, 3], "Perceived_Object_Container": [{"time": 120.20999999508261, "location": {"x": -451.7873455744076, "y": 2.723293283370918}, "speed": {"x": 16.357422240616877, "y": 0.0, "z": 0}, "pseudonym": 24}, {"time": 120.20999999508261, "location": {"x": -399.5098986915297, "y": 8.424860332955328}, "speed": {"x": 16.94030799583289, "y": 0.0, "z": 0}, "pseudonym": 25}, {"time": 120.20999999508261, "location": {"x": -550.5328894078219, "y": 8.486457019679225}, "speed": {"x": 15.075683930717794, "y": 0.0, "z": 0}, "pseudonym": 26}], "option": {"size": 366, "type": "CPM"}}
{"timestamp": 120.31999999262392, "ITS_PDU_Header": {"tmp": "tmp"}, "Management_Container": {"tmp": "tmp"}, "Station_Data_Container": {"sumo_id": "42", "location": [-530.12060546875, 5.75], "speed": [16.223144893865545, 0.0, 0], "yaw": 0.0}, "Sensor_Information_Container": [0, 1, 2, 3], "Perceived_Object_Container": [{"time": 120.30999999284744, "location": {"x": -611.7307739165191, "y": -1.1649095849740672}, "speed": {"x": -12.304687775031203, "y": 0.0, "z": 0}, "pseudonym": 27}, {"time": 120.30999999284744, "location": {"x": -569.9495447130078, "y": 8.422920230629135}, "speed": {"x": 14.843750331783674, "y": 0.0, "z": 0}, "pseudonym": 28}, {"time": 120.30999999284744, "location": {"x": -564.1793322880396, "y": -5.115610465722677}, "speed": {"x": -16.632080449880966, "y": 0.0, "z": 0}, "pseudonym": 29}], "option": {"size": 366, "type": "CPM"}}
{"timestamp": 120.35999999172985, "ITS_PDU_Header": {"tmp": "tmp"}, "Basic_Container": {"tmp": "tmp"}, "HF_Container": {"sumo_id": "42", "location": [-529.4712524414062, 5.75], "speed": [16.22924840962697, 0.0, 0], "yaw": 0.0}, "LF_Container": {"tmp": "tmp"}, "Special_Vehicle_Container": {"tmp": "tmp"}, "option": {"size": 190,