{"timestamp": 119.99999999977648, "ITS_PDU_Header": {"tmp": "tmp"}, "Basic_Container": {"tmp": "tmp"}, "HF_Container": {"sumo_id": "455", "location": [841.2083129882812, -2.0], "speed": [84120.83317907527, -200.00000447034847, 0], "yaw": -179.99996948242188}, "LF_Container": {"tmp": "tmp"}, "Special_Vehicle_Container": {"tmp": "tmp"}, "option": {"size": 190, "type": "CAM"}}
{"timestamp": 119.99999999977648, "ITS_PDU_Header": {"tmp": "tmp"}, "Management_Container": {"tmp": "tmp"}, "Station_Data_Container": {"sumo_id": "455", "location": [841.2083129882812, -2.0], "speed": [84120.83317907527, -200.00000447034847, 0], "yaw": -179.99996948242188}, "Sensor_Information_Container": [0, 1, 2, 3], "Perceived_Object_Container": [{"time": 119.99999999977648, "location": {"x": 825.7749194900347, "y": 1.4351747001885147}, "speed": {"x": 82592.51283241465, "y": 200.00000447034847, "z": 0}, "pseudonym": 0}], "option": {"size": 296, "type": "CPM"}}
{"timestamp": 120.10999999731779, "ITS_PDU_Header": {"tmp": "tmp"}, "Basic_Container": {"tmp": "tmp"}, "HF_Container": {"sumo_id": "455", "location": [840.8123168945312, -2.0], "speed": [-3.936767666118614, 0.0, 0], "yaw": -179.99996948242188}, "LF_Container": {"tmp": "tmp"}, "Special_Vehicle_Container": {"tmp": "tmp"}, "option": {"size": 190, "type": "CAM"}}
{"timestamp": 120.10999999731779, "ITS_PDU_Header": {"tmp": "tmp"}, "Management_Container": {"tmp": "tmp"}, "Station_Data_Container": {"sumo_id": "455", "location": [840.8123168945312, -2.0], "speed": [-3.936767666118614, 0.0, 0], "yaw": -179.99996948242188}, "Sensor_Information_Container": [0, 1, 2, 3], "Perceived_Object_Container": [{"time": 120.10999999731779, "location": {"x": 842.17149875379, "y": 1.530528122066691}, "speed": {"x": 7.653808764825957, "y": 0.0, "z": 0}, "pseudonym": 1}], "option": {"size": 296, "type": "CPM"}}
{"timestamp": 120.11999999709427, "ITS_PDU_Header": {"tmp": "tmp"}, "Management_Container": {"tmp": "tmp"}, "Station_Data_Container": {"sumo_id": "455", "location": [840.77294921875, -2.0], "speed": [-3.936767666118614, 0.0, 0], "yaw": -179.99996948242188}, "Sensor_Information_Container": [0, 1, 2, 3], "Perceived_Object_Container": [{"time": 120.10999999731779, "location": {"x": 846.5877220639318, "y": -9.164927410890348}, "speed": {"x": -15.191650730184854, "y": 0.0, "z": 0}, "pseudonym": 2}, {"time": 120.10999999731779, "location": {"x": 857.7426777973023, "y": 1.7960801139990925}, "speed": {"x": 7.147216956627748, "y": 0.0, "z": 0}, "pseudonym": 3}, {"time": 120.10999999731779, "location": {"x": 899.7509056976123, "y": -8.878503071624834}, "speed": {"x": -0.19531250436557468, "y": 0.0, "z": 0}, "pseudonym": 4}, {"time": 120.10999999731779, "location": {"x": 863.4731638753851, "y": -5.7858909490785315}, "speed": {"x": -10.015869364497126, "y": 0.0, "z": 0}, "pseudonym": 5}, {"time": 120.10999999731779, "location": {"x": 873.1437981156928, "y": 1.5237940832311931}, "speed": {"x": 6.665039211475236, "y": 0.0, "z": 0}, "pseudonym": 6}, {"time": 120.10999999731779, "location": {"x": 805.9884273215429, "y": 5.72587885665533}, "speed": {"x": 18.188476969044142, "y": 0.0, "z": 0}, "pseudonym": 7}, {"time": 120.10999999731779, "location": {"x": 826.8885591630275, "y": 1.7554670807156227}, "speed": {"x": 8.099365415409924, "y": 0.0, "z": 0}, "pseudonym": 8}, {"time": 120.10999999731779, "location": {"x": 830.6227986576586, "y": -2.1414933155378706}, "speed": {"x": -3.540039141626041, "y": 0.0, "z": 0}, "pseudonym": 9}, {"time": 120.10999999731779, "location": {"x": 796.3396305612531, "y": 9.217253124778804}, "speed": {"x": 15.515137065540337, "y": 0.0, "z": 0}, "pseudonym": 10}, {"time": 120.10999999731779, "location": {"x": 810.3796819066514, "y": 1.735558725714761}, "speed": {"x": 8.581543160562436, "y": 0.0, "z": 0}, "pseudonym": 11}, {"time": 120.10999999731779, "location": {"x": 793.0911470119395, "y": 2.037904247402991}, "speed": {"x": 9.008789263862132, "y": 0.0, "z": 0}, "pseudonym": 12}, {"time": 120.10999999731779, "location": {"x": 818.7777536603775, "y": -5.375100113542875}, "speed": {"x": -16.625976934119542, "y": 0.0, "z": 0}, "pseudonym": 13}], "option": {"size": 681, "type": "CPM"}}
{"timestamp": 120.31999999262392, "ITS_PDU_Header": {"tmp": "tmp"}, "Management_Container": {"tmp": "tmp"}, "Station_Data_Container": {"sumo_id": "455", "location": [839.9984130859375, -2.0], "speed": [-3.8208008666515543, 0.0, 0], "yaw": -179.99996948242188}, "Sensor_Information_Container": [0, 1, 2, 3], "Perceived_Object_Container": [{"time": 120.30999999284744, "location": {"x": 860.9871093002052, "y": 1.3843240423451533}, "speed": {"x": 7.0739747674906575, "y": 0.0, "z": 0}, "pseudonym": 14}, {"time": 120.30999999284744, "location": {"x": 899.6433772688584, "y": -9.511831675911205}, "speed": {"x": -0.6958007968023597, "y": 0.0, "z": 0}, "pseudonym": 4}, {"time": 120.30999999284744, "location": {"x": 809.5354402582059, "y": 5.983324387852784}, "speed": {"x": 17.279053120591932, "y": 0.0, "z": 0}, "pseudonym": 7}], "option": {"size": 366, "type": "CPM"}}
{"timestamp": 120.41999999038875, "ITS_PDU_Header": {"tmp": "tmp"}, "Management_Container": {"tmp": "tmp"}, "Station_Data_Container": {"sumo_id": "455", "location": [839.6189575195312, -2.0], "speed": [-3.7719727405601606, 0.0, 0], "yaw": -179.99996948242188}, "Sensor_Information_Container": [0, 1, 2, 3], "Perceived_Object_Container": [{"time": 120.40999999061226, "location": {"x": 860.3511885680899, "y": -5.94141585659579}, "speed": {"x": -10.595703361832426, "y": 0.0, "z": 0}, "pseudonym": 5}, {"time": 120.40999999061226, "location": {"x": 884.585082909976, "y": 5.216283031593302}, "speed": {"x": 16.632080449880966, "y": 0.0, "z": 0}, "pseudonym": 15}, {"time": 120.40999999061226, "location": {"x": 845.725465728161, "y": 1.3306728569902346}, "speed": {"x": 7.519531418074624, "y": 0.0, "z": 0}, "pseudonym": 16}, {"time": 120.40999999061226, "location": {"x": 862.1386108753936, "y": -5.040030928713375}, "speed": {"x": -10.595703361832426, "y": 0.0, "z": 0}, "pseudonym": 17}], "option": {"size": 401, "type": "CPM"}}
{"timestamp": 120.51999998815357, "ITS_PDU_Header": {"tmp": "tmp"}, "Management_Container": {"tmp": "tmp"}, "Station_Data_Container": {"sumo_id": "455", "location": [839.2448120117188, -2.0], "speed": [-3.729248130230191, 0.0, 0], "yaw": -179.99996948242188}, "Sensor_Information_Container": [0, 1, 2, 3], "Perceived_Object_Container": [{"time": 120.50999998837709, "location": {"x": 812.8403465084451, "y": 5.500908933069257}, "speed": {"x": 16.656494512926663, "y": 0.0, "z": 0}, "pseudonym": 7}], "option": {"size": 296, "type": "CPM"}}
{"timestamp": 120.71999998368322, "ITS_PDU_Header": {"tmp": "tmp"}, "Management_Container": {"tmp": "tmp"}, "Station_Data_Container": {"sumo_id": "455", "location": [838.5132446289062, -2.0], "speed": [-3.6193848465245555, 0.0, 0], "yaw": -179.99996948242188}, "Sensor_Information_Container": [0, 1, 2, 3], "Perceived_Object_Container": [{"time": 120.70999998390674, "location": {"x": 746.7429814766926, "y": 5.60596702102593}, "speed": {"x": 13.146972950107745, "y": 0.0, "z": 0}, "pseudonym": 18}, {"time": 120.70999998390674, "location": {"x": 857.0822888380969, "y": -5.826138140177655}, "speed": {"x": -11.187744390690574, "y": 0.0, "z": 0}, "pseudonym": 5}, {"time": 120.70999998390674, "location": {"x": 899.1397021670488, "y": -9.487259881051074}, "speed": {"x": -1.635742224061688, "y": 0.0, "z": 0}, "pseudonym": 4}], "option": {"size": 366, "type": "CPM"}}
{"timestamp": 120.81999998144805, "ITS_PDU_Header": {"tmp": "tmp"}, "Management_Container": {"tmp": "tmp"}, "Station_Data_Container": {"sumo_id": "455", "location": [838.1558227539062, -2.0], "speed": [-3.5583496889103134, 0.0, 0], "yaw": -179.99996948242188}, "Sensor_Information_Container": [0, 1, 2, 3], "Perceived_Object_Container": [{"time": 120.80999998167157, "location": {"x": 828.3271833288596, "y": -1.9531042231480882}, "speed": {"x": -3.027343817666407, "y": 0.0, "z": 0},