{"timestamp": 119.99999999977648, "ITS_PDU_Header": {"tmp": "tmp"}, "Basic_Container": {"tmp": "tmp"}, "HF_Container": {"sumo_id": "456", "location": [-800.3995971679688, 2.0], "speed": [-80039.96150582943, 200.00000447034847, 0], "yaw": 0.0}, "LF_Container": {"tmp": "tmp"}, "Special_Vehicle_Container": {"tmp": "tmp"}, "option": {"size": 190, "type": "CAM"}}
{"timestamp": 119.99999999977648, "ITS_PDU_Header": {"tmp": "tmp"}, "Management_Container": {"tmp": "tmp"}, "Station_Data_Container": {"sumo_id": "456", "location": [-800.3995971679688, 2.0], "speed": [-80039.96150582943, 200.00000447034847, 0], "yaw": 0.0}, "Sensor_Information_Container": [0, 1, 2, 3], "Perceived_Object_Container": [{"time": 119.99999999977648, "location": {"x": -827.3401623168811, "y": 8.491539469326016}, "speed": {"x": -82684.41957275016, "y": 925.0000206753616, "z": 0}, "pseudonym": 0}], "option": {"size": 296, "type": "CPM"}}
{"timestamp": 120.10999999731779, "ITS_PDU_Header": {"tmp": "tmp"}, "Basic_Container": {"tmp": "tmp"}, "HF_Container": {"sumo_id": "456", "location": [-800.0665283203125, 2.0], "speed": [3.3752442160675873, 0.0, 0], "yaw": 0.0}, "LF_Container": {"tmp": "tmp"}, "Special_Vehicle_Container": {"tmp": "tmp"}, "option": {"size": 190, "type": "CAM"}}
{"timestamp": 120.10999999731779, "ITS_PDU_Header": {"tmp": "tmp"}, "Management_Container": {"tmp": "tmp"}, "Station_Data_Container": {"sumo_id": "456", "location": [-800.0665283203125, 2.0], "speed": [3.3752442160675873, 0.0, 0], "yaw": 0.0}, "Sensor_Information_Container": [0, 1, 2, 3], "Perceived_Object_Container": [{"time": 120.10999999731779, "location": {"x": -802.400527946864, "y": -1.9614277859423366}, "speed": {"x": -8.410644719242558, "y": 0.0, "z": 0}, "pseudonym": 1}], "option": {"size": 296, "type": "CPM"}}
{"timestamp": 120.11999999709427, "ITS_PDU_Header": {"tmp": "tmp"}, "Management_Container": {"tmp": "tmp"}, "Station_Data_Container": {"sumo_id": "456", "location": [-800.032470703125, 2.0], "speed": [3.4057617948747083, 0.0, 0], "yaw": 0.0}, "Sensor_Information_Container": [0, 1, 2, 3], "Perceived_Object_Container": [{"time": 120.10999999731779, "location": {"x": -799.0310455409818, "y": 5.241674568045443}, "speed": {"x": 16.186523799297, "y": 0.0, "z": 0}, "pseudonym": 2}, {"time": 120.10999999731779, "location": {"x": -818.7076913916331, "y": 5.627969113750076}, "speed": {"x": 15.570068707393155, "y": 0.0, "z": 0}, "pseudonym": 3}, {"time": 120.10999999731779, "location": {"x": -824.9847460054018, "y": 8.872637254273382}, "speed": {"x": 14.95361361548931, "y": 0.0, "z": 0}, "pseudonym": 4}, {"time": 120.10999999731779, "location": {"x": -850.4503288468075, "y": -2.3599675567605556}, "speed": {"x": -6.701660306043781, "y": 0.0, "z": 0}, "pseudonym": 5}, {"time": 120.10999999731779, "location": {"x": -809.5201074915093, "y": 1.8809183656432722}, "speed": {"x": 2.758789124163742, "y": 0.0, "z": 0}, "pseudonym": 6}, {"time": 120.10999999731779, "location": {"x": -829.1040675888029, "y": -9.354239161343633}, "speed": {"x": -15.942383168840031, "y": 0.0, "z": 0}, "pseudonym": 7}, {"time": 120.10999999731779, "location": {"x": -843.0123031723749, "y": 5.7533854282433605}, "speed": {"x": 15.850830432418668, "y": 0.0, "z": 0}, "pseudonym": 8}, {"time": 120.10999999731779, "location": {"x": -820.8127556510116, "y": -1.1624128462028616}, "speed": {"x": -7.8186036903844105, "y": 0.0, "z": 0}, "pseudonym": 9}, {"time": 120.10999999731779, "location": {"x": -855.0558140394378, "y": -6.223703892891576}, "speed": {"x": -16.66870154444951, "y": 0.0, "z": 0}, "pseudonym": 10}, {"time": 120.10999999731779, "location": {"x": -785.6604171456363, "y": -1.5409313137886456}, "speed": {"x": -8.984375200816435, "y": 0.0, "z": 0}, "pseudonym": 11}, {"time": 120.10999999731779, "location": {"x": -786.3000955803277, "y": -1.732035258798956}, "speed": {"x": -8.984375200816435, "y": 0.0, "z": 0}, "pseudonym": 11}, {"time": 120.10999999731779, "location": {"x": -790.6139032914798, "y": 2.12797059887365}, "speed": {"x": 4.223632906905552, "y": 0.0, "z": 0}, "pseudonym": 12}, {"time": 120.10999999731779, "location": {"x": -771.749166141898, "y": 8.977937810024416}, "speed": {"x": 8.715820507313769, "y": 0.0, "z": 0}, "pseudonym": 13}, {"time": 120.10999999731779, "location": {"x": -767.861083260678, "y": -1.6204241014444887}, "speed": {"x": -9.539795135106038, "y": 0.0, "z": 0}, "pseudonym": 14}, {"time": 120.10999999731779, "location": {"x": -786.3760480725296, "y": 8.41877713060953}, "speed": {"x": 8.551025581755315, "y": 0.0, "z": 0}, "pseudonym": 15}, {"time": 120.10999999731779, "location": {"x": -754.6810717613415, "y": -5.484839348052641}, "speed": {"x": -16.662598028688087, "y": 0.0, "z": 0}, "pseudonym": 16}, {"time": 120.10999999731779, "location": {"x": -749.10180649839, "y": -2.2004975697367466}, "speed": {"x": -10.070801006349944, "y": 0.0, "z": 0}, "pseudonym": 17}, {"time": 120.10999999731779, "location": {"x": -774.5187930460382, "y": 5.791584362251842}, "speed": {"x": 16.033935905261394, "y": 0.0, "z": 0}, "pseudonym": 18}, {"time": 120.10999999731779, "location": {"x": -722.7559153082229, "y": -9.417076133889942}, "speed": {"x": -16.992187879804995, "y": 0.0, "z": 0}, "pseudonym": 19}], "option": {"size": 926, "type": "CPM"}}
{"timestamp": 120.40999999061226, "ITS_PDU_Header": {"tmp": "tmp"}, "Management_Container": {"tmp": "tmp"}, "Station_Data_Container": {"sumo_id": "456", "location": [-798.990234375, 2.0], "speed": [3.778076256321585, 0.0, 0], "yaw": 0.0}, "Sensor_Information_Container": [0, 1, 2, 3], "Perceived_Object_Container": [{"time": 120.40999999061226, "location": {"x": -811.1186909408126, "y": -5.139010934925523}, "speed": {"x": -16.632080449880966, "y": 0.0, "z": 0}, "pseudonym": 20}], "option": {"size": 296, "type": "CPM"}}
{"timestamp": 120.41999999038875, "ITS_PDU_Header": {"tmp": "tmp"}, "Management_Container": {"tmp": "tmp"}, "Station_Data_Container": {"sumo_id": "456", "location": [-798.952392578125, 2.0], "speed": [3.784179772083009, 0.0, 0], "yaw": 0.0}, "Sensor_Information_Container": [0, 1, 2, 3], "Perceived_Object_Container": [{"time": 120.40999999061226, "location": {"x": -769.1913769888948, "y": 9.174116736485978}, "speed": {"x": 9.271240441603373, "y": 0.0, "z": 0}, "pseudonym": 13}, {"time": 120.40999999061226, "location": {"x": -793.0296608797407, "y": 5.081429227551031}, "speed": {"x": 16.601562871073845, "y": 0.0, "z": 0}, "pseudonym": 21}, {"time": 120.40999999061226, "location": {"x": -769.5795088430338, "y": 6.0957138919907194}, "speed": {"x": 16.60766638683527, "y": 0.0, "z": 0}, "pseudonym": 18}], "option": {"size": 366, "type": "CPM"}}
{"timestamp": 120.47999998904764, "ITS_PDU_Header": {"tmp": "tmp"}, "Basic_Container": {"tmp": "tmp"}, "HF_Container": {"sumo_id": "456", "location": [-798.721923828125, 2.0], "speed": [3.8818360242657963, 0.0, 0], "yaw": 0.0}, "LF_Container": {"tmp": "tmp"}, "Special_Vehicle_Container": {"tmp": "tmp"}, "option": {"size": 190, "type": "CAM"}}
{"timestamp": 120.51999998815357, "ITS_PDU_Header": {"tmp": "tmp"}, "Management_Container": {"tmp": "tmp"}, "Station_Data_Container": {"sumo_id": "456", "location": [-798.5655517578125, 2.0], "speed": [3.9245606345957658, 0.0, 0], "yaw": 0.0}, "Sensor_Information_Container": [0, 1, 2, 3], "Perceived_Object_Container": [{"time": 120.50999998837709, "location": {"x": -788.8084703637516, "y": 1.9849393867378882}, "speed": {"x": 4.827880967286549, "y": 0.0, "z": 0}, "pseudonym": 12}, {"time": 120.50999998837709, "location": {"x": -782.8382762989795, "y": 8.418201864467592}, "speed": {"x": 9.112549031806344, "y": 0.0, "z": 0}, "pseudonym": 15}, {"time": 120.50999998837709, "location": {"x": -783.9337063774789, "y": 8.427186062613178}, "speed": {"x": 9.112549031806344, "y": 0.0, "z": 0}, "pseudonym": 15}, {"time": 120.50999998837709, "location": {"x": -764.5889084612684, "y": -8.756842124335837}, "speed": {"x": -14.123535471935618, "y": 0.0, "z": 0}, "pseudonym": 22}, {"time": 120.50999998837709,