{"timestamp": 119.99999999977648, "ITS_PDU_Header": {"tmp": "tmp"}, "Basic_Container": {"tmp": "tmp"}, "HF_Container": {"sumo_id": "470", "location": [817.4537963867188, -2.0], "speed": [81745.38146582354, -200.00000447034847, 0], "yaw": -179.99996948242188}, "LF_Container": {"tmp": "tmp"}, "Special_Vehicle_Container": {"tmp": "tmp"}, "option": {"size": 190, "type": "CAM"}}
{"timestamp": 119.99999999977648, "ITS_PDU_Header": {"tmp": "tmp"}, "Management_Container": {"tmp": "tmp"}, "Station_Data_Container": {"sumo_id": "470", "location": [817.4537963867188, -2.0], "speed": [81745.38146582354, -200.00000447034847, 0], "yaw": -179.99996948242188}, "Sensor_Information_Container": [0, 1, 2, 3], "Perceived_Object_Container": [{"time": 119.99999999977648, "location": {"x": 828.7047125456068, "y": -2.0468770199883495}, "speed": {"x": 82940.38271323702, "y": -200.00000447034847, "z": 0}, "pseudonym": 0}, {"time": 119.99999999977648, "location": {"x": 824.5499105852056, "y": 1.7567322849851816}, "speed": {"x": 82592.51283241465, "y": 200.00000447034847, "z": 0}, "pseudonym": 1}, {"time": 119.99999999977648, "location": {"x": 808.9010446722117, "y": -1.811747888288209}, "speed": {"x": 80746.09555481588, "y": -200.00000447034847, "z": 0}, "pseudonym": 2}], "option": {"size": 366, "type": "CPM"}}
{"timestamp": 120.10999999731779, "ITS_PDU_Header": {"tmp": "tmp"}, "Basic_Container": {"tmp": "tmp"}, "HF_Container": {"sumo_id": "470", "location": [817.220458984375, -2.0], "speed": [-2.3193359893411993, 0.0, 0], "yaw": -179.99996948242188}, "LF_Container": {"tmp": "tmp"}, "Special_Vehicle_Container": {"tmp": "tmp"}, "option": {"size": 190, "type": "CAM"}}
{"timestamp": 120.10999999731779, "ITS_PDU_Header": {"tmp": "tmp"}, "Management_Container": {"tmp": "tmp"}, "Station_Data_Container": {"sumo_id": "470", "location": [817.220458984375, -2.0], "speed": [-2.3193359893411993, 0.0, 0], "yaw": -179.99996948242188}, "Sensor_Information_Container": [0, 1, 2, 3], "Perceived_Object_Container": [{"time": 120.10999999731779, "location": {"x": 818.029641398257, "y": -5.215461688314914}, "speed": {"x": -16.65039099716524, "y": 0.0, "z": 0}, "pseudonym": 3}], "option": {"size": 296, "type": "CPM"}}
{"timestamp": 120.11999999709427, "ITS_PDU_Header": {"tmp": "tmp"}, "Management_Container": {"tmp": "tmp"}, "Station_Data_Container": {"sumo_id": "470", "location": [817.197265625, -2.0], "speed": [-2.3193359893411993, 0.0, 0], "yaw": -179.99996948242188}, "Sensor_Information_Container": [0, 1, 2, 3], "Perceived_Object_Container": [{"time": 120.10999999731779, "location": {"x": 857.5735774122181, "y": 1.937489941461835}, "speed": {"x": 7.159423988150596, "y": 0.0, "z": 0}, "pseudonym": 4}, {"time": 120.10999999731779, "location": {"x": 846.7554366248426, "y": -8.87375426598992}, "speed": {"x": -15.197754245946278, "y": 0.0, "z": 0}, "pseudonym": 5}, {"time": 120.10999999731779, "location": {"x": 825.743510546243, "y": 1.6635521087374268}, "speed": {"x": 8.099365415409924, "y": 0.0, "z": 0}, "pseudonym": 6}, {"time": 120.10999999731779, "location": {"x": 828.3488610731272, "y": -1.9098288269895083}, "speed": {"x": -3.540039141626041, "y": 0.0, "z": 0}, "pseudonym": 7}, {"time": 120.10999999731779, "location": {"x": 873.1372445345658, "y": 1.9611929354220679}, "speed": {"x": 6.640625148429539, "y": 0.0, "z": 0}, "pseudonym": 8}, {"time": 120.10999999731779, "location": {"x": 859.4363353048439, "y": 1.3888541938576004}, "speed": {"x": 7.159423988150596, "y": 0.0, "z": 0}, "pseudonym": 9}, {"time": 120.10999999731779, "location": {"x": 863.4477010348129, "y": -5.904444509888659}, "speed": {"x": -10.046386943304247, "y": 0.0, "z": 0}, "pseudonym": 10}, {"time": 120.10999999731779, "location": {"x": 841.8078045381768, "y": 1.6331572305400133}, "speed": {"x": 7.647705249064533, "y": 0.0, "z": 0}, "pseudonym": 11}, {"time": 120.10999999731779, "location": {"x": 809.6196410986743, "y": 1.4353423789050959}, "speed": {"x": 8.569336129039588, "y": 0.0, "z": 0}, "pseudonym": 12}, {"time": 120.10999999731779, "location": {"x": 808.6967451202012, "y": -2.0663085923606617}, "speed": {"x": -2.0141602012699886, "y": 0.0, "z": 0}, "pseudonym": 13}, {"time": 120.10999999731779, "location": {"x": 793.0126758655394, "y": 1.958142494473972}, "speed": {"x": 9.008789263862132, "y": 0.0, "z": 0}, "pseudonym": 14}], "option": {"size": 646, "type": "CPM"}}
{"timestamp": 120.2199999948591, "ITS_PDU_Header": {"tmp": "tmp"}, "Management_Container": {"tmp": "tmp"}, "Station_Data_Container": {"sumo_id": "470", "location": [816.9676513671875, -2.0], "speed": [-2.282714894772654, 0.0, 0], "yaw": -179.99996948242188}, "Sensor_Information_Container": [0, 1, 2, 3], "Perceived_Object_Container": [{"time": 120.20999999508261, "location": {"x": 880.4953844002189, "y": 5.532208672068311}, "speed": {"x": 16.68090857597236, "y": 0.0, "z": 0}, "pseudonym": 15}, {"time": 120.20999999508261, "location": {"x": 796.6703171609415, "y": 8.605227294894261}, "speed": {"x": 15.521240581301761, "y": 0.0, "z": 0}, "pseudonym": 16}, {"time": 120.20999999508261, "location": {"x": 776.1971373369518, "y": 2.2786255891019076}, "speed": {"x": 9.375000209547585, "y": 0.0, "z": 0}, "pseudonym": 17}], "option": {"size": 366, "type": "CPM"}}
{"timestamp": 120.41999999038875, "ITS_PDU_Header": {"tmp": "tmp"}, "Management_Container": {"tmp": "tmp"}, "Station_Data_Container": {"sumo_id": "470", "location": [816.5171508789062, -2.0], "speed": [-2.2155762213969874, 0.0, 0], "yaw": -179.99996948242188}, "Sensor_Information_Container": [0, 1, 2, 3], "Perceived_Object_Container": [{"time": 120.40999999061226, "location": {"x": 860.4191217941133, "y": -5.678643187783562}, "speed": {"x": -10.626220940639547, "y": 0.0, "z": 0}, "pseudonym": 10}, {"time": 120.40999999061226, "location": {"x": 811.0987902586329, "y": 5.5707143018878975}, "speed": {"x": 16.82739295424654, "y": 0.0, "z": 0}, "pseudonym": 18}], "option": {"size": 331, "type": "CPM"}}
{"timestamp": 120.70999998390674, "ITS_PDU_Header": {"tmp": "tmp"}, "Management_Container": {"tmp": "tmp"}, "Station_Data_Container": {"sumo_id": "470", "location": [815.890625, -2.0], "speed": [-2.1057129376913517, 0.0, 0], "yaw": -179.99996948242188}, "Sensor_Information_Container": [0, 1, 2, 3], "Perceived_Object_Container": [{"time": 120.70999998390674, "location": {"x": 857.0841506441529, "y": -5.499744340008117}, "speed": {"x": -11.187744390690574, "y": 0.0, "z": 0}, "pseudonym": 10}], "option": {"size": 296, "type": "CPM"}}
{"timestamp": 120.81999998144805, "ITS_PDU_Header": {"tmp": "tmp"}, "Management_Container": {"tmp": "tmp"}, "Station_Data_Container": {"sumo_id": "470", "location": [815.6612548828125, -2.0], "speed": [-2.0751953588842307, 0.0, 0], "yaw": -179.99996948242188}, "Sensor_Information_Container": [0, 1, 2, 3], "Perceived_Object_Container": [{"time": 120.80999998167157, "location": {"x": 826.0567342247566, "y": -2.0309715753312982}, "speed": {"x": -3.027343817666407, "y": 0.0, "z": 0}, "pseudonym": 7}], "option": {"size": 296, "type": "CPM"}}
{"timestamp": 121.0199999769777, "ITS_PDU_Header": {"tmp": "tmp"}, "Management_Container": {"tmp": "tmp"}, "Station_Data_Container": {"sumo_id": "470", "location": [815.2562866210938, -2.0], "speed": [-1.9775391067014434, 0.0, 0], "yaw": -179.99996948242188}, "Sensor_Information_Container": [0, 1, 2, 3], "Perceived_Object_Container": [{"time": 121.00999997720122, "location": {"x": 853.6680743942677, "y": -5.2686733931866225}, "speed": {"x": -11.785888935310146, "y": 0.0, "z": 0}, "pseudonym": 10}], "option": {"size": 296, "type": "CPM"}}
{"timestamp": 121.11999997474253, "ITS_PDU_Header": {"tmp": "tmp"}, "Basic_Container": {"tmp": "tmp"}, "HF_Container": {"sumo_id": "470", "location": [815.0596923828125, -2.0], "speed": [-1.9531250436557466, 0.0, 0], "yaw": -179.99996948242188}, "LF_Container": {"tmp": "tmp"}, "Special_Vehicle_Container": {"tmp": "tmp"}, "option": {"size": 190, "type": "CAM"}}
{"timestamp": 121.21999997250735, "ITS_PDU_Header": {"tmp": "tmp"},