{"timestamp": 119.99999999977648, "ITS_PDU_Header": {"tmp": "tmp"}, "Basic_Container": {"tmp": "tmp"}, "HF_Container": {"sumo_id": "105", "location": [773.7542724609375, 2.0], "speed": [77375.42897556936, 200.00000447034847, 0], "yaw": 0.0}, "LF_Container": {"tmp": "tmp"}, "Special_Vehicle_Container": {"tmp": "tmp"}, "option": {"size": 190, "type": "CAM"}}
{"timestamp": 119.99999999977648, "ITS_PDU_Header": {"tmp": "tmp"}, "Management_Container": {"tmp": "tmp"}, "Station_Data_Container": {"sumo_id": "105", "location": [773.7542724609375, 2.0], "speed": [77375.42897556936, 200.00000447034847, 0], "yaw": 0.0}, "Sensor_Information_Container": [0, 1, 2, 3], "Perceived_Object_Container": [{"time": 119.99999999977648, "location": {"x": 756.2628172899695, "y": 2.0753013028621323}, "speed": {"x": 75556.37986264481, "y": 200.00000447034847, "z": 0}, "pseudonym": 0}, {"time": 119.99999999977648, "location": {"x": 793.0268195745887, "y": 9.836252139823422}, "speed": {"x": 79433.61993954226, "y": 925.0000206753616, "z": 0}, "pseudonym": 1}, {"time": 119.99999999977648, "location": {"x": 794.6395934384824, "y": 8.583450640497603}, "speed": {"x": 79433.61993954226, "y": 925.0000206753616, "z": 0}, "pseudonym": 2}, {"time": 119.99999999977648, "location": {"x": 817.0424840714827, "y": -1.3927165086455298}, "speed": {"x": 81745.38146582354, "y": -200.00000447034847, "z": 0}, "pseudonym": 3}], "option": {"size": 401, "type": "CPM"}}
{"timestamp": 120.10999999731779, "ITS_PDU_Header": {"tmp": "tmp"}, "Basic_Container": {"tmp": "tmp"}, "HF_Container": {"sumo_id": "105", "location": [774.6979370117188, 2.0], "speed": [9.417724819877554, 0.0, 0], "yaw": 0.0}, "LF_Container": {"tmp": "tmp"}, "Special_Vehicle_Container": {"tmp": "tmp"}, "option": {"size": 190, "type": "CAM"}}
