{"timestamp": 119.99999999977648, "ITS_PDU_Header": {"tmp": "tmp"}, "Basic_Container": {"tmp": "tmp"}, "HF_Container": {"sumo_id": "111", "location": [457.5315856933594, 2.0], "speed": [45753.159591998745, 200.00000447034847, 0], "yaw": 0.0}, "LF_Container": {"tmp": "tmp"}, "Special_Vehicle_Container": {"tmp": "tmp"}, "option": {"size": 190, "type": "CAM"}}
{"timestamp": 119.99999999977648, "ITS_PDU_Header": {"tmp": "tmp"}, "Management_Container": {"tmp": "tmp"}, "Station_Data_Container": {"sumo_id": "111", "location": [457.5315856933594, 2.0], "speed": [45753.159591998745, 200.00000447034847, 0], "yaw": 0.0}, "Sensor_Information_Container": [0, 1, 2, 3], "Perceived_Object_Container": [{"time": 119.99999999977648, "location": {"x": 460.7505950910977, "y": 8.738613468250264}, "speed": {"x": 46219.37053991937, "y": 925.0000206753616, "z": 0}, "pseudonym": 0}, {"time": 119.99999999977648, "location": {"x": 405.6074281527032, "y": -8.520452708227607}, "speed": {"x": 40467.151783417576, "y": -925.0000206753616, "z": 0}, "pseudonym": 1}, {"time": 119.99999999977648, "location": {"x": 364.9166378542633, "y": 9.495804171098367}, "speed": {"x": 36446.421102726934, "y": 925.0000206753616, "z": 0}, "pseudonym": 2}, {"time": 119.99999999977648, "location": {"x": 428.5490201229341, "y": 9.033905255545204}, "speed": {"x": 42779.11472571897, "y": 925.0000206753616, "z": 0}, "pseudonym": 3}], "option": {"size": 401, "type": "CPM"}}
{"timestamp": 120.10999999731779, "ITS_PDU_Header": {"tmp": "tmp"}, "Basic_Container": {"tmp": "tmp"}, "HF_Container": {"sumo_id": "111", "location": [458.5892028808594, 2.0], "speed": [10.580444572428865, 0.0, 0], "yaw": 0.0}, "LF_Container": {"tmp": "tmp"}, "Special_Vehicle_Container": {"tmp": "tmp"}, "option": {"size": 190, "type": "CAM"}}
