{"timestamp": 119.99999999977648, "ITS_PDU_Header": {"tmp": "tmp"}, "Basic_Container": {"tmp": "tmp"}, "HF_Container": {"sumo_id": "178", "location": [825.9251098632812, 2.0], "speed": [82592.51283241465, 200.00000447034847, 0], "yaw": 0.0}, "LF_Container": {"tmp": "tmp"}, "Special_Vehicle_Container": {"tmp": "tmp"}, "option": {"size": 190, "type": "CAM"}}
{"timestamp": 119.99999999977648, "ITS_PDU_Header": {"tmp": "tmp"}, "Management_Container": {"tmp": "tmp"}, "Station_Data_Container": {"sumo_id": "178", "location": [825.9251098632812, 2.0], "speed": [82592.51283241465, 200.00000447034847, 0], "yaw": 0.0}, "Sensor_Information_Container": [0, 1, 2, 3], "Perceived_Object_Container": [{"time": 119.99999999977648, "location": {"x": 818.5295212576422, "y": -2.013968688909721}, "speed": {"x": 81745.38146582354, "y": -200.00000447034847, "z": 0}, "pseudonym": 0}, {"time": 119.99999999977648, "location": {"x": 794.768815823612, "y": 9.611258686929443}, "speed": {"x": 79433.61993954226, "y": 925.0000206753616, "z": 0}, "pseudonym": 1}, {"time": 119.99999999977648, "location": {"x": 877.962107765626, "y": -2.1204304855713048}, "speed": {"x": 87872.38965941347, "y": -200.00000447034847, "z": 0}, "pseudonym": 2}, {"time": 119.99999999977648, "location": {"x": 848.6238250778745, "y": -9.142956599621975}, "speed": {"x": 84852.85834192167, "y": -925.0000206753616, "z": 0}, "pseudonym": 3}], "option": {"size": 401, "type": "CPM"}}
{"timestamp": 120.10999999731779, "ITS_PDU_Header": {"tmp": "tmp"}, "Basic_Container": {"tmp": "tmp"}, "HF_Container": {"sumo_id": "178", "location": [826.7389526367188, 2.0], "speed": [8.099365415409924, 0.0, 0], "yaw": 0.0}, "LF_Container": {"tmp": "tmp"}, "Special_Vehicle_Container": {"tmp": "tmp"}, "option": {"size": 190, "type": "CAM"}}
{"timestamp": 120.10999999731779, "ITS_PDU_Header": {"tmp": "tmp"}, "Management_Container": {"tmp": "tmp"}, "Station_Data_Container": {"sumo_id": "178", "location": [826.7389526367188, 2.0], "speed": [8.099365415409924, 0.0, 0], "yaw": 0.0}, "Sensor_Information_Container": [0, 1, 2, 3], "Perceived_Object_Container": [{"time": 120.10999999731779, "location": {"x": 828.6008670577837, "y": -1.6154428017480627}, "speed": {"x": -3.540039141626041, "y": 0.0, "z": 0}, "pseudonym": 4}], "option": {"size": 296, "type": "CPM"}}
