{"timestamp": 119.99999999977648, "ITS_PDU_Header": {"tmp": "tmp"}, "Basic_Container": {"tmp": "tmp"}, "HF_Container": {"sumo_id": "197", "location": [-865.9599609375, 5.75], "speed": [-86595.99802932139, 575.0000128522519, 0], "yaw": 0.0}, "LF_Container": {"tmp": "tmp"}, "Special_Vehicle_Container": {"tmp": "tmp"}, "option": {"size": 190, "type": "CAM"}}
{"timestamp": 119.99999999977648, "ITS_PDU_Header": {"tmp": "tmp"}, "Management_Container": {"tmp": "tmp"}, "Station_Data_Container": {"sumo_id": "197", "location": [-865.9599609375, 5.75], "speed": [-86595.99802932139, 575.0000128522519, 0], "yaw": 0.0}, "Sensor_Information_Container": [0, 1, 2, 3], "Perceived_Object_Container": [{"time": 119.99999999977648, "location": {"x": -891.5525932929551, "y": -5.03907793872407}, "speed": {"x": -89272.24320632764, "y": -575.0000128522519, "z": 0}, "pseudonym": 0}, {"time": 119.99999999977648, "location": {"x": -879.7754796744651, "y": -2.287319692783509}, "speed": {"x": -88055.31202678334, "y": -200.00000447034847, "z": 0}, "pseudonym": 1}, {"time": 119.99999999977648, "location": {"x": -864.2165305170591, "y": 2.724992620772054}, "speed": {"x": -86308.3332279697, "y": 200.00000447034847, "z": 0}, "pseudonym": 2}], "option": {"size": 366, "type": "CPM"}}
{"timestamp": 120.10999999731779, "ITS_PDU_Header": {"tmp": "tmp"}, "Basic_Container": {"tmp": "tmp"}, "HF_Container": {"sumo_id": "197", "location": [-864.433349609375, 5.75], "speed": [15.313721045413338, 0.0, 0], "yaw": 0.0}, "LF_Container": {"tmp": "tmp"}, "Special_Vehicle_Container": {"tmp": "tmp"}, "option": {"size": 190, "type": "CAM"}}
