{"timestamp": 119.99999999977648, "ITS_PDU_Header": {"tmp": "tmp"}, "Basic_Container": {"tmp": "tmp"}, "HF_Container": {"sumo_id": "257", "location": [-42.1370849609375, 2.0], "speed": [-4213.708590277476, 200.00000447034847, 0], "yaw": 0.0}, "LF_Container": {"tmp": "tmp"}, "Special_Vehicle_Container": {"tmp": "tmp"}, "option": {"size": 190, "type": "CAM"}}
{"timestamp": 119.99999999977648, "ITS_PDU_Header": {"tmp": "tmp"}, "Management_Container": {"tmp": "tmp"}, "Station_Data_Container": {"sumo_id": "257", "location": [-42.1370849609375, 2.0], "speed": [-4213.708590277476, 200.00000447034847, 0], "yaw": 0.0}, "Sensor_Information_Container": [0, 1, 2, 3], "Perceived_Object_Container": [{"time": 119.99999999977648, "location": {"x": -31.07233148268775, "y": -1.9727305696122808}, "speed": {"x": -3032.3731146538207, "y": -200.00000447034847, "z": 0}, "pseudonym": 0}, {"time": 119.99999999977648, "location": {"x": -60.76897528246503, "y": 8.659298554758774}, "speed": {"x": -5962.127818810816, "y": 925.0000206753616, "z": 0}, "pseudonym": 1}, {"time": 119.99999999977648, "location": {"x": -82.56051276213596, "y": 5.15448874033796}, "speed": {"x": -8136.737242417124, "y": 575.0000128522519, "z": 0}, "pseudonym": 2}, {"time": 119.99999999977648, "location": {"x": -58.9906703697824, "y": 9.39075412884591}, "speed": {"x": -5962.127818810816, "y": 925.0000206753616, "z": 0}, "pseudonym": 3}], "option": {"size": 401, "type": "CPM"}}
{"timestamp": 120.10999999731779, "ITS_PDU_Header": {"tmp": "tmp"}, "Basic_Container": {"tmp": "tmp"}, "HF_Container": {"sumo_id": "257", "location": [-40.5050048828125, 2.0], "speed": [16.314697630286908, 0.0, 0], "yaw": 0.0}, "LF_Container": {"tmp": "tmp"}, "Special_Vehicle_Container": {"tmp": "tmp"}, "option": {"size": 190, "type": "CAM"}}
