{"timestamp": 119.99999999977648, "ITS_PDU_Header": {"tmp": "tmp"}, "Basic_Container": {"tmp": "tmp"}, "HF_Container": {"sumo_id": "265", "location": [-133.681884765625, -2.0], "speed": [-13368.188775364804, -200.00000447034847, 0], "yaw": -179.99996948242188}, "LF_Container": {"tmp": "tmp"}, "Special_Vehicle_Container": {"tmp": "tmp"}, "option": {"size": 190, "type": "CAM"}}
{"timestamp": 119.99999999977648, "ITS_PDU_Header": {"tmp": "tmp"}, "Management_Container": {"tmp": "tmp"}, "Station_Data_Container": {"sumo_id": "265", "location": [-133.681884765625, -2.0], "speed": [-13368.188775364804, -200.00000447034847, 0], "yaw": -179.99996948242188}, "Sensor_Information_Container": [0, 1, 2, 3], "Perceived_Object_Container": [{"time": 119.99999999977648, "location": {"x": -132.0032324917439, "y": 8.526057622842831}, "speed": {"x": -13134.64995178543, "y": 925.0000206753616, "z": 0}, "pseudonym": 0}, {"time": 119.99999999977648, "location": {"x": -109.23744913690662, "y": 5.857924257663586}, "speed": {"x": -10768.322231657556, "y": 575.0000128522519, "z": 0}, "pseudonym": 1}, {"time": 119.99999999977648, "location": {"x": -81.71948231289927, "y": 8.52853425295091}, "speed": {"x": -8174.1334834873705, "y": 925.0000206753616, "z": 0}, "pseudonym": 2}], "option": {"size": 366, "type": "CPM"}}
{"timestamp": 120.10999999731779, "ITS_PDU_Header": {"tmp": "tmp"}, "Basic_Container": {"tmp": "tmp"}, "HF_Container": {"sumo_id": "265", "location": [-135.03570556640625, -2.0], "speed": [-13.549804990361743, 0.0, 0], "yaw": -179.99996948242188}, "LF_Container": {"tmp": "tmp"}, "Special_Vehicle_Container": {"tmp": "tmp"}, "option": {"size": 190, "type": "CAM"}}
