{"timestamp": 119.99999999977648, "ITS_PDU_Header": {"tmp": "tmp"}, "Basic_Container": {"tmp": "tmp"}, "HF_Container": {"sumo_id": "270", "location": [-81.7413330078125, 9.25], "speed": [-8174.1334834873705, 925.0000206753616, 0], "yaw": 0.0}, "LF_Container": {"tmp": "tmp"}, "Special_Vehicle_Container": {"tmp": "tmp"}, "option": {"size": 190, "type": "CAM"}}
{"timestamp": 120.10999999731779, "ITS_PDU_Header": {"tmp": "tmp"}, "Basic_Container": {"tmp": "tmp"}, "HF_Container": {"sumo_id": "270", "location": [-80.2857666015625, 9.25], "speed": [14.550781575235312, 0.0, 0], "yaw": 0.0}, "LF_Container": {"tmp": "tmp"}, "Special_Vehicle_Container": {"tmp": "tmp"}, "option": {"size": 190, "type": "CAM"}}
{"timestamp": 120.10999999731779, "ITS_PDU_Header": {"tmp": "tmp"}, "Management_Container": {"tmp": "tmp"}, "Station_Data_Container": {"sumo_id": "270", "location": [-80.2857666015625, 9.25], "speed": [14.550781575235312, 0.0, 0], "yaw": 0.0}, "Sensor_Information_Container": [0, 1, 2, 3], "Perceived_Object_Container": [{"time": 120.10999999731779, "location": {"x": -80.27514120751763, "y": 6.344055989454797}, "speed": {"x": 16.656494512926663, "y": 0.0, "z": 0}, "pseudonym": 0}, {"time": 120.10999999731779, "location": {"x": -83.23477234002397, "y": 2.8170552181010624}, "speed": {"x": 15.068817475486192, "y": 0.0, "z": 0}, "pseudonym": 1}, {"time": 120.10999999731779, "location": {"x": -89.22176381255173, "y": -4.919447648732797}, "speed": {"x": -16.40625036670827, "y": 0.0, "z": 0}, "pseudonym": 2}, {"time": 120.10999999731779, "location": {"x": -72.9562432375036, "y": -1.5065444577386138}, "speed": {"x": -12.292480743508355, "y": 0.0, "z": 0}, "pseudonym": 3}], "option": {"size": 401, "type": "CPM"}}
