{"timestamp": 119.99999999977648, "ITS_PDU_Header": {"tmp": "tmp"}, "Basic_Container": {"tmp": "tmp"}, "HF_Container": {"sumo_id": "280", "location": [376.8564453125, -2.0], "speed": [37685.64537358982, -200.00000447034847, 0], "yaw": -179.99996948242188}, "LF_Container": {"tmp": "tmp"}, "Special_Vehicle_Container": {"tmp": "tmp"}, "option": {"size": 190, "type": "CAM"}}
{"timestamp": 119.99999999977648, "ITS_PDU_Header": {"tmp": "tmp"}, "Management_Container": {"tmp": "tmp"}, "Station_Data_Container": {"sumo_id": "280", "location": [376.8564453125, -2.0], "speed": [37685.64537358982, -200.00000447034847, 0], "yaw": -179.99996948242188}, "Sensor_Information_Container": [0, 1, 2, 3], "Perceived_Object_Container": [{"time": 119.99999999977648, "location": {"x": 359.53680223122706, "y": -5.154518136108708}, "speed": {"x": 35874.44843369235, "y": -575.0000128522519, "z": 0}, "pseudonym": 0}, {"time": 119.99999999977648, "location": {"x": 377.5069422081579, "y": 1.3083805236836812}, "speed": {"x": 37805.19798856671, "y": 200.00000447034847, "z": 0}, "pseudonym": 1}, {"time": 119.99999999977648, "location": {"x": 403.98582195696514, "y": -8.541666751590448}, "speed": {"x": 40467.151783417576, "y": -925.0000206753616, "z": 0}, "pseudonym": 2}], "option": {"size": 366, "type": "CPM"}}
{"timestamp": 120.10999999731779, "ITS_PDU_Header": {"tmp": "tmp"}, "Basic_Container": {"tmp": "tmp"}, "HF_Container": {"sumo_id": "280", "location": [375.6368408203125, -2.0], "speed": [-12.207031522848416, 0.0, 0], "yaw": -179.99996948242188}, "LF_Container": {"tmp": "tmp"}, "Special_Vehicle_Container": {"tmp": "tmp"}, "option": {"size": 190, "type": "CAM"}}
