{"timestamp": 119.99999999977648, "ITS_PDU_Header": {"tmp": "tmp"}, "Basic_Container": {"tmp": "tmp"}, "HF_Container": {"sumo_id": "282", "location": [-244.5478515625, 2.0], "speed": [-24454.785702857054, 200.00000447034847, 0], "yaw": 0.0}, "LF_Container": {"tmp": "tmp"}, "Special_Vehicle_Container": {"tmp": "tmp"}, "option": {"size": 190, "type": "CAM"}}
{"timestamp": 119.99999999977648, "ITS_PDU_Header": {"tmp": "tmp"}, "Management_Container": {"tmp": "tmp"}, "Station_Data_Container": {"sumo_id": "282", "location": [-244.5478515625, 2.0], "speed": [-24454.785702857054, 200.00000447034847, 0], "yaw": 0.0}, "Sensor_Information_Container": [0, 1, 2, 3], "Perceived_Object_Container": [{"time": 119.99999999977648, "location": {"x": -226.36541277998413, "y": 1.9159644243934935}, "speed": {"x": -22491.357924596025, "y": 200.00000447034847, "z": 0}, "pseudonym": 0}, {"time": 119.99999999977648, "location": {"x": -224.56557020225148, "y": 5.721248253518381}, "speed": {"x": -22308.751414166796, "y": 575.0000128522519, "z": 0}, "pseudonym": 1}, {"time": 119.99999999977648, "location": {"x": -263.7397980032983, "y": 2.0838553750032767}, "speed": {"x": -26416.07725060159, "y": 200.00000447034847, "z": 0}, "pseudonym": 2}, {"time": 119.99999999977648, "location": {"x": -267.164342984158, "y": -5.203386194405405}, "speed": {"x": -26813.721302458376, "y": -575.0000128522519, "z": 0}, "pseudonym": 3}], "option": {"size": 401, "type": "CPM"}}
{"timestamp": 120.10999999731779, "ITS_PDU_Header": {"tmp": "tmp"}, "Basic_Container": {"tmp": "tmp"}, "HF_Container": {"sumo_id": "282", "location": [-243.28184509277344, 2.0], "speed": [12.684631631179862, 0.0, 0], "yaw": 0.0}, "LF_Container": {"tmp": "tmp"}, "Special_Vehicle_Container": {"tmp": "tmp"}, "option": {"size": 190, "type": "CAM"}}
