{"timestamp": 119.99999999977648, "ITS_PDU_Header": {"tmp": "tmp"}, "Basic_Container": {"tmp": "tmp"}, "HF_Container": {"sumo_id": "283", "location": [357.5880126953125, -2.0], "speed": [35758.80206880276, -200.00000447034847, 0], "yaw": -179.99996948242188}, "LF_Container": {"tmp": "tmp"}, "Special_Vehicle_Container": {"tmp": "tmp"}, "option": {"size": 190, "type": "CAM"}}
{"timestamp": 119.99999999977648, "ITS_PDU_Header": {"tmp": "tmp"}, "Management_Container": {"tmp": "tmp"}, "Station_Data_Container": {"sumo_id": "283", "location": [357.5880126953125, -2.0], "speed": [35758.80206880276, -200.00000447034847, 0], "yaw": -179.99996948242188}, "Sensor_Information_Container": [0, 1, 2, 3], "Perceived_Object_Container": [{"time": 119.99999999977648, "location": {"x": 358.9168013533617, "y": -5.226279725585145}, "speed": {"x": 35874.44843369235, "y": -575.0000128522519, "z": 0}, "pseudonym": 0}, {"time": 119.99999999977648, "location": {"x": 367.8913083036459, "y": 4.833926552844002}, "speed": {"x": 36729.60287175185, "y": 575.0000128522519, "z": 0}, "pseudonym": 1}, {"time": 119.99999999977648, "location": {"x": 376.4990074085868, "y": 1.4932341114874759}, "speed": {"x": 37805.19798856671, "y": 200.00000447034847, "z": 0}, "pseudonym": 2}, {"time": 119.99999999977648, "location": {"x": 338.50244940351126, "y": -1.9166714014779864}, "speed": {"x": 33699.134054015594, "y": -200.00000447034847, "z": 0}, "pseudonym": 3}], "option": {"size": 401, "type": "CPM"}}
{"timestamp": 120.10999999731779, "ITS_PDU_Header": {"tmp": "tmp"}, "Basic_Container": {"tmp": "tmp"}, "HF_Container": {"sumo_id": "283", "location": [356.3520202636719, -2.0], "speed": [-12.356567659003309, 0.0, 0], "yaw": -179.99996948242188}, "LF_Container": {"tmp": "tmp"}, "Special_Vehicle_Container": {"tmp": "tmp"}, "option": {"size": 190, "type": "CAM"}}
{"timestamp": 120.10999999731779, "ITS_PDU_Header": {"tmp": "tmp"}, "Management_Container": {"tmp": "tmp"}, "Station_Data_Container": {"sumo_id": "283", "location": [356.3520202636719, -2.0], "speed": [-12.356567659003309, 0.0, 0], "yaw": -179.99996948242188}, "Sensor_Information_Container": [0, 1, 2, 3], "Perceived_Object_Container": [{"time": 120.10999999731779, "location": {"x": 357.61417678007564, "y": -5.261899118735109}, "speed": {"x": -10.729980708583758, "y": 0.0, "z": 0}, "pseudonym": 4}], "option": {"size": 296, "type": "CPM"}}
