{"timestamp": 119.99999999977648, "ITS_PDU_Header": {"tmp": "tmp"}, "Basic_Container": {"tmp": "tmp"}, "HF_Container": {"sumo_id": "304", "location": [-189.4606170654297, 9.25], "speed": [-18946.06213002046, 925.0000206753616, 0], "yaw": 0.0}, "LF_Container": {"tmp": "tmp"}, "Special_Vehicle_Container": {"tmp": "tmp"}, "option": {"size": 190, "type": "CAM"}}
{"timestamp": 119.99999999977648, "ITS_PDU_Header": {"tmp": "tmp"}, "Management_Container": {"tmp": "tmp"}, "Station_Data_Container": {"sumo_id": "304", "location": [-189.4606170654297, 9.25], "speed": [-18946.06213002046, 925.0000206753616, 0], "yaw": 0.0}, "Sensor_Information_Container": [0, 1, 2, 3], "Perceived_Object_Container": [{"time": 119.99999999977648, "location": {"x": -242.27319193722562, "y": -8.766109252843698}, "speed": {"x": -24328.142328444323, "y": -925.0000206753616, "z": 0}, "pseudonym": 0}, {"time": 119.99999999977648, "location": {"x": -206.41010500531235, "y": 2.499074026797958}, "speed": {"x": -20515.796357001283, "y": 200.00000447034847, "z": 0}, "pseudonym": 1}, {"time": 119.99999999977648, "location": {"x": -224.47168527488628, "y": 2.3296765668651735}, "speed": {"x": -22491.357924596025, "y": 200.00000447034847, "z": 0}, "pseudonym": 2}], "option": {"size": 366, "type": "CPM"}}
{"timestamp": 120.10999999731779, "ITS_PDU_Header": {"tmp": "tmp"}, "Basic_Container": {"tmp": "tmp"}, "HF_Container": {"sumo_id": "304", "location": [-187.80859375, 9.25], "speed": [16.520691287234975, 0.0, 0], "yaw": 0.0}, "LF_Container": {"tmp": "tmp"}, "Special_Vehicle_Container": {"tmp": "tmp"}, "option": {"size": 190, "type": "CAM"}}
{"timestamp": 120.10999999731779, "ITS_PDU_Header": {"tmp": "tmp"}, "Management_Container": {"tmp": "tmp"}, "Station_Data_Container": {"sumo_id": "304", "location": [-187.80859375, 9.25], "speed": [16.520691287234975, 0.0, 0], "yaw": 0.0}, "Sensor_Information_Container": [0, 1, 2, 3], "Perceived_Object_Container": [{"time": 120.10999999731779, "location": {"x": -184.71550387652152, "y": 2.6204233905115304}, "speed": {"x": 13.356018364936524, "y": 0.0, "z": 0}, "pseudonym": 3}, {"time": 120.10999999731779, "location": {"x": -183.82363711633096, "y": -5.199018816810459}, "speed": {"x": -15.895080921688994, "y": 0.0, "z": 0}, "pseudonym": 4}], "option": {"size": 331, "type": "CPM"}}
