{"timestamp": 119.99999999977648, "ITS_PDU_Header": {"tmp": "tmp"}, "Basic_Container": {"tmp": "tmp"}, "HF_Container": {"sumo_id": "353", "location": [-590.8094482421875, 2.0], "speed": [-59080.946144780806, 200.00000447034847, 0], "yaw": 0.0}, "LF_Container": {"tmp": "tmp"}, "Special_Vehicle_Container": {"tmp": "tmp"}, "option": {"size": 190, "type": "CAM"}}
{"timestamp": 119.99999999977648, "ITS_PDU_Header": {"tmp": "tmp"}, "Management_Container": {"tmp": "tmp"}, "Station_Data_Container": {"sumo_id": "353", "location": [-590.8094482421875, 2.0], "speed": [-59080.946144780806, 200.00000447034847, 0], "yaw": 0.0}, "Sensor_Information_Container": [0, 1, 2, 3], "Perceived_Object_Container": [{"time": 119.99999999977648, "location": {"x": -586.2229822872645, "y": -8.716763756832195}, "speed": {"x": -58628.70004092232, "y": -925.0000206753616, "z": 0}, "pseudonym": 0}, {"time": 119.99999999977648, "location": {"x": -588.2920308761118, "y": -1.9995576706045501}, "speed": {"x": -58767.68930184147, "y": -200.00000447034847, "z": 0}, "pseudonym": 1}, {"time": 119.99999999977648, "location": {"x": -574.4328168903503, "y": 8.483259900094176}, "speed": {"x": -57340.52252189493, "y": 925.0000206753616, "z": 0}, "pseudonym": 2}, {"time": 119.99999999977648, "location": {"x": -622.7938089808392, "y": -8.557875668065979}, "speed": {"x": -62312.20842403639, "y": -925.0000206753616, "z": 0}, "pseudonym": 3}], "option": {"size": 401, "type": "CPM"}}
{"timestamp": 120.10999999731779, "ITS_PDU_Header": {"tmp": "tmp"}, "Basic_Container": {"tmp": "tmp"}, "HF_Container": {"sumo_id": "353", "location": [-589.4216918945312, 2.0], "speed": [13.885498357240074, 0.0, 0], "yaw": 0.0}, "LF_Container": {"tmp": "tmp"}, "Special_Vehicle_Container": {"tmp": "tmp"}, "option": {"size": 190, "type": "CAM"}}
