{"timestamp": 119.99999999977648, "ITS_PDU_Header": {"tmp": "tmp"}, "Basic_Container": {"tmp": "tmp"}, "HF_Container": {"sumo_id": "386", "location": [563.442626953125, -2.0], "speed": [56344.26395470494, -200.00000447034847, 0], "yaw": -179.99996948242188}, "LF_Container": {"tmp": "tmp"}, "Special_Vehicle_Container": {"tmp": "tmp"}, "option": {"size": 190, "type": "CAM"}}
{"timestamp": 119.99999999977648, "ITS_PDU_Header": {"tmp": "tmp"}, "Management_Container": {"tmp": "tmp"}, "Station_Data_Container": {"sumo_id": "386", "location": [563.442626953125, -2.0], "speed": [56344.26395470494, -200.00000447034847, 0], "yaw": -179.99996948242188}, "Sensor_Information_Container": [0, 1, 2, 3], "Perceived_Object_Container": [{"time": 119.99999999977648, "location": {"x": 552.9099880728933, "y": -8.528069144142497}, "speed": {"x": 55199.70826505963, "y": -925.0000206753616, "z": 0}, "pseudonym": 0}, {"time": 119.99999999977648, "location": {"x": 569.0446173098834, "y": -9.296618593494248}, "speed": {"x": 56946.98613614558, "y": -925.0000206753616, "z": 0}, "pseudonym": 1}, {"time": 119.99999999977648, "location": {"x": 577.2749203376065, "y": -2.060725544505266}, "speed": {"x": 57775.330881223024, "y": -200.00000447034847, "z": 0}, "pseudonym": 2}, {"time": 119.99999999977648, "location": {"x": 577.7347368849314, "y": -5.1320338449069585}, "speed": {"x": 57775.00129137191, "y": -575.0000128522519, "z": 0}, "pseudonym": 3}], "option": {"size": 401, "type": "CPM"}}
{"timestamp": 120.10999999731779, "ITS_PDU_Header": {"tmp": "tmp"}, "Basic_Container": {"tmp": "tmp"}, "HF_Container": {"sumo_id": "386", "location": [562.780029296875, -2.0], "speed": [-6.640625148429539, 0.0, 0], "yaw": -179.99996948242188}, "LF_Container": {"tmp": "tmp"}, "Special_Vehicle_Container": {"tmp": "tmp"}, "option": {"size": 190, "type": "CAM"}}
