{"timestamp": 119.99999999977648, "ITS_PDU_Header": {"tmp": "tmp"}, "Basic_Container": {"tmp": "tmp"}, "HF_Container": {"sumo_id": "394", "location": [246.04736328125, -2.0], "speed": [24604.736878083724, -200.00000447034847, 0], "yaw": -179.99996948242188}, "LF_Container": {"tmp": "tmp"}, "Special_Vehicle_Container": {"tmp": "tmp"}, "option": {"size": 190, "type": "CAM"}}
{"timestamp": 120.10999999731779, "ITS_PDU_Header": {"tmp": "tmp"}, "Basic_Container": {"tmp": "tmp"}, "HF_Container": {"sumo_id": "394", "location": [244.8924560546875, -2.0], "speed": [-11.546325941674246, 0.0, 0], "yaw": -179.99996948242188}, "LF_Container": {"tmp": "tmp"}, "Special_Vehicle_Container": {"tmp": "tmp"}, "option": {"size": 190, "type": "CAM"}}
{"timestamp": 120.10999999731779, "ITS_PDU_Header": {"tmp": "tmp"}, "Management_Container": {"tmp": "tmp"}, "Station_Data_Container": {"sumo_id": "394", "location": [244.8924560546875, -2.0], "speed": [-11.546325941674246, 0.0, 0], "yaw": -179.99996948242188}, "Sensor_Information_Container": [0, 1, 2, 3], "Perceived_Object_Container": [{"time": 120.10999999731779, "location": {"x": 245.0813420272827, "y": 5.1453692153083415}, "speed": {"x": 16.67327918127058, "y": 0.0, "z": 0}, "pseudonym": 0}, {"time": 120.10999999731779, "location": {"x": 243.18022819004221, "y": 1.591554217377204}, "speed": {"x": 11.987304955437144, "y": 0.0, "z": 0}, "pseudonym": 1}, {"time": 120.10999999731779, "location": {"x": 245.48583560362434, "y": -5.014321113380762}, "speed": {"x": -15.782165880102646, "y": 0.0, "z": 0}, "pseudonym": 2}, {"time": 120.10999999731779, "location": {"x": 244.0892315627869, "y": -8.650330096788574}, "speed": {"x": -16.674805060210936, "y": 0.0, "z": 0}, "pseudonym": 3}], "option": {"size": 401, "type": "CPM"}}
