{"timestamp": 119.99999999977648, "ITS_PDU_Header": {"tmp": "tmp"}, "Basic_Container": {"tmp": "tmp"}, "HF_Container": {"sumo_id": "420", "location": [819.7005004882812, -5.75], "speed": [81970.05188100156, -575.0000128522519, 0], "yaw": -179.99996948242188}, "LF_Container": {"tmp": "tmp"}, "Special_Vehicle_Container": {"tmp": "tmp"}, "option": {"size": 190, "type": "CAM"}}
{"timestamp": 119.99999999977648, "ITS_PDU_Header": {"tmp": "tmp"}, "Management_Container": {"tmp": "tmp"}, "Station_Data_Container": {"sumo_id": "420", "location": [819.7005004882812, -5.75], "speed": [81970.05188100156, -575.0000128522519, 0], "yaw": -179.99996948242188}, "Sensor_Information_Container": [0, 1, 2, 3], "Perceived_Object_Container": [{"time": 119.99999999977648, "location": {"x": 818.030978468867, "y": -2.5474378065296586}, "speed": {"x": 81745.38146582354, "y": -200.00000447034847, "z": 0}, "pseudonym": 0}, {"time": 119.99999999977648, "location": {"x": 760.2825173043494, "y": -5.462255335847819}, "speed": {"x": 75912.36741942988, "y": -575.0000128522519, "z": 0}, "pseudonym": 1}, {"time": 119.99999999977648, "location": {"x": 771.6613868569534, "y": -1.9620353712552472}, "speed": {"x": 77002.90699458659, "y": -200.00000447034847, "z": 0}, "pseudonym": 2}], "option": {"size": 366, "type": "CPM"}}
{"timestamp": 120.10999999731779, "ITS_PDU_Header": {"tmp": "tmp"}, "Basic_Container": {"tmp": "tmp"}, "HF_Container": {"sumo_id": "420", "location": [818.0355224609375, -5.75], "speed": [-16.65039099716524, 0.0, 0], "yaw": -179.99996948242188}, "LF_Container": {"tmp": "tmp"}, "Special_Vehicle_Container": {"tmp": "tmp"}, "option": {"size": 190, "type": "CAM"}}
