{"timestamp": 119.99999999977648, "ITS_PDU_Header": {"tmp": "tmp"}, "Basic_Container": {"tmp": "tmp"}, "HF_Container": {"sumo_id": "433", "location": [-552.1714477539062, 9.25], "speed": [-55217.14600959002, 925.0000206753616, 0], "yaw": 0.0}, "LF_Container": {"tmp": "tmp"}, "Special_Vehicle_Container": {"tmp": "tmp"}, "option": {"size": 190, "type": "CAM"}}
{"timestamp": 119.99999999977648, "ITS_PDU_Header": {"tmp": "tmp"}, "Management_Container": {"tmp": "tmp"}, "Station_Data_Container": {"sumo_id": "433", "location": [-552.1714477539062, 9.25], "speed": [-55217.14600959002, 925.0000206753616, 0], "yaw": 0.0}, "Sensor_Information_Container": [0, 1, 2, 3], "Perceived_Object_Container": [{"time": 119.99999999977648, "location": {"x": -572.719235273202, "y": 9.340617417480036}, "speed": {"x": -57340.52252189493, "y": 925.0000206753616, "z": 0}, "pseudonym": 0}], "option": {"size": 296, "type": "CPM"}}
{"timestamp": 120.10999999731779, "ITS_PDU_Header": {"tmp": "tmp"}, "Basic_Container": {"tmp": "tmp"}, "HF_Container": {"sumo_id": "433", "location": [-550.677734375, 9.25], "speed": [14.978027678535007, 0.0, 0], "yaw": 0.0}, "LF_Container": {"tmp": "tmp"}, "Special_Vehicle_Container": {"tmp": "tmp"}, "option": {"size": 190, "type": "CAM"}}
{"timestamp": 120.10999999731779, "ITS_PDU_Header": {"tmp": "tmp"}, "Management_Container": {"tmp": "tmp"}, "Station_Data_Container": {"sumo_id": "433", "location": [-550.677734375, 9.25], "speed": [14.978027678535007, 0.0, 0], "yaw": 0.0}, "Sensor_Information_Container": [0, 1, 2, 3], "Perceived_Object_Container": [{"time": 120.10999999731779, "location": {"x": -547.9472106252301, "y": -5.040767284916492}, "speed": {"x": -13.977051093661437, "y": 0.0, "z": 0}, "pseudonym": 1}, {"time": 120.10999999731779, "location": {"x": -560.0864268899984, "y": -5.49852679568943}, "speed": {"x": -16.656494512926663, "y": 0.0, "z": 0}, "pseudonym": 2}, {"time": 120.10999999731779, "location": {"x": -545.3509542783426, "y": 2.3018787615361975}, "speed": {"x": 15.551758160108882, "y": 0.0, "z": 0}, "pseudonym": 3}, {"time": 120.10999999731779, "location": {"x": -537.9820880118425, "y": -8.41104740692192}, "speed": {"x": -16.632080449880966, "y": 0.0, "z": 0}, "pseudonym": 4}], "option": {"size": 401, "type": "CPM"}}
