{"timestamp": 119.99999999977648, "ITS_PDU_Header": {"tmp": "tmp"}, "Basic_Container": {"tmp": "tmp"}, "HF_Container": {"sumo_id": "434", "location": [534.392333984375, -9.25], "speed": [53439.234592897476, -925.0000206753616, 0], "yaw": -179.99996948242188}, "LF_Container": {"tmp": "tmp"}, "Special_Vehicle_Container": {"tmp": "tmp"}, "option": {"size": 190, "type": "CAM"}}
{"timestamp": 119.99999999977648, "ITS_PDU_Header": {"tmp": "tmp"}, "Management_Container": {"tmp": "tmp"}, "Station_Data_Container": {"sumo_id": "434", "location": [534.392333984375, -9.25], "speed": [53439.234592897476, -925.0000206753616, 0], "yaw": -179.99996948242188}, "Sensor_Information_Container": [0, 1, 2, 3], "Perceived_Object_Container": [{"time": 119.99999999977648, "location": {"x": 551.2351955018776, "y": -9.32683752961447}, "speed": {"x": 55199.70826505963, "y": -925.0000206753616, "z": 0}, "pseudonym": 0}, {"time": 119.99999999977648, "location": {"x": 579.439012500579, "y": 5.9852219398650846}, "speed": {"x": 58022.169265646546, "y": 575.0000128522519, "z": 0}, "pseudonym": 1}, {"time": 119.99999999977648, "location": {"x": 528.093160556447, "y": 9.241399527152822}, "speed": {"x": 52751.13643298603, "y": 925.0000206753616, "z": 0}, "pseudonym": 2}, {"time": 119.99999999977648, "location": {"x": 531.5185865270436, "y": 5.150691739603051}, "speed": {"x": 53222.50485172506, "y": 575.0000128522519, "z": 0}, "pseudonym": 3}], "option": {"size": 401, "type": "CPM"}}
{"timestamp": 120.10999999731779, "ITS_PDU_Header": {"tmp": "tmp"}, "Basic_Container": {"tmp": "tmp"}, "HF_Container": {"sumo_id": "434", "location": [532.954345703125, -9.25], "speed": [-14.465332354575374, 0.0, 0], "yaw": -179.99996948242188}, "LF_Container": {"tmp": "tmp"}, "Special_Vehicle_Container": {"tmp": "tmp"}, "option": {"size": 190, "type": "CAM"}}
