{"timestamp": 119.99999999977648, "ITS_PDU_Header": {"tmp": "tmp"}, "Basic_Container": {"tmp": "tmp"}, "HF_Container": {"sumo_id": "44", "location": [-853.3900756835938, -9.25], "speed": [-85339.00947583489, -925.0000206753616, 0], "yaw": -179.99996948242188}, "LF_Container": {"tmp": "tmp"}, "Special_Vehicle_Container": {"tmp": "tmp"}, "option": {"size": 190, "type": "CAM"}}
{"timestamp": 119.99999999977648, "ITS_PDU_Header": {"tmp": "tmp"}, "Management_Container": {"tmp": "tmp"}, "Station_Data_Container": {"sumo_id": "44", "location": [-853.3900756835938, -9.25], "speed": [-85339.00947583489, -925.0000206753616, 0], "yaw": -179.99996948242188}, "Sensor_Information_Container": [0, 1, 2, 3], "Perceived_Object_Container": [{"time": 119.99999999977648, "location": {"x": -898.554846724861, "y": 8.362160910558543}, "speed": {"x": -89923.83623846999, "y": 925.0000206753616, "z": 0}, "pseudonym": 0}, {"time": 119.99999999977648, "location": {"x": -891.1696038818892, "y": -6.315432084637619}, "speed": {"x": -89272.24320632764, "y": -575.0000128522519, "z": 0}, "pseudonym": 1}, {"time": 119.99999999977648, "location": {"x": -819.1947649346565, "y": -2.5033567866811497}, "speed": {"x": -81932.49084500576, "y": -200.00000447034847, "z": 0}, "pseudonym": 2}], "option": {"size": 366, "type": "CPM"}}
{"timestamp": 120.10999999731779, "ITS_PDU_Header": {"tmp": "tmp"}, "Basic_Container": {"tmp": "tmp"}, "HF_Container": {"sumo_id": "44", "location": [-854.9614868164062, -9.25], "speed": [-15.710449569905911, 0.0, 0], "yaw": -179.99996948242188}, "LF_Container": {"tmp": "tmp"}, "Special_Vehicle_Container": {"tmp": "tmp"}, "option": {"size": 190, "type": "CAM"}}
