{"timestamp": 119.99999999977648, "ITS_PDU_Header": {"tmp": "tmp"}, "Basic_Container": {"tmp": "tmp"}, "HF_Container": {"sumo_id": "62", "location": [925.6820068359375, 5.75], "speed": [92568.20275265431, 575.0000128522519, 0], "yaw": 0.0}, "LF_Container": {"tmp": "tmp"}, "Special_Vehicle_Container": {"tmp": "tmp"}, "option": {"size": 190, "type": "CAM"}}
{"timestamp": 119.99999999977648, "ITS_PDU_Header": {"tmp": "tmp"}, "Management_Container": {"tmp": "tmp"}, "Station_Data_Container": {"sumo_id": "62", "location": [925.6820068359375, 5.75], "speed": [92568.20275265431, 575.0000128522519, 0], "yaw": 0.0}, "Sensor_Information_Container": [0, 1, 2, 3], "Perceived_Object_Container": [{"time": 119.99999999977648, "location": {"x": 945.4629483899297, "y": -1.383640865818955}, "speed": {"x": 94590.47452637124, "y": -200.00000447034847, "z": 0}, "pseudonym": 0}], "option": {"size": 296, "type": "CPM"}}
{"timestamp": 120.10999999731779, "ITS_PDU_Header": {"tmp": "tmp"}, "Basic_Container": {"tmp": "tmp"}, "HF_Container": {"sumo_id": "62", "location": [927.3477783203125, 5.75], "speed": [16.656494512926663, 0.0, 0], "yaw": 0.0}, "LF_Container": {"tmp": "tmp"}, "Special_Vehicle_Container": {"tmp": "tmp"}, "option": {"size": 190, "type": "CAM"}}
{"timestamp": 120.10999999731779, "ITS_PDU_Header": {"tmp": "tmp"}, "Management_Container": {"tmp": "tmp"}, "Station_Data_Container": {"sumo_id": "62", "location": [927.3477783203125, 5.75], "speed": [16.656494512926663, 0.0, 0], "yaw": 0.0}, "Sensor_Information_Container": [0, 1, 2, 3], "Perceived_Object_Container": [{"time": 120.10999999731779, "location": {"x": 918.8024722799864, "y": -5.384207379491983}, "speed": {"x": -9.985351785690005, "y": 0.0, "z": 0}, "pseudonym": 1}, {"time": 120.10999999731779, "location": {"x": 931.3299340734305, "y": -1.4878868868613941}, "speed": {"x": -8.32519549858262, "y": 0.0, "z": 0}, "pseudonym": 2}], "option": {"size": 331, "type": "CPM"}}
