{"timestamp": 119.99999999977648, "ITS_PDU_Header": {"tmp": "tmp"}, "Basic_Container": {"tmp": "tmp"}, "HF_Container": {"sumo_id": "87", "location": [942.8377075195312, 2.0], "speed": [94283.77285935967, 200.00000447034847, 0], "yaw": 0.0}, "LF_Container": {"tmp": "tmp"}, "Special_Vehicle_Container": {"tmp": "tmp"}, "option": {"size": 190, "type": "CAM"}}
{"timestamp": 120.10999999731779, "ITS_PDU_Header": {"tmp": "tmp"}, "Basic_Container": {"tmp": "tmp"}, "HF_Container": {"sumo_id": "87", "location": [943.2886352539062, 2.0], "speed": [4.498291116169642, 0.0, 0], "yaw": 0.0}, "LF_Container": {"tmp": "tmp"}, "Special_Vehicle_Container": {"tmp": "tmp"}, "option": {"size": 190, "type": "CAM"}}
{"timestamp": 120.10999999731779, "ITS_PDU_Header": {"tmp": "tmp"}, "Management_Container": {"tmp": "tmp"}, "Station_Data_Container": {"sumo_id": "87", "location": [943.2886352539062, 2.0], "speed": [4.498291116169642, 0.0, 0], "yaw": 0.0}, "Sensor_Information_Container": [0, 1, 2, 3], "Perceived_Object_Container": [{"time": 120.10999999731779, "location": {"x": 961.7399592643096, "y": -2.0947944121283903}, "speed": {"x": -8.294677919775499, "y": 0.0, "z": 0}, "pseudonym": 0}, {"time": 120.10999999731779, "location": {"x": 954.4438830784611, "y": 4.91730646561904}, "speed": {"x": 16.644287481403815, "y": 0.0, "z": 0}, "pseudonym": 1}, {"time": 120.10999999731779, "location": {"x": 954.440284405157, "y": 2.0885908333538956}, "speed": {"x": 4.27856454875837, "y": 0.0, "z": 0}, "pseudonym": 2}, {"time": 120.10999999731779, "location": {"x": 975.2955386282838, "y": -1.5994686033503878}, "speed": {"x": -7.495117355028928, "y": 0.0, "z": 0}, "pseudonym": 3}], "option": {"size": 401, "type": "CPM"}}
