{"timestamp": 119.99999999977648, "ITS_PDU_Header": {"tmp": "tmp"}, "Basic_Container": {"tmp": "tmp"}, "HF_Container": {"sumo_id": "158", "location": [-999.5130004882812, -1.2338778972625732], "speed": [-99951.30228291382, -123.3877924841894, 0], "yaw": 158.55784606933594}, "LF_Container": {"tmp": "tmp"}, "Special_Vehicle_Container": {"tmp": "tmp"}, "option": {"size": 190, "type": "CAM"}}
{"timestamp": 120.10999999731779, "ITS_PDU_Header": {"tmp": "tmp"}, "Basic_Container": {"tmp": "tmp"}, "HF_Container": {"sumo_id": "158", "location": [-999.7146606445312, -1.12228262424469], "speed": [-2.0629883273613823, 1.1231541884650482, 0], "yaw": 154.6520233154297}, "LF_Container": {"tmp": "tmp"}, "Special_Vehicle_Container": {"tmp": "tmp"}, "option": {"size": 190, "type": "CAM"}}
{"timestamp": 120.10999999731779, "ITS_PDU_Header": {"tmp": "tmp"}, "Management_Container": {"tmp": "tmp"}, "Station_Data_Container": {"sumo_id": "158", "location": [-999.7146606445312, -1.12228262424469], "speed": [-2.0629883273613823, 1.1231541884650482, 0], "yaw": 154.6520233154297}, "Sensor_Information_Container": [0, 1, 2, 3], "Perceived_Object_Container": [{"time": 120.10999999731779, "location": {"x": -996.0488644147928, "y": 1.2764416587871434}, "speed": {"x": 2.9846192073364377, "y": 0.0, "z": 0}, "pseudonym": 0}, {"time": 120.10999999731779, "location": {"x": -939.9862020001041, "y": -9.2247222611854}, "speed": {"x": -13.934326483331468, "y": 0.0, "z": 0}, "pseudonym": 1}, {"time": 120.10999999731779, "location": {"x": -984.4661497776985, "y": 1.1691699706585037}, "speed": {"x": 2.9846192073364377, "y": 0.0, "z": 0}, "pseudonym": 2}, {"time": 120.10999999731779, "location": {"x": -975.2825669658346, "y": 2.4372174654398346}, "speed": {"x": 2.880859439392226, "y": 0.0, "z": 0}, "pseudonym": 3}], "option": {"size": 401, "type": "CPM"}}
{"timestamp": 120.2199999948591, "ITS_PDU_Header": {"tmp": "tmp"}, "Basic_Container": {"tmp": "tmp"}, "HF_Container": {"sumo_id": "158", "location": [-999.7426147460938, -1.0564594268798828], "speed": [-0.006103515761424209, 0.4354596235333299, 0], "yaw": 148.69851684570312}, "LF_Container": {"tmp": "tmp"}, "Special_Vehicle_Container": {"tmp": "tmp"}, "option": {"size": 190, "type": "CAM"}}
{"timestamp": 120.31999999262392, "ITS_PDU_Header": {"tmp": "tmp"}, "Management_Container": {"tmp": "tmp"}, "Station_Data_Container": {"sumo_id": "158", "location": [-999.7653198242188, -1.0165990591049194], "speed": [-0.4150390717768462, 0.3821134652669757, 0], "yaw": 142.35614013671875}, "Sensor_Information_Container": [0, 1, 2, 3], "Perceived_Object_Container": [{"time": 120.30999999284744, "location": {"x": -951.4980918689241, "y": -5.629950974358951}, "speed": {"x": -16.15600622048988, "y": 0.0, "z": 0}, "pseudonym": 4}, {"time": 120.30999999284744, "location": {"x": -922.0222761337304, "y": -9.217102085724722}, "speed": {"x": -14.03808625127568, "y": 0.0, "z": 0}, "pseudonym": 5}], "option": {"size": 331, "type": "CPM"}}
{"timestamp": 120.34999999195337, "ITS_PDU_Header": {"tmp": "tmp"}, "Basic_Container": {"tmp": "tmp"}, "HF_Container": {"sumo_id": "158", "location": [-999.7801513671875, -1.0050359964370728], "speed": [-0.5432129027667545, 0.38756132992121567, 0], "yaw": 140.33457946777344}, "LF_Container": {"tmp": "tmp"}, "Special_Vehicle_Container": {"tmp": "tmp"}, "option": {"size": 190, "type": "CAM"}}
{"timestamp": 120.40999999061226, "ITS_PDU_Header": {"tmp": "tmp"}, "Management_Container": {"tmp": "tmp"}, "Station_Data_Container": {"sumo_id": "158", "location": [-999.8212890625, -0.9803996682167053], "speed": [-0.7873535332237229, 0.4327535726000422, 0], "yaw": 136.1478729248047}, "Sensor_Information_Container": [0, 1, 2, 3], "Perceived_Object_Container": [{"time": 120.40999999061226, "location": {"x": -944.2476293024728, "y": -8.876359554857444}, "speed": {"x": -14.508056964905343, "y": 0.0, "z": 0}, "pseudonym": 1}, {"time": 120.40999999061226, "location": {"x": -929.8400205225263, "y": -5.2558333980069065}, "speed": {"x": -16.162109736251303, "y": 0.0, "z": 0}, "pseudonym": 6}], "option": {"size": 331, "type": "CPM"}}
{"timestamp": 120.46999998927116, "ITS_PDU_Header": {"tmp": "tmp"}, "Basic_Container": {"tmp": "tmp"}, "HF_Container": {"sumo_id": "158", "location": [-999.8773803710938, -0.9512899518013], "speed": [-1.0314941636806911, 0.5290508388515749, 0], "yaw": 131.80014038085938}, "LF_Container": {"tmp": "tmp"}, "Special_Vehicle_Container": {"tmp": "tmp"}, "option": {"size": 190, "type": "CAM"}}
