{"timestamp": 117.20000174641609, "ITS_PDU_Header": {"tmp": "tmp"}, "Management_Container": {"tmp": "tmp"}, "Station_Data_Container": {"sumo_id": "84", "location": [-997.3999633789062, 9.25], "speed": [-9973.999485164888, 92.4999986216426, 0]}, "Sensor_Information_Container": ["360_sensor", "forward_sensor", "backward_sensor"], "Perceived_Object_Container": [{"time": 117.20000174641609, "location": {"x": -991.8526572513182, "y": 9.443465993446962}, "speed": {"x": 5.1568602747192935, "y": 0.0, "z": 0}, "pseudonym": 0}, {"time": 117.20000174641609, "location": {"x": -999.7602654033665, "y": 0.23360163211194873}, "speed": {"x": -1.2597656062280296, "y": 2.178049651115393, "z": 0}, "pseudonym": 1}], "option": {"size": 296, "type": "CPM"}}
{"timestamp": 117.20000174641609, "ITS_PDU_Header": {"tmp": "tmp"}, "Basic_Container": {"tmp": "tmp"}, "HF_Container": {"tmp": "tmp"}, "LF_Container": {"tmp": "tmp"}, "Special_Vehicle_Container": {}, "option": {"size": 190, "type": "CAM"}}
{"timestamp": 117.30000174790621, "ITS_PDU_Header": {"tmp": "tmp"}, "Basic_Container": {"tmp": "tmp"}, "HF_Container": {"tmp": "tmp"}, "LF_Container": {"tmp": "tmp"}, "Special_Vehicle_Container": {}, "option": {"size": 190, "type": "CAM"}}
{"timestamp": 117.40000174939632, "ITS_PDU_Header": {"tmp": "tmp"}, "Management_Container": {"tmp": "tmp"}, "Station_Data_Container": {"sumo_id": "84", "location": [-997.3243408203125, 9.25], "speed": [0.5078124924330042, 0.0, 0]}, "Sensor_Information_Container": ["360_sensor", "forward_sensor", "backward_sensor"], "Perceived_Object_Container": [{"time": 117.40000174939632, "location": {"x": -999.5444632797404, "y": 0.769090221398482}, "speed": {"x": 0.5236816328215356, "y": 3.301903779776338, "z": 0}, "pseudonym": 1}], "option": {"size": 261, "type": "CPM"}}
{"timestamp": 117.50000175088644, "ITS_PDU_Header": {"tmp": "tmp"}, "Management_Container": {"tmp": "tmp"}, "Station_Data_Container": {"sumo_id": "84", "location": [-997.2509765625, 9.25], "speed": [0.7336425671928738, 0.0, 0]}, "Sensor_Information_Container": ["360_sensor", "forward_sensor", "backward_sensor"], "Perceived_Object_Container": [{"time": 117.50000175088644, "location": {"x": -990.096522324886, "y": 9.49951635349042}, "speed": {"x": 5.820312413270586, "y": 0.0, "z": 0}, "pseudonym": 0}, {"time": 117.50000175088644, "location": {"x": -999.1972303526599, "y": 0.8757027856481887}, "speed": {"x": 1.7938232154574512, "y": 3.727623168712509, "z": 0}, "pseudonym": 1}], "option": {"size": 296, "type": "CPM"}}
{"timestamp": 117.60000175237656, "ITS_PDU_Header": {"tmp": "tmp"}, "Management_Container": {"tmp": "tmp"}, "Station_Data_Container": {"sumo_id": "84", "location": [-997.15625, 9.25], "speed": [0.9472656108846425, 0.0, 0]}, "Sensor_Information_Container": ["360_sensor", "forward_sensor", "backward_sensor"], "Perceived_Object_Container": [{"time": 117.60000175237656, "location": {"x": -998.8014113557743, "y": 1.1621970271032875}, "speed": {"x": 3.067016555860392, "y": 3.56544668129911, "z": 0}, "pseudonym": 1}], "option": {"size": 261, "type": "CPM"}}
{"timestamp": 117.60000175237656, "ITS_PDU_Header": {"tmp": "tmp"}, "Basic_Container": {"tmp": "tmp"}, "HF_Container": {"tmp": "tmp"}, "LF_Container": {"tmp": "tmp"}, "Special_Vehicle_Container": {}, "option": {"size": 190, "type": "CAM"}}
{"timestamp": 117.70000175386667, "ITS_PDU_Header": {"tmp": "tmp"}, "Management_Container": {"tmp": "tmp"}, "Station_Data_Container": {"sumo_id": "84", "location": [-997.040283203125, 9.25], "speed": [1.1596679514696009, 0.0, 0]}, "Sensor_Information_Container": ["360_sensor", "forward_sensor", "backward_sensor"], "Perceived_Object_Container": [{"time": 117.70000175386667, "location": {"x": -998.5046561448905, "y": 2.0509737219568027}, "speed": {"x": 4.213867124708487, "y": 2.7744000736713397, "z": 0}, "pseudonym": 1}], "option": {"size": 261, "type": "CPM"}}
{"timestamp": 117.80000175535679, "ITS_PDU_Header": {"tmp": "tmp"}, "Management_Container": {"tmp": "tmp"}, "Station_Data_Container": {"sumo_id": "84", "location": [-996.8998413085938, 9.25], "speed": [1.4044189243850271, 0.0, 0]}, "Sensor_Information_Container": ["360_sensor", "forward_sensor", "backward_sensor"], "Perceived_Object_Container": [{"time": 117.80000175535679, "location": {"x": -988.1399654280458, "y": 9.759545173971636}, "speed": {"x": 6.353149319393198, "y": 0.0, "z": 0}, "pseudonym": 0}, {"time": 117.80000175535679, "location": {"x": -997.9343194113375, "y": 2.1813642940372766}, "speed": {"x": 4.742431569957263, "y": 2.6923703746144416, "z": 0}, "pseudonym": 1}], "option": {"size": 296, "type": "CPM"}}
