{"timestamp": 119.99999999977648, "ITS_PDU_Header": {"tmp": "tmp"}, "Management_Container": {"tmp": "tmp"}, "Station_Data_Container": {"sumo_id": "216", "location": [888.9808959960938, 2.0], "speed": [88898.09158663657, 200.00000447034847, 0], "yaw": 0.0}, "Sensor_Information_Container": [0, 1, 2, 3], "Perceived_Object_Container": [{"time": 119.99999999977648, "location": {"x": 897.3569259117851, "y": -1.4687178949133042}, "speed": {"x": 89718.70928076004, "y": -200.00000447034847, "z": 0}, "pseudonym": 0}], "option": {"size": 296, "type": "CPM"}}
{"timestamp": 119.99999999977648, "ITS_PDU_Header": {"tmp": "tmp"}, "Basic_Container": {"tmp": "tmp"}, "HF_Container": {"sumo_id": "216", "location": [888.9808959960938, 2.0], "speed": [88898.09158663657, 200.00000447034847, 0], "yaw": 0.0}, "LF_Container": {"tmp": "tmp"}, "Special_Vehicle_Container": {"tmp": "tmp"}, "option": {"size": 190, "type": "CAM"}}
{"timestamp": 120.10999999731779, "ITS_PDU_Header": {"tmp": "tmp"}, "Management_Container": {"tmp": "tmp"}, "Station_Data_Container": {"sumo_id": "216", "location": [889.4705200195312, 2.0], "speed": [4.888916124900791, 0.0, 0], "yaw": 0.0}, "Sensor_Information_Container": [0, 1, 2, 3], "Perceived_Object_Container": [{"time": 120.10999999731779, "location": {"x": 887.9742182131113, "y": 5.300891141932321}, "speed": {"x": 16.644287481403815, "y": 0.0, "z": 0}, "pseudonym": 1}], "option": {"size": 296, "type": "CPM"}}
{"timestamp": 120.10999999731779, "ITS_PDU_Header": {"tmp": "tmp"}, "Basic_Container": {"tmp": "tmp"}, "HF_Container": {"sumo_id": "216", "location": [889.4705200195312, 2.0], "speed": [4.888916124900791, 0.0, 0], "yaw": 0.0}, "LF_Container": {"tmp": "tmp"}, "Special_Vehicle_Container": {"tmp": "tmp"}, "option": {"size": 190, "type": "CAM"}}
{"timestamp": 120.11999999709427, "ITS_PDU_Header": {"tmp": "tmp"}, "Management_Container": {"tmp": "tmp"}, "Station_Data_Container": {"sumo_id": "216", "location": [889.5193481445312, 2.0], "speed": [4.882812609139367, 0.0, 0], "yaw": 0.0}, "Sensor_Information_Container": [0, 1, 2, 3], "Perceived_Object_Container": [{"time": 120.10999999731779, "location": {"x": 888.1060137058231, "y": -1.5294405684644459}, "speed": {"x": -2.1301270007370485, "y": 0.0, "z": 0}, "pseudonym": 2}, {"time": 120.10999999731779, "location": {"x": 894.0892655217667, "y": -5.331712752165155}, "speed": {"x": -11.822510029878691, "y": 0.0, "z": 0}, "pseudonym": 3}, {"time": 120.10999999731779, "location": {"x": 906.1462262508045, "y": -1.7442391624253883}, "speed": {"x": -2.0141602012699886, "y": 0.0, "z": 0}, "pseudonym": 4}, {"time": 120.10999999731779, "location": {"x": 897.0613131597812, "y": -1.6711951297676448}, "speed": {"x": -2.0629883273613823, "y": 0.0, "z": 0}, "pseudonym": 5}, {"time": 120.10999999731779, "location": {"x": 933.5294093371391, "y": 6.042977312875827}, "speed": {"x": 16.619873418358118, "y": 0.0, "z": 0}, "pseudonym": 6}, {"time": 120.10999999731779, "location": {"x": 912.8861562168795, "y": -5.470512614541039}, "speed": {"x": -5.102539176550638, "y": 0.0, "z": 0}, "pseudonym": 7}, {"time": 120.10999999731779, "location": {"x": 910.107570482486, "y": 9.336608512661726}, "speed": {"x": 16.68090857597236, "y": 0.0, "z": 0}, "pseudonym": 8}, {"time": 120.10999999731779, "location": {"x": 952.41026340107, "y": -5.36620448812415}, "speed": {"x": -5.93261732010433, "y": 0.0, "z": 0}, "pseudonym": 9}, {"time": 120.10999999731779, "location": {"x": 915.4351365336164, "y": -2.0229152460740556}, "speed": {"x": -2.0935059061685033, "y": 0.0, "z": 0}, "pseudonym": 10}, {"time": 120.10999999731779, "location": {"x": 934.5651318126652, "y": -1.9527400185192167}, "speed": {"x": -2.026367232792837, "y": 0.0, "z": 0}, "pseudonym": 11}, {"time": 120.10999999731779, "location": {"x": 907.7992688991527, "y": -1.405069072246635}, "speed": {"x": -2.0141602012699886, "y": 0.0, "z": 0}, "pseudonym": 4}, {"time": 120.10999999731779, "location": {"x": 926.0444226767777, "y": -5.085709494506836}, "speed": {"x": -5.053711050459245, "y": 0.0, "z": 0}, "pseudonym": 12}, {"time": 120.10999999731779, "location": {"x": 919.5541494942406, "y": -9.09606929823054}, "speed": {"x": -5.1696778499263045, "y": 0.0, "z": 0}, "pseudonym": 13}, {"time": 120.10999999731779, "location": {"x": 946.2827891635437, "y": 8.415477315047085}, "speed": {"x": 16.619873418358118, "y": 0.0, "z": 0}, "pseudonym": 14}, {"time": 120.10999999731779, "location": {"x": 849.9856989164213, "y": -1.936826688419736}, "speed": {"x": -2.6855469350266516, "y": 0.0, "z": 0}, "pseudonym": 15}, {"time": 120.10999999731779, "location": {"x": 863.7594772426164, "y": 8.83257689891088}, "speed": {"x": 16.632080449880966, "y": 0.0, "z": 0}, "pseudonym": 16}, {"time": 120.10999999731779, "location": {"x": 878.882518774885, "y": -1.72009803866971}, "speed": {"x": -2.209472705635563, "y": 0.0, "z": 0}, "pseudonym": 17}, {"time": 120.10999999731779, "location": {"x": 877.5866611097699, "y": 1.8547667653699658}, "speed": {"x": 5.004882924367851, "y": 0.0, "z": 0}, "pseudonym": 18}, {"time": 120.10999999731779, "location": {"x": 869.5779649543265, "y": -2.248355093617809}, "speed": {"x": -2.3620605996711688, "y": 0.0, "z": 0}, "pseudonym": 19}, {"time": 120.10999999731779, "location": {"x": 838.9191398539313, "y": 9.575295870805302}, "speed": {"x": 16.662598028688087, "y": 0.0, "z": 0}, "pseudonym": 20}, {"time": 120.10999999731779, "location": {"x": 840.0403438078827, "y": -1.5497664105101987}, "speed": {"x": -2.905273502437923, "y": 0.0, "z": 0}, "pseudonym": 21}, {"time": 120.10999999731779, "location": {"x": 875.7250797629279, "y": -5.3625785730122955}, "speed": {"x": -11.93847682934575, "y": 0.0, "z": 0}, "pseudonym": 22}], "option": {"size": 1031, "type": "CPM"}}
{"timestamp": 120.2199999948591, "ITS_PDU_Header": {"tmp": "tmp"}, "Management_Container": {"tmp": "tmp"}, "Station_Data_Container": {"sumo_id": "216", "location": [890.0073852539062, 2.0], "speed": [4.864502061855094, 0.0, 0], "yaw": 0.0}, "Sensor_Information_Container": [0, 1, 2, 3], "Perceived_Object_Container": [{"time": 120.20999999508261, "location": {"x": 908.6274347771131, "y": -8.75889846722624}, "speed": {"x": -6.695556790282357, "y": 0.0, "z": 0}, "pseudonym": 23}, {"time": 120.20999999508261, "location": {"x": 946.115542619225, "y": 8.426938511837296}, "speed": {"x": 16.68090857597236, "y": 0.0, "z": 0}, "pseudonym": 24}, {"time": 120.20999999508261, "location": {"x": 846.4593605825931, "y": 6.580980102962933}, "speed": {"x": 16.66870154444951, "y": 0.0, "z": 0}, "pseudonym": 25}], "option": {"size": 366, "type": "CPM"}}
{"timestamp": 120.41999999038875, "ITS_PDU_Header": {"tmp": "tmp"}, "Management_Container": {"tmp": "tmp"}, "Station_Data_Container": {"sumo_id": "216", "location": [890.9791870117188, 2.0], "speed": [4.827880967286549, 0.0, 0], "yaw": 0.0}, "Sensor_Information_Container": [0, 1, 2, 3], "Perceived_Object_Container": [{"time": 120.40999999061226, "location": {"x": 911.2659679538423, "y": -5.714994144865752}, "speed": {"x": -5.731201299977331, "y": 0.0, "z": 0}, "pseudonym": 7}, {"time": 120.40999999061226, "location": {"x": 918.0112675536517, "y": -9.760236167672407}, "speed": {"x": -5.773925910307301, "y": 0.0, "z": 0}, "pseudonym": 13}, {"time": 120.40999999061226, "location": {"x": 942.8001723183951, "y": -8.648530674969786}, "speed": {"x": -4.772949325433731, "y": 0.0, "z": 0}, "pseudonym": 26}, {"time": 120.40999999061226, "location": {"x": 872.6506982650519, "y": -5.531121248292335}, "speed": {"x": -12.45727566906681, "y": 0.0, "z": 0}, "pseudonym": 22}], "option": {"size": 401, "type": "CPM"}}
{"timestamp": 120.51999998815357, "ITS_PDU_Header": {"tmp": "tmp"}, "Management_Container": {"tmp": "tmp"}, "Station_Data_Container": {"sumo_id": "216", "location": [891.463134765625, 2.0], "speed": [4.821777451525125, 0.0, 0], "yaw": 0.0}, "Sensor_Information_Container": [0, 1, 2, 3], "Perceived_Object_Container": [{"time": 120.50999998837709, "location": {"x": 889.8213255458344,