{"timestamp": 119.99999999977648, "ITS_PDU_Header": {"tmp": "tmp"}, "Management_Container": {"tmp": "tmp"}, "Station_Data_Container": {"sumo_id": "28", "location": [710.1881713867188, 2.0], "speed": [71018.81872606618, 200.00000447034847, 0], "yaw": 0.0}, "Sensor_Information_Container": [0, 1, 2, 3], "Perceived_Object_Container": [{"time": 119.99999999977648, "location": {"x": 724.4146676868245, "y": 1.93717585768121}, "speed": {"x": 72585.87198374879, "y": 200.00000447034847, "z": 0}, "pseudonym": 0}], "option": {"size": 296, "type": "CPM"}}
{"timestamp": 119.99999999977648, "ITS_PDU_Header": {"tmp": "tmp"}, "Basic_Container": {"tmp": "tmp"}, "HF_Container": {"sumo_id": "28", "location": [710.1881713867188, 2.0], "speed": [71018.81872606618, 200.00000447034847, 0], "yaw": 0.0}, "LF_Container": {"tmp": "tmp"}, "Special_Vehicle_Container": {"tmp": "tmp"}, "option": {"size": 190, "type": "CAM"}}
{"timestamp": 120.10999999731779, "ITS_PDU_Header": {"tmp": "tmp"}, "Management_Container": {"tmp": "tmp"}, "Station_Data_Container": {"sumo_id": "28", "location": [710.9423217773438, 2.0], "speed": [7.531738449597473, 0.0, 0], "yaw": 0.0}, "Sensor_Information_Container": [0, 1, 2, 3], "Perceived_Object_Container": [{"time": 120.10999999731779, "location": {"x": 711.2634934084274, "y": -1.4203929123767678}, "speed": {"x": -5.27954113363194, "y": 0.0, "z": 0}, "pseudonym": 1}, {"time": 120.10999999731779, "location": {"x": 716.6629887649087, "y": -8.670301954947742}, "speed": {"x": -16.687012091733784, "y": 0.0, "z": 0}, "pseudonym": 2}], "option": {"size": 331, "type": "CPM"}}
{"timestamp": 120.10999999731779, "ITS_PDU_Header": {"tmp": "tmp"}, "Basic_Container": {"tmp": "tmp"}, "HF_Container": {"sumo_id": "28", "location": [710.9423217773438, 2.0], "speed": [7.531738449597473, 0.0, 0], "yaw": 0.0}, "LF_Container": {"tmp": "tmp"}, "Special_Vehicle_Container": {"tmp": "tmp"}, "option": {"size": 190, "type": "CAM"}}
{"timestamp": 120.11999999709427, "ITS_PDU_Header": {"tmp": "tmp"}, "Management_Container": {"tmp": "tmp"}, "Station_Data_Container": {"sumo_id": "28", "location": [711.017578125, 2.0], "speed": [7.525634933836049, 0.0, 0], "yaw": 0.0}, "Sensor_Information_Container": [0, 1, 2, 3], "Perceived_Object_Container": [{"time": 120.10999999731779, "location": {"x": 743.4674240898839, "y": 5.321648211191794}, "speed": {"x": 16.662598028688087, "y": 0.0, "z": 0}, "pseudonym": 3}, {"time": 120.10999999731779, "location": {"x": 723.4388903965471, "y": -1.6513224762847942}, "speed": {"x": -5.187988397210577, "y": 0.0, "z": 0}, "pseudonym": 4}, {"time": 120.10999999731779, "location": {"x": 725.1359313129236, "y": 2.097323131463392}, "speed": {"x": 7.1655275039120205, "y": 0.0, "z": 0}, "pseudonym": 5}, {"time": 120.10999999731779, "location": {"x": 837.132920427986, "y": 9.205172617906491}, "speed": {"x": 16.662598028688087, "y": 0.0, "z": 0}, "pseudonym": 6}, {"time": 120.10999999731779, "location": {"x": 729.8320910442695, "y": -5.810267709461793}, "speed": {"x": -16.644287481403815, "y": 0.0, "z": 0}, "pseudonym": 7}, {"time": 120.10999999731779, "location": {"x": 748.0470836244194, "y": -2.023343930471742}, "speed": {"x": -4.888916124900791, "y": 0.0, "z": 0}, "pseudonym": 8}, {"time": 120.10999999731779, "location": {"x": 735.3056324127497, "y": -2.051917579368095}, "speed": {"x": -5.053711050459245, "y": 0.0, "z": 0}, "pseudonym": 9}, {"time": 120.10999999731779, "location": {"x": 759.7038275549146, "y": -2.0095028886483712}, "speed": {"x": -4.718017683580913, "y": 0.0, "z": 0}, "pseudonym": 10}, {"time": 120.10999999731779, "location": {"x": 783.2541438780562, "y": -1.8119546450572948}, "speed": {"x": -4.284668064519794, "y": 0.0, "z": 0}, "pseudonym": 11}, {"time": 120.10999999731779, "location": {"x": 862.7687567891471, "y": 8.943121007418135}, "speed": {"x": 16.68090857597236, "y": 0.0, "z": 0}, "pseudonym": 12}, {"time": 120.10999999731779, "location": {"x": 772.5023522181144, "y": -1.3712372432660902}, "speed": {"x": -4.498291116169642, "y": 0.0, "z": 0}, "pseudonym": 13}, {"time": 120.10999999731779, "location": {"x": 708.5981966562232, "y": 8.663281844020087}, "speed": {"x": 4.052734465585674, "y": 0.0, "z": 0}, "pseudonym": 14}, {"time": 120.10999999731779, "location": {"x": 674.0945754144327, "y": -1.5728499726102916}, "speed": {"x": -5.364990354291879, "y": 0.0, "z": 0}, "pseudonym": 15}, {"time": 120.10999999731779, "location": {"x": 695.3536844448134, "y": 1.8594487418713472}, "speed": {"x": 7.897949395282925, "y": 0.0, "z": 0}, "pseudonym": 16}, {"time": 120.10999999731779, "location": {"x": 661.0279844866892, "y": -1.6595786688622511}, "speed": {"x": -5.310058712439061, "y": 0.0, "z": 0}, "pseudonym": 17}, {"time": 120.10999999731779, "location": {"x": 698.1270998341488, "y": -1.1657936800250785}, "speed": {"x": -5.358886838530455, "y": 0.0, "z": 0}, "pseudonym": 18}, {"time": 120.10999999731779, "location": {"x": 688.4415130543554, "y": 5.786317860727258}, "speed": {"x": 16.662598028688087, "y": 0.0, "z": 0}, "pseudonym": 19}, {"time": 120.10999999731779, "location": {"x": 686.4746219118845, "y": -1.6133277087533924}, "speed": {"x": -5.364990354291879, "y": 0.0, "z": 0}, "pseudonym": 20}, {"time": 120.10999999731779, "location": {"x": 658.6374287057467, "y": -8.742985779506618}, "speed": {"x": -12.469482700589658, "y": 0.0, "z": 0}, "pseudonym": 21}, {"time": 120.10999999731779, "location": {"x": 657.0733374546393, "y": 6.226464305766912}, "speed": {"x": 16.687012091733784, "y": 0.0, "z": 0}, "pseudonym": 22}, {"time": 120.10999999731779, "location": {"x": 643.3834754397662, "y": 9.757028067334925}, "speed": {"x": 14.770508142646584, "y": 0.0, "z": 0}, "pseudonym": 23}], "option": {"size": 996, "type": "CPM"}}
{"timestamp": 120.2199999948591, "ITS_PDU_Header": {"tmp": "tmp"}, "Management_Container": {"tmp": "tmp"}, "Station_Data_Container": {"sumo_id": "28", "location": [711.7685546875, 2.0], "speed": [7.507324386551776, 0.0, 0], "yaw": 0.0}, "Sensor_Information_Container": [0, 1, 2, 3], "Perceived_Object_Container": [{"time": 120.20999999508261, "location": {"x": 736.903971619793, "y": -1.281479619648368}, "speed": {"x": -5.0781251135049414, "y": 0.0, "z": 0}, "pseudonym": 24}, {"time": 120.20999999508261, "location": {"x": 615.2270752446, "y": 10.080861067071455}, "speed": {"x": 15.95459020036288, "y": 0.0, "z": 0}, "pseudonym": 25}, {"time": 120.20999999508261, "location": {"x": 646.8822417117011, "y": -1.3549576061253452}, "speed": {"x": -5.218505976017698, "y": 0.0, "z": 0}, "pseudonym": 26}], "option": {"size": 366, "type": "CPM"}}
{"timestamp": 120.31999999262392, "ITS_PDU_Header": {"tmp": "tmp"}, "Management_Container": {"tmp": "tmp"}, "Station_Data_Container": {"sumo_id": "28", "location": [712.5160522460938, 2.0], "speed": [7.452392744698958, 0.0, 0], "yaw": 0.0}, "Sensor_Information_Container": [0, 1, 2, 3], "Perceived_Object_Container": [{"time": 120.30999999284744, "location": {"x": 669.8668113596389, "y": 8.533451062818937}, "speed": {"x": 13.513183895793198, "y": 0.0, "z": 0}, "pseudonym": 27}], "option": {"size": 296, "type": "CPM"}}
{"timestamp": 120.40999999061226, "ITS_PDU_Header": {"tmp": "tmp"}, "Management_Container": {"tmp": "tmp"}, "Station_Data_Container": {"sumo_id": "28", "location": [713.1859741210938, 2.0], "speed": [7.427978681653261, 0.0, 0], "yaw": 0.0}, "Sensor_Information_Container": [0, 1, 2, 3], "Perceived_Object_Container": [{"time": 120.40999999061226, "location": {"x": 710.0676375153604, "y": 8.865842198599767}, "speed": {"x": 4.62646494715955, "y": 0.0, "z": 0}, "pseudonym": 14}], "option": {"size": 296, "type": "CPM"}}
{"timestamp": 120.41999999038875, "ITS_PDU_Header": {"tmp": "tmp"}, "Management_Container": {"tmp": "tmp"}, "Station_Data_Container": {"sumo_id": "28", "location": [713.2603759765625, 2.0], "speed": [7.44018571317611, 0.0, 0], "yaw": 0.0}, "Sensor_Information_Container": [0, 1, 2, 3], "Perceived_Object_Container": [{"time": 120.40999999061226, "location": {"x": 670.6247616351624,