{"timestamp": 119.99999999977648, "ITS_PDU_Header": {"tmp": "tmp"}, "Basic_Container": {"tmp": "tmp"}, "HF_Container": {"sumo_id": "26", "location": [979.5498046875, 9.25], "speed": [97954.98265821447, 925.0000206753616, 0], "yaw": 0.0}, "LF_Container": {"tmp": "tmp"}, "Special_Vehicle_Container": {"tmp": "tmp"}, "option": {"size": 190, "type": "CAM"}}
{"timestamp": 119.99999999977648, "ITS_PDU_Header": {"tmp": "tmp"}, "Management_Container": {"tmp": "tmp"}, "Station_Data_Container": {"sumo_id": "26", "location": [979.5498046875, 9.25], "speed": [97954.98265821447, 925.0000206753616, 0], "yaw": 0.0}, "Sensor_Information_Container": [0, 1, 2, 3], "Perceived_Object_Container": [{"time": 119.99999999977648, "location": {"x": 988.9279090401685, "y": -2.358366791185423}, "speed": {"x": 98962.612075268, "y": -200.00000447034847, "z": 0}, "pseudonym": 0}, {"time": 119.99999999977648, "location": {"x": 999.566489069819, "y": 2.0190435643828772}, "speed": {"x": 99998.34207888712, "y": 98.05644969768338, "z": 0}, "pseudonym": 1}, {"time": 119.99999999977648, "location": {"x": 967.4231656886885, "y": 2.4122776649463002}, "speed": {"x": 96701.71724934244, "y": 200.00000447034847, "z": 0}, "pseudonym": 2}], "option": {"size": 366, "type": "CPM"}}
{"timestamp": 120.10999999731779, "ITS_PDU_Header": {"tmp": "tmp"}, "Basic_Container": {"tmp": "tmp"}, "HF_Container": {"sumo_id": "26", "location": [981.2962036132812, 9.25], "speed": [17.468262109196083, 0.0, 0], "yaw": 0.0}, "LF_Container": {"tmp": "tmp"}, "Special_Vehicle_Container": {"tmp": "tmp"}, "option": {"size": 190, "type": "CAM"}}
{"timestamp": 120.10999999731779, "ITS_PDU_Header": {"tmp": "tmp"}, "Management_Container": {"tmp": "tmp"}, "Station_Data_Container": {"sumo_id": "26", "location": [981.2962036132812, 9.25], "speed": [17.468262109196083, 0.0, 0], "yaw": 0.0}, "Sensor_Information_Container": [0, 1, 2, 3], "Perceived_Object_Container": [{"time": 120.10999999731779, "location": {"x": 978.8482033197057, "y": 2.5808688477021415}, "speed": {"x": 4.101562591677068, "y": 0.0, "z": 0}, "pseudonym": 3}, {"time": 120.10999999731779, "location": {"x": 988.9885374213472, "y": -1.5648394546252464}, "speed": {"x": -6.756591947896599, "y": 0.0, "z": 0}, "pseudonym": 4}], "option": {"size": 331, "type": "CPM"}}
{"timestamp": 120.11999999709427, "ITS_PDU_Header": {"tmp": "tmp"}, "Management_Container": {"tmp": "tmp"}, "Station_Data_Container": {"sumo_id": "26", "location": [981.4708251953125, 9.25], "speed": [17.46215859343466, 0.0, 0], "yaw": 0.0}, "Sensor_Information_Container": [0, 1, 2, 3], "Perceived_Object_Container": [{"time": 120.10999999731779, "location": {"x": 904.0085692577992, "y": 1.8220790416849433}, "speed": {"x": 5.664062626601665, "y": 0.0, "z": 0}, "pseudonym": 5}, {"time": 120.10999999731779, "location": {"x": 946.479262079666, "y": -1.6004056819286294}, "speed": {"x": -7.6416017333031085, "y": 0.0, "z": 0}, "pseudonym": 6}, {"time": 120.10999999731779, "location": {"x": 875.2042229650632, "y": 1.753879710259893}, "speed": {"x": 6.640625148429539, "y": 0.0, "z": 0}, "pseudonym": 7}, {"time": 120.10999999731779, "location": {"x": 880.3087773499187, "y": 5.906448915482899}, "speed": {"x": 16.656494512926663, "y": 0.0, "z": 0}, "pseudonym": 8}, {"time": 120.10999999731779, "location": {"x": 859.7371002822383, "y": 2.0537217095226366}, "speed": {"x": 7.159423988150596, "y": 0.0, "z": 0}, "pseudonym": 9}, {"time": 120.10999999731779, "location": {"x": 889.6821616617594, "y": 2.0462048741334837}, "speed": {"x": 6.146240371754177, "y": 0.0, "z": 0}, "pseudonym": 10}, {"time": 120.10999999731779, "location": {"x": 931.8329393197114, "y": 9.215404596087433}, "speed": {"x": 16.644287481403815, "y": 0.0, "z": 0}, "pseudonym": 11}, {"time": 120.10999999731779, "location": {"x": 954.9130028424379, "y": 5.506855983089708}, "speed": {"x": 16.644287481403815, "y": 0.0, "z": 0}, "pseudonym": 12}, {"time": 120.10999999731779, "location": {"x": 943.8595932618614, "y": 1.7141238030584356}, "speed": {"x": 4.498291116169642, "y": 0.0, "z": 0}, "pseudonym": 13}, {"time": 120.10999999731779, "location": {"x": 967.6105809442944, "y": 2.156372901360246}, "speed": {"x": 4.138183686245613, "y": 0.0, "z": 0}, "pseudonym": 14}, {"time": 120.10999999731779, "location": {"x": 843.6813113678038, "y": 1.968982007663235}, "speed": {"x": 7.647705249064533, "y": 0.0, "z": 0}, "pseudonym": 15}, {"time": 120.10999999731779, "location": {"x": 932.8041550555141, "y": -2.3150814360972785}, "speed": {"x": -8.32519549858262, "y": 0.0, "z": 0}, "pseudonym": 16}, {"time": 120.10999999731779, "location": {"x": 918.9425424269621, "y": -6.216098256347648}, "speed": {"x": -9.985351785690005, "y": 0.0, "z": 0}, "pseudonym": 17}, {"time": 120.10999999731779, "location": {"x": 999.5953936778964, "y": 1.334240253798224}, "speed": {"x": 1.8310547284272625, "y": -0.7129967372044191, "z": 0}, "pseudonym": 18}], "option": {"size": 751, "type": "CPM"}}
{"timestamp": 120.2199999948591, "ITS_PDU_Header": {"tmp": "tmp"}, "Management_Container": {"tmp": "tmp"}, "Station_Data_Container": {"sumo_id": "26", "location": [983.2174072265625, 9.25], "speed": [17.46215859343466, 0.0, 0], "yaw": 0.0}, "Sensor_Information_Container": [0, 1, 2, 3], "Perceived_Object_Container": [{"time": 120.20999999508261, "location": {"x": 999.7822874724874, "y": 1.355355592198521}, "speed": {"x": 1.3610840147975984, "y": -1.856976789019483, "z": 0}, "pseudonym": 18}], "option": {"size": 296, "type": "CPM"}}
{"timestamp": 120.30999999284744, "ITS_PDU_Header": {"tmp": "tmp"}, "Management_Container": {"tmp": "tmp"}, "Station_Data_Container": {"sumo_id": "26", "location": [984.7894287109375, 9.25], "speed": [17.468262109196083, 0.0, 0], "yaw": 0.0}, "Sensor_Information_Container": [0, 1, 2, 3], "Perceived_Object_Container": [{"time": 120.30999999284744, "location": {"x": 1000.5335597339941, "y": 1.6927016288787065}, "speed": {"x": 1.3366699517519016, "y": -2.778184476007174, "z": 0}, "pseudonym": 18}], "option": {"size": 296, "type": "CPM"}}
{"timestamp": 120.33999999217689, "ITS_PDU_Header": {"tmp": "tmp"}, "Basic_Container": {"tmp": "tmp"}, "HF_Container": {"sumo_id": "26", "location": [985.3133544921875, 9.25], "speed": [17.468262109196083, 0.0, 0], "yaw": 0.0}, "LF_Container": {"tmp": "tmp"}, "Special_Vehicle_Container": {"tmp": "tmp"}, "option": {"size": 190, "type": "CAM"}}
{"timestamp": 120.40999999061226, "ITS_PDU_Header": {"tmp": "tmp"}, "Management_Container": {"tmp": "tmp"}, "Station_Data_Container": {"sumo_id": "26", "location": [986.5360107421875, 9.25], "speed": [17.468262109196083, 0.0, 0], "yaw": 0.0}, "Sensor_Information_Container": [0, 1, 2, 3], "Perceived_Object_Container": [{"time": 120.40999999061226, "location": {"x": 991.3922594916462, "y": 2.2977337053958173}, "speed": {"x": 4.1259766547227645, "y": 0.0, "z": 0}, "pseudonym": 19}, {"time": 120.40999999061226, "location": {"x": 1000.3302175131986, "y": 1.2006636708388096}, "speed": {"x": 1.141357447386327, "y": -1.7076939726105476, "z": 0}, "pseudonym": 18}, {"time": 120.40999999061226, "location": {"x": 876.7586134317044, "y": -1.4124891410297593}, "speed": {"x": -5.16357433416488, "y": 0.0, "z": 0}, "pseudonym": 20}, {"time": 120.40999999061226, "location": {"x": 918.0993838758923, "y": 2.5989476577249713}, "speed": {"x": 5.120849723834911, "y": 0.0, "z": 0}, "pseudonym": 21}, {"time": 120.40999999061226, "location": {"x": 930.1981218947756, "y": -2.4634659484059593}, "speed": {"x": -8.90502949591792, "y": 0.0, "z": 0}, "pseudonym": 16}], "option": {"size": 436, "type": "CPM"}}
{"timestamp": 120.50999998837709, "ITS_PDU_Header": {"tmp": "tmp"}, "Management_Container": {"tmp": "tmp"}, "Station_Data_Container": {"sumo_id": "26", "location": [988.2827758789062, 9.25], "speed": [17.468262109196083, 0.0, 0], "yaw": 0.0}, "Sensor_Information_Container": [0, 1, 2, 3], "Perceived_Object_Container": [{"time": 120.50999998837709, "location": {"x": 1000.4812559468222, "y": 0.9268933526469983},