{"timestamp": 61.7199986204505, "ITS_PDU_Header": {"tmp": "tmp"}, "Management_Container": {"tmp": "tmp"}, "Station_Data_Container": {"sumo_id": "52", "location": [-997.3999633789062, 9.25], "speed": [-99739.99856725332, 925.0000206753616, 0], "yaw": 0.0}, "Sensor_Information_Container": [0], "Perceived_Object_Container": [{"time": 61.709998620674014, "location": {"x": 5.5884222984313965, "y": 0.0}, "speed": {"x": 5.487060669520363, "y": 0.0, "z": 0}, "pseudonym": 0}, {"time": 61.709998620674014, "location": {"x": -991.5425465244555, "y": 8.36542369430208}, "speed": {"x": 5.487060669520363, "y": 0.0, "z": 0}, "pseudonym": 1}], "option": {"size": 226, "type": "CPM"}}
{"timestamp": 61.7199986204505, "ITS_PDU_Header": {"tmp": "tmp"}, "Basic_Container": {"tmp": "tmp"}, "HF_Container": {"sumo_id": "52", "location": [-997.3999633789062, 9.25], "speed": [-99739.99856725332, 925.0000206753616, 0], "yaw": 0.0}, "LF_Container": {"tmp": "tmp"}, "Special_Vehicle_Container": {"tmp": "tmp"}, "option": {"size": 190, "type": "CAM"}}
{"timestamp": 61.829998617991805, "ITS_PDU_Header": {"tmp": "tmp"}, "Management_Container": {"tmp": "tmp"}, "Station_Data_Container": {"sumo_id": "52", "location": [-997.3829956054688, 9.25], "speed": [0.2868652407869378, 0.0, 0], "yaw": 0.0}, "Sensor_Information_Container": [0], "Perceived_Object_Container": [{"time": 61.829998617991805, "location": {"x": -991.1984302109332, "y": 8.990295559521329}, "speed": {"x": 5.688476689647362, "y": 0.0, "z": 0}, "pseudonym": 1}], "option": {"size": 191, "type": "CPM"}}
{"timestamp": 61.829998617991805, "ITS_PDU_Header": {"tmp": "tmp"}, "Basic_Container": {"tmp": "tmp"}, "HF_Container": {"sumo_id": "52", "location": [-997.3829956054688, 9.25], "speed": [0.2868652407869378, 0.0, 0], "yaw": 0.0}, "LF_Container": {"tmp": "tmp"}, "Special_Vehicle_Container": {"tmp": "tmp"}, "option": {"size": 190, "type": "CAM"}}
{"timestamp": 61.92999861575663, "ITS_PDU_Header": {"tmp": "tmp"}, "Management_Container": {"tmp": "tmp"}, "Station_Data_Container": {"sumo_id": "52", "location": [-997.341064453125, 9.25], "speed": [0.5310058712439061, 0.0, 0], "yaw": 0.0}, "Sensor_Information_Container": [0], "Perceived_Object_Container": [{"time": 61.92999861575663, "location": {"x": -990.61502793343, "y": 8.96755791400801}, "speed": {"x": 5.8837891940129365, "y": 0.0, "z": 0}, "pseudonym": 1}], "option": {"size": 191, "type": "CPM"}}
{"timestamp": 61.93999861553311, "ITS_PDU_Header": {"tmp": "tmp"}, "Basic_Container": {"tmp": "tmp"}, "HF_Container": {"sumo_id": "52", "location": [-997.3355102539062, 9.25], "speed": [0.5554199342896029, 0.0, 0], "yaw": 0.0}, "LF_Container": {"tmp": "tmp"}, "Special_Vehicle_Container": {"tmp": "tmp"}, "option": {"size": 190, "type": "CAM"}}
{"timestamp": 62.02999861352146, "ITS_PDU_Header": {"tmp": "tmp"}, "Management_Container": {"tmp": "tmp"}, "Station_Data_Container": {"sumo_id": "52", "location": [-997.2745361328125, 9.25], "speed": [0.7690429859394502, 0.0, 0], "yaw": 0.0}, "Sensor_Information_Container": [0], "Perceived_Object_Container": [{"time": 62.02999861352146, "location": {"x": -990.0131680776542, "y": 8.94507808429986}, "speed": {"x": 6.072998182617087, "y": 0.0, "z": 0}, "pseudonym": 1}], "option": {"size": 191, "type": "CPM"}}
{"timestamp": 62.04999861307442, "ITS_PDU_Header": {"tmp": "tmp"}, "Basic_Container": {"tmp": "tmp"}, "HF_Container": {"sumo_id": "52", "location": [-997.2583618164062, 9.25], "speed": [0.817871112030844, 0.0, 0], "yaw": 0.0}, "LF_Container": {"tmp": "tmp"}, "Special_Vehicle_Container": {"tmp": "tmp"}, "option": {"size": 190, "type": "CAM"}}
{"timestamp": 62.12999861128628, "ITS_PDU_Header": {"tmp": "tmp"}, "Management_Container": {"tmp": "tmp"}, "Station_Data_Container": {"sumo_id": "52", "location": [-997.1837768554688, 9.25], "speed": [1.025390647919267, 0.0, 0], "yaw": 0.0}, "Sensor_Information_Container": [0], "Perceived_Object_Container": [{"time": 62.12999861128628, "location": {"x": -989.3915841724693, "y": 8.922787510238242}, "speed": {"x": 6.268310686982662, "y": 0.0, "z": 0}, "pseudonym": 1}], "option": {"size": 191, "type": "CPM"}}
{"timestamp": 62.15999861061573, "ITS_PDU_Header": {"tmp": "tmp"}, "Basic_Container": {"tmp": "tmp"}, "HF_Container": {"sumo_id": "52", "location": [-997.1519165039062, 9.25], "speed": [1.086425805533509, 0.0, 0], "yaw": 0.0}, "LF_Container": {"tmp": "tmp"}, "Special_Vehicle_Container": {"tmp": "tmp"}, "option": {"size": 190, "type": "CAM"}}
{"timestamp": 62.22999860905111, "ITS_PDU_Header": {"tmp": "tmp"}, "Management_Container": {"tmp": "tmp"}, "Station_Data_Container": {"sumo_id": "52", "location": [-997.0692749023438, 9.25], "speed": [1.2512207310919627, 0.0, 0], "yaw": 0.0}, "Sensor_Information_Container": [0], "Perceived_Object_Container": [{"time": 62.22999860905111, "location": {"x": -988.7503342943065, "y": 8.900668126511444}, "speed": {"x": 6.445312644063964, "y": 0.0, "z": 0}, "pseudonym": 1}], "option": {"size": 191, "type": "CPM"}}
{"timestamp": 62.26999860815704, "ITS_PDU_Header": {"tmp": "tmp"}, "Basic_Container": {"tmp": "tmp"}, "HF_Container": {"sumo_id": "52", "location": [-997.0167236328125, 9.25], "speed": [1.34887698327475, 0.0, 0], "yaw": 0.0}, "LF_Container": {"tmp": "tmp"}, "Special_Vehicle_Container": {"tmp": "tmp"}, "option": {"size": 190, "type": "CAM"}}
{"timestamp": 62.329998606815934, "ITS_PDU_Header": {"tmp": "tmp"}, "Management_Container": {"tmp": "tmp"}, "Station_Data_Container": {"sumo_id": "52", "location": [-996.9310913085938, 9.25], "speed": [1.4831543300260825, 0.0, 0], "yaw": 0.0}, "Sensor_Information_Container": [0], "Perceived_Object_Container": [{"time": 62.329998606815934, "location": {"x": -988.0896362196129, "y": 8.878726515054739}, "speed": {"x": 6.652832179952387, "y": 0.0, "z": 0}, "pseudonym": 1}], "option": {"size": 191, "type": "CPM"}}
