{"timestamp": 120.00000000149012, "ITS_PDU_Header": {"tmp": "tmp"}, "Management_Container": {"tmp": "tmp"}, "Station_Data_Container": {"sumo_id": "251", "location": [937.4403076171875, -2.0], "speed": [9374.402936482385, -19.99999970197678, 0], "yaw": -179.99996948242188}, "Sensor_Information_Container": [0, 1, 2, 3], "Perceived_Object_Container": [{"time": 120.00000000149012, "location": {"x": 893.3521529962339, "y": 1.6483293605640883}, "speed": {"x": 8933.875599296754, "y": 19.99999970197678, "z": 0}, "pseudonym": 0}, {"time": 120.00000000149012, "location": {"x": 905.132703793014, "y": 1.9669466424451152}, "speed": {"x": 9046.69053902193, "y": 19.99999970197678, "z": 0}, "pseudonym": 1}, {"time": 120.00000000149012, "location": {"x": 916.615608279586, "y": 2.3845193129392146}, "speed": {"x": 9159.200302970405, "y": 19.99999970197678, "z": 0}, "pseudonym": 2}, {"time": 120.00000000149012, "location": {"x": 960.4545340647106, "y": 1.7349324881086907}, "speed": {"x": 9613.395852842988, "y": 19.99999970197678, "z": 0}, "pseudonym": 3}], "option": {"size": 401, "type": "CPM"}}
{"timestamp": 120.00000000149012, "ITS_PDU_Header": {"tmp": "tmp"}, "Basic_Container": {"tmp": "tmp"}, "HF_Container": {"sumo_id": "251", "location": [937.4403076171875, -2.0], "speed": [9374.402936482385, -19.99999970197678, 0], "yaw": -179.99996948242188}, "LF_Container": {"tmp": "tmp"}, "Special_Vehicle_Container": {"tmp": "tmp"}, "option": {"size": 190, "type": "CAM"}}
{"timestamp": 120.10000000298024, "ITS_PDU_Header": {"tmp": "tmp"}, "Basic_Container": {"tmp": "tmp"}, "HF_Container": {"sumo_id": "251", "location": [936.8817138671875, -2.0], "speed": [-5.585937416763046, 0.0, 0], "yaw": -179.99996948242188}, "LF_Container": {"tmp": "tmp"}, "Special_Vehicle_Container": {"tmp": "tmp"}, "option": {"size": 190, "type": "CAM"}}
