{"timestamp": 120.00000000149012, "ITS_PDU_Header": {"tmp": "tmp"}, "Management_Container": {"tmp": "tmp"}, "Station_Data_Container": {"sumo_id": "478", "location": [-39.2872314453125, 9.25], "speed": [-392.8723085988714, 92.4999986216426, 0], "yaw": 0.0}, "Sensor_Information_Container": [0, 1, 2, 3], "Perceived_Object_Container": [{"time": 120.00000000149012, "location": {"x": -57.897951751785655, "y": 9.132388712299859}, "speed": {"x": -584.1406162956265, "y": 92.4999986216426, "z": 0}, "pseudonym": 0}, {"time": 120.00000000149012, "location": {"x": -104.08623335827804, "y": 1.8909119811008672}, "speed": {"x": -1043.7878262432243, "y": 19.99999970197678, "z": 0}, "pseudonym": 1}, {"time": 120.00000000149012, "location": {"x": -21.299574617621825, "y": 5.818678947072303}, "speed": {"x": -201.9555633968776, "y": 57.499999143183246, "z": 0}, "pseudonym": 2}, {"time": 120.00000000149012, "location": {"x": -45.84357591544426, "y": -4.914879021559152}, "speed": {"x": -452.8405694240247, "y": -57.499999143183246, "z": 0}, "pseudonym": 3}], "option": {"size": 401, "type": "CPM"}}
{"timestamp": 120.00000000149012, "ITS_PDU_Header": {"tmp": "tmp"}, "Basic_Container": {"tmp": "tmp"}, "HF_Container": {"sumo_id": "478", "location": [-39.2872314453125, 9.25], "speed": [-392.8723085988714, 92.4999986216426, 0], "yaw": 0.0}, "LF_Container": {"tmp": "tmp"}, "Special_Vehicle_Container": {"tmp": "tmp"}, "option": {"size": 190, "type": "CAM"}}
{"timestamp": 120.10000000298024, "ITS_PDU_Header": {"tmp": "tmp"}, "Basic_Container": {"tmp": "tmp"}, "HF_Container": {"sumo_id": "478", "location": [-38.022216796875, 9.25], "speed": [12.650146295873132, 0.0, 0], "yaw": 0.0}, "LF_Container": {"tmp": "tmp"}, "Special_Vehicle_Container": {"tmp": "tmp"}, "option": {"size": 190, "type": "CAM"}}
