{"timestamp": 120.00000000149012, "ITS_PDU_Header": {"tmp": "tmp"}, "Management_Container": {"tmp": "tmp"}, "Station_Data_Container": {"sumo_id": "564", "location": [293.2474365234375, -2.0], "speed": [2932.4743215371022, -19.99999970197678, 0], "yaw": -179.99996948242188}, "Sensor_Information_Container": [0, 1, 2, 3], "Perceived_Object_Container": [{"time": 120.00000000149012, "location": {"x": 313.9059403527099, "y": 5.769236116919595}, "speed": {"x": 3154.1002947971183, "y": 57.499999143183246, "z": 0}, "pseudonym": 0}, {"time": 120.00000000149012, "location": {"x": 343.8338785319094, "y": -9.822442722332465}, "speed": {"x": 3444.580026796758, "y": -92.4999986216426, "z": 0}, "pseudonym": 1}, {"time": 120.00000000149012, "location": {"x": 285.96144823689355, "y": -2.0915909308741063}, "speed": {"x": 2844.7130923760965, "y": -19.99999970197678, "z": 0}, "pseudonym": 2}, {"time": 120.00000000149012, "location": {"x": 282.3129570451878, "y": 1.8939061306787834}, "speed": {"x": 2820.7287177334915, "y": 19.99999970197678, "z": 0}, "pseudonym": 3}], "option": {"size": 401, "type": "CPM"}}
{"timestamp": 120.00000000149012, "ITS_PDU_Header": {"tmp": "tmp"}, "Basic_Container": {"tmp": "tmp"}, "HF_Container": {"sumo_id": "564", "location": [293.2474365234375, -2.0], "speed": [2932.4743215371022, -19.99999970197678, 0], "yaw": -179.99996948242188}, "LF_Container": {"tmp": "tmp"}, "Special_Vehicle_Container": {"tmp": "tmp"}, "option": {"size": 190, "type": "CAM"}}
{"timestamp": 120.10000000298024, "ITS_PDU_Header": {"tmp": "tmp"}, "Basic_Container": {"tmp": "tmp"}, "HF_Container": {"sumo_id": "564", "location": [293.1261901855469, -2.0], "speed": [-1.212463360839138, 0.0, 0], "yaw": -179.99996948242188}, "LF_Container": {"tmp": "tmp"}, "Special_Vehicle_Container": {"tmp": "tmp"}, "option": {"size": 190, "type": "CAM"}}
