{"timestamp": 120.00000000149012, "ITS_PDU_Header": {"tmp": "tmp"}, "Management_Container": {"tmp": "tmp"}, "Station_Data_Container": {"sumo_id": "22", "location": [927.2083129882812, 2.0], "speed": [9272.082991718009, 19.99999970197678, 0], "yaw": 0.0}, "Sensor_Information_Container": [0, 1, 2, 3], "Perceived_Object_Container": [{"time": 120.00000000149012, "location": {"x": 950.5722407894109, "y": -1.9781383389668752}, "speed": {"x": 9507.397929617793, "y": -19.99999970197678, "z": 0}, "pseudonym": 0}], "option": {"size": 296, "type": "CPM"}}
{"timestamp": 120.00000000149012, "ITS_PDU_Header": {"tmp": "tmp"}, "Basic_Container": {"tmp": "tmp"}, "HF_Container": {"sumo_id": "22", "location": [927.2083129882812, 2.0], "speed": [9272.082991718009, 19.99999970197678, 0], "yaw": 0.0}, "LF_Container": {"tmp": "tmp"}, "Special_Vehicle_Container": {"tmp": "tmp"}, "option": {"size": 190, "type": "CAM"}}
{"timestamp": 120.10000000298024, "ITS_PDU_Header": {"tmp": "tmp"}, "Management_Container": {"tmp": "tmp"}, "Station_Data_Container": {"sumo_id": "22", "location": [927.5762939453125, 2.0], "speed": [3.6798095154790653, 0.0, 0], "yaw": 0.0}, "Sensor_Information_Container": [0, 1, 2, 3], "Perceived_Object_Container": [{"time": 120.00000000149012, "location": {"x": 916.6560072418529, "y": 1.8537142498897616}, "speed": {"x": 9159.200302970405, "y": 19.99999970197678, "z": 0}, "pseudonym": 1}, {"time": 120.00000000149012, "location": {"x": 909.6840555653056, "y": -5.268502067230046}, "speed": {"x": 9087.724473957353, "y": -57.499999143183246, "z": 0}, "pseudonym": 2}, {"time": 120.00000000149012, "location": {"x": 890.4914314244663, "y": -5.331988910993601}, "speed": {"x": 8894.368153596399, "y": -57.499999143183246, "z": 0}, "pseudonym": 3}, {"time": 120.00000000149012, "location": {"x": 910.8675215337535, "y": 9.09330163464508}, "speed": {"x": 9106.292588915041, "y": 92.4999986216426, "z": 0}, "pseudonym": 4}], "option": {"size": 401, "type": "CPM"}}
{"timestamp": 120.10000000298024, "ITS_PDU_Header": {"tmp": "tmp"}, "Basic_Container": {"tmp": "tmp"}, "HF_Container": {"sumo_id": "22", "location": [927.5762939453125, 2.0], "speed": [3.6798095154790653, 0.0, 0], "yaw": 0.0}, "LF_Container": {"tmp": "tmp"}, "Special_Vehicle_Container": {"tmp": "tmp"}, "option": {"size": 190, "type": "CAM"}}
