{"timestamp": 120.00000000149012, "ITS_PDU_Header": {"tmp": "tmp"}, "Management_Container": {"tmp": "tmp"}, "Station_Data_Container": {"sumo_id": "308", "location": [402.1912841796875, 2.0], "speed": [4021.9127818657043, 19.99999970197678, 0], "yaw": 0.0}, "Sensor_Information_Container": [0, 1, 2, 3], "Perceived_Object_Container": [{"time": 120.00000000149012, "location": {"x": 426.0199385478063, "y": -9.700395298100265}, "speed": {"x": 4264.147885677995, "y": -92.4999986216426, "z": 0}, "pseudonym": 0}, {"time": 120.00000000149012, "location": {"x": 435.7936747338529, "y": -1.8353009485385028}, "speed": {"x": 4362.1251791398945, "y": -19.99999970197678, "z": 0}, "pseudonym": 1}, {"time": 120.00000000149012, "location": {"x": 330.9869424995927, "y": -1.7023124513587176}, "speed": {"x": 3295.4186520663106, "y": -19.99999970197678, "z": 0}, "pseudonym": 2}, {"time": 120.00000000149012, "location": {"x": 321.0087376407114, "y": -1.658993552854818}, "speed": {"x": 3202.3644542341763, "y": -19.99999970197678, "z": 0}, "pseudonym": 3}], "option": {"size": 401, "type": "CPM"}}
{"timestamp": 120.00000000149012, "ITS_PDU_Header": {"tmp": "tmp"}, "Basic_Container": {"tmp": "tmp"}, "HF_Container": {"sumo_id": "308", "location": [402.1912841796875, 2.0], "speed": [4021.9127818657043, 19.99999970197678, 0], "yaw": 0.0}, "LF_Container": {"tmp": "tmp"}, "Special_Vehicle_Container": {"tmp": "tmp"}, "option": {"size": 190, "type": "CAM"}}
{"timestamp": 120.10000000298024, "ITS_PDU_Header": {"tmp": "tmp"}, "Management_Container": {"tmp": "tmp"}, "Station_Data_Container": {"sumo_id": "308", "location": [403.09326171875, 2.0], "speed": [9.019775256219875, 0.0, 0], "yaw": 0.0}, "Sensor_Information_Container": [0, 1, 2, 3], "Perceived_Object_Container": [{"time": 120.00000000149012, "location": {"x": 403.3849629616753, "y": -8.718147030322019}, "speed": {"x": 4034.1954965264276, "y": -92.4999986216426, "z": 0}, "pseudonym": 4}], "option": {"size": 296, "type": "CPM"}}
{"timestamp": 120.10000000298024, "ITS_PDU_Header": {"tmp": "tmp"}, "Basic_Container": {"tmp": "tmp"}, "HF_Container": {"sumo_id": "308", "location": [403.09326171875, 2.0], "speed": [9.019775256219875, 0.0, 0], "yaw": 0.0}, "LF_Container": {"tmp": "tmp"}, "Special_Vehicle_Container": {"tmp": "tmp"}, "option": {"size": 190, "type": "CAM"}}
