{"timestamp": 120.00000000149012, "ITS_PDU_Header": {"tmp": "tmp"}, "Management_Container": {"tmp": "tmp"}, "Station_Data_Container": {"sumo_id": "392", "location": [-58.4140625, 9.25], "speed": [-584.1406162956265, 92.4999986216426, 0], "yaw": 0.0}, "Sensor_Information_Container": [0, 1, 2, 3], "Perceived_Object_Container": [{"time": 120.00000000149012, "location": {"x": -40.34982138892691, "y": 2.05430806140538}, "speed": {"x": -394.78209860947584, "y": 19.99999970197678, "z": 0}, "pseudonym": 0}], "option": {"size": 296, "type": "CPM"}}
{"timestamp": 120.00000000149012, "ITS_PDU_Header": {"tmp": "tmp"}, "Basic_Container": {"tmp": "tmp"}, "HF_Container": {"sumo_id": "392", "location": [-58.4140625, 9.25], "speed": [-584.1406162956265, 92.4999986216426, 0], "yaw": 0.0}, "LF_Container": {"tmp": "tmp"}, "Special_Vehicle_Container": {"tmp": "tmp"}, "option": {"size": 190, "type": "CAM"}}
{"timestamp": 120.10000000298024, "ITS_PDU_Header": {"tmp": "tmp"}, "Management_Container": {"tmp": "tmp"}, "Station_Data_Container": {"sumo_id": "392", "location": [-57.186580657958984, 9.25], "speed": [12.274818237501112, 0.0, 0], "yaw": 0.0}, "Sensor_Information_Container": [0, 1, 2, 3], "Perceived_Object_Container": [{"time": 120.00000000149012, "location": {"x": -45.776704787957485, "y": 5.970743912677862}, "speed": {"x": -450.56208892819154, "y": 57.499999143183246, "z": 0}, "pseudonym": 1}, {"time": 120.00000000149012, "location": {"x": -20.55669731818359, "y": 2.7595387243728875}, "speed": {"x": -198.0786103296487, "y": 19.99999970197678, "z": 0}, "pseudonym": 2}, {"time": 120.00000000149012, "location": {"x": -77.09784111982424, "y": 9.1484045876588}, "speed": {"x": -775.5986670315465, "y": 92.4999986216426, "z": 0}, "pseudonym": 3}, {"time": 120.00000000149012, "location": {"x": -45.647851207498896, "y": -5.762239210669273}, "speed": {"x": -452.8405694240247, "y": -57.499999143183246, "z": 0}, "pseudonym": 4}], "option": {"size": 401, "type": "CPM"}}
{"timestamp": 120.10000000298024, "ITS_PDU_Header": {"tmp": "tmp"}, "Basic_Container": {"tmp": "tmp"}, "HF_Container": {"sumo_id": "392", "location": [-57.186580657958984, 9.25], "speed": [12.274818237501112, 0.0, 0], "yaw": 0.0}, "LF_Container": {"tmp": "tmp"}, "Special_Vehicle_Container": {"tmp": "tmp"}, "option": {"size": 190, "type": "CAM"}}
