{"timestamp": 120.00000000149012, "ITS_PDU_Header": {"tmp": "tmp"}, "Management_Container": {"tmp": "tmp"}, "Station_Data_Container": {"sumo_id": "418", "location": [-381.7977294921875, -9.25], "speed": [-3817.977238029581, -92.4999986216426, 0], "yaw": -179.99996948242188}, "Sensor_Information_Container": [0, 1, 2, 3], "Perceived_Object_Container": [{"time": 120.00000000149012, "location": {"x": -396.6369866800275, "y": -2.823133125645144}, "speed": {"x": -3978.4960344657893, "y": -19.99999970197678, "z": 0}, "pseudonym": 0}, {"time": 120.00000000149012, "location": {"x": -443.94326501454424, "y": -1.8949075732511016}, "speed": {"x": -4453.9418891975, "y": -19.99999970197678, "z": 0}, "pseudonym": 1}], "option": {"size": 331, "type": "CPM"}}
{"timestamp": 120.00000000149012, "ITS_PDU_Header": {"tmp": "tmp"}, "Basic_Container": {"tmp": "tmp"}, "HF_Container": {"sumo_id": "418", "location": [-381.7977294921875, -9.25], "speed": [-3817.977238029581, -92.4999986216426, 0], "yaw": -179.99996948242188}, "LF_Container": {"tmp": "tmp"}, "Special_Vehicle_Container": {"tmp": "tmp"}, "option": {"size": 190, "type": "CAM"}}
{"timestamp": 120.10000000298024, "ITS_PDU_Header": {"tmp": "tmp"}, "Management_Container": {"tmp": "tmp"}, "Station_Data_Container": {"sumo_id": "418", "location": [-383.0237731933594, -9.25], "speed": [-12.260436829024005, 0.0, 0], "yaw": -179.99996948242188}, "Sensor_Information_Container": [0, 1, 2, 3], "Perceived_Object_Container": [{"time": 120.00000000149012, "location": {"x": -341.4778299767263, "y": -5.811046037264572}, "speed": {"x": -3412.62568156979, "y": -57.499999143183246, "z": 0}, "pseudonym": 2}, {"time": 120.00000000149012, "location": {"x": -276.1463719578602, "y": -1.8667462374965744}, "speed": {"x": -2758.6877030329747, "y": -19.99999970197678, "z": 0}, "pseudonym": 3}, {"time": 120.00000000149012, "location": {"x": -353.29890609056656, "y": 1.266797187528434}, "speed": {"x": -3536.0644004335345, "y": 19.99999970197678, "z": 0}, "pseudonym": 4}], "option": {"size": 366, "type": "CPM"}}
{"timestamp": 120.10000000298024, "ITS_PDU_Header": {"tmp": "tmp"}, "Basic_Container": {"tmp": "tmp"}, "HF_Container": {"sumo_id": "418", "location": [-383.0237731933594, -9.25], "speed": [-12.260436829024005, 0.0, 0], "yaw": -179.99996948242188}, "LF_Container": {"tmp": "tmp"}, "Special_Vehicle_Container": {"tmp": "tmp"}, "option": {"size": 190, "type": "CAM"}}
