{"timestamp": 120.00000000149012, "ITS_PDU_Header": {"tmp": "tmp"}, "Management_Container": {"tmp": "tmp"}, "Station_Data_Container": {"sumo_id": "457", "location": [436.2125244140625, -2.0], "speed": [4362.1251791398945, -19.99999970197678, 0], "yaw": -179.99996948242188}, "Sensor_Information_Container": [0, 1, 2, 3], "Perceived_Object_Container": [{"time": 120.00000000149012, "location": {"x": 436.37641379338515, "y": 1.9903749342805859}, "speed": {"x": 4367.275325547526, "y": 19.99999970197678, "z": 0}, "pseudonym": 0}], "option": {"size": 296, "type": "CPM"}}
{"timestamp": 120.00000000149012, "ITS_PDU_Header": {"tmp": "tmp"}, "Basic_Container": {"tmp": "tmp"}, "HF_Container": {"sumo_id": "457", "location": [436.2125244140625, -2.0], "speed": [4362.1251791398945, -19.99999970197678, 0], "yaw": -179.99996948242188}, "LF_Container": {"tmp": "tmp"}, "Special_Vehicle_Container": {"tmp": "tmp"}, "option": {"size": 190, "type": "CAM"}}
{"timestamp": 120.10000000298024, "ITS_PDU_Header": {"tmp": "tmp"}, "Management_Container": {"tmp": "tmp"}, "Station_Data_Container": {"sumo_id": "457", "location": [436.0115966796875, -2.0], "speed": [-2.009277313809435, 0.0, 0], "yaw": -179.99996948242188}, "Sensor_Information_Container": [0, 1, 2, 3], "Perceived_Object_Container": [{"time": 120.00000000149012, "location": {"x": 426.4269344161823, "y": -8.590175153340663}, "speed": {"x": 4264.147885677995, "y": -92.4999986216426, "z": 0}, "pseudonym": 1}, {"time": 120.00000000149012, "location": {"x": 402.92560122380087, "y": 2.0975956961964424}, "speed": {"x": 4021.9127818657043, "y": 19.99999970197678, "z": 0}, "pseudonym": 2}, {"time": 120.00000000149012, "location": {"x": 367.31466269371674, "y": 9.762931468251104}, "speed": {"x": 3669.334662119528, "y": 92.4999986216426, "z": 0}, "pseudonym": 3}, {"time": 120.00000000149012, "location": {"x": 444.9160515748048, "y": -5.438384558221973}, "speed": {"x": 4451.291132401062, "y": -57.499999143183246, "z": 0}, "pseudonym": 4}], "option": {"size": 401, "type": "CPM"}}
{"timestamp": 120.10000000298024, "ITS_PDU_Header": {"tmp": "tmp"}, "Basic_Container": {"tmp": "tmp"}, "HF_Container": {"sumo_id": "457", "location": [436.0115966796875, -2.0], "speed": [-2.009277313809435, 0.0, 0], "yaw": -179.99996948242188}, "LF_Container": {"tmp": "tmp"}, "Special_Vehicle_Container": {"tmp": "tmp"}, "option": {"size": 190, "type": "CAM"}}
