{"timestamp": 120.00000000149012, "ITS_PDU_Header": {"tmp": "tmp"}, "Management_Container": {"tmp": "tmp"}, "Station_Data_Container": {"sumo_id": "519", "location": [-636.8743896484375, 2.0], "speed": [-6368.743801582697, 19.99999970197678, 0], "yaw": 0.0}, "Sensor_Information_Container": [0, 1, 2, 3], "Perceived_Object_Container": [{"time": 120.00000000149012, "location": {"x": -684.5775614325141, "y": 9.126048655270143}, "speed": {"x": -6852.759907651545, "y": 92.4999986216426, "z": 0}, "pseudonym": 0}], "option": {"size": 296, "type": "CPM"}}
{"timestamp": 120.00000000149012, "ITS_PDU_Header": {"tmp": "tmp"}, "Basic_Container": {"tmp": "tmp"}, "HF_Container": {"sumo_id": "519", "location": [-636.8743896484375, 2.0], "speed": [-6368.743801582697, 19.99999970197678, 0], "yaw": 0.0}, "LF_Container": {"tmp": "tmp"}, "Special_Vehicle_Container": {"tmp": "tmp"}, "option": {"size": 190, "type": "CAM"}}
{"timestamp": 120.10000000298024, "ITS_PDU_Header": {"tmp": "tmp"}, "Management_Container": {"tmp": "tmp"}, "Station_Data_Container": {"sumo_id": "519", "location": [-636.5986328125, 2.0], "speed": [2.75756831828403, 0.0, 0], "yaw": 0.0}, "Sensor_Information_Container": [0, 1, 2, 3], "Perceived_Object_Container": [{"time": 120.00000000149012, "location": {"x": -621.906998980039, "y": 8.416723069856685}, "speed": {"x": -6220.159209070218, "y": 92.4999986216426, "z": 0}, "pseudonym": 1}, {"time": 120.00000000149012, "location": {"x": -619.8458080454744, "y": -1.8453049593832498}, "speed": {"x": -6196.069243608874, "y": -19.99999970197678, "z": 0}, "pseudonym": 2}, {"time": 120.00000000149012, "location": {"x": -634.5621921574668, "y": -1.7492303142109646}, "speed": {"x": -6339.073391868571, "y": -19.99999970197678, "z": 0}, "pseudonym": 3}, {"time": 120.00000000149012, "location": {"x": -605.6687909139274, "y": -1.8199333701043734}, "speed": {"x": -6052.5853590281995, "y": -19.99999970197678, "z": 0}, "pseudonym": 4}], "option": {"size": 401, "type": "CPM"}}
{"timestamp": 120.10000000298024, "ITS_PDU_Header": {"tmp": "tmp"}, "Basic_Container": {"tmp": "tmp"}, "HF_Container": {"sumo_id": "519", "location": [-636.5986328125, 2.0], "speed": [2.75756831828403, 0.0, 0], "yaw": 0.0}, "LF_Container": {"tmp": "tmp"}, "Special_Vehicle_Container": {"tmp": "tmp"}, "option": {"size": 190, "type": "CAM"}}
