{"timestamp": 120.00000000149012, "ITS_PDU_Header": {"tmp": "tmp"}, "Management_Container": {"tmp": "tmp"}, "Station_Data_Container": {"sumo_id": "710", "location": [601.472412109375, 2.0], "speed": [6014.724031467377, 19.99999970197678, 0], "yaw": 0.0}, "Sensor_Information_Container": [0, 1, 2, 3], "Perceived_Object_Container": [{"time": 120.00000000149012, "location": {"x": 562.3201971540927, "y": -1.6774340362497235}, "speed": {"x": 5608.2994769767, "y": -19.99999970197678, "z": 0}, "pseudonym": 0}, {"time": 120.00000000149012, "location": {"x": 552.0652480490496, "y": -1.6448676177128974}, "speed": {"x": 5507.660440390401, "y": -19.99999970197678, "z": 0}, "pseudonym": 1}], "option": {"size": 331, "type": "CPM"}}
{"timestamp": 120.00000000149012, "ITS_PDU_Header": {"tmp": "tmp"}, "Basic_Container": {"tmp": "tmp"}, "HF_Container": {"sumo_id": "710", "location": [601.472412109375, 2.0], "speed": [6014.724031467377, 19.99999970197678, 0], "yaw": 0.0}, "LF_Container": {"tmp": "tmp"}, "Special_Vehicle_Container": {"tmp": "tmp"}, "option": {"size": 190, "type": "CAM"}}
{"timestamp": 120.10000000298024, "ITS_PDU_Header": {"tmp": "tmp"}, "Management_Container": {"tmp": "tmp"}, "Station_Data_Container": {"sumo_id": "710", "location": [601.805908203125, 2.0], "speed": [3.3349608878052104, 0.0, 0], "yaw": 0.0}, "Sensor_Information_Container": [0, 1, 2, 3], "Perceived_Object_Container": [{"time": 120.00000000149012, "location": {"x": 621.2838319779715, "y": 2.123678100071935}, "speed": {"x": 6228.3739306274965, "y": 19.99999970197678, "z": 0}, "pseudonym": 2}, {"time": 120.00000000149012, "location": {"x": 623.1131454539441, "y": 2.8116911345187106}, "speed": {"x": 6228.3739306274965, "y": 19.99999970197678, "z": 0}, "pseudonym": 3}, {"time": 120.00000000149012, "location": {"x": 622.9185349933543, "y": -1.790531642474758}, "speed": {"x": 6232.634184470264, "y": -19.99999970197678, "z": 0}, "pseudonym": 4}], "option": {"size": 366, "type": "CPM"}}
{"timestamp": 120.10000000298024, "ITS_PDU_Header": {"tmp": "tmp"}, "Basic_Container": {"tmp": "tmp"}, "HF_Container": {"sumo_id": "710", "location": [601.805908203125, 2.0], "speed": [3.3349608878052104, 0.0, 0], "yaw": 0.0}, "LF_Container": {"tmp": "tmp"}, "Special_Vehicle_Container": {"tmp": "tmp"}, "option": {"size": 190, "type": "CAM"}}
