{"timestamp": 120.00000000149012, "ITS_PDU_Header": {"tmp": "tmp"}, "Management_Container": {"tmp": "tmp"}, "Station_Data_Container": {"sumo_id": "76", "location": [949.9038696289062, 2.0], "speed": [9499.038554742358, 19.99999970197678, 0], "yaw": 0.0}, "Sensor_Information_Container": [0, 1, 2, 3], "Perceived_Object_Container": [{"time": 120.00000000149012, "location": {"x": 910.8596795315717, "y": 9.139443372467703}, "speed": {"x": 9106.292588915041, "y": 92.4999986216426, "z": 0}, "pseudonym": 0}], "option": {"size": 296, "type": "CPM"}}
{"timestamp": 120.00000000149012, "ITS_PDU_Header": {"tmp": "tmp"}, "Basic_Container": {"tmp": "tmp"}, "HF_Container": {"sumo_id": "76", "location": [949.9038696289062, 2.0], "speed": [9499.038554742358, 19.99999970197678, 0], "yaw": 0.0}, "LF_Container": {"tmp": "tmp"}, "Special_Vehicle_Container": {"tmp": "tmp"}, "option": {"size": 190, "type": "CAM"}}
{"timestamp": 120.10000000298024, "ITS_PDU_Header": {"tmp": "tmp"}, "Management_Container": {"tmp": "tmp"}, "Station_Data_Container": {"sumo_id": "76", "location": [950.2933959960938, 2.0], "speed": [3.895263613831049, 0.0, 0], "yaw": 0.0}, "Sensor_Information_Container": [0, 1, 2, 3], "Perceived_Object_Container": [{"time": 120.00000000149012, "location": {"x": 982.1053680507747, "y": 8.364362108087779}, "speed": {"x": 9814.872900621996, "y": 92.4999986216426, "z": 0}, "pseudonym": 1}, {"time": 120.00000000149012, "location": {"x": 968.466090814734, "y": -8.632439219068603}, "speed": {"x": 9680.003517866082, "y": -92.4999986216426, "z": 0}, "pseudonym": 2}, {"time": 120.00000000149012, "location": {"x": 950.8936054422201, "y": -1.5045349243552681}, "speed": {"x": 9507.397929617793, "y": -19.99999970197678, "z": 0}, "pseudonym": 3}], "option": {"size": 366, "type": "CPM"}}
{"timestamp": 120.10000000298024, "ITS_PDU_Header": {"tmp": "tmp"}, "Basic_Container": {"tmp": "tmp"}, "HF_Container": {"sumo_id": "76", "location": [950.2933959960938, 2.0], "speed": [3.895263613831049, 0.0, 0], "yaw": 0.0}, "LF_Container": {"tmp": "tmp"}, "Special_Vehicle_Container": {"tmp": "tmp"}, "option": {"size": 190, "type": "CAM"}}
