{"timestamp": 120.00000000149012, "ITS_PDU_Header": {"tmp": "tmp"}, "Management_Container": {"tmp": "tmp"}, "Station_Data_Container": {"sumo_id": "373", "location": [-628.71630859375, -5.75], "speed": [-6287.162992251471, -57.499999143183246, 0], "yaw": -179.99996948242188}, "Sensor_Information_Container": [0, 1, 2, 3], "Perceived_Object_Container": [{"time": 120.00000000149012, "location": {"x": -581.48453991719, "y": -9.575713872509192}, "speed": {"x": -5810.629185875815, "y": -92.4999986216426, "z": 0}, "pseudonym": 0}, {"time": 120.00000000149012, "location": {"x": -505.54974612956715, "y": -2.488016943345329}, "speed": {"x": -5049.731064889862, "y": -19.99999970197678, "z": 0}, "pseudonym": 1}, {"time": 120.00000000149012, "location": {"x": -657.1285783656106, "y": 1.8726143934049087}, "speed": {"x": -6578.867089467241, "y": 19.99999970197678, "z": 0}, "pseudonym": 2}, {"time": 120.00000000149012, "location": {"x": -627.1116136266596, "y": 1.3893428280687037}, "speed": {"x": -6264.601957431407, "y": 19.99999970197678, "z": 0}, "pseudonym": 3}], "option": {"size": 401, "type": "CPM"}}
{"timestamp": 120.00000000149012, "ITS_PDU_Header": {"tmp": "tmp"}, "Basic_Container": {"tmp": "tmp"}, "HF_Container": {"sumo_id": "373", "location": [-628.71630859375, -5.75], "speed": [-6287.162992251471, -57.499999143183246, 0], "yaw": -179.99996948242188}, "LF_Container": {"tmp": "tmp"}, "Special_Vehicle_Container": {"tmp": "tmp"}, "option": {"size": 190, "type": "CAM"}}
{"timestamp": 120.10000000298024, "ITS_PDU_Header": {"tmp": "tmp"}, "Basic_Container": {"tmp": "tmp"}, "HF_Container": {"sumo_id": "373", "location": [-630.3255004882812, -5.75], "speed": [-16.091918705524225, 0.0, 0], "yaw": -179.99996948242188}, "LF_Container": {"tmp": "tmp"}, "Special_Vehicle_Container": {"tmp": "tmp"}, "option": {"size": 190, "type": "CAM"}}
