{"timestamp": 120.00000000149012, "ITS_PDU_Header": {"tmp": "tmp"}, "Management_Container": {"tmp": "tmp"}, "Station_Data_Container": {"sumo_id": "590", "location": [-662.001220703125, -2.0], "speed": [-6620.012108385383, -19.99999970197678, 0], "yaw": -179.99996948242188}, "Sensor_Information_Container": [0, 1, 2, 3], "Perceived_Object_Container": [{"time": 120.00000000149012, "location": {"x": -627.4240655568315, "y": 1.5490471262556422}, "speed": {"x": -6264.601957431407, "y": 19.99999970197678, "z": 0}, "pseudonym": 0}, {"time": 120.00000000149012, "location": {"x": -581.6578058118971, "y": -9.223684446026695}, "speed": {"x": -5810.629185875815, "y": -92.4999986216426, "z": 0}, "pseudonym": 1}, {"time": 120.00000000149012, "location": {"x": -685.1134813224289, "y": 8.844421197510236}, "speed": {"x": -6852.759907651545, "y": 92.4999986216426, "z": 0}, "pseudonym": 2}, {"time": 120.00000000149012, "location": {"x": -749.840910124798, "y": -9.046621149121782}, "speed": {"x": -7512.791025746003, "y": -92.4999986216426, "z": 0}, "pseudonym": 3}], "option": {"size": 401, "type": "CPM"}}
{"timestamp": 120.00000000149012, "ITS_PDU_Header": {"tmp": "tmp"}, "Basic_Container": {"tmp": "tmp"}, "HF_Container": {"sumo_id": "590", "location": [-662.001220703125, -2.0], "speed": [-6620.012108385383, -19.99999970197678, 0], "yaw": -179.99996948242188}, "LF_Container": {"tmp": "tmp"}, "Special_Vehicle_Container": {"tmp": "tmp"}, "option": {"size": 190, "type": "CAM"}}
{"timestamp": 120.10000000298024, "ITS_PDU_Header": {"tmp": "tmp"}, "Basic_Container": {"tmp": "tmp"}, "HF_Container": {"sumo_id": "590", "location": [-662.5480346679688, -2.0], "speed": [-5.468139566955871, 0.0, 0], "yaw": -179.99996948242188}, "LF_Container": {"tmp": "tmp"}, "Special_Vehicle_Container": {"tmp": "tmp"}, "option": {"size": 190, "type": "CAM"}}
