{"timestamp": 120.00000000149012, "ITS_PDU_Header": {"tmp": "tmp"}, "Basic_Container": {"tmp": "tmp"}, "HF_Container": {"sumo_id": "719", "location": [-831.1768798828125, 2.0], "speed": [-8311.76867497312, 19.99999970197678, 0], "yaw": 0.0}, "LF_Container": {"tmp": "tmp"}, "Special_Vehicle_Container": {"tmp": "tmp"}, "option": {"size": 190, "type": "CAM"}}
{"timestamp": 120.10000000298024, "ITS_PDU_Header": {"tmp": "tmp"}, "Management_Container": {"tmp": "tmp"}, "Station_Data_Container": {"sumo_id": "719", "location": [-831.151611328125, 2.0], "speed": [0.252685543109692, 0.0, 0], "yaw": 0.0}, "Sensor_Information_Container": [0, 1, 2, 3], "Perceived_Object_Container": [{"time": 120.00000000149012, "location": {"x": -858.2082951956819, "y": 1.8055395433350971}, "speed": {"x": -8589.353509703971, "y": 19.99999970197678, "z": 0}, "pseudonym": 0}, {"time": 120.00000000149012, "location": {"x": -870.8710364683559, "y": -1.1547157734240188}, "speed": {"x": -8695.099968089164, "y": -19.99999970197678, "z": 0}, "pseudonym": 1}, {"time": 120.00000000149012, "location": {"x": -865.8998416562134, "y": 5.656852180054007}, "speed": {"x": -8660.919060395374, "y": 57.499999143183246, "z": 0}, "pseudonym": 2}, {"time": 120.00000000149012, "location": {"x": -852.7893815772929, "y": 4.9168354856673915}, "speed": {"x": -8537.003046616866, "y": 57.499999143183246, "z": 0}, "pseudonym": 3}], "option": {"size": 401, "type": "CPM"}}
{"timestamp": 120.10000000298024, "ITS_PDU_Header": {"tmp": "tmp"}, "Basic_Container": {"tmp": "tmp"}, "HF_Container": {"sumo_id": "719", "location": [-831.151611328125, 2.0], "speed": [0.252685543109692, 0.0, 0], "yaw": 0.0}, "LF_Container": {"tmp": "tmp"}, "Special_Vehicle_Container": {"tmp": "tmp"}, "option": {"size": 190, "type": "CAM"}}
