{"timestamp": 120.00000000149012, "ITS_PDU_Header": {"tmp": "tmp"}, "Management_Container": {"tmp": "tmp"}, "Station_Data_Container": {"sumo_id": "150", "location": [-743.8215942382812, -9.25], "speed": [-7438.21583154476, -92.4999986216426, 0], "yaw": -179.99996948242188}, "Sensor_Information_Container": [0, 1, 2, 3], "Perceived_Object_Container": [{"time": 120.00000000149012, "location": {"x": -735.2037756011528, "y": 1.3693394996309065}, "speed": {"x": -7351.835827949109, "y": 19.99999970197678, "z": 0}, "pseudonym": 0}, {"time": 120.00000000149012, "location": {"x": -639.36582628606, "y": -5.677451822079893}, "speed": {"x": -6387.867946805538, "y": -57.499999143183246, "z": 0}, "pseudonym": 1}, {"time": 120.00000000149012, "location": {"x": -613.7723632165437, "y": -2.377369471789434}, "speed": {"x": -6135.468658574392, "y": -19.99999970197678, "z": 0}, "pseudonym": 2}], "option": {"size": 366, "type": "CPM"}}
{"timestamp": 120.00000000149012, "ITS_PDU_Header": {"tmp": "tmp"}, "Basic_Container": {"tmp": "tmp"}, "HF_Container": {"sumo_id": "150", "location": [-743.8215942382812, -9.25], "speed": [-7438.21583154476, -92.4999986216426, 0], "yaw": -179.99996948242188}, "LF_Container": {"tmp": "tmp"}, "Special_Vehicle_Container": {"tmp": "tmp"}, "option": {"size": 190, "type": "CAM"}}
{"timestamp": 120.10000000298024, "ITS_PDU_Header": {"tmp": "tmp"}, "Basic_Container": {"tmp": "tmp"}, "HF_Container": {"sumo_id": "150", "location": [-745.306884765625, -9.25], "speed": [-14.852905052111968, 0.0, 0], "yaw": -179.99996948242188}, "LF_Container": {"tmp": "tmp"}, "Special_Vehicle_Container": {"tmp": "tmp"}, "option": {"size": 190, "type": "CAM"}}
