{"timestamp": 120.00000000149012, "ITS_PDU_Header": {"tmp": "tmp"}, "Management_Container": {"tmp": "tmp"}, "Station_Data_Container": {"sumo_id": "158", "location": [-990.9244995117188, 2.0], "speed": [-9909.244847457932, 19.99999970197678, 0], "yaw": 0.0}, "Sensor_Information_Container": [0, 1, 2, 3], "Perceived_Object_Container": [{"time": 120.00000000149012, "location": {"x": -988.2955731650092, "y": -5.1448865821110426}, "speed": {"x": -9889.412084081589, "y": -57.499999143183246, "z": 0}, "pseudonym": 0}, {"time": 120.00000000149012, "location": {"x": -979.7712866539738, "y": 2.0980615908750413}, "speed": {"x": -9786.850440102064, "y": 19.99999970197678, "z": 0}, "pseudonym": 1}, {"time": 120.00000000149012, "location": {"x": -902.4539606170861, "y": 9.097881712495697}, "speed": {"x": -9010.547961435497, "y": 92.4999986216426, "z": 0}, "pseudonym": 2}], "option": {"size": 366, "type": "CPM"}}
{"timestamp": 120.00000000149012, "ITS_PDU_Header": {"tmp": "tmp"}, "Basic_Container": {"tmp": "tmp"}, "HF_Container": {"sumo_id": "158", "location": [-990.9244995117188, 2.0], "speed": [-9909.244847457932, 19.99999970197678, 0], "yaw": 0.0}, "LF_Container": {"tmp": "tmp"}, "Special_Vehicle_Container": {"tmp": "tmp"}, "option": {"size": 190, "type": "CAM"}}
{"timestamp": 120.10000000298024, "ITS_PDU_Header": {"tmp": "tmp"}, "Basic_Container": {"tmp": "tmp"}, "HF_Container": {"sumo_id": "158", "location": [-990.3833618164062, 2.0], "speed": [5.411376872489201, 0.0, 0], "yaw": 0.0}, "LF_Container": {"tmp": "tmp"}, "Special_Vehicle_Container": {"tmp": "tmp"}, "option": {"size": 190, "type": "CAM"}}
