{"timestamp": 120.00000000149012, "ITS_PDU_Header": {"tmp": "tmp"}, "Management_Container": {"tmp": "tmp"}, "Station_Data_Container": {"sumo_id": "300", "location": [416.1573486328125, 2.0], "speed": [4161.573424315849, 19.99999970197678, 0], "yaw": 0.0}, "Sensor_Information_Container": [0, 1, 2, 3], "Perceived_Object_Container": [{"time": 120.00000000149012, "location": {"x": 418.9025278384123, "y": 6.1951231113729905}, "speed": {"x": 4204.556822112846, "y": 57.499999143183246, "z": 0}, "pseudonym": 0}, {"time": 120.00000000149012, "location": {"x": 396.1688831347739, "y": 5.647113960278386}, "speed": {"x": 3958.1563741243426, "y": 57.499999143183246, "z": 0}, "pseudonym": 1}, {"time": 120.00000000149012, "location": {"x": 452.0116898627649, "y": 5.469299587621398}, "speed": {"x": 4536.23497879155, "y": 57.499999143183246, "z": 0}, "pseudonym": 2}, {"time": 120.00000000149012, "location": {"x": 515.3892394219746, "y": 9.178864536041798}, "speed": {"x": 5164.824141788123, "y": 92.4999986216426, "z": 0}, "pseudonym": 3}], "option": {"size": 401, "type": "CPM"}}
{"timestamp": 120.00000000149012, "ITS_PDU_Header": {"tmp": "tmp"}, "Basic_Container": {"tmp": "tmp"}, "HF_Container": {"sumo_id": "300", "location": [416.1573486328125, 2.0], "speed": [4161.573424315849, 19.99999970197678, 0], "yaw": 0.0}, "LF_Container": {"tmp": "tmp"}, "Special_Vehicle_Container": {"tmp": "tmp"}, "option": {"size": 190, "type": "CAM"}}
{"timestamp": 120.10000000298024, "ITS_PDU_Header": {"tmp": "tmp"}, "Basic_Container": {"tmp": "tmp"}, "HF_Container": {"sumo_id": "300", "location": [417.3818359375, 2.0], "speed": [12.244872864412176, 0.0, 0], "yaw": 0.0}, "LF_Container": {"tmp": "tmp"}, "Special_Vehicle_Container": {"tmp": "tmp"}, "option": {"size": 190, "type": "CAM"}}
