{"timestamp": 120.00000000149012, "ITS_PDU_Header": {"tmp": "tmp"}, "Management_Container": {"tmp": "tmp"}, "Station_Data_Container": {"sumo_id": "71", "location": [327.2926025390625, -9.25], "speed": [3272.9259766202276, -92.4999986216426, 0], "yaw": -179.99996948242188}, "Sensor_Information_Container": [0, 1, 2, 3], "Perceived_Object_Container": [{"time": 120.00000000149012, "location": {"x": 350.0493844155936, "y": -5.917619450027281}, "speed": {"x": 3504.9767544124015, "y": -57.499999143183246, "z": 0}, "pseudonym": 0}, {"time": 120.00000000149012, "location": {"x": 452.0536493595041, "y": 5.19188337788068}, "speed": {"x": 4536.23497879155, "y": 57.499999143183246, "z": 0}, "pseudonym": 1}, {"time": 120.00000000149012, "location": {"x": 330.73398193378097, "y": 8.493413954273336}, "speed": {"x": 3310.485790513668, "y": 92.4999986216426, "z": 0}, "pseudonym": 2}, {"time": 120.00000000149012, "location": {"x": 187.64475107874654, "y": -5.741678439216301}, "speed": {"x": 1860.5358609477303, "y": -57.499999143183246, "z": 0}, "pseudonym": 3}], "option": {"size": 401, "type": "CPM"}}
{"timestamp": 120.00000000149012, "ITS_PDU_Header": {"tmp": "tmp"}, "Basic_Container": {"tmp": "tmp"}, "HF_Container": {"sumo_id": "71", "location": [327.2926025390625, -9.25], "speed": [3272.9259766202276, -92.4999986216426, 0], "yaw": -179.99996948242188}, "LF_Container": {"tmp": "tmp"}, "Special_Vehicle_Container": {"tmp": "tmp"}, "option": {"size": 190, "type": "CAM"}}
{"timestamp": 120.10000000298024, "ITS_PDU_Header": {"tmp": "tmp"}, "Basic_Container": {"tmp": "tmp"}, "HF_Container": {"sumo_id": "71", "location": [325.7150573730469, -9.25], "speed": [-15.775451425083705, 0.0, 0], "yaw": -179.99996948242188}, "LF_Container": {"tmp": "tmp"}, "Special_Vehicle_Container": {"tmp": "tmp"}, "option": {"size": 190, "type": "CAM"}}
