{"timestamp": 120.00000000149012, "ITS_PDU_Header": {"tmp": "tmp"}, "Management_Container": {"tmp": "tmp"}, "Station_Data_Container": {"sumo_id": "85", "location": [-1000.2760620117188, -0.8403764963150024], "speed": [-10002.760471064441, -8.40376483792417, 0], "yaw": 95.8294677734375}, "Sensor_Information_Container": [0, 1, 2, 3], "Perceived_Object_Container": [{"time": 120.00000000149012, "location": {"x": -979.5372479191797, "y": 1.8256404409635776}, "speed": {"x": -9786.850440102064, "y": 19.99999970197678, "z": 0}, "pseudonym": 0}, {"time": 120.00000000149012, "location": {"x": -989.0837796554042, "y": -5.395362064645231}, "speed": {"x": -9889.412084081589, "y": -57.499999143183246, "z": 0}, "pseudonym": 1}, {"time": 120.00000000149012, "location": {"x": -991.7166601039389, "y": -1.831957778501233}, "speed": {"x": -9914.667821009936, "y": -19.99999970197678, "z": 0}, "pseudonym": 2}, {"time": 120.00000000149012, "location": {"x": -890.2818235129888, "y": 1.3954877688962464}, "speed": {"x": -8897.75621506935, "y": 19.99999970197678, "z": 0}, "pseudonym": 3}], "option": {"size": 401, "type": "CPM"}}
{"timestamp": 120.00000000149012, "ITS_PDU_Header": {"tmp": "tmp"}, "Basic_Container": {"tmp": "tmp"}, "HF_Container": {"sumo_id": "85", "location": [-1000.2760620117188, -0.8403764963150024], "speed": [-10002.760471064441, -8.40376483792417, 0], "yaw": 95.8294677734375}, "LF_Container": {"tmp": "tmp"}, "Special_Vehicle_Container": {"tmp": "tmp"}, "option": {"size": 190, "type": "CAM"}}
{"timestamp": 120.10000000298024, "ITS_PDU_Header": {"tmp": "tmp"}, "Basic_Container": {"tmp": "tmp"}, "HF_Container": {"sumo_id": "85", "location": [-1000.4088745117188, -0.6283286809921265], "speed": [-1.3281249802093955, 2.1204781216311734, 0], "yaw": 85.32238006591797}, "LF_Container": {"tmp": "tmp"}, "Special_Vehicle_Container": {"tmp": "tmp"}, "option": {"size": 190, "type": "CAM"}}
