{"timestamp": 119.99999999977648, "ITS_PDU_Header": {"tmp": "tmp"}, "Basic_Container": {"tmp": "tmp"}, "HF_Container": {"sumo_id": "139", "location": [-837.1279296875, -2.0], "speed": [-83712.79483987678, -200.00000447034847, 0], "yaw": -179.99996948242188}, "LF_Container": {"tmp": "tmp"}, "Special_Vehicle_Container": {"tmp": "tmp"}, "option": {"size": 190, "type": "CAM"}}
{"timestamp": 119.99999999977648, "ITS_PDU_Header": {"tmp": "tmp"}, "Management_Container": {"tmp": "tmp"}, "Station_Data_Container": {"sumo_id": "139", "location": [-837.1279296875, -2.0], "speed": [-83712.79483987678, -200.00000447034847, 0], "yaw": -179.99996948242188}, "Sensor_Information_Container": [0, 1, 2, 3], "Perceived_Object_Container": [{"time": 119.99999999977648, "location": {"x": -825.9083413736537, "y": -2.0467215155992737}, "speed": {"x": -82561.23231413735, "y": -200.00000447034847, "z": 0}, "pseudonym": 0}, {"time": 119.99999999977648, "location": {"x": -838.2199023991539, "y": 1.3989768371034936}, "speed": {"x": -83809.13883617085, "y": 200.00000447034847, "z": 0}, "pseudonym": 1}], "option": {"size": 331, "type": "CPM"}}
{"timestamp": 120.10999999731779, "ITS_PDU_Header": {"tmp": "tmp"}, "Basic_Container": {"tmp": "tmp"}, "HF_Container": {"sumo_id": "139", "location": [-837.5025634765625, -2.0], "speed": [-3.747558677514464, 0.0, 0], "yaw": -179.99996948242188}, "LF_Container": {"tmp": "tmp"}, "Special_Vehicle_Container": {"tmp": "tmp"}, "option": {"size": 190, "type": "CAM"}}
{"timestamp": 120.10999999731779, "ITS_PDU_Header": {"tmp": "tmp"}, "Management_Container": {"tmp": "tmp"}, "Station_Data_Container": {"sumo_id": "139", "location": [-837.5025634765625, -2.0], "speed": [-3.747558677514464, 0.0, 0], "yaw": -179.99996948242188}, "Sensor_Information_Container": [0, 1, 2, 3], "Perceived_Object_Container": [{"time": 120.10999999731779, "location": {"x": -836.9221638103052, "y": -5.143298415138826}, "speed": {"x": -16.625976934119542, "y": 0.0, "z": 0}, "pseudonym": 2}], "option": {"size": 296, "type": "CPM"}}
{"timestamp": 120.11999999709427, "ITS_PDU_Header": {"tmp": "tmp"}, "Management_Container": {"tmp": "tmp"}, "Station_Data_Container": {"sumo_id": "139", "location": [-837.5399780273438, -2.0], "speed": [-3.7414551617530396, 0.0, 0], "yaw": -179.99996948242188}, "Sensor_Information_Container": [0, 1, 2, 3], "Perceived_Object_Container": [{"time": 120.10999999731779, "location": {"x": -875.2958072995862, "y": -5.7568016964251685}, "speed": {"x": -16.162109736251303, "y": 0.0, "z": 0}, "pseudonym": 3}, {"time": 120.10999999731779, "location": {"x": -849.4921929828006, "y": 1.6729558556245239}, "speed": {"x": 4.431152442793975, "y": 0.0, "z": 0}, "pseudonym": 4}, {"time": 120.10999999731779, "location": {"x": -851.7881767060447, "y": -8.502444559161942}, "speed": {"x": -14.15405305074274, "y": 0.0, "z": 0}, "pseudonym": 5}, {"time": 120.10999999731779, "location": {"x": -847.2900418596024, "y": -2.1237647714799093}, "speed": {"x": -3.6437989095702523, "y": 0.0, "z": 0}, "pseudonym": 6}, {"time": 120.10999999731779, "location": {"x": -848.9342324105314, "y": 2.8410517756140647}, "speed": {"x": 4.431152442793975, "y": 0.0, "z": 0}, "pseudonym": 4}, {"time": 120.10999999731779, "location": {"x": -866.7524200934149, "y": 5.148715486597094}, "speed": {"x": 16.296387083002635, "y": 0.0, "z": 0}, "pseudonym": 7}, {"time": 120.10999999731779, "location": {"x": -872.9901354217309, "y": 2.0204949496147213}, "speed": {"x": 4.382324316702581, "y": 0.0, "z": 0}, "pseudonym": 8}, {"time": 120.10999999731779, "location": {"x": -861.0935385594089, "y": 1.9606735690044597}, "speed": {"x": 4.412841895509702, "y": 0.0, "z": 0}, "pseudonym": 9}, {"time": 120.10999999731779, "location": {"x": -802.8714789775179, "y": 1.5541250087040306}, "speed": {"x": 4.156494233529886, "y": 0.0, "z": 0}, "pseudonym": 10}, {"time": 120.10999999731779, "location": {"x": -826.9786233630175, "y": 1.7904976923041744}, "speed": {"x": 4.345703222134036, "y": 0.0, "z": 0}, "pseudonym": 11}, {"time": 120.10999999731779, "location": {"x": -791.206129155271, "y": 1.777227095458188}, "speed": {"x": 4.04663094982425, "y": 0.0, "z": 0}, "pseudonym": 12}, {"time": 120.10999999731779, "location": {"x": -825.3869838061696, "y": 1.238253048401015}, "speed": {"x": 4.345703222134036, "y": 0.0, "z": 0}, "pseudonym": 11}, {"time": 120.10999999731779, "location": {"x": -826.2569598811219, "y": -1.9252634077022241}, "speed": {"x": -3.8818360242657963, "y": 0.0, "z": 0}, "pseudonym": 13}, {"time": 120.10999999731779, "location": {"x": -780.0197948996483, "y": 1.8366788129285732}, "speed": {"x": 3.93066415035719, "y": 0.0, "z": 0}, "pseudonym": 14}, {"time": 120.10999999731779, "location": {"x": -780.862543156744, "y": -8.645331398903958}, "speed": {"x": -11.669922135843086, "y": 0.0, "z": 0}, "pseudonym": 15}, {"time": 120.10999999731779, "location": {"x": -788.1943411414279, "y": -6.057102718913946}, "speed": {"x": -16.656494512926663, "y": 0.0, "z": 0}, "pseudonym": 16}, {"time": 120.10999999731779, "location": {"x": -814.5948021818361, "y": 1.5936664672591623}, "speed": {"x": 4.254150485712673, "y": 0.0, "z": 0}, "pseudonym": 17}, {"time": 120.10999999731779, "location": {"x": -765.9099518672215, "y": 8.703097579584911}, "speed": {"x": 15.484619486733216, "y": 0.0, "z": 0}, "pseudonym": 18}, {"time": 120.10999999731779, "location": {"x": -837.7535129240855, "y": 1.3998967013784624}, "speed": {"x": 4.388427832464005, "y": 0.0, "z": 0}, "pseudonym": 19}, {"time": 120.10999999731779, "location": {"x": -845.1905343660371, "y": 8.82326339732123}, "speed": {"x": 16.687012091733784, "y": 0.0, "z": 0}, "pseudonym": 20}], "option": {"size": 961, "type": "CPM"}}
{"timestamp": 120.2199999948591, "ITS_PDU_Header": {"tmp": "tmp"}, "Management_Container": {"tmp": "tmp"}, "Station_Data_Container": {"sumo_id": "139", "location": [-837.91357421875, -2.0], "speed": [-3.729248130230191, 0.0, 0], "yaw": -179.99996948242188}, "Sensor_Information_Container": [0, 1, 2, 3], "Perceived_Object_Container": [{"time": 120.20999999508261, "location": {"x": -917.613288457361, "y": 9.16036170812681}, "speed": {"x": 16.497803103129634, "y": 0.0, "z": 0}, "pseudonym": 21}, {"time": 120.20999999508261, "location": {"x": -850.5084274190289, "y": 1.2816767204967472}, "speed": {"x": 4.418945411271126, "y": 0.0, "z": 0}, "pseudonym": 22}, {"time": 120.20999999508261, "location": {"x": -895.5522779822741, "y": -8.812645549576118}, "speed": {"x": -14.270019850209799, "y": 0.0, "z": 0}, "pseudonym": 23}, {"time": 120.20999999508261, "location": {"x": -725.7712765354269, "y": -8.96159589739553}, "speed": {"x": -11.364746347771876, "y": 0.0, "z": 0}, "pseudonym": 24}, {"time": 120.20999999508261, "location": {"x": -784.9836825259554, "y": 9.48474240391023}, "speed": {"x": 14.91088900515934, "y": 0.0, "z": 0}, "pseudonym": 25}], "option": {"size": 436, "type": "CPM"}}
{"timestamp": 120.31999999262392, "ITS_PDU_Header": {"tmp": "tmp"}, "Management_Container": {"tmp": "tmp"}, "Station_Data_Container": {"sumo_id": "139", "location": [-838.286376953125, -2.0], "speed": [-3.723144614468767, 0.0, 0], "yaw": -179.99996948242188}, "Sensor_Information_Container": [0, 1, 2, 3], "Perceived_Object_Container": [{"time": 120.30999999284744, "location": {"x": -767.2007674449966, "y": -6.298645529153911}, "speed": {"x": -16.619873418358118, "y": 0.0, "z": 0}, "pseudonym": 26}], "option": {"size": 296, "type": "CPM"}}
{"timestamp": 120.41999999038875, "ITS_PDU_Header": {"tmp": "tmp"}, "Management_Container": {"tmp": "tmp"}, "Station_Data_Container": {"sumo_id": "139", "location": [-838.6583251953125, -2.0], "speed": [-3.717041098707343, 0.0, 0], "yaw": -179.99996948242188}, "Sensor_Information_Container": [0, 1, 2, 3], "Perceived_Object_Container": [{"time": 120.40999999061226, "location": {"x": -883.2506893570202, "y": 2.131848721412088}, "speed": {"x": 4.327392674849763, "y": 0.0, "z": 0}, "pseudonym": 27}, {"time": 120.40999999061226, "location": {"x": -785.6003364787713,