{"timestamp": 119.99999999977648, "ITS_PDU_Header": {"tmp": "tmp"}, "Basic_Container": {"tmp": "tmp"}, "HF_Container": {"sumo_id": "167", "location": [-925.5101318359375, -2.0], "speed": [-92551.01525227014, -200.00000447034847, 0], "yaw": -179.99996948242188}, "LF_Container": {"tmp": "tmp"}, "Special_Vehicle_Container": {"tmp": "tmp"}, "option": {"size": 190, "type": "CAM"}}
{"timestamp": 119.99999999977648, "ITS_PDU_Header": {"tmp": "tmp"}, "Management_Container": {"tmp": "tmp"}, "Station_Data_Container": {"sumo_id": "167", "location": [-925.5101318359375, -2.0], "speed": [-92551.01525227014, -200.00000447034847, 0], "yaw": -179.99996948242188}, "Sensor_Information_Container": [0, 1, 2, 3], "Perceived_Object_Container": [{"time": 119.99999999977648, "location": {"x": -944.8627231461901, "y": -5.587252587549016}, "speed": {"x": -94637.12980085156, "y": -575.0000128522519, "z": 0}, "pseudonym": 0}], "option": {"size": 296, "type": "CPM"}}
{"timestamp": 120.10999999731779, "ITS_PDU_Header": {"tmp": "tmp"}, "Basic_Container": {"tmp": "tmp"}, "HF_Container": {"sumo_id": "167", "location": [-925.8350830078125, -2.0], "speed": [-3.253173900839103, 0.0, 0], "yaw": -179.99996948242188}, "LF_Container": {"tmp": "tmp"}, "Special_Vehicle_Container": {"tmp": "tmp"}, "option": {"size": 190, "type": "CAM"}}
{"timestamp": 120.10999999731779, "ITS_PDU_Header": {"tmp": "tmp"}, "Management_Container": {"tmp": "tmp"}, "Station_Data_Container": {"sumo_id": "167", "location": [-925.8350830078125, -2.0], "speed": [-3.253173900839103, 0.0, 0], "yaw": -179.99996948242188}, "Sensor_Information_Container": [0, 1, 2, 3], "Perceived_Object_Container": [{"time": 120.10999999731779, "location": {"x": -929.2078054484726, "y": 5.183471692091154}, "speed": {"x": 10.803222897720849, "y": 0.0, "z": 0}, "pseudonym": 1}, {"time": 120.10999999731779, "location": {"x": -920.3544162108453, "y": 8.770804485784218}, "speed": {"x": 16.320801146048332, "y": 0.0, "z": 0}, "pseudonym": 2}], "option": {"size": 331, "type": "CPM"}}
{"timestamp": 120.11999999709427, "ITS_PDU_Header": {"tmp": "tmp"}, "Management_Container": {"tmp": "tmp"}, "Station_Data_Container": {"sumo_id": "167", "location": [-925.8674926757812, -2.0], "speed": [-3.2409668693162548, 0.0, 0], "yaw": -179.99996948242188}, "Sensor_Information_Container": [0, 1, 2, 3], "Perceived_Object_Container": [{"time": 120.10999999731779, "location": {"x": -924.5557940297479, "y": -5.327633770061155}, "speed": {"x": -16.15600622048988, "y": 0.0, "z": 0}, "pseudonym": 3}, {"time": 120.10999999731779, "location": {"x": -941.9810488932694, "y": 1.789953515441172}, "speed": {"x": 3.753662193275888, "y": 0.0, "z": 0}, "pseudonym": 4}, {"time": 120.10999999731779, "location": {"x": -932.3404105566298, "y": 1.2798362614982095}, "speed": {"x": 3.9184571188343416, "y": 0.0, "z": 0}, "pseudonym": 5}, {"time": 120.10999999731779, "location": {"x": -935.0081783746251, "y": -2.1395379063484374}, "speed": {"x": -3.1982422589862853, "y": 0.0, "z": 0}, "pseudonym": 6}, {"time": 120.10999999731779, "location": {"x": -963.2917803450948, "y": 2.0651622779846392}, "speed": {"x": 3.3447266372604663, "y": 0.0, "z": 0}, "pseudonym": 7}, {"time": 120.10999999731779, "location": {"x": -952.6956054683003, "y": 2.175707664248024}, "speed": {"x": 3.546142657387465, "y": 0.0, "z": 0}, "pseudonym": 8}, {"time": 120.10999999731779, "location": {"x": -973.3022806740543, "y": 2.0950369436500784}, "speed": {"x": 2.880859439392226, "y": 0.0, "z": 0}, "pseudonym": 9}, {"time": 120.10999999731779, "location": {"x": -947.1135780796687, "y": -5.393048997576989}, "speed": {"x": -16.15600622048988, "y": 0.0, "z": 0}, "pseudonym": 10}, {"time": 120.10999999731779, "location": {"x": -938.5018945990985, "y": -8.925069145060151}, "speed": {"x": -13.934326483331468, "y": 0.0, "z": 0}, "pseudonym": 11}, {"time": 120.10999999731779, "location": {"x": -939.6195112479462, "y": -8.57303412357804}, "speed": {"x": -13.934326483331468, "y": 0.0, "z": 0}, "pseudonym": 11}, {"time": 120.10999999731779, "location": {"x": -986.8098262318367, "y": 9.84188564324252}, "speed": {"x": 7.67211931211023, "y": 0.0, "z": 0}, "pseudonym": 12}, {"time": 120.10999999731779, "location": {"x": -886.7941864028652, "y": 1.6290709089903868}, "speed": {"x": 4.309082127565491, "y": 0.0, "z": 0}, "pseudonym": 13}, {"time": 120.10999999731779, "location": {"x": -895.8126604779496, "y": -9.07793115600673}, "speed": {"x": -14.178467113788436, "y": 0.0, "z": 0}, "pseudonym": 14}, {"time": 120.10999999731779, "location": {"x": -915.4056290000989, "y": -1.917066718821015}, "speed": {"x": -3.2958985111690726, "y": 0.0, "z": 0}, "pseudonym": 15}, {"time": 120.10999999731779, "location": {"x": -874.8222373442995, "y": 1.744668433408766}, "speed": {"x": 4.382324316702581, "y": 0.0, "z": 0}, "pseudonym": 16}, {"time": 120.10999999731779, "location": {"x": -919.5905702843357, "y": 1.3866235763244832}, "speed": {"x": 3.961181729164311, "y": 0.0, "z": 0}, "pseudonym": 17}, {"time": 120.10999999731779, "location": {"x": -877.5229840892636, "y": -6.090691638624161}, "speed": {"x": -16.162109736251303, "y": 0.0, "z": 0}, "pseudonym": 18}, {"time": 120.10999999731779, "location": {"x": -908.1479764073346, "y": 1.2758590755759829}, "speed": {"x": 4.107666107438492, "y": 0.0, "z": 0}, "pseudonym": 19}, {"time": 120.10999999731779, "location": {"x": -913.1303929259556, "y": 4.918175979017091}, "speed": {"x": 11.730957293457328, "y": 0.0, "z": 0}, "pseudonym": 20}, {"time": 120.10999999731779, "location": {"x": -896.5533312673379, "y": 1.1635499602062795}, "speed": {"x": 4.217529391144128, "y": 0.0, "z": 0}, "pseudonym": 21}, {"time": 120.10999999731779, "location": {"x": -900.2902056377783, "y": -5.748815713107065}, "speed": {"x": -16.15600622048988, "y": 0.0, "z": 0}, "pseudonym": 22}], "option": {"size": 996, "type": "CPM"}}
{"timestamp": 120.20999999508261, "ITS_PDU_Header": {"tmp": "tmp"}, "Management_Container": {"tmp": "tmp"}, "Station_Data_Container": {"sumo_id": "167", "location": [-926.1591186523438, -2.0], "speed": [-3.247070385077679, 0.0, 0], "yaw": -179.99996948242188}, "Sensor_Information_Container": [0, 1, 2, 3], "Perceived_Object_Container": [{"time": 120.20999999508261, "location": {"x": -926.7741738149423, "y": 8.666054202901673}, "speed": {"x": 0.024414063045696835, "y": 0.0, "z": 0}, "pseudonym": 23}], "option": {"size": 296, "type": "CPM"}}
{"timestamp": 120.2199999948591, "ITS_PDU_Header": {"tmp": "tmp"}, "Management_Container": {"tmp": "tmp"}, "Station_Data_Container": {"sumo_id": "167", "location": [-926.1915283203125, -2.0], "speed": [-3.2409668693162548, 0.0, 0], "yaw": -179.99996948242188}, "Sensor_Information_Container": [0, 1, 2, 3], "Perceived_Object_Container": [{"time": 120.20999999508261, "location": {"x": -969.2168423141135, "y": 5.9250573809102365}, "speed": {"x": 7.159423988150596, "y": 0.0, "z": 0}, "pseudonym": 24}, {"time": 120.20999999508261, "location": {"x": -854.4925533509542, "y": -9.728019401274349}, "speed": {"x": -14.221191724118405, "y": 0.0, "z": 0}, "pseudonym": 25}, {"time": 120.20999999508261, "location": {"x": -920.8273718681903, "y": -8.887234862308611}, "speed": {"x": -13.848877262671529, "y": 0.0, "z": 0}, "pseudonym": 26}], "option": {"size": 366, "type": "CPM"}}
{"timestamp": 120.30999999284744, "ITS_PDU_Header": {"tmp": "tmp"}, "Management_Container": {"tmp": "tmp"}, "Station_Data_Container": {"sumo_id": "167", "location": [-926.4829711914062, -2.0], "speed": [-3.2348633535548306, 0.0, 0], "yaw": -179.99996948242188}, "Sensor_Information_Container": [0, 1, 2, 3], "Perceived_Object_Container": [{"time": 120.30999999284744, "location": {"x": -929.6003544382121, "y": 2.727554427553048}, "speed": {"x": 3.9428711818800384, "y": 0.0, "z": 0}, "pseudonym": 27}], "option": {"size": 296, "type": "CPM"}}
{"timestamp": 120.31999999262392, "ITS_PDU_Header": {"tmp": "tmp"}, "Management_Container": {"tmp": "tmp"}, "Station_Data_Container": {"sumo_id": "167",