{"timestamp": 119.99999999977648, "ITS_PDU_Header": {"tmp": "tmp"}, "Basic_Container": {"tmp": "tmp"}, "HF_Container": {"sumo_id": "34", "location": [59.686279296875, 2.0], "speed": [5968.628063096733, 200.00000447034847, 0], "yaw": 0.0}, "LF_Container": {"tmp": "tmp"}, "Special_Vehicle_Container": {"tmp": "tmp"}, "option": {"size": 190, "type": "CAM"}}
{"timestamp": 119.99999999977648, "ITS_PDU_Header": {"tmp": "tmp"}, "Management_Container": {"tmp": "tmp"}, "Station_Data_Container": {"sumo_id": "34", "location": [59.686279296875, 2.0], "speed": [5968.628063096733, 200.00000447034847, 0], "yaw": 0.0}, "Sensor_Information_Container": [0, 1, 2, 3], "Perceived_Object_Container": [{"time": 119.99999999977648, "location": {"x": 109.59152080686138, "y": -1.9431134417689973}, "speed": {"x": 11035.486086506085, "y": -200.00000447034847, "z": 0}, "pseudonym": 0}, {"time": 119.99999999977648, "location": {"x": 93.29559829864112, "y": 8.621885180898285}, "speed": {"x": 9455.554410566861, "y": 925.0000206753616, "z": 0}, "pseudonym": 1}], "option": {"size": 331, "type": "CPM"}}
{"timestamp": 120.10999999731779, "ITS_PDU_Header": {"tmp": "tmp"}, "Basic_Container": {"tmp": "tmp"}, "HF_Container": {"sumo_id": "34", "location": [60.845458984375, 2.0], "speed": [11.584472915183147, 0.0, 0], "yaw": 0.0}, "LF_Container": {"tmp": "tmp"}, "Special_Vehicle_Container": {"tmp": "tmp"}, "option": {"size": 190, "type": "CAM"}}
{"timestamp": 120.10999999731779, "ITS_PDU_Header": {"tmp": "tmp"}, "Management_Container": {"tmp": "tmp"}, "Station_Data_Container": {"sumo_id": "34", "location": [60.845458984375, 2.0], "speed": [11.584472915183147, 0.0, 0], "yaw": 0.0}, "Sensor_Information_Container": [0, 1, 2, 3], "Perceived_Object_Container": [{"time": 120.10999999731779, "location": {"x": 61.44456883304526, "y": -5.260625612721333}, "speed": {"x": -14.367676102392586, "y": 0.0, "z": 0}, "pseudonym": 2}], "option": {"size": 296, "type": "CPM"}}
{"timestamp": 120.11999999709427, "ITS_PDU_Header": {"tmp": "tmp"}, "Management_Container": {"tmp": "tmp"}, "Station_Data_Container": {"sumo_id": "34", "location": [60.9613037109375, 2.0], "speed": [11.584472915183147, 0.0, 0], "yaw": 0.0}, "Sensor_Information_Container": [0, 1, 2, 3], "Perceived_Object_Container": [{"time": 120.10999999731779, "location": {"x": 92.98604283257507, "y": 5.2784890811143335}, "speed": {"x": 15.625000349245973, "y": 0.0, "z": 0}, "pseudonym": 3}, {"time": 120.10999999731779, "location": {"x": 142.29044225106202, "y": 9.187551557190778}, "speed": {"x": 15.966797231885728, "y": 0.0, "z": 0}, "pseudonym": 4}, {"time": 120.10999999731779, "location": {"x": 69.01110185188023, "y": -1.1675852460847524}, "speed": {"x": -11.962890892391448, "y": 0.0, "z": 0}, "pseudonym": 5}, {"time": 120.10999999731779, "location": {"x": 70.50026946831544, "y": 4.9172292965088396}, "speed": {"x": 15.625000349245973, "y": 0.0, "z": 0}, "pseudonym": 6}, {"time": 120.10999999731779, "location": {"x": 71.9879047036301, "y": 4.910521698059105}, "speed": {"x": 15.625000349245973, "y": 0.0, "z": 0}, "pseudonym": 6}, {"time": 120.10999999731779, "location": {"x": 165.44452170484703, "y": 9.471293809741333}, "speed": {"x": 15.892029163808282, "y": 0.0, "z": 0}, "pseudonym": 7}, {"time": 120.10999999731779, "location": {"x": 78.85619556569368, "y": 2.1035213074298773}, "speed": {"x": 11.437988536908966, "y": 0.0, "z": 0}, "pseudonym": 8}, {"time": 120.10999999731779, "location": {"x": 83.24258489470147, "y": -5.361652713772801}, "speed": {"x": -14.318847976301193, "y": 0.0, "z": 0}, "pseudonym": 9}, {"time": 120.10999999731779, "location": {"x": 71.37126981699471, "y": 9.409243518479473}, "speed": {"x": 15.942383168840031, "y": 0.0, "z": 0}, "pseudonym": 10}, {"time": 120.10999999731779, "location": {"x": 127.13176609515313, "y": 5.715722939457319}, "speed": {"x": 15.06195102025459, "y": 0.0, "z": 0}, "pseudonym": 11}, {"time": 120.10999999731779, "location": {"x": 150.33282508524115, "y": -8.677949780533618}, "speed": {"x": -16.5649417765053, "y": 0.0, "z": 0}, "pseudonym": 12}, {"time": 120.10999999731779, "location": {"x": 125.81526039525414, "y": -1.396926301327424}, "speed": {"x": -9.863281470461521, "y": 0.0, "z": 0}, "pseudonym": 13}, {"time": 120.10999999731779, "location": {"x": 87.20814958680536, "y": -2.091251521311256}, "speed": {"x": -11.71875026193448, "y": 0.0, "z": 0}, "pseudonym": 14}, {"time": 120.10999999731779, "location": {"x": 108.60380333408209, "y": -2.041140599342959}, "speed": {"x": -9.972381814696979, "y": 0.0, "z": 0}, "pseudonym": 15}, {"time": 120.10999999731779, "location": {"x": 94.79096694600409, "y": 8.782761603948465}, "speed": {"x": 15.990448355461247, "y": 0.0, "z": 0}, "pseudonym": 16}, {"time": 120.10999999731779, "location": {"x": 94.94819825116775, "y": -8.606240664606098}, "speed": {"x": -15.856933948180092, "y": 0.0, "z": 0}, "pseudonym": 17}, {"time": 120.10999999731779, "location": {"x": 47.64040620686209, "y": 5.452728253007208}, "speed": {"x": 15.637207380768821, "y": 0.0, "z": 0}, "pseudonym": 18}, {"time": 120.10999999731779, "location": {"x": 47.979196873868965, "y": 5.183556485958852}, "speed": {"x": 15.637207380768821, "y": 0.0, "z": 0}, "pseudonym": 18}, {"time": 120.10999999731779, "location": {"x": 49.76972508497586, "y": 8.83742173763819}, "speed": {"x": 15.832519885134396, "y": 0.0, "z": 0}, "pseudonym": 19}, {"time": 120.10999999731779, "location": {"x": 25.686337770489352, "y": -1.1771999683183152}, "speed": {"x": -12.060547144574235, "y": 0.0, "z": 0}, "pseudonym": 20}, {"time": 120.10999999731779, "location": {"x": 6.296728497980906, "y": -2.0184744722945647}, "speed": {"x": -12.09716823914278, "y": 0.0, "z": 0}, "pseudonym": 21}, {"time": 120.10999999731779, "location": {"x": 47.82079486485536, "y": -1.677651421636988}, "speed": {"x": -10.986328370563575, "y": 0.0, "z": 0}, "pseudonym": 22}, {"time": 120.10999999731779, "location": {"x": 41.65807806417941, "y": 1.8885490858216802}, "speed": {"x": 11.71875026193448, "y": 0.0, "z": 0}, "pseudonym": 23}, {"time": 120.10999999731779, "location": {"x": -33.517380501150384, "y": -1.6681615736861424}, "speed": {"x": -11.86523464020866, "y": 0.0, "z": 0}, "pseudonym": 24}, {"time": 120.10999999731779, "location": {"x": -53.23107329325629, "y": -1.918235150225239}, "speed": {"x": -11.859512594182325, "y": 0.0, "z": 0}, "pseudonym": 25}, {"time": 120.10999999731779, "location": {"x": -14.156106949340867, "y": -2.0086258094733758}, "speed": {"x": -11.798095966832994, "y": 0.0, "z": 0}, "pseudonym": 26}, {"time": 120.10999999731779, "location": {"x": 25.021692789745867, "y": 5.738045815380031}, "speed": {"x": 15.637207380768821, "y": 0.0, "z": 0}, "pseudonym": 27}, {"time": 120.10999999731779, "location": {"x": 1.3369493963773778, "y": 5.098703750020987}, "speed": {"x": 15.637207380768821, "y": 0.0, "z": 0}, "pseudonym": 28}, {"time": 120.10999999731779, "location": {"x": 18.30380891042752, "y": -5.143830318794242}, "speed": {"x": -14.434814775768253, "y": 0.0, "z": 0}, "pseudonym": 29}, {"time": 120.10999999731779, "location": {"x": 27.31999596371522, "y": 9.042487083779841}, "speed": {"x": 15.734863632951608, "y": 0.0, "z": 0}, "pseudonym": 30}], "option": {"size": 1311, "type": "CPM"}}
{"timestamp": 120.20999999508261, "ITS_PDU_Header": {"tmp": "tmp"}, "Management_Container": {"tmp": "tmp"}, "Station_Data_Container": {"sumo_id": "34", "location": [62.0029296875, 2.0], "speed": [11.572265883660299, 0.0, 0], "yaw": 0.0}, "Sensor_Information_Container": [0, 1, 2, 3], "Perceived_Object_Container": [{"time": 120.20999999508261, "location": {"x": 70.99624488230835, "y": -8.999222696628545}, "speed": {"x": -16.17431676777415, "y": 0.0, "z": 0}, "pseudonym": 31}], "option": {"size": 296, "type": "CPM"}}
{"timestamp": 120.2199999948591, "ITS_PDU_Header": {"tmp": "tmp"}, "Management_Container": {"tmp": "tmp"}, "Station_Data_Container": {"sumo_id": "34", "location": [62.1185302734375, 2.0], "speed": [11.56005885213745, 0.0, 0], "yaw": 0.0},