{"timestamp": 119.99999999977648, "ITS_PDU_Header": {"tmp": "tmp"}, "Basic_Container": {"tmp": "tmp"}, "HF_Container": {"sumo_id": "398", "location": [-540.3311767578125, 2.0], "speed": [-54033.11888351557, 200.00000447034847, 0], "yaw": 0.0}, "LF_Container": {"tmp": "tmp"}, "Special_Vehicle_Container": {"tmp": "tmp"}, "option": {"size": 190, "type": "CAM"}}
{"timestamp": 119.99999999977648, "ITS_PDU_Header": {"tmp": "tmp"}, "Management_Container": {"tmp": "tmp"}, "Station_Data_Container": {"sumo_id": "398", "location": [-540.3311767578125, 2.0], "speed": [-54033.11888351557, 200.00000447034847, 0], "yaw": 0.0}, "Sensor_Information_Container": [0, 1, 2, 3], "Perceived_Object_Container": [{"time": 119.99999999977648, "location": {"x": -545.4556640816337, "y": 8.751393126701913}, "speed": {"x": -54619.67895521996, "y": 925.0000206753616, "z": 0}, "pseudonym": 0}], "option": {"size": 296, "type": "CPM"}}
{"timestamp": 120.10999999731779, "ITS_PDU_Header": {"tmp": "tmp"}, "Basic_Container": {"tmp": "tmp"}, "HF_Container": {"sumo_id": "398", "location": [-539.8201904296875, 2.0], "speed": [5.126953239596335, 0.0, 0], "yaw": 0.0}, "LF_Container": {"tmp": "tmp"}, "Special_Vehicle_Container": {"tmp": "tmp"}, "option": {"size": 190, "type": "CAM"}}
{"timestamp": 120.10999999731779, "ITS_PDU_Header": {"tmp": "tmp"}, "Management_Container": {"tmp": "tmp"}, "Station_Data_Container": {"sumo_id": "398", "location": [-539.8201904296875, 2.0], "speed": [5.126953239596335, 0.0, 0], "yaw": 0.0}, "Sensor_Information_Container": [0, 1, 2, 3], "Perceived_Object_Container": [{"time": 120.10999999731779, "location": {"x": -531.8382321913589, "y": -8.416758331972026}, "speed": {"x": -9.191894736704858, "y": 0.0, "z": 0}, "pseudonym": 1}, {"time": 120.10999999731779, "location": {"x": -542.4058555757335, "y": -5.288905886437159}, "speed": {"x": -16.625976934119542, "y": 0.0, "z": 0}, "pseudonym": 2}, {"time": 120.10999999731779, "location": {"x": -548.3215079903066, "y": -8.487963077638922}, "speed": {"x": -8.728027538836617, "y": 0.0, "z": 0}, "pseudonym": 3}], "option": {"size": 366, "type": "CPM"}}
{"timestamp": 120.11999999709427, "ITS_PDU_Header": {"tmp": "tmp"}, "Management_Container": {"tmp": "tmp"}, "Station_Data_Container": {"sumo_id": "398", "location": [-539.76904296875, 2.0], "speed": [5.114746208073487, 0.0, 0], "yaw": 0.0}, "Sensor_Information_Container": [0, 1, 2, 3], "Perceived_Object_Container": [{"time": 120.10999999731779, "location": {"x": -542.8635752086158, "y": 6.202312304657508}, "speed": {"x": 16.662598028688087, "y": 0.0, "z": 0}, "pseudonym": 4}, {"time": 120.10999999731779, "location": {"x": -543.9084425682191, "y": 9.00574581257091}, "speed": {"x": 16.644287481403815, "y": 0.0, "z": 0}, "pseudonym": 5}, {"time": 120.10999999731779, "location": {"x": -503.1958063717914, "y": 5.5493089323713285}, "speed": {"x": 13.842773746910105, "y": 0.0, "z": 0}, "pseudonym": 6}, {"time": 120.10999999731779, "location": {"x": -511.94637198643653, "y": -5.469289461666992}, "speed": {"x": -16.65344275504595, "y": 0.0, "z": 0}, "pseudonym": 7}, {"time": 120.10999999731779, "location": {"x": -528.8678249872771, "y": 2.072235077605982}, "speed": {"x": 5.334472775484758, "y": 0.0, "z": 0}, "pseudonym": 8}, {"time": 120.10999999731779, "location": {"x": -481.1733894845644, "y": 5.984105059016835}, "speed": {"x": 13.616943663737409, "y": 0.0, "z": 0}, "pseudonym": 9}, {"time": 120.10999999731779, "location": {"x": -528.1951925101909, "y": -1.7648136772297252}, "speed": {"x": -10.003662332974278, "y": 0.0, "z": 0}, "pseudonym": 10}, {"time": 120.10999999731779, "location": {"x": -519.8125966308953, "y": 9.490865613315414}, "speed": {"x": 16.11328161015991, "y": 0.0, "z": 0}, "pseudonym": 11}, {"time": 120.10999999731779, "location": {"x": -510.0230895818983, "y": -1.8744101574697993}, "speed": {"x": -10.302734605284064, "y": 0.0, "z": 0}, "pseudonym": 12}, {"time": 120.10999999731779, "location": {"x": -491.56060379773993, "y": -2.0859324855842942}, "speed": {"x": -10.571289298786729, "y": 0.0, "z": 0}, "pseudonym": 13}, {"time": 120.10999999731779, "location": {"x": -484.5493757729339, "y": -9.274997734197523}, "speed": {"x": -15.646362654410957, "y": 0.0, "z": 0}, "pseudonym": 14}, {"time": 120.10999999731779, "location": {"x": -438.80387535517434, "y": -9.746041683093651}, "speed": {"x": -15.542602886466746, "y": 0.0, "z": 0}, "pseudonym": 15}, {"time": 120.10999999731779, "location": {"x": -581.0573480602252, "y": -1.8815120292101688}, "speed": {"x": -9.069824421476374, "y": 0.0, "z": 0}, "pseudonym": 16}, {"time": 120.10999999731779, "location": {"x": -565.0064390904411, "y": -9.002959148382738}, "speed": {"x": -8.428955266526831, "y": 0.0, "z": 0}, "pseudonym": 17}, {"time": 120.10999999731779, "location": {"x": -565.9408716803683, "y": -5.59251979592035}, "speed": {"x": -16.63818396564239, "y": 0.0, "z": 0}, "pseudonym": 18}, {"time": 120.10999999731779, "location": {"x": -551.3666034334009, "y": 1.8174176495354113}, "speed": {"x": 4.925537219469336, "y": 0.0, "z": 0}, "pseudonym": 19}, {"time": 120.10999999731779, "location": {"x": -603.3616205684392, "y": 9.439694379558658}, "speed": {"x": 14.788818689930856, "y": 0.0, "z": 0}, "pseudonym": 20}, {"time": 120.10999999731779, "location": {"x": -563.2741554256861, "y": -1.6172831079340737}, "speed": {"x": -9.387207241070433, "y": 0.0, "z": 0}, "pseudonym": 21}, {"time": 120.10999999731779, "location": {"x": -566.6779955667471, "y": 5.993574529001831}, "speed": {"x": 16.455078492799665, "y": 0.0, "z": 0}, "pseudonym": 22}, {"time": 120.10999999731779, "location": {"x": -583.3542936622199, "y": -8.411532329171633}, "speed": {"x": -8.306884951298347, "y": 0.0, "z": 0}, "pseudonym": 23}, {"time": 120.10999999731779, "location": {"x": -580.921531538624, "y": -8.428173638829453}, "speed": {"x": -8.306884951298347, "y": 0.0, "z": 0}, "pseudonym": 24}], "option": {"size": 996, "type": "CPM"}}
{"timestamp": 120.2199999948591, "ITS_PDU_Header": {"tmp": "tmp"}, "Management_Container": {"tmp": "tmp"}, "Station_Data_Container": {"sumo_id": "398", "location": [-539.2557983398438, 2.0], "speed": [5.151367302642032, 0.0, 0], "yaw": 0.0}, "Sensor_Information_Container": [0, 1, 2, 3], "Perceived_Object_Container": [{"time": 120.20999999508261, "location": {"x": -606.8102047723708, "y": -5.913145728921932}, "speed": {"x": -16.687012091733784, "y": 0.0, "z": 0}, "pseudonym": 25}, {"time": 120.20999999508261, "location": {"x": -483.0463677371536, "y": 8.729645233399948}, "speed": {"x": 16.625976934119542, "y": 0.0, "z": 0}, "pseudonym": 26}], "option": {"size": 331, "type": "CPM"}}
{"timestamp": 120.31999999262392, "ITS_PDU_Header": {"tmp": "tmp"}, "Management_Container": {"tmp": "tmp"}, "Station_Data_Container": {"sumo_id": "398", "location": [-538.7403564453125, 2.0], "speed": [5.16357433416488, 0.0, 0], "yaw": 0.0}, "Sensor_Information_Container": [0, 1, 2, 3], "Perceived_Object_Container": [{"time": 120.30999999284744, "location": {"x": -548.0560810195511, "y": -1.9866267068935537}, "speed": {"x": -9.631347871527401, "y": 0.0, "z": 0}, "pseudonym": 27}], "option": {"size": 296, "type": "CPM"}}
{"timestamp": 120.41999999038875, "ITS_PDU_Header": {"tmp": "tmp"}, "Management_Container": {"tmp": "tmp"}, "Station_Data_Container": {"sumo_id": "398", "location": [-538.2227783203125, 2.0], "speed": [5.181884881449153, 0.0, 0], "yaw": 0.0}, "Sensor_Information_Container": [0, 1, 2, 3], "Perceived_Object_Container": [{"time": 120.40999999061226, "location": {"x": -599.1977269917923, "y": -9.168049407510985}, "speed": {"x": -8.337402530105468, "y": 0.0, "z": 0}, "pseudonym": 28}, {"time": 120.40999999061226, "location": {"x": -428.6093246915254, "y": 9.829411711252224}, "speed": {"x": 15.444946634283959, "y": 0.0, "z": 0}, "pseudonym": 29}], "option": {"size": 331, "type": "CPM"}}
{"timestamp": 120.6199999859184, "ITS_PDU_Header": {"tmp": "tmp"}, "Management_Container": {"tmp": "tmp"}, "Station_Data_Container": {"sumo_id": "398",