{"timestamp": 119.99999999977648, "ITS_PDU_Header": {"tmp": "tmp"}, "Basic_Container": {"tmp": "tmp"}, "HF_Container": {"sumo_id": "61", "location": [996.2130737304688, 2.0], "speed": [99621.30959975667, 200.00000447034847, 0], "yaw": 0.0}, "LF_Container": {"tmp": "tmp"}, "Special_Vehicle_Container": {"tmp": "tmp"}, "option": {"size": 190, "type": "CAM"}}
{"timestamp": 119.99999999977648, "ITS_PDU_Header": {"tmp": "tmp"}, "Management_Container": {"tmp": "tmp"}, "Station_Data_Container": {"sumo_id": "61", "location": [996.2130737304688, 2.0], "speed": [99621.30959975667, 200.00000447034847, 0], "yaw": 0.0}, "Sensor_Information_Container": [0, 1, 2, 3], "Perceived_Object_Container": [{"time": 119.99999999977648, "location": {"x": 977.6536279103542, "y": -1.4184222590314923}, "speed": {"x": 97648.31150878171, "y": -200.00000447034847, "z": 0}, "pseudonym": 0}], "option": {"size": 296, "type": "CPM"}}
{"timestamp": 120.10999999731779, "ITS_PDU_Header": {"tmp": "tmp"}, "Basic_Container": {"tmp": "tmp"}, "HF_Container": {"sumo_id": "61", "location": [996.5633544921875, 2.0], "speed": [3.50952156281892, 0.0, 0], "yaw": 0.0}, "LF_Container": {"tmp": "tmp"}, "Special_Vehicle_Container": {"tmp": "tmp"}, "option": {"size": 190, "type": "CAM"}}
{"timestamp": 120.10999999731779, "ITS_PDU_Header": {"tmp": "tmp"}, "Management_Container": {"tmp": "tmp"}, "Station_Data_Container": {"sumo_id": "61", "location": [996.5633544921875, 2.0], "speed": [3.50952156281892, 0.0, 0], "yaw": 0.0}, "Sensor_Information_Container": [0, 1, 2, 3], "Perceived_Object_Container": [{"time": 120.10999999731779, "location": {"x": 992.0840160426326, "y": -5.307219911198417}, "speed": {"x": -6.665039211475236, "y": 0.0, "z": 0}, "pseudonym": 1}, {"time": 120.10999999731779, "location": {"x": 998.0647172038789, "y": -1.3004219376507398}, "speed": {"x": -3.3752442160675873, "y": -1.0025263056723692, "z": 0}, "pseudonym": 2}], "option": {"size": 331, "type": "CPM"}}
{"timestamp": 120.11999999709427, "ITS_PDU_Header": {"tmp": "tmp"}, "Management_Container": {"tmp": "tmp"}, "Station_Data_Container": {"sumo_id": "61", "location": [996.5982666015625, 2.0], "speed": [3.491211015534647, 0.0, 0], "yaw": 0.0}, "Sensor_Information_Container": [0, 1, 2, 3], "Perceived_Object_Container": [{"time": 120.10999999731779, "location": {"x": 956.2548379768797, "y": -1.932952706712574}, "speed": {"x": -2.3254395051026235, "y": 0.0, "z": 0}, "pseudonym": 3}, {"time": 120.10999999731779, "location": {"x": 988.2521391117826, "y": 5.388775683983375}, "speed": {"x": 16.619873418358118, "y": 0.0, "z": 0}, "pseudonym": 4}, {"time": 120.10999999731779, "location": {"x": 988.2131289757449, "y": -1.6342299546751358}, "speed": {"x": -3.4118653106361325, "y": 0.0, "z": 0}, "pseudonym": 5}, {"time": 120.10999999731779, "location": {"x": 986.1319330673618, "y": 1.854539883855831}, "speed": {"x": 3.5583496889103134, "y": 0.0, "z": 0}, "pseudonym": 6}, {"time": 120.10999999731779, "location": {"x": 982.6446601408948, "y": -8.526775585273645}, "speed": {"x": -5.334472775484758, "y": 0.0, "z": 0}, "pseudonym": 7}, {"time": 120.10999999731779, "location": {"x": 957.3665628189352, "y": -8.784805573933475}, "speed": {"x": -4.638671978682399, "y": 0.0, "z": 0}, "pseudonym": 8}, {"time": 120.10999999731779, "location": {"x": 976.0936264257219, "y": -5.780589762195256}, "speed": {"x": -7.952881037135743, "y": 0.0, "z": 0}, "pseudonym": 9}, {"time": 120.10999999731779, "location": {"x": 946.3465430154203, "y": -1.9400593211821473}, "speed": {"x": -2.172851611067018, "y": 0.0, "z": 0}, "pseudonym": 10}, {"time": 120.10999999731779, "location": {"x": 964.8988623774814, "y": 5.554514894186065}, "speed": {"x": 16.455078492799665, "y": 0.0, "z": 0}, "pseudonym": 11}, {"time": 120.10999999731779, "location": {"x": 911.3598188869837, "y": 9.38481575437497}, "speed": {"x": 16.68090857597236, "y": 0.0, "z": 0}, "pseudonym": 12}, {"time": 120.10999999731779, "location": {"x": 977.5504633191855, "y": -2.1874599227999627}, "speed": {"x": -3.216552806270558, "y": 0.0, "z": 0}, "pseudonym": 13}, {"time": 120.10999999731779, "location": {"x": 965.8046346071226, "y": -2.427379958680055}, "speed": {"x": -2.58178716708244, "y": 0.0, "z": 0}, "pseudonym": 14}, {"time": 120.10999999731779, "location": {"x": 946.3910908624457, "y": 9.81588978656272}, "speed": {"x": 16.66870154444951, "y": 0.0, "z": 0}, "pseudonym": 15}, {"time": 120.10999999731779, "location": {"x": 952.3544085180542, "y": -5.028291584000678}, "speed": {"x": -5.926513804342906, "y": 0.0, "z": 0}, "pseudonym": 16}], "option": {"size": 751, "type": "CPM"}}
{"timestamp": 120.2199999948591, "ITS_PDU_Header": {"tmp": "tmp"}, "Management_Container": {"tmp": "tmp"}, "Station_Data_Container": {"sumo_id": "61", "location": [996.9474487304688, 2.0], "speed": [3.491211015534647, 0.0, 0], "yaw": 0.0}, "Sensor_Information_Container": [0, 1, 2, 3], "Perceived_Object_Container": [{"time": 120.20999999508261, "location": {"x": 920.6597045954246, "y": -9.683314460064405}, "speed": {"x": -5.364990354291879, "y": 0.0, "z": 0}, "pseudonym": 17}, {"time": 120.20999999508261, "location": {"x": 953.8824484498125, "y": -5.025010176775334}, "speed": {"x": -5.920410288581482, "y": 0.0, "z": 0}, "pseudonym": 18}], "option": {"size": 331, "type": "CPM"}}
{"timestamp": 120.31999999262392, "ITS_PDU_Header": {"tmp": "tmp"}, "Management_Container": {"tmp": "tmp"}, "Station_Data_Container": {"sumo_id": "61", "location": [997.2957763671875, 2.0], "speed": [3.4790039840117988, 0.0, 0], "yaw": 0.0}, "Sensor_Information_Container": [0, 1, 2, 3], "Perceived_Object_Container": [{"time": 120.30999999284744, "location": {"x": 912.742450750178, "y": 8.541006331183649}, "speed": {"x": 16.674805060210936, "y": 0.0, "z": 0}, "pseudonym": 19}], "option": {"size": 296, "type": "CPM"}}
{"timestamp": 120.3899999910593, "ITS_PDU_Header": {"tmp": "tmp"}, "Basic_Container": {"tmp": "tmp"}, "HF_Container": {"sumo_id": "61", "location": [997.532470703125, 1.9892061948776245], "speed": [2.899169986676499, -0.9611249184859898, 0], "yaw": -0.2480163425207138}, "LF_Container": {"tmp": "tmp"}, "Special_Vehicle_Container": {"tmp": "tmp"}, "option": {"size": 190, "type": "CAM"}}
{"timestamp": 120.41999999038875, "ITS_PDU_Header": {"tmp": "tmp"}, "Management_Container": {"tmp": "tmp"}, "Station_Data_Container": {"sumo_id": "61", "location": [997.6192626953125, 1.9605153799057007], "speed": [2.905273502437923, -0.9555101608226484, 0], "yaw": -0.9134825468063354}, "Sensor_Information_Container": [0, 1, 2, 3], "Perceived_Object_Container": [{"time": 120.40999999061226, "location": {"x": 997.648664038296, "y": -1.3588536751212985}, "speed": {"x": -3.430175857920405, "y": 0.0, "z": 0}, "pseudonym": 2}, {"time": 120.40999999061226, "location": {"x": 973.4019056557512, "y": -5.266411879871796}, "speed": {"x": -8.563232613278164, "y": 0.0, "z": 0}, "pseudonym": 9}], "option": {"size": 331, "type": "CPM"}}
{"timestamp": 120.51999998815357, "ITS_PDU_Header": {"tmp": "tmp"}, "Management_Container": {"tmp": "tmp"}, "Station_Data_Container": {"sumo_id": "61", "location": [997.9110107421875, 1.8663080930709839], "speed": [2.9174805339607714, -0.9309888094139578, 0], "yaw": -3.1598212718963623}, "Sensor_Information_Container": [0, 1, 2, 3], "Perceived_Object_Container": [{"time": 120.50999998837709, "location": {"x": 988.8671592547462, "y": 8.484942762792619}, "speed": {"x": 16.320801146048332, "y": 0.0, "z": 0}, "pseudonym": 20}, {"time": 120.50999998837709, "location": {"x": 918.8535579270344, "y": -9.793121988790817}, "speed": {"x": -5.926513804342906, "y": 0.0, "z": 0}, "pseudonym": 17}], "option": {"size": 331, "type": "CPM"}}
{"timestamp": 120.6199999859184, "ITS_PDU_Header": {"tmp": "tmp"}, "Management_Container": {"tmp": "tmp"}, "Station_Data_Container": {"sumo_id": "61", "location": [998.205810546875, 1.774048924446106], "speed": [2.9479981127678925, -0.9138584341226168, 0], "yaw": -5.443057060241699}, "Sensor_Information_Container": [0, 1, 2, 3],