{"timestamp": 119.99999999977648, "ITS_PDU_Header": {"tmp": "tmp"}, "Basic_Container": {"tmp": "tmp"}, "HF_Container": {"sumo_id": "702", "location": [909.68310546875, -9.25], "speed": [90968.31258017523, -925.0000206753616, 0], "yaw": -179.99996948242188}, "LF_Container": {"tmp": "tmp"}, "Special_Vehicle_Container": {"tmp": "tmp"}, "option": {"size": 190, "type": "CAM"}}
{"timestamp": 119.99999999977648, "ITS_PDU_Header": {"tmp": "tmp"}, "Management_Container": {"tmp": "tmp"}, "Station_Data_Container": {"sumo_id": "702", "location": [909.68310546875, -9.25], "speed": [90968.31258017523, -925.0000206753616, 0], "yaw": -179.99996948242188}, "Sensor_Information_Container": [0, 1, 2, 3], "Perceived_Object_Container": [{"time": 119.99999999977648, "location": {"x": 889.1049057072072, "y": -1.7872583655600325}, "speed": {"x": 88765.84671063379, "y": -200.00000447034847, "z": 0}, "pseudonym": 0}], "option": {"size": 296, "type": "CPM"}}
{"timestamp": 120.10999999731779, "ITS_PDU_Header": {"tmp": "tmp"}, "Basic_Container": {"tmp": "tmp"}, "HF_Container": {"sumo_id": "702", "location": [909.040771484375, -9.25], "speed": [-6.512451317439631, 0.0, 0], "yaw": -179.99996948242188}, "LF_Container": {"tmp": "tmp"}, "Special_Vehicle_Container": {"tmp": "tmp"}, "option": {"size": 190, "type": "CAM"}}
{"timestamp": 120.10999999731779, "ITS_PDU_Header": {"tmp": "tmp"}, "Management_Container": {"tmp": "tmp"}, "Station_Data_Container": {"sumo_id": "702", "location": [909.040771484375, -9.25], "speed": [-6.512451317439631, 0.0, 0], "yaw": -179.99996948242188}, "Sensor_Information_Container": [0, 1, 2, 3], "Perceived_Object_Container": [{"time": 120.10999999731779, "location": {"x": 907.1442940075193, "y": -2.568604586270261}, "speed": {"x": -2.0141602012699886, "y": 0.0, "z": 0}, "pseudonym": 1}, {"time": 120.10999999731779, "location": {"x": 914.0714255270636, "y": 1.570992591046718}, "speed": {"x": 4.6325684629209745, "y": 0.0, "z": 0}, "pseudonym": 2}, {"time": 120.10999999731779, "location": {"x": 910.3278200877938, "y": 8.561100152363702}, "speed": {"x": 16.68090857597236, "y": 0.0, "z": 0}, "pseudonym": 3}, {"time": 120.10999999731779, "location": {"x": 901.7039820703267, "y": 1.5053333067163441}, "speed": {"x": 4.772949325433731, "y": 0.0, "z": 0}, "pseudonym": 4}], "option": {"size": 401, "type": "CPM"}}
{"timestamp": 120.11999999709427, "ITS_PDU_Header": {"tmp": "tmp"}, "Management_Container": {"tmp": "tmp"}, "Station_Data_Container": {"sumo_id": "702", "location": [908.9754638671875, -9.25], "speed": [-6.530761864723903, 0.0, 0], "yaw": -179.99996948242188}, "Sensor_Information_Container": [0, 1, 2, 3], "Perceived_Object_Container": [{"time": 120.10999999731779, "location": {"x": 895.2213087250246, "y": -6.063245536911735}, "speed": {"x": -11.822510029878691, "y": 0.0, "z": 0}, "pseudonym": 5}, {"time": 120.10999999731779, "location": {"x": 897.2557772071428, "y": -2.756092287788359}, "speed": {"x": -2.0629883273613823, "y": 0.0, "z": 0}, "pseudonym": 6}, {"time": 120.10999999731779, "location": {"x": 888.7459377417669, "y": -2.1800832757303112}, "speed": {"x": -2.1240234849756243, "y": 0.0, "z": 0}, "pseudonym": 7}, {"time": 120.10999999731779, "location": {"x": 870.1469384176825, "y": -9.276813645991055}, "speed": {"x": -15.100097993763491, "y": 0.0, "z": 0}, "pseudonym": 8}, {"time": 120.10999999731779, "location": {"x": 876.0630974694632, "y": -5.708398752430594}, "speed": {"x": -11.914062766300054, "y": 0.0, "z": 0}, "pseudonym": 9}, {"time": 120.10999999731779, "location": {"x": 773.7316711676448, "y": -2.4165204237152373}, "speed": {"x": -4.516601663453915, "y": 0.0, "z": 0}, "pseudonym": 10}, {"time": 120.10999999731779, "location": {"x": 785.0903510216615, "y": -2.4678032349180303}, "speed": {"x": -4.296875096042642, "y": 0.0, "z": 0}, "pseudonym": 11}, {"time": 120.10999999731779, "location": {"x": 859.8544983634363, "y": -2.125020742468215}, "speed": {"x": -2.4963379464225013, "y": 0.0, "z": 0}, "pseudonym": 12}, {"time": 120.10999999731779, "location": {"x": 888.8115518057019, "y": 1.170344480347192}, "speed": {"x": 4.888916124900791, "y": 0.0, "z": 0}, "pseudonym": 13}, {"time": 120.10999999731779, "location": {"x": 868.6999239887781, "y": -2.722972948790415}, "speed": {"x": -2.3620605996711688, "y": 0.0, "z": 0}, "pseudonym": 14}, {"time": 120.10999999731779, "location": {"x": 858.830741576375, "y": -5.324581946832275}, "speed": {"x": -12.664795204955233, "y": 0.0, "z": 0}, "pseudonym": 15}, {"time": 120.10999999731779, "location": {"x": 867.5901732425273, "y": -2.9136796525850928}, "speed": {"x": -2.3620605996711688, "y": 0.0, "z": 0}, "pseudonym": 14}, {"time": 120.10999999731779, "location": {"x": 952.0836560411783, "y": -5.65143781681015}, "speed": {"x": -5.926513804342906, "y": 0.0, "z": 0}, "pseudonym": 16}, {"time": 120.10999999731779, "location": {"x": 925.693868549795, "y": -2.253580685785484}, "speed": {"x": -2.0080566855085644, "y": 0.0, "z": 0}, "pseudonym": 17}, {"time": 120.10999999731779, "location": {"x": 919.5984306289531, "y": -9.127260653763624}, "speed": {"x": -5.1696778499263045, "y": 0.0, "z": 0}, "pseudonym": 18}, {"time": 120.10999999731779, "location": {"x": 914.6524538507826, "y": -6.513359477884961}, "speed": {"x": -5.120849723834911, "y": 0.0, "z": 0}, "pseudonym": 19}, {"time": 120.10999999731779, "location": {"x": 937.4699730052519, "y": 1.2386303902931335}, "speed": {"x": 4.2724610329969455, "y": 0.0, "z": 0}, "pseudonym": 20}, {"time": 120.10999999731779, "location": {"x": 954.264717884496, "y": -1.9982328457996745}, "speed": {"x": -2.3254395051026235, "y": 0.0, "z": 0}, "pseudonym": 21}, {"time": 120.10999999731779, "location": {"x": 937.3250965257425, "y": -5.541430502633603}, "speed": {"x": -4.791259872718004, "y": 0.0, "z": 0}, "pseudonym": 22}, {"time": 120.10999999731779, "location": {"x": 925.4192206442665, "y": -5.6571823808548505}, "speed": {"x": -5.053711050459245, "y": 0.0, "z": 0}, "pseudonym": 23}, {"time": 120.10999999731779, "location": {"x": 926.7747008711785, "y": 1.3631156504797157}, "speed": {"x": 4.467773537362521, "y": 0.0, "z": 0}, "pseudonym": 24}, {"time": 120.10999999731779, "location": {"x": 933.7647140543359, "y": 5.175257128519281}, "speed": {"x": 16.619873418358118, "y": 0.0, "z": 0}, "pseudonym": 25}], "option": {"size": 1031, "type": "CPM"}}
{"timestamp": 120.31999999262392, "ITS_PDU_Header": {"tmp": "tmp"}, "Management_Container": {"tmp": "tmp"}, "Station_Data_Container": {"sumo_id": "702", "location": [907.6282348632812, -9.25], "speed": [-6.9274903892164765, 0.0, 0], "yaw": -179.99996948242188}, "Sensor_Information_Container": [0, 1, 2, 3], "Perceived_Object_Container": [{"time": 120.30999999284744, "location": {"x": 786.5542849307897, "y": -6.5239975614710595}, "speed": {"x": -9.014892779623557, "y": 0.0, "z": 0}, "pseudonym": 26}, {"time": 120.30999999284744, "location": {"x": 867.2934039516397, "y": 9.04002734582283}, "speed": {"x": 16.662598028688087, "y": 0.0, "z": 0}, "pseudonym": 27}], "option": {"size": 331, "type": "CPM"}}
{"timestamp": 120.37999999128282, "ITS_PDU_Header": {"tmp": "tmp"}, "Basic_Container": {"tmp": "tmp"}, "HF_Container": {"sumo_id": "702", "location": [907.2093505859375, -9.25], "speed": [-7.031250157160688, 0.0, 0], "yaw": -179.99996948242188}, "LF_Container": {"tmp": "tmp"}, "Special_Vehicle_Container": {"tmp": "tmp"}, "option": {"size": 190, "type": "CAM"}}
{"timestamp": 120.41999999038875, "ITS_PDU_Header": {"tmp": "tmp"}, "Management_Container": {"tmp": "tmp"}, "Station_Data_Container": {"sumo_id": "702", "location": [906.9259033203125, -9.25], "speed": [-7.110595862059203, 0.0, 0], "yaw": -179.99996948242188}, "Sensor_Information_Container": [0, 1, 2, 3], "Perceived_Object_Container": [{"time": 120.40999999061226, "location": {"x": 865.521842411455, "y": -9.34568252296644}, "speed": {"x": -15.686035506860215, "y": 0.0, "z": 0}, "pseudonym": 8}, {"time": 120.40999999061226, "location": {"x": 872.6766906711543, "y": -5.921170347017205},