{"timestamp": 120.00000000149012, "ITS_PDU_Header": {"tmp": "tmp"}, "Management_Container": {"tmp": "tmp"}, "Station_Data_Container": {"sumo_id": "380", "location": [602.1104736328125, -2.0], "speed": [6021.104646606674, -19.99999970197678, 0], "yaw": -179.99996948242188}, "Sensor_Information_Container": [0, 1, 2, 3], "Perceived_Object_Container": [{"time": 120.00000000149012, "location": {"x": 576.0985422283196, "y": -9.13719941120399}, "speed": {"x": 5751.052160396394, "y": -92.4999986216426, "z": 0}, "pseudonym": 0}, {"time": 120.00000000149012, "location": {"x": 530.7423293034602, "y": 9.20318061219838}, "speed": {"x": 5302.564618251255, "y": 92.4999986216426, "z": 0}, "pseudonym": 1}, {"time": 120.00000000149012, "location": {"x": 611.9559762617457, "y": -1.8798590202439915}, "speed": {"x": 6126.500152848658, "y": -19.99999970197678, "z": 0}, "pseudonym": 2}, {"time": 120.00000000149012, "location": {"x": 639.5401271093693, "y": -9.104529098720187}, "speed": {"x": 6398.8988304302275, "y": -92.4999986216426, "z": 0}, "pseudonym": 3}], "option": {"size": 401, "type": "CPM"}}
{"timestamp": 120.00000000149012, "ITS_PDU_Header": {"tmp": "tmp"}, "Basic_Container": {"tmp": "tmp"}, "HF_Container": {"sumo_id": "380", "location": [602.1104736328125, -2.0], "speed": [6021.104646606674, -19.99999970197678, 0], "yaw": -179.99996948242188}, "LF_Container": {"tmp": "tmp"}, "Special_Vehicle_Container": {"tmp": "tmp"}, "option": {"size": 190, "type": "CAM"}}
{"timestamp": 120.10000000298024, "ITS_PDU_Header": {"tmp": "tmp"}, "Basic_Container": {"tmp": "tmp"}, "HF_Container": {"sumo_id": "380", "location": [601.825439453125, -2.0], "speed": [-2.850341754401598, 0.0, 0], "yaw": -179.99996948242188}, "LF_Container": {"tmp": "tmp"}, "Special_Vehicle_Container": {"tmp": "tmp"}, "option": {"size": 190, "type": "CAM"}}
