{"timestamp": 120.00000000149012, "ITS_PDU_Header": {"tmp": "tmp"}, "Management_Container": {"tmp": "tmp"}, "Station_Data_Container": {"sumo_id": "549", "location": [-240.58575439453125, 2.0], "speed": [-2405.857508095242, 19.99999970197678, 0], "yaw": 0.0}, "Sensor_Information_Container": [0, 1, 2, 3], "Perceived_Object_Container": [{"time": 120.00000000149012, "location": {"x": -244.33737261418293, "y": -5.2294123658903775}, "speed": {"x": -2451.5446106859354, "y": -57.499999143183246, "z": 0}, "pseudonym": 0}, {"time": 120.00000000149012, "location": {"x": -196.6528301297601, "y": 8.490452184794403}, "speed": {"x": -1957.283906381072, "y": 92.4999986216426, "z": 0}, "pseudonym": 1}, {"time": 120.00000000149012, "location": {"x": -163.77925333178396, "y": -9.340142069672158}, "speed": {"x": -1630.9429688611185, "y": -92.4999986216426, "z": 0}, "pseudonym": 2}], "option": {"size": 366, "type": "CPM"}}
{"timestamp": 120.00000000149012, "ITS_PDU_Header": {"tmp": "tmp"}, "Basic_Container": {"tmp": "tmp"}, "HF_Container": {"sumo_id": "549", "location": [-240.58575439453125, 2.0], "speed": [-2405.857508095242, 19.99999970197678, 0], "yaw": 0.0}, "LF_Container": {"tmp": "tmp"}, "Special_Vehicle_Container": {"tmp": "tmp"}, "option": {"size": 190, "type": "CAM"}}
{"timestamp": 120.10000000298024, "ITS_PDU_Header": {"tmp": "tmp"}, "Basic_Container": {"tmp": "tmp"}, "HF_Container": {"sumo_id": "549", "location": [-240.16429138183594, 2.0], "speed": [4.214630064150243, 0.0, 0], "yaw": 0.0}, "LF_Container": {"tmp": "tmp"}, "Special_Vehicle_Container": {"tmp": "tmp"}, "option": {"size": 190, "type": "CAM"}}
