{"timestamp": 120.00000000149012, "ITS_PDU_Header": {"tmp": "tmp"}, "Management_Container": {"tmp": "tmp"}, "Station_Data_Container": {"sumo_id": "580", "location": [-0.85272216796875, 9.25], "speed": [-8.527221552621997, 92.4999986216426, 0], "yaw": 0.0}, "Sensor_Information_Container": [0, 1, 2, 3], "Perceived_Object_Container": [{"time": 120.00000000149012, "location": {"x": 89.25080089733763, "y": -1.5525627543971163}, "speed": {"x": 899.903474749573, "y": -19.99999970197678, "z": 0}, "pseudonym": 0}, {"time": 120.00000000149012, "location": {"x": -9.644765413323857, "y": -2.0483863658694093}, "speed": {"x": -103.13110197885183, "y": -19.99999970197678, "z": 0}, "pseudonym": 1}, {"time": 120.00000000149012, "location": {"x": 9.898283032647104, "y": -8.973374703491563}, "speed": {"x": 98.48388525122576, "y": -92.4999986216426, "z": 0}, "pseudonym": 2}, {"time": 120.00000000149012, "location": {"x": -89.5012118842308, "y": 5.419914306627097}, "speed": {"x": -900.2532824836182, "y": 57.499999143183246, "z": 0}, "pseudonym": 3}], "option": {"size": 401, "type": "CPM"}}
{"timestamp": 120.00000000149012, "ITS_PDU_Header": {"tmp": "tmp"}, "Basic_Container": {"tmp": "tmp"}, "HF_Container": {"sumo_id": "580", "location": [-0.85272216796875, 9.25], "speed": [-8.527221552621997, 92.4999986216426, 0], "yaw": 0.0}, "LF_Container": {"tmp": "tmp"}, "Special_Vehicle_Container": {"tmp": "tmp"}, "option": {"size": 190, "type": "CAM"}}
{"timestamp": 120.10000000298024, "ITS_PDU_Header": {"tmp": "tmp"}, "Basic_Container": {"tmp": "tmp"}, "HF_Container": {"sumo_id": "580", "location": [0.5162353515625, 9.25], "speed": [13.689574991321937, 0.0, 0], "yaw": 0.0}, "LF_Container": {"tmp": "tmp"}, "Special_Vehicle_Container": {"tmp": "tmp"}, "option": {"size": 190, "type": "CAM"}}
