{"timestamp": 120.00000000149012, "ITS_PDU_Header": {"tmp": "tmp"}, "Management_Container": {"tmp": "tmp"}, "Station_Data_Container": {"sumo_id": "585", "location": [240.46409606933594, -2.0], "speed": [2404.6409248614173, -19.99999970197678, 0], "yaw": -179.99996948242188}, "Sensor_Information_Container": [0, 1, 2, 3], "Perceived_Object_Container": [{"time": 120.00000000149012, "location": {"x": 232.98511465424622, "y": -2.0884296683470205}, "speed": {"x": 2315.6786764311987, "y": -19.99999970197678, "z": 0}, "pseudonym": 0}, {"time": 120.00000000149012, "location": {"x": 226.32521986724726, "y": 1.6310059074854755}, "speed": {"x": 2261.8967863634707, "y": 19.99999970197678, "z": 0}, "pseudonym": 1}, {"time": 120.00000000149012, "location": {"x": 188.68669067083871, "y": 8.490784039168545}, "speed": {"x": 1894.8315147335602, "y": 92.4999986216426, "z": 0}, "pseudonym": 2}], "option": {"size": 366, "type": "CPM"}}
{"timestamp": 120.00000000149012, "ITS_PDU_Header": {"tmp": "tmp"}, "Basic_Container": {"tmp": "tmp"}, "HF_Container": {"sumo_id": "585", "location": [240.46409606933594, -2.0], "speed": [2404.6409248614173, -19.99999970197678, 0], "yaw": -179.99996948242188}, "LF_Container": {"tmp": "tmp"}, "Special_Vehicle_Container": {"tmp": "tmp"}, "option": {"size": 190, "type": "CAM"}}
{"timestamp": 120.10000000298024, "ITS_PDU_Header": {"tmp": "tmp"}, "Basic_Container": {"tmp": "tmp"}, "HF_Container": {"sumo_id": "585", "location": [240.3323974609375, -2.0], "speed": [-1.3169860643597533, 0.0, 0], "yaw": -179.99996948242188}, "LF_Container": {"tmp": "tmp"}, "Special_Vehicle_Container": {"tmp": "tmp"}, "option": {"size": 190, "type": "CAM"}}
