{"timestamp": 120.00000000149012, "ITS_PDU_Header": {"tmp": "tmp"}, "Management_Container": {"tmp": "tmp"}, "Station_Data_Container": {"sumo_id": "5", "location": [-769.5672607421875, -5.75], "speed": [-7695.672492747419, -57.499999143183246, 0], "yaw": -179.99996948242188}, "Sensor_Information_Container": [0, 1, 2, 3], "Perceived_Object_Container": [{"time": 120.00000000149012, "location": {"x": -821.9257186278105, "y": 2.1099614819765447}, "speed": {"x": -8223.444091328322, "y": 19.99999970197678, "z": 0}, "pseudonym": 0}, {"time": 120.00000000149012, "location": {"x": -747.6673551771919, "y": -5.52378502804351}, "speed": {"x": -7469.3199570578345, "y": -57.499999143183246, "z": 0}, "pseudonym": 1}, {"time": 120.00000000149012, "location": {"x": -752.0015087285951, "y": -9.359617275101023}, "speed": {"x": -7512.791025746003, "y": -92.4999986216426, "z": 0}, "pseudonym": 2}, {"time": 120.00000000149012, "location": {"x": -749.9684845471502, "y": -8.531535964585503}, "speed": {"x": -7512.791025746003, "y": -92.4999986216426, "z": 0}, "pseudonym": 3}], "option": {"size": 401, "type": "CPM"}}
{"timestamp": 120.00000000149012, "ITS_PDU_Header": {"tmp": "tmp"}, "Basic_Container": {"tmp": "tmp"}, "HF_Container": {"sumo_id": "5", "location": [-769.5672607421875, -5.75], "speed": [-7695.672492747419, -57.499999143183246, 0], "yaw": -179.99996948242188}, "LF_Container": {"tmp": "tmp"}, "Special_Vehicle_Container": {"tmp": "tmp"}, "option": {"size": 190, "type": "CAM"}}
{"timestamp": 120.10000000298024, "ITS_PDU_Header": {"tmp": "tmp"}, "Basic_Container": {"tmp": "tmp"}, "HF_Container": {"sumo_id": "5", "location": [-771.0419921875, -5.75], "speed": [-14.747314233372894, 0.0, 0], "yaw": -179.99996948242188}, "LF_Container": {"tmp": "tmp"}, "Special_Vehicle_Container": {"tmp": "tmp"}, "option": {"size": 190, "type": "CAM"}}
