{"timestamp": 120.00000000149012, "ITS_PDU_Header": {"tmp": "tmp"}, "Management_Container": {"tmp": "tmp"}, "Station_Data_Container": {"sumo_id": "344", "location": [962.3233642578125, -2.0], "speed": [9623.233499180771, -19.99999970197678, 0], "yaw": -179.99996948242188}, "Sensor_Information_Container": [0, 1, 2, 3], "Perceived_Object_Container": [{"time": 120.00000000149012, "location": {"x": 821.9781036918109, "y": 9.40373555959049}, "speed": {"x": 8212.17639130091, "y": 92.4999986216426, "z": 0}, "pseudonym": 0}, {"time": 120.00000000149012, "location": {"x": 922.9088013752707, "y": 1.7831182925595372}, "speed": {"x": 9225.68467697971, "y": 19.99999970197678, "z": 0}, "pseudonym": 1}, {"time": 120.00000000149012, "location": {"x": 895.8818237220021, "y": 5.969533758728941}, "speed": {"x": 8954.57628258204, "y": 57.499999143183246, "z": 0}, "pseudonym": 2}], "option": {"size": 366, "type": "CPM"}}
{"timestamp": 120.00000000149012, "ITS_PDU_Header": {"tmp": "tmp"}, "Basic_Container": {"tmp": "tmp"}, "HF_Container": {"sumo_id": "344", "location": [962.3233642578125, -2.0], "speed": [9623.233499180771, -19.99999970197678, 0], "yaw": -179.99996948242188}, "LF_Container": {"tmp": "tmp"}, "Special_Vehicle_Container": {"tmp": "tmp"}, "option": {"size": 190, "type": "CAM"}}
{"timestamp": 120.10000000298024, "ITS_PDU_Header": {"tmp": "tmp"}, "Basic_Container": {"tmp": "tmp"}, "HF_Container": {"sumo_id": "344", "location": [961.528564453125, -2.0], "speed": [-7.947997928440602, 0.0, 0], "yaw": -179.99996948242188}, "LF_Container": {"tmp": "tmp"}, "Special_Vehicle_Container": {"tmp": "tmp"}, "option": {"size": 190, "type": "CAM"}}
