{"timestamp": 120.25100001196935, "ITS_PDU_Header": {"tmp": "tmp"}, "Management_Container": {"tmp": "tmp"}, "Station_Data_Container": {"sumo_id": "481", "location": [775.609130859375, -2.0], "speed": [775609.0940199199, -1999.999905005102, 0], "yaw": -179.99996948242188}, "Sensor_Information_Container": [0, 1, 2, 3], "Perceived_Object_Container": [{"time": 120.25100001196935, "location": {"x": 784.9143590927107, "y": -1.9999941788482776}, "speed": {"x": -1.2817382203707013, "y": 0.0, "z": 0}, "pseudonym": 0}, {"time": 120.25100001196935, "location": {"x": 762.4258009673484, "y": -2.0073841005405297}, "speed": {"x": -14.648436804236587, "y": 0.0, "z": 0}, "pseudonym": 1}], "option": {"size": 331, "type": "CPM"}}
{"timestamp": 120.25100001196935, "ITS_PDU_Header": {"tmp": "tmp"}, "Basic_Container": {"tmp": "tmp"}, "HF_Container": {"sumo_id": "481", "location": [775.609130859375, -2.0], "speed": [775609.0940199199, -1999.999905005102, 0], "yaw": -179.99996948242188}, "LF_Container": {"tmp": "tmp"}, "Special_Vehicle_Container": {"tmp": "tmp"}, "option": {"size": 190, "type": "CAM"}}
