{"timestamp": 154.20500019977428, "ITS_PDU_Header": {"tmp": "tmp"}, "Management_Container": {"tmp": "tmp"}, "Station_Data_Container": {"sumo_id": "151", "location": [997.3999633789062, -9.25], "speed": [997399.9160049523, -9249.999560648595, 0], "yaw": -179.99996948242188}, "Sensor_Information_Container": [0, 1, 2, 3], "Perceived_Object_Container": [{"time": 154.20500019977428, "location": {"x": 991.3528951532332, "y": -9.25245134484466}, "speed": {"x": -5.432128648237734, "y": 0.0, "z": 0}, "pseudonym": 0}], "option": {"size": 296, "type": "CPM"}}
{"timestamp": 154.20500019977428, "ITS_PDU_Header": {"tmp": "tmp"}, "Basic_Container": {"tmp": "tmp"}, "HF_Container": {"sumo_id": "151", "location": [997.3999633789062, -9.25], "speed": [997399.9160049523, -9249.999560648595, 0], "yaw": -179.99996948242188}, "LF_Container": {"tmp": "tmp"}, "Special_Vehicle_Container": {"tmp": "tmp"}, "option": {"size": 190, "type": "CAM"}}
{"timestamp": 154.30500020452402, "ITS_PDU_Header": {"tmp": "tmp"}, "Basic_Container": {"tmp": "tmp"}, "HF_Container": {"sumo_id": "151", "location": [997.3869018554688, -9.25], "speed": [-0.2441406134039431, 0.0, 0], "yaw": -179.99996948242188}, "LF_Container": {"tmp": "tmp"}, "Special_Vehicle_Container": {"tmp": "tmp"}, "option": {"size": 190, "type": "CAM"}}
{"timestamp": 154.30600020457152, "ITS_PDU_Header": {"tmp": "tmp"}, "Management_Container": {"tmp": "tmp"}, "Station_Data_Container": {"sumo_id": "151", "location": [997.38671875, -9.25], "speed": [-0.18310546005295733, 0.0, 0], "yaw": -179.99996948242188}, "Sensor_Information_Container": [0, 1, 2, 3], "Perceived_Object_Container": [{"time": 154.30600020457152, "location": {"x": 951.0600895195955, "y": 1.4463544800201067}, "speed": {"x": 16.418456251415172, "y": 0.0, "z": 0}, "pseudonym": 1}, {"time": 154.30600020457152, "location": {"x": 945.4114451576525, "y": -1.6993802023343365}, "speed": {"x": -14.89257741764053, "y": 0.0, "z": 0}, "pseudonym": 2}, {"time": 154.30600020457152, "location": {"x": 926.9616974056439, "y": 1.7997582648275934}, "speed": {"x": 16.2963859447132, "y": 0.0, "z": 0}, "pseudonym": 3}], "option": {"size": 366, "type": "CPM"}}
{"timestamp": 154.40600020932126, "ITS_PDU_Header": {"tmp": "tmp"}, "Management_Container": {"tmp": "tmp"}, "Station_Data_Container": {"sumo_id": "151", "location": [997.3480224609375, -9.25], "speed": [-0.549316380158872, 0.0, 0], "yaw": -179.99996948242188}, "Sensor_Information_Container": [0, 1, 2, 3], "Perceived_Object_Container": [{"time": 154.40600020932126, "location": {"x": 902.2821630449712, "y": 8.85273119364469}, "speed": {"x": 15.624999257852359, "y": 0.0, "z": 0}, "pseudonym": 4}], "option": {"size": 296, "type": "CPM"}}
{"timestamp": 154.4710002124086, "ITS_PDU_Header": {"tmp": "tmp"}, "Basic_Container": {"tmp": "tmp"}, "HF_Container": {"sumo_id": "151", "location": [997.3095092773438, -9.25], "speed": [-0.7934569935628151, 0.0, 0], "yaw": -179.99996948242188}, "LF_Container": {"tmp": "tmp"}, "Special_Vehicle_Container": {"tmp": "tmp"}, "option": {"size": 190, "type": "CAM"}}
{"timestamp": 154.506000214071, "ITS_PDU_Header": {"tmp": "tmp"}, "Management_Container": {"tmp": "tmp"}, "Station_Data_Container": {"sumo_id": "151", "location": [997.28466796875, -9.25], "speed": [-0.6713866868608436, 0.0, 0], "yaw": -179.99996948242188}, "Sensor_Information_Container": [0, 1, 2, 3], "Perceived_Object_Container": [{"time": 154.506000214071, "location": {"x": 989.6117019896501, "y": -9.362629182038313}, "speed": {"x": -5.981445028396606, "y": 0.0, "z": 0}, "pseudonym": 0}, {"time": 154.506000214071, "location": {"x": 903.8705747154546, "y": 9.559547333560335}, "speed": {"x": 15.624999257852359, "y": 0.0, "z": 0}, "pseudonym": 5}], "option": {"size": 331, "type": "CPM"}}
{"timestamp": 154.60600021882075, "ITS_PDU_Header": {"tmp": "tmp"}, "Management_Container": {"tmp": "tmp"}, "Station_Data_Container": {"sumo_id": "151", "location": [997.1970825195312, -9.25], "speed": [-1.0375976069667583, 0.0, 0], "yaw": -179.99996948242188}, "Sensor_Information_Container": [0, 1, 2, 3], "Perceived_Object_Container": [{"time": 154.60600021882075, "location": {"x": 982.7833040330999, "y": 9.728160090630212}, "speed": {"x": 16.05224533130926, "y": 0.0, "z": 0}, "pseudonym": 6}], "option": {"size": 296, "type": "CPM"}}
