{"timestamp": 30.000000001490115, "ITS_PDU_Header": {"tmp": "tmp"}, "Basic_Container": {"tmp": "tmp"}, "HF_Container": {"sumo_id": "13", "location": [-834.4037475585938, 9.25], "speed": [-8344.037351250092, 92.4999986216426, 0], "yaw": 0.0}, "LF_Container": {"tmp": "tmp"}, "Special_Vehicle_Container": {"tmp": "tmp"}, "option": {"size": 190, "type": "CAM"}}
{"timestamp": 30.10000000298023, "ITS_PDU_Header": {"tmp": "tmp"}, "Basic_Container": {"tmp": "tmp"}, "HF_Container": {"sumo_id": "13", "location": [-832.39990234375, 9.25], "speed": [20.038451849841298, 0.0, 0], "yaw": 0.0}, "LF_Container": {"tmp": "tmp"}, "Special_Vehicle_Container": {"tmp": "tmp"}, "option": {"size": 190, "type": "CAM"}}
{"timestamp": 30.200000004470347, "ITS_PDU_Header": {"tmp": "tmp"}, "Management_Container": {"tmp": "tmp"}, "Station_Data_Container": {"sumo_id": "13", "location": [-830.4007568359375, 9.25], "speed": [19.99145478022911, 0.0, 0], "yaw": 0.0}, "Sensor_Information_Container": [0, 1, 2, 3], "Perceived_Object_Container": [{"time": 30.200000004470347, "location": {"x": -892.3008812433036, "y": 9.365384775540418}, "speed": {"x": 16.809081780775163, "y": 0.0, "z": 0}, "pseudonym": 0}, {"time": 30.200000004470347, "location": {"x": -793.5405246008462, "y": 9.124724880494014}, "speed": {"x": 17.584838605152985, "y": 0.0, "z": 0}, "pseudonym": 1}, {"time": 30.200000004470347, "location": {"x": -698.1535983752459, "y": 5.795683816491803}, "speed": {"x": 18.664550503126524, "y": 0.0, "z": 0}, "pseudonym": 2}], "option": {"size": 366, "type": "CPM"}}
{"timestamp": 30.300000005960463, "ITS_PDU_Header": {"tmp": "tmp"}, "Management_Container": {"tmp": "tmp"}, "Station_Data_Container": {"sumo_id": "13", "location": [-828.4049682617188, 9.25], "speed": [19.95788544479183, 0.0, 0], "yaw": 0.0}, "Sensor_Information_Container": [0, 1, 2, 3], "Perceived_Object_Container": [{"time": 30.200000004470347, "location": {"x": -696.3407134497747, "y": 5.646711609205682}, "speed": {"x": 18.664550503126524, "y": 0.0, "z": 0}, "pseudonym": 3}], "option": {"size": 296, "type": "CPM"}}
{"timestamp": 30.40000000745058, "ITS_PDU_Header": {"tmp": "tmp"}, "Basic_Container": {"tmp": "tmp"}, "HF_Container": {"sumo_id": "13", "location": [-826.4080200195312, 9.25], "speed": [19.969482124306527, 0.0, 0], "yaw": 0.0}, "LF_Container": {"tmp": "tmp"}, "Special_Vehicle_Container": {"tmp": "tmp"}, "option": {"size": 190, "type": "CAM"}}
{"timestamp": 30.700000011920928, "ITS_PDU_Header": {"tmp": "tmp"}, "Basic_Container": {"tmp": "tmp"}, "HF_Container": {"sumo_id": "13", "location": [-820.4347534179688, 9.25], "speed": [19.771117869449885, 0.0, 0], "yaw": 0.0}, "LF_Container": {"tmp": "tmp"}, "Special_Vehicle_Container": {"tmp": "tmp"}, "option": {"size": 190, "type": "CAM"}}
{"timestamp": 31.000000016391276, "ITS_PDU_Header": {"tmp": "tmp"}, "Basic_Container": {"tmp": "tmp"}, "HF_Container": {"sumo_id": "13", "location": [-814.5093383789062, 9.25], "speed": [19.73327607313877, 0.0, 0], "yaw": 0.0}, "LF_Container": {"tmp": "tmp"}, "Special_Vehicle_Container": {"tmp": "tmp"}, "option": {"size": 190, "type": "CAM"}}
{"timestamp": 31.200000019371508, "ITS_PDU_Header": {"tmp": "tmp"}, "Management_Container": {"tmp": "tmp"}, "Station_Data_Container": {"sumo_id": "13", "location": [-810.593017578125, 9.25], "speed": [19.4952389673108, 0.0, 0], "yaw": 0.0}, "Sensor_Information_Container": [0, 1, 2, 3], "Perceived_Object_Container": [{"time": 31.200000019371508, "location": {"x": -776.105447886, "y": 9.229606640361295}, "speed": {"x": 17.37060520990781, "y": 0.0, "z": 0}, "pseudonym": 1}, {"time": 31.200000019371508, "location": {"x": -679.5632004329923, "y": 5.335393831580761}, "speed": {"x": 18.615112027300714, "y": 0.0, "z": 0}, "pseudonym": 2}], "option": {"size": 331, "type": "CPM"}}
{"timestamp": 31.300000020861624, "ITS_PDU_Header": {"tmp": "tmp"}, "Basic_Container": {"tmp": "tmp"}, "HF_Container": {"sumo_id": "13", "location": [-808.6484375, 9.25], "speed": [19.44580049148499, 0.0, 0], "yaw": 0.0}, "LF_Container": {"tmp": "tmp"}, "Special_Vehicle_Container": {"tmp": "tmp"}, "option": {"size": 190, "type": "CAM"}}
{"timestamp": 31.500000023841856, "ITS_PDU_Header": {"tmp": "tmp"}, "Management_Container": {"tmp": "tmp"}, "Station_Data_Container": {"sumo_id": "13", "location": [-804.745849609375, 9.25], "speed": [19.497070021971016, 0.0, 0], "yaw": 0.0}, "Sensor_Information_Container": [0, 1, 2, 3], "Perceived_Object_Container": [{"time": 31.40000002235174, "location": {"x": -872.1895299721115, "y": 9.148915091627229}, "speed": {"x": 16.752929437861898, "y": 0.0, "z": 0}, "pseudonym": 0}], "option": {"size": 296, "type": "CPM"}}
{"timestamp": 31.600000025331973, "ITS_PDU_Header": {"tmp": "tmp"}, "Basic_Container": {"tmp": "tmp"}, "HF_Container": {"sumo_id": "13", "location": [-802.800048828125, 9.25], "speed": [19.458007522553093, 0.0, 0], "yaw": 0.0}, "LF_Container": {"tmp": "tmp"}, "Special_Vehicle_Container": {"tmp": "tmp"}, "option": {"size": 190, "type": "CAM"}}
{"timestamp": 31.90000002980232, "ITS_PDU_Header": {"tmp": "tmp"}, "Basic_Container": {"tmp": "tmp"}, "HF_Container": {"sumo_id": "13", "location": [-796.997314453125, 9.25], "speed": [19.329223344784626, 0.0, 0], "yaw": 0.0}, "LF_Container": {"tmp": "tmp"}, "Special_Vehicle_Container": {"tmp": "tmp"}, "option": {"size": 190, "type": "CAM"}}
{"timestamp": 32.20000003427267, "ITS_PDU_Header": {"tmp": "tmp"}, "Management_Container": {"tmp": "tmp"}, "Station_Data_Container": {"sumo_id": "13", "location": [-791.2495727539062, 9.25], "speed": [19.165649128472072, 0.0, 0], "yaw": 0.0}, "Sensor_Information_Container": [0, 1, 2, 3], "Perceived_Object_Container": [{"time": 32.20000003427267, "location": {"x": -660.8670629209302, "y": 6.032122247099499}, "speed": {"x": 18.659667690699283, "y": 0.0, "z": 0}, "pseudonym": 2}, {"time": 32.20000003427267, "location": {"x": -758.7647721385204, "y": 9.120234430512765}, "speed": {"x": 17.308349351460496, "y": 0.0, "z": 0}, "pseudonym": 1}], "option": {"size": 331, "type": "CPM"}}
{"timestamp": 32.20000003427267, "ITS_PDU_Header": {"tmp": "tmp"}, "Basic_Container": {"tmp": "tmp"}, "HF_Container": {"sumo_id": "13", "location": [-791.2495727539062, 9.25], "speed": [19.165649128472072, 0.0, 0], "yaw": 0.0}, "LF_Container": {"tmp": "tmp"}, "Special_Vehicle_Container": {"tmp": "tmp"}, "option": {"size": 190, "type": "CAM"}}
{"timestamp": 32.4000000372529, "ITS_PDU_Header": {"tmp": "tmp"}, "Management_Container": {"tmp": "tmp"}, "Station_Data_Container": {"sumo_id": "13", "location": [-787.4532470703125, 9.25], "speed": [19.02038545876167, 0.0, 0], "yaw": 0.0}, "Sensor_Information_Container": [0, 1, 2, 3], "Perceived_Object_Container": [{"time": 32.4000000372529, "location": {"x": -855.4212547449761, "y": 9.022355032173051}, "speed": {"x": 16.727294672618886, "y": 0.0, "z": 0}, "pseudonym": 0}], "option": {"size": 296, "type": "CPM"}}
{"timestamp": 32.50000003874302, "ITS_PDU_Header": {"tmp": "tmp"}, "Basic_Container": {"tmp": "tmp"}, "HF_Container": {"sumo_id": "13", "location": [-785.5614013671875, 9.25], "speed": [18.918456749343026, 0.0, 0], "yaw": 0.0}, "LF_Container": {"tmp": "tmp"}, "Special_Vehicle_Container": {"tmp": "tmp"}, "option": {"size": 190, "type": "CAM"}}
{"timestamp": 32.800000043213366, "ITS_PDU_Header": {"tmp": "tmp"}, "Management_Container": {"tmp": "tmp"}, "Station_Data_Container": {"sumo_id": "13", "location": [-779.8880004882812, 9.25], "speed": [18.89465303876023, 0.0, 0], "yaw": 0.0}, "Sensor_Information_Container": [0, 1, 2, 3], "Perceived_Object_Container": [{"time": 32.800000043213366, "location": {"x": -721.5527885390702, "y": 9.125827881302904}, "speed": {"x": 16.67114232970562, "y": 0.0, "z": 0}, "pseudonym": 4}], "option": {"size": 296, "type": "CPM"}}
{"timestamp": 32.800000043213366, "ITS_PDU_Header": {"tmp": "tmp"}, "Basic_Container": {"tmp": "tmp"}, "HF_Container": {"sumo_id": "13", "location": [-779.8880004882812, 9.25], "speed": [18.89465303876023, 0.0, 0], "yaw": 0.0},