{"timestamp": 120.00000000149012, "ITS_PDU_Header": {"tmp": "tmp"}, "Management_Container": {"tmp": "tmp"}, "Station_Data_Container": {"sumo_id": "335", "location": [81.9656982421875, 2.0], "speed": [819.6569702080344, 19.99999970197678, 0], "yaw": 0.0}, "Sensor_Information_Container": [0, 1, 2, 3], "Perceived_Object_Container": [{"time": 120.00000000149012, "location": {"x": -7.760518565607882, "y": -1.8778838407680736}, "speed": {"x": -88.70300160790977, "y": -19.99999970197678, "z": 0}, "pseudonym": 0}, {"time": 120.00000000149012, "location": {"x": 91.49130538316666, "y": 8.72313221159261}, "speed": {"x": 913.2897813127968, "y": 92.4999986216426, "z": 0}, "pseudonym": 1}, {"time": 120.00000000149012, "location": {"x": 113.64034010929623, "y": -5.13891288057244}, "speed": {"x": 1138.3105299128513, "y": -57.499999143183246, "z": 0}, "pseudonym": 2}], "option": {"size": 366, "type": "CPM"}}
{"timestamp": 120.00000000149012, "ITS_PDU_Header": {"tmp": "tmp"}, "Basic_Container": {"tmp": "tmp"}, "HF_Container": {"sumo_id": "335", "location": [81.9656982421875, 2.0], "speed": [819.6569702080344, 19.99999970197678, 0], "yaw": 0.0}, "LF_Container": {"tmp": "tmp"}, "Special_Vehicle_Container": {"tmp": "tmp"}, "option": {"size": 190, "type": "CAM"}}
{"timestamp": 120.10000000298024, "ITS_PDU_Header": {"tmp": "tmp"}, "Basic_Container": {"tmp": "tmp"}, "HF_Container": {"sumo_id": "335", "location": [83.549560546875, 2.0], "speed": [15.838622810861128, 0.0, 0], "yaw": 0.0}, "LF_Container": {"tmp": "tmp"}, "Special_Vehicle_Container": {"tmp": "tmp"}, "option": {"size": 190, "type": "CAM"}}
