{"timestamp": 119.99999999977649, "ITS_PDU_Header": {"tmp": "tmp"}, "Basic_Container": {"tmp": "tmp"}, "HF_Container": {"sumo_id": "224", "location": [-222.3863983154297, -5.75], "speed": [-22238.640328615315, -575.0000128522519, 0], "yaw": -179.99996948242188}, "LF_Container": {"tmp": "tmp"}, "Special_Vehicle_Container": {"tmp": "tmp"}, "option": {"size": 190, "type": "CAM"}}
{"timestamp": 119.99999999977649, "ITS_PDU_Header": {"tmp": "tmp"}, "Management_Container": {"tmp": "tmp"}, "Station_Data_Container": {"sumo_id": "224", "location": [-222.3863983154297, -5.75], "speed": [-22238.640328615315, -575.0000128522519, 0], "yaw": -179.99996948242188}, "Sensor_Information_Container": [0, 1, 2, 3], "Perceived_Object_Container": [{"time": 119.99999999977649, "location": {"x": -243.2851289823483, "y": 1.8450573928598848}, "speed": {"x": -24370.4702102498, "y": 200.00000447034847, "z": 0}, "pseudonym": 0}, {"time": 119.99999999977649, "location": {"x": -267.9827077104731, "y": -2.165228988103503}, "speed": {"x": -26953.681022383593, "y": -200.00000447034847, "z": 0}, "pseudonym": 1}, {"time": 119.99999999977649, "location": {"x": -213.76835884893913, "y": -8.801981226533215}, "speed": {"x": -21385.606862282908, "y": -925.0000206753616, "z": 0}, "pseudonym": 2}], "option": {"size": 366, "type": "CPM"}}
{"timestamp": 120.00999999955297, "ITS_PDU_Header": {"tmp": "tmp"}, "Management_Container": {"tmp": "tmp"}, "Station_Data_Container": {"sumo_id": "224", "location": [-222.3863983154297, -5.75], "speed": [0.0, 0.0, 0], "yaw": -179.99996948242188}, "Sensor_Information_Container": [0, 1, 2, 3], "Perceived_Object_Container": [{"time": 119.99999999977649, "location": {"x": -227.14041985783874, "y": 5.3253989681016485}, "speed": {"x": -22760.30324310742, "y": 575.0000128522519, "z": 0}, "pseudonym": 3}], "option": {"size": 296, "type": "CPM"}}
{"timestamp": 120.1099999973178, "ITS_PDU_Header": {"tmp": "tmp"}, "Basic_Container": {"tmp": "tmp"}, "HF_Container": {"sumo_id": "224", "location": [-224.05206298828125, -5.75], "speed": [-16.68090857597236, 0.0, 0], "yaw": -179.99996948242188}, "LF_Container": {"tmp": "tmp"}, "Special_Vehicle_Container": {"tmp": "tmp"}, "option": {"size": 190, "type": "CAM"}}
{"timestamp": 120.1099999973178, "ITS_PDU_Header": {"tmp": "tmp"}, "Management_Container": {"tmp": "tmp"}, "Station_Data_Container": {"sumo_id": "224", "location": [-224.05206298828125, -5.75], "speed": [-16.68090857597236, 0.0, 0], "yaw": -179.99996948242188}, "Sensor_Information_Container": [0, 1, 2, 3], "Perceived_Object_Container": [{"time": 120.1099999973178, "location": {"x": -190.728504785665, "y": -2.4740525185265603}, "speed": {"x": -12.445068637543962, "y": 0.0, "z": 0}, "pseudonym": 4}, {"time": 120.1099999973178, "location": {"x": -215.65799575221, "y": -9.022641598088423}, "speed": {"x": -16.075134636651008, "y": 0.0, "z": 0}, "pseudonym": 5}, {"time": 120.1099999973178, "location": {"x": -210.87825114232177, "y": -2.1876716347070895}, "speed": {"x": -12.577820105354938, "y": 0.0, "z": 0}, "pseudonym": 6}, {"time": 120.1099999973178, "location": {"x": -171.6422041125971, "y": -1.9930519857143079}, "speed": {"x": -12.310791290792627, "y": 0.0, "z": 0}, "pseudonym": 7}, {"time": 120.1099999973178, "location": {"x": -254.69754391597849, "y": 1.1647478688158344}, "speed": {"x": 3.961181729164311, "y": 0.0, "z": 0}, "pseudonym": 8}, {"time": 120.1099999973178, "location": {"x": -230.11042308156274, "y": -2.836146576409273}, "speed": {"x": -13.078308397791723, "y": 0.0, "z": 0}, "pseudonym": 9}, {"time": 120.1099999973178, "location": {"x": -237.88685142615157, "y": -9.082751284109236}, "speed": {"x": -16.127014520623113, "y": 0.0, "z": 0}, "pseudonym": 10}, {"time": 120.1099999973178, "location": {"x": -253.00184491164438, "y": 8.761838374973069}, "speed": {"x": 14.514160480666767, "y": 0.0, "z": 0}, "pseudonym": 11}, {"time": 120.1099999973178, "location": {"x": -100.02661249559077, "y": 1.3976275260384874}, "speed": {"x": 3.247833324547857, "y": 0.0, "z": 0}, "pseudonym": 12}, {"time": 120.1099999973178, "location": {"x": -142.81193719434225, "y": 1.8678158987637827}, "speed": {"x": 2.789306702970863, "y": 0.0, "z": 0}, "pseudonym": 13}, {"time": 120.1099999973178, "location": {"x": -192.44775916286184, "y": -9.297147591367299}, "speed": {"x": -16.075134636651008, "y": 0.0, "z": 0}, "pseudonym": 14}, {"time": 120.1099999973178, "location": {"x": -193.84750890671626, "y": 8.720172183568685}, "speed": {"x": 14.183044750609504, "y": 0.0, "z": 0}, "pseudonym": 15}, {"time": 120.1099999973178, "location": {"x": -142.75458483374285, "y": -9.928421446101387}, "speed": {"x": -13.732910463204469, "y": 0.0, "z": 0}, "pseudonym": 16}, {"time": 120.1099999973178, "location": {"x": -221.98871917174526, "y": 1.4720742157586328}, "speed": {"x": 2.783203187209439, "y": 0.0, "z": 0}, "pseudonym": 17}, {"time": 120.1099999973178, "location": {"x": -215.4646487668102, "y": 8.60254143416467}, "speed": {"x": 14.137268382398823, "y": 0.0, "z": 0}, "pseudonym": 18}, {"time": 120.1099999973178, "location": {"x": -226.49962251117404, "y": 5.12320879002379}, "speed": {"x": 15.364075050445088, "y": 0.0, "z": 0}, "pseudonym": 19}, {"time": 120.1099999973178, "location": {"x": -181.2512341343903, "y": 1.440006293556495}, "speed": {"x": 2.2888184105340783, "y": 0.0, "z": 0}, "pseudonym": 20}, {"time": 120.1099999973178, "location": {"x": -172.56336452740848, "y": 2.139025614333081}, "speed": {"x": 2.3254395051026235, "y": 0.0, "z": 0}, "pseudonym": 21}, {"time": 120.1099999973178, "location": {"x": -211.60062286532926, "y": 1.6256125563392985}, "speed": {"x": 2.5268555252296223, "y": 0.0, "z": 0}, "pseudonym": 22}, {"time": 120.1099999973178, "location": {"x": -203.1336206473372, "y": 5.0299497852238995}, "speed": {"x": 15.325928076936187, "y": 0.0, "z": 0}, "pseudonym": 23}, {"time": 120.1099999973178, "location": {"x": -243.26246378174454, "y": 1.8131620699060473}, "speed": {"x": 3.515625078580344, "y": 0.0, "z": 0}, "pseudonym": 24}, {"time": 120.1099999973178, "location": {"x": -292.9093145319755, "y": 2.3376368194535058}, "speed": {"x": 5.230713007540547, "y": 0.0, "z": 0}, "pseudonym": 25}, {"time": 120.1099999973178, "location": {"x": -352.140593464883, "y": -2.5373800982666284}, "speed": {"x": -12.21313503860984, "y": 0.0, "z": 0}, "pseudonym": 26}, {"time": 120.1099999973178, "location": {"x": -133.28087699643703, "y": -1.6456555636666508}, "speed": {"x": -12.123108181128833, "y": 0.0, "z": 0}, "pseudonym": 27}, {"time": 120.1099999973178, "location": {"x": -248.23576113332214, "y": -2.032446491001599}, "speed": {"x": -13.031006150640685, "y": 0.0, "z": 0}, "pseudonym": 28}, {"time": 120.1099999973178, "location": {"x": -269.27250066500596, "y": -1.9353865313495067}, "speed": {"x": -12.890625288127929, "y": 0.0, "z": 0}, "pseudonym": 29}, {"time": 120.1099999973178, "location": {"x": -267.1163093158106, "y": 2.6879095082089344}, "speed": {"x": 4.40979013762899, "y": 0.0, "z": 0}, "pseudonym": 30}, {"time": 120.1099999973178, "location": {"x": -327.1637211930745, "y": -8.358601150847832}, "speed": {"x": -16.674805060210936, "y": 0.0, "z": 0}, "pseudonym": 31}, {"time": 120.1099999973178, "location": {"x": -286.2534933888568, "y": -8.52631058042165}, "speed": {"x": -16.07055699982994, "y": 0.0, "z": 0}, "pseudonym": 32}, {"time": 120.1099999973178, "location": {"x": -325.3434341801558, "y": -8.531779410735798}, "speed": {"x": -16.674805060210936, "y": 0.0, "z": 0}, "pseudonym": 33}, {"time": 120.1099999973178, "location": {"x": -256.7267399551049, "y": 1.1788604775742195}, "speed": {"x": 3.961181729164311, "y": 0.0, "z": 0}, "pseudonym": 34}], "option": {"size": 1346, "type": "CPM"}}
{"timestamp": 120.21999999485911, "ITS_PDU_Header": {"tmp": "tmp"}, "Management_Container": {"tmp": "tmp"}, "Station_Data_Container": {"sumo_id": "224", "location": [-225.88389587402344, -5.75], "speed": [-16.65039099716524, 0.0, 0], "yaw": -179.99996948242188},