{"timestamp": 119.99999999977649, "ITS_PDU_Header": {"tmp": "tmp"}, "Basic_Container": {"tmp": "tmp"}, "HF_Container": {"sumo_id": "311", "location": [901.5202026367188, 2.0], "speed": [90152.0222787266, 200.00000447034847, 0], "yaw": 0.0}, "LF_Container": {"tmp": "tmp"}, "Special_Vehicle_Container": {"tmp": "tmp"}, "option": {"size": 190, "type": "CAM"}}
{"timestamp": 119.99999999977649, "ITS_PDU_Header": {"tmp": "tmp"}, "Management_Container": {"tmp": "tmp"}, "Station_Data_Container": {"sumo_id": "311", "location": [901.5202026367188, 2.0], "speed": [90152.0222787266, 200.00000447034847, 0], "yaw": 0.0}, "Sensor_Information_Container": [0, 1, 2, 3], "Perceived_Object_Container": [{"time": 119.99999999977649, "location": {"x": 909.32713642114, "y": -8.413351967140189}, "speed": {"x": 90968.31258017523, "y": -925.0000206753616, "z": 0}, "pseudonym": 0}], "option": {"size": 296, "type": "CPM"}}
{"timestamp": 120.00999999955297, "ITS_PDU_Header": {"tmp": "tmp"}, "Management_Container": {"tmp": "tmp"}, "Station_Data_Container": {"sumo_id": "311", "location": [901.5202026367188, 2.0], "speed": [0.0, 0.0, 0], "yaw": 0.0}, "Sensor_Information_Container": [0, 1, 2, 3], "Perceived_Object_Container": [{"time": 119.99999999977649, "location": {"x": 889.5935462454024, "y": 2.047407355915827}, "speed": {"x": 88898.09158663657, "y": 200.00000447034847, "z": 0}, "pseudonym": 1}], "option": {"size": 296, "type": "CPM"}}
{"timestamp": 120.1099999973178, "ITS_PDU_Header": {"tmp": "tmp"}, "Basic_Container": {"tmp": "tmp"}, "HF_Container": {"sumo_id": "311", "location": [901.9981689453125, 2.0], "speed": [4.772949325433731, 0.0, 0], "yaw": 0.0}, "LF_Container": {"tmp": "tmp"}, "Special_Vehicle_Container": {"tmp": "tmp"}, "option": {"size": 190, "type": "CAM"}}
{"timestamp": 120.1099999973178, "ITS_PDU_Header": {"tmp": "tmp"}, "Management_Container": {"tmp": "tmp"}, "Station_Data_Container": {"sumo_id": "311", "location": [901.9981689453125, 2.0], "speed": [4.772949325433731, 0.0, 0], "yaw": 0.0}, "Sensor_Information_Container": [0, 1, 2, 3], "Perceived_Object_Container": [{"time": 120.1099999973178, "location": {"x": 908.7997475300465, "y": -8.415966757985487}, "speed": {"x": -6.512451317439631, "y": 0.0, "z": 0}, "pseudonym": 2}, {"time": 120.1099999973178, "location": {"x": 907.5271317613417, "y": -8.392013212895026}, "speed": {"x": -6.512451317439631, "y": 0.0, "z": 0}, "pseudonym": 2}, {"time": 120.1099999973178, "location": {"x": 895.5059262252, "y": -5.90730674704278}, "speed": {"x": -11.822510029878691, "y": 0.0, "z": 0}, "pseudonym": 3}, {"time": 120.1099999973178, "location": {"x": 937.3300189865498, "y": -6.066393174228298}, "speed": {"x": -4.748535262388034, "y": 0.0, "z": 0}, "pseudonym": 4}, {"time": 120.1099999973178, "location": {"x": 916.0158796261125, "y": -1.6077067991705376}, "speed": {"x": -2.0935059061685033, "y": 0.0, "z": 0}, "pseudonym": 5}, {"time": 120.1099999973178, "location": {"x": 982.4950842097824, "y": 9.098055744756145}, "speed": {"x": 16.30249059876406, "y": 0.0, "z": 0}, "pseudonym": 6}, {"time": 120.1099999973178, "location": {"x": 920.6661482089203, "y": -8.419682567969547}, "speed": {"x": -5.1696778499263045, "y": 0.0, "z": 0}, "pseudonym": 7}, {"time": 120.1099999973178, "location": {"x": 912.8395956977828, "y": 2.0872636842411}, "speed": {"x": 4.620361431398126, "y": 0.0, "z": 0}, "pseudonym": 8}, {"time": 120.1099999973178, "location": {"x": 911.4531165324375, "y": 8.65551477824624}, "speed": {"x": 16.68090857597236, "y": 0.0, "z": 0}, "pseudonym": 9}, {"time": 120.1099999973178, "location": {"x": 934.7349205336592, "y": -1.6851764266430387}, "speed": {"x": -2.026367232792837, "y": 0.0, "z": 0}, "pseudonym": 10}, {"time": 120.1099999973178, "location": {"x": 930.802600743184, "y": -9.024598704350703}, "speed": {"x": -4.534912210738187, "y": 0.0, "z": 0}, "pseudonym": 11}, {"time": 120.1099999973178, "location": {"x": 925.1757419216937, "y": -2.0051374243588573}, "speed": {"x": -2.0080566855085644, "y": 0.0, "z": 0}, "pseudonym": 12}, {"time": 120.1099999973178, "location": {"x": 944.8544016313223, "y": -1.599423779095628}, "speed": {"x": -2.1850586425898664, "y": 0.0, "z": 0}, "pseudonym": 13}, {"time": 120.1099999973178, "location": {"x": 944.5342955544021, "y": 8.792267290034607}, "speed": {"x": 16.619873418358118, "y": 0.0, "z": 0}, "pseudonym": 14}], "option": {"size": 751, "type": "CPM"}}
{"timestamp": 120.11999999709428, "ITS_PDU_Header": {"tmp": "tmp"}, "Management_Container": {"tmp": "tmp"}, "Station_Data_Container": {"sumo_id": "311", "location": [902.0458984375, 2.0], "speed": [4.772949325433731, 0.0, 0], "yaw": 0.0}, "Sensor_Information_Container": [0, 1, 2, 3], "Perceived_Object_Container": [{"time": 120.1099999973178, "location": {"x": 859.403163417601, "y": -1.7486337241617615}, "speed": {"x": -2.5085449779453497, "y": 0.0, "z": 0}, "pseudonym": 15}, {"time": 120.1099999973178, "location": {"x": 887.8052317522166, "y": 5.497902110648431}, "speed": {"x": 16.644287481403815, "y": 0.0, "z": 0}, "pseudonym": 16}, {"time": 120.1099999973178, "location": {"x": 888.562602640338, "y": -1.6371930507311798}, "speed": {"x": -2.1301270007370485, "y": 0.0, "z": 0}, "pseudonym": 17}, {"time": 120.1099999973178, "location": {"x": 849.5773359360803, "y": -1.702058306242574}, "speed": {"x": -2.6855469350266516, "y": 0.0, "z": 0}, "pseudonym": 18}, {"time": 120.1099999973178, "location": {"x": 889.9980532624767, "y": 1.899286362200471}, "speed": {"x": 4.888916124900791, "y": 0.0, "z": 0}, "pseudonym": 19}, {"time": 120.1099999973178, "location": {"x": 839.2138932273589, "y": 9.347392755686847}, "speed": {"x": 16.662598028688087, "y": 0.0, "z": 0}, "pseudonym": 20}, {"time": 120.1099999973178, "location": {"x": 863.89204630245, "y": 9.22219554301287}, "speed": {"x": 16.68090857597236, "y": 0.0, "z": 0}, "pseudonym": 21}, {"time": 120.1099999973178, "location": {"x": 878.7834397887424, "y": -1.5765119605949174}, "speed": {"x": -2.209472705635563, "y": 0.0, "z": 0}, "pseudonym": 22}, {"time": 120.1099999973178, "location": {"x": 869.2344486527993, "y": -1.5749109066480562}, "speed": {"x": -2.343750052386896, "y": 0.0, "z": 0}, "pseudonym": 23}], "option": {"size": 576, "type": "CPM"}}
{"timestamp": 120.21999999485911, "ITS_PDU_Header": {"tmp": "tmp"}, "Management_Container": {"tmp": "tmp"}, "Station_Data_Container": {"sumo_id": "311", "location": [902.5219116210938, 2.0], "speed": [4.754638778149459, 0.0, 0], "yaw": 0.0}, "Sensor_Information_Container": [0, 1, 2, 3], "Perceived_Object_Container": [{"time": 120.20999999508263, "location": {"x": 905.5827115453287, "y": -2.282616885017724}, "speed": {"x": -2.0141602012699886, "y": 0.0, "z": 0}, "pseudonym": 24}, {"time": 120.20999999508263, "location": {"x": 913.3061700601338, "y": -5.738437096687446}, "speed": {"x": -5.328369259723334, "y": 0.0, "z": 0}, "pseudonym": 25}, {"time": 120.20999999508263, "location": {"x": 918.188512889452, "y": -8.41033693131324}, "speed": {"x": -5.383300901576152, "y": 0.0, "z": 0}, "pseudonym": 26}, {"time": 120.20999999508263, "location": {"x": 953.9075963429055, "y": -1.9471027041341344}, "speed": {"x": -2.3193359893411993, "y": 0.0, "z": 0}, "pseudonym": 27}, {"time": 120.20999999508263, "location": {"x": 936.255369911872, "y": 5.746796020545795}, "speed": {"x": 16.65039099716524, "y": 0.0, "z": 0}, "pseudonym": 28}, {"time": 120.20999999508263, "location": {"x": 943.792179448101, "y": -8.542588371332227}, "speed": {"x": -4.602050884113853, "y": 0.0, "z": 0}, "pseudonym": 29}, {"time": 120.20999999508263, "location": {"x": 846.6603080886446, "y": 5.879842732748173}, "speed": {"x": 16.619873418358118, "y": 0.0, "z": 0}, "pseudonym": 30}], "option": {"size": 506, "type": "CPM"}}
{"timestamp": 120.31999999262393, "ITS_PDU_Header": {"tmp": "tmp"}, "Management_Container": {"tmp": "tmp"}, "Station_Data_Container": {"sumo_id": "311", "location": [902.9964599609375, 2.0], "speed": [4.74243174662661, 0.0, 0], "yaw": 0.0},