{"timestamp": 119.99999999977649, "ITS_PDU_Header": {"tmp": "tmp"}, "Basic_Container": {"tmp": "tmp"}, "HF_Container": {"sumo_id": "353", "location": [-311.87554931640625, 5.75], "speed": [-31187.555628736816, 575.0000128522519, 0], "yaw": 0.0}, "LF_Container": {"tmp": "tmp"}, "Special_Vehicle_Container": {"tmp": "tmp"}, "option": {"size": 190, "type": "CAM"}}
{"timestamp": 119.99999999977649, "ITS_PDU_Header": {"tmp": "tmp"}, "Management_Container": {"tmp": "tmp"}, "Station_Data_Container": {"sumo_id": "353", "location": [-311.87554931640625, 5.75], "speed": [-31187.555628736816, 575.0000128522519, 0], "yaw": 0.0}, "Sensor_Information_Container": [0, 1, 2, 3], "Perceived_Object_Container": [{"time": 119.99999999977649, "location": {"x": -334.81441084904515, "y": 1.3993729612434977}, "speed": {"x": -33544.18409938032, "y": 200.00000447034847, "z": 0}, "pseudonym": 0}], "option": {"size": 296, "type": "CPM"}}
{"timestamp": 120.00999999955297, "ITS_PDU_Header": {"tmp": "tmp"}, "Management_Container": {"tmp": "tmp"}, "Station_Data_Container": {"sumo_id": "353", "location": [-311.87554931640625, 5.75], "speed": [0.0, 0.0, 0], "yaw": 0.0}, "Sensor_Information_Container": [0, 1, 2, 3], "Perceived_Object_Container": [{"time": 119.99999999977649, "location": {"x": -292.14782144261375, "y": 5.65760738079679}, "speed": {"x": -29068.15860870835, "y": 575.0000128522519, "z": 0}, "pseudonym": 1}], "option": {"size": 296, "type": "CPM"}}
{"timestamp": 120.1099999973178, "ITS_PDU_Header": {"tmp": "tmp"}, "Basic_Container": {"tmp": "tmp"}, "HF_Container": {"sumo_id": "353", "location": [-310.5072021484375, 5.75], "speed": [13.684082337113075, 0.0, 0], "yaw": 0.0}, "LF_Container": {"tmp": "tmp"}, "Special_Vehicle_Container": {"tmp": "tmp"}, "option": {"size": 190, "type": "CAM"}}
{"timestamp": 120.1099999973178, "ITS_PDU_Header": {"tmp": "tmp"}, "Management_Container": {"tmp": "tmp"}, "Station_Data_Container": {"sumo_id": "353", "location": [-310.5072021484375, 5.75], "speed": [13.684082337113075, 0.0, 0], "yaw": 0.0}, "Sensor_Information_Container": [0, 1, 2, 3], "Perceived_Object_Container": [{"time": 120.1099999973178, "location": {"x": -348.7122357672705, "y": 2.1724805022506137}, "speed": {"x": 6.402588033733995, "y": 0.0, "z": 0}, "pseudonym": 2}, {"time": 120.1099999973178, "location": {"x": -324.4782687947377, "y": 8.983556845406346}, "speed": {"x": 7.1350099251048995, "y": 0.0, "z": 0}, "pseudonym": 3}, {"time": 120.1099999973178, "location": {"x": -320.4362726440607, "y": 2.258638748187707}, "speed": {"x": 5.902099741297209, "y": 0.0, "z": 0}, "pseudonym": 4}, {"time": 120.1099999973178, "location": {"x": -362.9817109634873, "y": 1.9592987679812843}, "speed": {"x": 6.573486475053873, "y": 0.0, "z": 0}, "pseudonym": 5}, {"time": 120.1099999973178, "location": {"x": -331.09617922931426, "y": 5.629312056418689}, "speed": {"x": 13.671875305590227, "y": 0.0, "z": 0}, "pseudonym": 6}, {"time": 120.1099999973178, "location": {"x": -391.8772612027832, "y": 2.243621862642285}, "speed": {"x": 6.805420073987992, "y": 0.0, "z": 0}, "pseudonym": 7}, {"time": 120.1099999973178, "location": {"x": -434.4839047254028, "y": 1.4841003860365989}, "speed": {"x": 6.655883937833099, "y": 0.0, "z": 0}, "pseudonym": 8}, {"time": 120.1099999973178, "location": {"x": -377.5804158468159, "y": 1.9881340583147484}, "speed": {"x": 6.735229642731614, "y": 0.0, "z": 0}, "pseudonym": 9}, {"time": 120.1099999973178, "location": {"x": -311.7586056132386, "y": -1.4664553271940466}, "speed": {"x": -12.603760047340991, "y": 0.0, "z": 0}, "pseudonym": 10}, {"time": 120.1099999973178, "location": {"x": -308.37536773393737, "y": 2.2043649302350934}, "speed": {"x": 5.590820437464575, "y": 0.0, "z": 0}, "pseudonym": 11}, {"time": 120.1099999973178, "location": {"x": -368.3713717548667, "y": 8.760741516155454}, "speed": {"x": 11.016845949370696, "y": 0.0, "z": 0}, "pseudonym": 12}, {"time": 120.1099999973178, "location": {"x": -348.44043168311026, "y": 8.913838349863854}, "speed": {"x": 10.397339099586139, "y": 0.0, "z": 0}, "pseudonym": 13}, {"time": 120.1099999973178, "location": {"x": -334.1262114601831, "y": 2.275721782403585}, "speed": {"x": 6.176757950561298, "y": 0.0, "z": 0}, "pseudonym": 14}, {"time": 120.1099999973178, "location": {"x": -344.2674228682651, "y": -5.089605400409466}, "speed": {"x": -10.247802963431246, "y": 0.0, "z": 0}, "pseudonym": 15}, {"time": 120.1099999973178, "location": {"x": -319.6292312270639, "y": -4.99572812535059}, "speed": {"x": -11.816406514117267, "y": 0.0, "z": 0}, "pseudonym": 16}, {"time": 120.1099999973178, "location": {"x": -276.3331818224559, "y": 9.04445066282701}, "speed": {"x": 14.48974641762107, "y": 0.0, "z": 0}, "pseudonym": 17}, {"time": 120.1099999973178, "location": {"x": -294.507218386232, "y": 2.272962029627314}, "speed": {"x": 5.230713007540547, "y": 0.0, "z": 0}, "pseudonym": 18}, {"time": 120.1099999973178, "location": {"x": -285.8914372102583, "y": -8.502722748798185}, "speed": {"x": -16.07055699982994, "y": 0.0, "z": 0}, "pseudonym": 19}, {"time": 120.1099999973178, "location": {"x": -290.72823071953394, "y": 5.865319053053215}, "speed": {"x": 13.684082337113075, "y": 0.0, "z": 0}, "pseudonym": 20}, {"time": 120.1099999973178, "location": {"x": -216.56076004495768, "y": 9.254188706800836}, "speed": {"x": 14.137268382398823, "y": 0.0, "z": 0}, "pseudonym": 21}, {"time": 120.1099999973178, "location": {"x": -292.14282567289894, "y": -1.8814184978157413}, "speed": {"x": -12.750244425615172, "y": 0.0, "z": 0}, "pseudonym": 22}, {"time": 120.1099999973178, "location": {"x": -281.76469561173843, "y": 2.239544914989431}, "speed": {"x": 4.833984483047973, "y": 0.0, "z": 0}, "pseudonym": 23}, {"time": 120.1099999973178, "location": {"x": -244.64922218339882, "y": 2.4901963552704918}, "speed": {"x": 3.515625078580344, "y": 0.0, "z": 0}, "pseudonym": 24}, {"time": 120.1099999973178, "location": {"x": -271.0118173054783, "y": -1.7341632853937732}, "speed": {"x": -12.890625288127929, "y": 0.0, "z": 0}, "pseudonym": 25}, {"time": 120.1099999973178, "location": {"x": -269.0442236192247, "y": 2.2709586871737404}, "speed": {"x": 4.40979013762899, "y": 0.0, "z": 0}, "pseudonym": 26}, {"time": 120.1099999973178, "location": {"x": -254.618078607873, "y": 2.8347786040823637}, "speed": {"x": 3.961181729164311, "y": 0.0, "z": 0}, "pseudonym": 27}, {"time": 120.1099999973178, "location": {"x": -256.70003905984635, "y": 2.8213083322222445}, "speed": {"x": 3.961181729164311, "y": 0.0, "z": 0}, "pseudonym": 28}], "option": {"size": 1206, "type": "CPM"}}
{"timestamp": 120.21999999485911, "ITS_PDU_Header": {"tmp": "tmp"}, "Management_Container": {"tmp": "tmp"}, "Station_Data_Container": {"sumo_id": "353", "location": [-309.00189208984375, 5.75], "speed": [13.684082337113075, 0.0, 0], "yaw": 0.0}, "Sensor_Information_Container": [0, 1, 2, 3], "Perceived_Object_Container": [{"time": 120.20999999508263, "location": {"x": -326.99319788731276, "y": -8.530898264320255}, "speed": {"x": -16.632080449880966, "y": 0.0, "z": 0}, "pseudonym": 29}, {"time": 120.20999999508263, "location": {"x": -388.7512021651449, "y": 8.923277308374434}, "speed": {"x": 11.746216082860888, "y": 0.0, "z": 0}, "pseudonym": 30}, {"time": 120.20999999508263, "location": {"x": -328.69132467818883, "y": -8.527323801258111}, "speed": {"x": -16.632080449880966, "y": 0.0, "z": 0}, "pseudonym": 29}, {"time": 120.20999999508263, "location": {"x": -373.4484564004375, "y": -1.881728355619069}, "speed": {"x": -11.99646022907928, "y": 0.0, "z": 0}, "pseudonym": 31}, {"time": 120.20999999508263, "location": {"x": -222.4808759635276, "y": 2.409255087867541}, "speed": {"x": 2.758789124163742, "y": 0.0, "z": 0}, "pseudonym": 32}, {"time": 120.20999999508263, "location": {"x": -232.79201834398998, "y": 2.38974137525466}, "speed": {"x": 3.0960083699824295, "y": 0.0, "z": 0}, "pseudonym": 33}], "option": {"size": 471, "type": "CPM"}}
{"timestamp": 120.31999999262393, "ITS_PDU_Header": {"tmp": "tmp"},