{"timestamp": 119.99999999977649, "ITS_PDU_Header": {"tmp": "tmp"}, "Basic_Container": {"tmp": "tmp"}, "HF_Container": {"sumo_id": "385", "location": [-139.77349853515625, 5.75], "speed": [-13977.350165933747, 575.0000128522519, 0], "yaw": 0.0}, "LF_Container": {"tmp": "tmp"}, "Special_Vehicle_Container": {"tmp": "tmp"}, "option": {"size": 190, "type": "CAM"}}
{"timestamp": 119.99999999977649, "ITS_PDU_Header": {"tmp": "tmp"}, "Management_Container": {"tmp": "tmp"}, "Station_Data_Container": {"sumo_id": "385", "location": [-139.77349853515625, 5.75], "speed": [-13977.350165933747, 575.0000128522519, 0], "yaw": 0.0}, "Sensor_Information_Container": [0, 1, 2, 3], "Perceived_Object_Container": [{"time": 119.99999999977649, "location": {"x": -141.11742819094079, "y": 2.139028618452476}, "speed": {"x": -14163.446361499571, "y": 200.00000447034847, "z": 0}, "pseudonym": 0}], "option": {"size": 296, "type": "CPM"}}
{"timestamp": 120.00999999955297, "ITS_PDU_Header": {"tmp": "tmp"}, "Management_Container": {"tmp": "tmp"}, "Station_Data_Container": {"sumo_id": "385", "location": [-139.77349853515625, 5.75], "speed": [0.0, 0.0, 0], "yaw": 0.0}, "Sensor_Information_Container": [0, 1, 2, 3], "Perceived_Object_Container": [{"time": 119.99999999977649, "location": {"x": -162.44960477451463, "y": 5.851343079371597}, "speed": {"x": -16314.854795817766, "y": 575.0000128522519, "z": 0}, "pseudonym": 1}, {"time": 119.99999999977649, "location": {"x": -174.44075869414544, "y": 8.425687981344518}, "speed": {"x": -17344.580465806583, "y": 925.0000206753616, "z": 0}, "pseudonym": 2}, {"time": 119.99999999977649, "location": {"x": -117.986702394165, "y": 5.646671469879077}, "speed": {"x": -11643.261978997185, "y": 575.0000128522519, "z": 0}, "pseudonym": 3}, {"time": 119.99999999977649, "location": {"x": -120.57102618522278, "y": 9.3052594527483}, "speed": {"x": -11897.937277658371, "y": 925.0000206753616, "z": 0}, "pseudonym": 4}], "option": {"size": 401, "type": "CPM"}}
{"timestamp": 120.1099999973178, "ITS_PDU_Header": {"tmp": "tmp"}, "Basic_Container": {"tmp": "tmp"}, "HF_Container": {"sumo_id": "385", "location": [-138.20098876953125, 5.75], "speed": [15.72265660142876, 0.0, 0], "yaw": 0.0}, "LF_Container": {"tmp": "tmp"}, "Special_Vehicle_Container": {"tmp": "tmp"}, "option": {"size": 190, "type": "CAM"}}
{"timestamp": 120.1099999973178, "ITS_PDU_Header": {"tmp": "tmp"}, "Management_Container": {"tmp": "tmp"}, "Station_Data_Container": {"sumo_id": "385", "location": [-138.20098876953125, 5.75], "speed": [15.72265660142876, 0.0, 0], "yaw": 0.0}, "Sensor_Information_Container": [0, 1, 2, 3], "Perceived_Object_Container": [{"time": 120.1099999973178, "location": {"x": -141.5299759009173, "y": -8.676660080848643}, "speed": {"x": -13.732910463204469, "y": 0.0, "z": 0}, "pseudonym": 5}, {"time": 120.1099999973178, "location": {"x": -140.80287619615518, "y": 1.7672258782319967}, "speed": {"x": 2.789306702970863, "y": 0.0, "z": 0}, "pseudonym": 6}, {"time": 120.1099999973178, "location": {"x": -133.71542394442736, "y": -5.101532744304449}, "speed": {"x": -16.68090857597236, "y": 0.0, "z": 0}, "pseudonym": 7}, {"time": 120.1099999973178, "location": {"x": -132.9295081776815, "y": -1.65184148709865}, "speed": {"x": -12.123108181128833, "y": 0.0, "z": 0}, "pseudonym": 8}], "option": {"size": 401, "type": "CPM"}}
{"timestamp": 120.11999999709428, "ITS_PDU_Header": {"tmp": "tmp"}, "Management_Container": {"tmp": "tmp"}, "Station_Data_Container": {"sumo_id": "385", "location": [-138.043701171875, 5.75], "speed": [15.728760117190184, 0.0, 0], "yaw": 0.0}, "Sensor_Information_Container": [0, 1, 2, 3], "Perceived_Object_Container": [{"time": 120.1099999973178, "location": {"x": -170.74904291581697, "y": 2.422522468600774}, "speed": {"x": 2.3254395051026235, "y": 0.0, "z": 0}, "pseudonym": 9}, {"time": 120.1099999973178, "location": {"x": -180.74773314232596, "y": 2.21014108353761}, "speed": {"x": 2.2888184105340783, "y": 0.0, "z": 0}, "pseudonym": 10}, {"time": 120.1099999973178, "location": {"x": -151.2747706787022, "y": 2.2363598310081065}, "speed": {"x": 2.6184082616509854, "y": 0.0, "z": 0}, "pseudonym": 11}, {"time": 120.1099999973178, "location": {"x": -160.87674521205824, "y": 5.678481239169881}, "speed": {"x": 15.753174180235881, "y": 0.0, "z": 0}, "pseudonym": 12}, {"time": 120.1099999973178, "location": {"x": -190.28967830985144, "y": 2.3341396325982404}, "speed": {"x": 2.2949219262955025, "y": 0.0, "z": 0}, "pseudonym": 13}, {"time": 120.1099999973178, "location": {"x": -220.4866445754773, "y": 2.3660875453827197}, "speed": {"x": 2.783203187209439, "y": 0.0, "z": 0}, "pseudonym": 14}, {"time": 120.1099999973178, "location": {"x": -231.5275745537204, "y": 2.4545082627992487}, "speed": {"x": 3.1112671593859904, "y": 0.0, "z": 0}, "pseudonym": 15}, {"time": 120.1099999973178, "location": {"x": -214.72358296815312, "y": 9.675462898196356}, "speed": {"x": 14.137268382398823, "y": 0.0, "z": 0}, "pseudonym": 16}, {"time": 120.1099999973178, "location": {"x": -161.656919187632, "y": 2.011252700553057}, "speed": {"x": 2.374267631194017, "y": 0.0, "z": 0}, "pseudonym": 17}, {"time": 120.1099999973178, "location": {"x": -189.448373768409, "y": -2.100198239175651}, "speed": {"x": -12.445068637543962, "y": 0.0, "z": 0}, "pseudonym": 18}, {"time": 120.1099999973178, "location": {"x": -143.90469303573718, "y": 8.718216485800513}, "speed": {"x": 15.17791781972165, "y": 0.0, "z": 0}, "pseudonym": 19}, {"time": 120.1099999973178, "location": {"x": -242.9597272817145, "y": 2.4191072380288956}, "speed": {"x": 3.515625078580344, "y": 0.0, "z": 0}, "pseudonym": 20}, {"time": 120.1099999973178, "location": {"x": -210.4060545814886, "y": 2.5084884116462702}, "speed": {"x": 2.5268555252296223, "y": 0.0, "z": 0}, "pseudonym": 21}, {"time": 120.1099999973178, "location": {"x": -169.96809783289527, "y": -1.8931218949064879}, "speed": {"x": -12.310791290792627, "y": 0.0, "z": 0}, "pseudonym": 22}, {"time": 120.1099999973178, "location": {"x": -173.2370034188715, "y": 8.426951985335771}, "speed": {"x": 14.239502271402678, "y": 0.0, "z": 0}, "pseudonym": 23}, {"time": 120.1099999973178, "location": {"x": -193.4028234691855, "y": 8.758439835912712}, "speed": {"x": 14.19220002425164, "y": 0.0, "z": 0}, "pseudonym": 24}, {"time": 120.1099999973178, "location": {"x": -131.49059653861235, "y": 2.6504584054126696}, "speed": {"x": 2.9113770181993472, "y": 0.0, "z": 0}, "pseudonym": 25}, {"time": 120.1099999973178, "location": {"x": -116.41643796065739, "y": 5.906934846177801}, "speed": {"x": 15.704346054144487, "y": 0.0, "z": 0}, "pseudonym": 26}, {"time": 120.1099999973178, "location": {"x": -50.51534835828968, "y": 9.536680960354378}, "speed": {"x": 15.509033549778913, "y": 0.0, "z": 0}, "pseudonym": 27}, {"time": 120.1099999973178, "location": {"x": -113.6367572601392, "y": -1.962316846535685}, "speed": {"x": -12.065887720865481, "y": 0.0, "z": 0}, "pseudonym": 28}, {"time": 120.1099999973178, "location": {"x": -111.17129077154458, "y": 2.7611304861330166}, "speed": {"x": 3.1677246801791643, "y": 0.0, "z": 0}, "pseudonym": 29}, {"time": 120.1099999973178, "location": {"x": -111.22966028915043, "y": -5.435794061663447}, "speed": {"x": -16.413116821939873, "y": 0.0, "z": 0}, "pseudonym": 30}, {"time": 120.1099999973178, "location": {"x": -68.79575200236494, "y": 2.202225737728578}, "speed": {"x": 3.0632019727647744, "y": 0.0, "z": 0}, "pseudonym": 31}, {"time": 120.1099999973178, "location": {"x": -101.1301161994759, "y": 2.5419140483489104}, "speed": {"x": 3.247833324547857, "y": 0.0, "z": 0}, "pseudonym": 32}, {"time": 120.1099999973178, "location": {"x": -118.33269764509691, "y": 8.809714649777877}, "speed": {"x": 16.686249152263606, "y": 0.0, "z": 0}, "pseudonym": 33}, {"time": 120.1099999973178, "location": {"x": -117.04727900932471, "y": 8.639629064564186}, "speed": {"x": 16.686249152263606, "y": 0.0, "z": 0}, "pseudonym": 33}, {"time": 120.1099999973178, "location": {"x": -121.51255264843765,