{"timestamp": 119.99999999977649, "ITS_PDU_Header": {"tmp": "tmp"}, "Basic_Container": {"tmp": "tmp"}, "HF_Container": {"sumo_id": "391", "location": [-116.4326171875, 5.75], "speed": [-11643.261978997185, 575.0000128522519, 0], "yaw": 0.0}, "LF_Container": {"tmp": "tmp"}, "Special_Vehicle_Container": {"tmp": "tmp"}, "option": {"size": 190, "type": "CAM"}}
{"timestamp": 119.99999999977649, "ITS_PDU_Header": {"tmp": "tmp"}, "Management_Container": {"tmp": "tmp"}, "Station_Data_Container": {"sumo_id": "391", "location": [-116.4326171875, 5.75], "speed": [-11643.261978997185, 575.0000128522519, 0], "yaw": 0.0}, "Sensor_Information_Container": [0, 1, 2, 3], "Perceived_Object_Container": [{"time": 119.99999999977649, "location": {"x": -189.14672962001632, "y": -9.195813667917848}, "speed": {"x": -19026.140256810344, "y": -925.0000206753616, "z": 0}, "pseudonym": 0}], "option": {"size": 296, "type": "CPM"}}
{"timestamp": 120.00999999955297, "ITS_PDU_Header": {"tmp": "tmp"}, "Management_Container": {"tmp": "tmp"}, "Station_Data_Container": {"sumo_id": "391", "location": [-116.4326171875, 5.75], "speed": [0.0, 0.0, 0], "yaw": 0.0}, "Sensor_Information_Container": [0, 1, 2, 3], "Perceived_Object_Container": [{"time": 119.99999999977649, "location": {"x": -69.10428438767806, "y": 2.0212308596121176}, "speed": {"x": -6751.318510278728, "y": 200.00000447034847, "z": 0}, "pseudonym": 1}], "option": {"size": 296, "type": "CPM"}}
{"timestamp": 120.1099999973178, "ITS_PDU_Header": {"tmp": "tmp"}, "Basic_Container": {"tmp": "tmp"}, "HF_Container": {"sumo_id": "391", "location": [-114.86297607421875, 5.75], "speed": [15.704346054144487, 0.0, 0], "yaw": 0.0}, "LF_Container": {"tmp": "tmp"}, "Special_Vehicle_Container": {"tmp": "tmp"}, "option": {"size": 190, "type": "CAM"}}
{"timestamp": 120.1099999973178, "ITS_PDU_Header": {"tmp": "tmp"}, "Management_Container": {"tmp": "tmp"}, "Station_Data_Container": {"sumo_id": "391", "location": [-114.86297607421875, 5.75], "speed": [15.704346054144487, 0.0, 0], "yaw": 0.0}, "Sensor_Information_Container": [0, 1, 2, 3], "Perceived_Object_Container": [{"time": 120.1099999973178, "location": {"x": -151.16066848680296, "y": 2.234556785779624}, "speed": {"x": 2.6184082616509854, "y": 0.0, "z": 0}, "pseudonym": 2}, {"time": 120.1099999973178, "location": {"x": -132.20660487405013, "y": -1.211397400425759}, "speed": {"x": -12.123108181128833, "y": 0.0, "z": 0}, "pseudonym": 3}, {"time": 120.1099999973178, "location": {"x": -170.71495032357785, "y": 2.002698219584317}, "speed": {"x": 2.3254395051026235, "y": 0.0, "z": 0}, "pseudonym": 4}, {"time": 120.1099999973178, "location": {"x": -137.6721177394031, "y": 5.677456402095185}, "speed": {"x": 15.72265660142876, "y": 0.0, "z": 0}, "pseudonym": 5}, {"time": 120.1099999973178, "location": {"x": -190.08381988511886, "y": 2.5170460652792275}, "speed": {"x": 2.2949219262955025, "y": 0.0, "z": 0}, "pseudonym": 6}, {"time": 120.1099999973178, "location": {"x": -121.17672752571, "y": 2.754396616958496}, "speed": {"x": 3.087616035810471, "y": 0.0, "z": 0}, "pseudonym": 7}, {"time": 120.1099999973178, "location": {"x": -130.82352581771036, "y": 2.113256050289821}, "speed": {"x": 2.9113770181993472, "y": 0.0, "z": 0}, "pseudonym": 8}, {"time": 120.1099999973178, "location": {"x": -200.34878699849884, "y": 2.83578574099809}, "speed": {"x": 2.3620605996711688, "y": 0.0, "z": 0}, "pseudonym": 9}, {"time": 120.1099999973178, "location": {"x": -143.2406382710501, "y": 9.063130600264651}, "speed": {"x": 15.17791781972165, "y": 0.0, "z": 0}, "pseudonym": 10}, {"time": 120.1099999973178, "location": {"x": -140.77308113772045, "y": 1.8985101293402813}, "speed": {"x": 2.789306702970863, "y": 0.0, "z": 0}, "pseudonym": 11}, {"time": 120.1099999973178, "location": {"x": -180.50980279027743, "y": 2.347101258425919}, "speed": {"x": 2.2888184105340783, "y": 0.0, "z": 0}, "pseudonym": 12}, {"time": 120.1099999973178, "location": {"x": -220.50983157916585, "y": 2.489051914582452}, "speed": {"x": 2.783203187209439, "y": 0.0, "z": 0}, "pseudonym": 13}], "option": {"size": 681, "type": "CPM"}}
{"timestamp": 120.11999999709428, "ITS_PDU_Header": {"tmp": "tmp"}, "Management_Container": {"tmp": "tmp"}, "Station_Data_Container": {"sumo_id": "391", "location": [-114.7060546875, 5.75], "speed": [15.692139022621639, 0.0, 0], "yaw": 0.0}, "Sensor_Information_Container": [0, 1, 2, 3], "Perceived_Object_Container": [{"time": 120.1099999973178, "location": {"x": -112.71843392310964, "y": -1.4266478888360061}, "speed": {"x": -12.065887720865481, "y": 0.0, "z": 0}, "pseudonym": 14}, {"time": 120.1099999973178, "location": {"x": -109.65486939074823, "y": -5.121401856600797}, "speed": {"x": -16.413116821939873, "y": 0.0, "z": 0}, "pseudonym": 15}, {"time": 120.1099999973178, "location": {"x": -116.64105599342085, "y": 9.118057961597335}, "speed": {"x": 16.686249152263606, "y": 0.0, "z": 0}, "pseudonym": 16}, {"time": 120.1099999973178, "location": {"x": -100.7845898139754, "y": 2.2791644884038518}, "speed": {"x": 3.247833324547857, "y": 0.0, "z": 0}, "pseudonym": 17}, {"time": 120.1099999973178, "location": {"x": -92.99327384228424, "y": 5.786331854609521}, "speed": {"x": 15.673828475337366, "y": 0.0, "z": 0}, "pseudonym": 18}, {"time": 120.1099999973178, "location": {"x": -50.39174759233097, "y": 9.176657465755412}, "speed": {"x": 15.527344097063185, "y": 0.0, "z": 0}, "pseudonym": 19}, {"time": 120.1099999973178, "location": {"x": -88.51913272538171, "y": -5.611772701141883}, "speed": {"x": -16.199493770290026, "y": 0.0, "z": 0}, "pseudonym": 20}, {"time": 120.1099999973178, "location": {"x": -88.21470447272414, "y": 2.829073770435229}, "speed": {"x": 3.253936840309281, "y": 0.0, "z": 0}, "pseudonym": 21}, {"time": 120.1099999973178, "location": {"x": -93.59604297586958, "y": -2.1161362538434774}, "speed": {"x": -11.822510029878691, "y": 0.0, "z": 0}, "pseudonym": 22}, {"time": 120.1099999973178, "location": {"x": -47.620069200605414, "y": 2.31689551704188}, "speed": {"x": 2.6855469350266516, "y": 0.0, "z": 0}, "pseudonym": 23}, {"time": 120.1099999973178, "location": {"x": -68.80034138749107, "y": 1.9744134222221292}, "speed": {"x": 3.0632019727647744, "y": 0.0, "z": 0}, "pseudonym": 24}, {"time": 120.1099999973178, "location": {"x": -78.75419803014071, "y": 2.0774042152655054}, "speed": {"x": 3.1982422589862853, "y": 0.0, "z": 0}, "pseudonym": 25}, {"time": 120.1099999973178, "location": {"x": -74.38535434477365, "y": -2.3297891841596954}, "speed": {"x": -11.823272969348869, "y": 0.0, "z": 0}, "pseudonym": 26}, {"time": 120.1099999973178, "location": {"x": -65.00029030198763, "y": -5.096789845005367}, "speed": {"x": -16.11328161015991, "y": 0.0, "z": 0}, "pseudonym": 27}, {"time": 120.1099999973178, "location": {"x": -56.41927172272998, "y": 2.5566474360329647}, "speed": {"x": 2.880859439392226, "y": 0.0, "z": 0}, "pseudonym": 28}], "option": {"size": 786, "type": "CPM"}}
{"timestamp": 120.21999999485911, "ITS_PDU_Header": {"tmp": "tmp"}, "Management_Container": {"tmp": "tmp"}, "Station_Data_Container": {"sumo_id": "391", "location": [-113.136474609375, 5.75], "speed": [15.692139022621639, 0.0, 0], "yaw": 0.0}, "Sensor_Information_Container": [0, 1, 2, 3], "Perceived_Object_Container": [{"time": 120.20999999508263, "location": {"x": -111.42505959344611, "y": 2.7555679552270327}, "speed": {"x": 3.1738281959405885, "y": 0.0, "z": 0}, "pseudonym": 29}, {"time": 120.20999999508263, "location": {"x": -191.97236357297416, "y": 8.884803521855758}, "speed": {"x": 14.189148266370928, "y": 0.0, "z": 0}, "pseudonym": 30}, {"time": 120.20999999508263, "location": {"x": -213.30960291294662, "y": 8.804021208274605}, "speed": {"x": 14.149475413921671, "y": 0.0, "z": 0}, "pseudonym": 31}, {"time": 120.20999999508263, "location": {"x": -36.9637002579677, "y": 2.390515785653838}, "speed": {"x": 2.667236387742379, "y": 0.0, "z": 0}, "pseudonym": 32}, {"time": 120.20999999508263, "location": {"x": -14.77242177508063, "y": 2.743482142815896},