{"timestamp": 119.99999999977649, "ITS_PDU_Header": {"tmp": "tmp"}, "Basic_Container": {"tmp": "tmp"}, "HF_Container": {"sumo_id": "51", "location": [858.610595703125, -5.75], "speed": [85861.06148945677, -575.0000128522519, 0], "yaw": -179.99996948242188}, "LF_Container": {"tmp": "tmp"}, "Special_Vehicle_Container": {"tmp": "tmp"}, "option": {"size": 190, "type": "CAM"}}
{"timestamp": 120.00999999955297, "ITS_PDU_Header": {"tmp": "tmp"}, "Management_Container": {"tmp": "tmp"}, "Station_Data_Container": {"sumo_id": "51", "location": [858.610595703125, -5.75], "speed": [0.0, 0.0, 0], "yaw": -179.99996948242188}, "Sensor_Information_Container": [0, 1, 2, 3], "Perceived_Object_Container": [{"time": 119.99999999977649, "location": {"x": 867.9672085966338, "y": -2.5465350939537243}, "speed": {"x": 86841.8232301285, "y": -200.00000447034847, "z": 0}, "pseudonym": 0}], "option": {"size": 296, "type": "CPM"}}
{"timestamp": 120.1099999973178, "ITS_PDU_Header": {"tmp": "tmp"}, "Basic_Container": {"tmp": "tmp"}, "HF_Container": {"sumo_id": "51", "location": [857.3524169921875, -5.75], "speed": [-12.677002236478081, 0.0, 0], "yaw": -179.99996948242188}, "LF_Container": {"tmp": "tmp"}, "Special_Vehicle_Container": {"tmp": "tmp"}, "option": {"size": 190, "type": "CAM"}}
{"timestamp": 120.1099999973178, "ITS_PDU_Header": {"tmp": "tmp"}, "Management_Container": {"tmp": "tmp"}, "Station_Data_Container": {"sumo_id": "51", "location": [857.3524169921875, -5.75], "speed": [-12.677002236478081, 0.0, 0], "yaw": -179.99996948242188}, "Sensor_Information_Container": [0, 1, 2, 3], "Perceived_Object_Container": [{"time": 120.1099999973178, "location": {"x": 858.2866391857622, "y": -2.503136971108234}, "speed": {"x": -2.5085449779453497, "y": 0.0, "z": 0}, "pseudonym": 1}, {"time": 120.1099999973178, "location": {"x": 851.8076835229574, "y": 1.4940743539863997}, "speed": {"x": 5.187988397210577, "y": 0.0, "z": 0}, "pseudonym": 2}, {"time": 120.1099999973178, "location": {"x": 863.1636375357205, "y": 1.4222433844281221}, "speed": {"x": 5.102539176550638, "y": 0.0, "z": 0}, "pseudonym": 3}], "option": {"size": 366, "type": "CPM"}}
{"timestamp": 120.11999999709428, "ITS_PDU_Header": {"tmp": "tmp"}, "Management_Container": {"tmp": "tmp"}, "Station_Data_Container": {"sumo_id": "51", "location": [857.2252807617188, -5.75], "speed": [-12.713623331046627, 0.0, 0], "yaw": -179.99996948242188}, "Sensor_Information_Container": [0, 1, 2, 3], "Perceived_Object_Container": [{"time": 120.1099999973178, "location": {"x": 839.781723846815, "y": -2.2571396242710855}, "speed": {"x": -2.905273502437923, "y": 0.0, "z": 0}, "pseudonym": 4}, {"time": 120.1099999973178, "location": {"x": 849.2598379704183, "y": -2.3834324267544744}, "speed": {"x": -2.6855469350266516, "y": 0.0, "z": 0}, "pseudonym": 5}, {"time": 120.1099999973178, "location": {"x": 810.7799738950218, "y": -9.152623684713936}, "speed": {"x": -14.56298860675816, "y": 0.0, "z": 0}, "pseudonym": 6}, {"time": 120.1099999973178, "location": {"x": 717.2127301302436, "y": -9.254685220527465}, "speed": {"x": -16.687012091733784, "y": 0.0, "z": 0}, "pseudonym": 7}, {"time": 120.1099999973178, "location": {"x": 778.3314065681196, "y": -8.970962132122402}, "speed": {"x": -16.687012091733784, "y": 0.0, "z": 0}, "pseudonym": 8}, {"time": 120.1099999973178, "location": {"x": 790.5393973392593, "y": -5.679514037459038}, "speed": {"x": -8.624267770892406, "y": 0.0, "z": 0}, "pseudonym": 9}, {"time": 120.1099999973178, "location": {"x": 725.2191512371078, "y": -2.4339068965223722}, "speed": {"x": -5.194091912972001, "y": 0.0, "z": 0}, "pseudonym": 10}, {"time": 120.1099999973178, "location": {"x": 838.645871552247, "y": 1.5296614285063996}, "speed": {"x": 5.273437617870516, "y": 0.0, "z": 0}, "pseudonym": 11}, {"time": 120.1099999973178, "location": {"x": 785.1392709719802, "y": -1.9588887645608934}, "speed": {"x": -4.284668064519794, "y": 0.0, "z": 0}, "pseudonym": 12}, {"time": 120.1099999973178, "location": {"x": 812.7695407816009, "y": 1.9761996388801988}, "speed": {"x": 5.535888795611757, "y": 0.0, "z": 0}, "pseudonym": 13}, {"time": 120.1099999973178, "location": {"x": 818.528606337265, "y": -2.379151305958288}, "speed": {"x": -3.546142657387465, "y": 0.0, "z": 0}, "pseudonym": 14}, {"time": 120.1099999973178, "location": {"x": 838.0474296831344, "y": 8.685304695322047}, "speed": {"x": 16.662598028688087, "y": 0.0, "z": 0}, "pseudonym": 15}, {"time": 120.1099999973178, "location": {"x": 808.1953552793772, "y": -1.9112170447497334}, "speed": {"x": -4.010009855255705, "y": 0.0, "z": 0}, "pseudonym": 16}, {"time": 120.1099999973178, "location": {"x": 829.722205855357, "y": -2.753701524424684}, "speed": {"x": -3.1799317117020127, "y": 0.0, "z": 0}, "pseudonym": 17}, {"time": 120.1099999973178, "location": {"x": 896.9034770720156, "y": -2.2019935077674435}, "speed": {"x": -2.0629883273613823, "y": 0.0, "z": 0}, "pseudonym": 18}, {"time": 120.1099999973178, "location": {"x": 867.7528223883015, "y": -2.207712713594816}, "speed": {"x": -2.343750052386896, "y": 0.0, "z": 0}, "pseudonym": 19}, {"time": 120.1099999973178, "location": {"x": 874.3558011723768, "y": -5.610101101737223}, "speed": {"x": -11.93847682934575, "y": 0.0, "z": 0}, "pseudonym": 20}, {"time": 120.1099999973178, "location": {"x": 905.784970274718, "y": -2.266117071477305}, "speed": {"x": -2.0141602012699886, "y": 0.0, "z": 0}, "pseudonym": 21}, {"time": 120.1099999973178, "location": {"x": 935.175888834981, "y": -2.5558475194453716}, "speed": {"x": -2.026367232792837, "y": 0.0, "z": 0}, "pseudonym": 22}, {"time": 120.1099999973178, "location": {"x": 909.2776583056635, "y": 8.934413600189174}, "speed": {"x": 16.68090857597236, "y": 0.0, "z": 0}, "pseudonym": 23}, {"time": 120.1099999973178, "location": {"x": 915.6806097501271, "y": -2.375860251414209}, "speed": {"x": -2.0935059061685033, "y": 0.0, "z": 0}, "pseudonym": 24}, {"time": 120.1099999973178, "location": {"x": 908.6465349741701, "y": -8.414283028299305}, "speed": {"x": -6.512451317439631, "y": 0.0, "z": 0}, "pseudonym": 25}, {"time": 120.1099999973178, "location": {"x": 878.1815690387266, "y": -2.3256739655833356}, "speed": {"x": -2.209472705635563, "y": 0.0, "z": 0}, "pseudonym": 26}, {"time": 120.1099999973178, "location": {"x": 887.1376060984908, "y": -1.8254507934120703}, "speed": {"x": -2.1301270007370485, "y": 0.0, "z": 0}, "pseudonym": 27}, {"time": 120.1099999973178, "location": {"x": 925.4448406485842, "y": -2.4590914911711543}, "speed": {"x": -2.0080566855085644, "y": 0.0, "z": 0}, "pseudonym": 28}, {"time": 120.1099999973178, "location": {"x": 888.1440418502701, "y": 1.7760489747885597}, "speed": {"x": 4.888916124900791, "y": 0.0, "z": 0}, "pseudonym": 29}, {"time": 120.1099999973178, "location": {"x": 869.0741687201502, "y": -9.237973915914214}, "speed": {"x": -15.100097993763491, "y": 0.0, "z": 0}, "pseudonym": 30}], "option": {"size": 1206, "type": "CPM"}}
{"timestamp": 120.21999999485911, "ITS_PDU_Header": {"tmp": "tmp"}, "Management_Container": {"tmp": "tmp"}, "Station_Data_Container": {"sumo_id": "51", "location": [855.9434814453125, -5.75], "speed": [-12.915039351173625, 0.0, 0], "yaw": -179.99996948242188}, "Sensor_Information_Container": [0, 1, 2, 3], "Perceived_Object_Container": [{"time": 120.20999999508263, "location": {"x": 772.3437926765922, "y": -2.525694128050713}, "speed": {"x": -4.534912210738187, "y": 0.0, "z": 0}, "pseudonym": 31}, {"time": 120.20999999508263, "location": {"x": 743.0070355427761, "y": 1.2729329058471643}, "speed": {"x": 6.78710952670372, "y": 0.0, "z": 0}, "pseudonym": 32}, {"time": 120.20999999508263, "location": {"x": 748.8214696511392, "y": -2.469394298455344}, "speed": {"x": -4.913330187946488, "y": 0.0, "z": 0}, "pseudonym": 33}], "option": {"size": 366, "type": "CPM"}}
{"timestamp": 120.31999999262393, "ITS_PDU_Header": {"tmp": "tmp"}, "Management_Container": {"tmp": "tmp"}, "Station_Data_Container": {"sumo_id": "51", "location": [854.6423950195312, -5.75],