{"timestamp": 119.99999999977649, "ITS_PDU_Header": {"tmp": "tmp"}, "Basic_Container": {"tmp": "tmp"}, "HF_Container": {"sumo_id": "82", "location": [986.3706665039062, 5.75], "speed": [98637.06885510092, 575.0000128522519, 0], "yaw": 0.0}, "LF_Container": {"tmp": "tmp"}, "Special_Vehicle_Container": {"tmp": "tmp"}, "option": {"size": 190, "type": "CAM"}}
{"timestamp": 120.00999999955297, "ITS_PDU_Header": {"tmp": "tmp"}, "Management_Container": {"tmp": "tmp"}, "Station_Data_Container": {"sumo_id": "82", "location": [986.3706665039062, 5.75], "speed": [0.0, 0.0, 0], "yaw": 0.0}, "Sensor_Information_Container": [0, 1, 2, 3], "Perceived_Object_Container": [{"time": 119.99999999977649, "location": {"x": 974.1834723438712, "y": 2.2811714769522493}, "speed": {"x": 97377.04075076523, "y": 200.00000447034847, "z": 0}, "pseudonym": 0}, {"time": 119.99999999977649, "location": {"x": 944.7079273957089, "y": 9.007575243599092}, "speed": {"x": 94400.95425846326, "y": 925.0000206753616, "z": 0}, "pseudonym": 1}, {"time": 119.99999999977649, "location": {"x": 988.1581220467662, "y": -1.409234195252457}, "speed": {"x": 98756.20948276392, "y": -200.00000447034847, "z": 0}, "pseudonym": 2}, {"time": 119.99999999977649, "location": {"x": 991.2330742562457, "y": -5.557375977218447}, "speed": {"x": 99171.779560412, "y": -575.0000128522519, "z": 0}, "pseudonym": 3}], "option": {"size": 401, "type": "CPM"}}
{"timestamp": 120.1099999973178, "ITS_PDU_Header": {"tmp": "tmp"}, "Basic_Container": {"tmp": "tmp"}, "HF_Container": {"sumo_id": "82", "location": [988.0357666015625, 5.75], "speed": [16.644287481403815, 0.0, 0], "yaw": 0.0}, "LF_Container": {"tmp": "tmp"}, "Special_Vehicle_Container": {"tmp": "tmp"}, "option": {"size": 190, "type": "CAM"}}
{"timestamp": 120.1099999973178, "ITS_PDU_Header": {"tmp": "tmp"}, "Management_Container": {"tmp": "tmp"}, "Station_Data_Container": {"sumo_id": "82", "location": [988.0357666015625, 5.75], "speed": [16.644287481403815, 0.0, 0], "yaw": 0.0}, "Sensor_Information_Container": [0, 1, 2, 3], "Perceived_Object_Container": [{"time": 120.1099999973178, "location": {"x": 995.6190309161054, "y": 2.453565300830022}, "speed": {"x": 3.485107499773223, "y": 0.0, "z": 0}, "pseudonym": 4}], "option": {"size": 296, "type": "CPM"}}
{"timestamp": 120.11999999709428, "ITS_PDU_Header": {"tmp": "tmp"}, "Management_Container": {"tmp": "tmp"}, "Station_Data_Container": {"sumo_id": "82", "location": [988.202392578125, 5.75], "speed": [16.662598028688087, 0.0, 0], "yaw": 0.0}, "Sensor_Information_Container": [0, 1, 2, 3], "Perceived_Object_Container": [{"time": 120.1099999973178, "location": {"x": 987.8721381329283, "y": -1.408709822276511}, "speed": {"x": -3.4118653106361325, "y": 0.0, "z": 0}, "pseudonym": 5}, {"time": 120.1099999973178, "location": {"x": 986.1759570526533, "y": 1.9977793073690595}, "speed": {"x": 3.5644532046717377, "y": 0.0, "z": 0}, "pseudonym": 6}, {"time": 120.1099999973178, "location": {"x": 991.493689512221, "y": -5.085843600346203}, "speed": {"x": -6.677246242998084, "y": 0.0, "z": 0}, "pseudonym": 7}, {"time": 120.1099999973178, "location": {"x": 982.5381485197016, "y": -8.511147465974101}, "speed": {"x": -5.334472775484758, "y": 0.0, "z": 0}, "pseudonym": 8}, {"time": 120.1099999973178, "location": {"x": 951.0977862026109, "y": 2.1678221436120353}, "speed": {"x": 4.0649414971085225, "y": 0.0, "z": 0}, "pseudonym": 9}, {"time": 120.1099999973178, "location": {"x": 956.9577415953469, "y": -8.888377777235172}, "speed": {"x": -4.62646494715955, "y": 0.0, "z": 0}, "pseudonym": 10}, {"time": 120.1099999973178, "location": {"x": 939.3244265858096, "y": 2.1823033063148753}, "speed": {"x": 4.2724610329969455, "y": 0.0, "z": 0}, "pseudonym": 11}, {"time": 120.1099999973178, "location": {"x": 965.2808989409968, "y": 5.573380573120277}, "speed": {"x": 16.49169958736821, "y": 0.0, "z": 0}, "pseudonym": 12}, {"time": 120.1099999973178, "location": {"x": 901.7815919046866, "y": 2.40769784100895}, "speed": {"x": 4.772949325433731, "y": 0.0, "z": 0}, "pseudonym": 13}, {"time": 120.1099999973178, "location": {"x": 974.2238938959027, "y": 2.3266227977356544}, "speed": {"x": 3.6865235199002218, "y": 0.0, "z": 0}, "pseudonym": 14}, {"time": 120.1099999973178, "location": {"x": 976.6840454553051, "y": -1.8009081605503618}, "speed": {"x": -3.192138743224861, "y": 0.0, "z": 0}, "pseudonym": 15}, {"time": 120.1099999973178, "location": {"x": 927.3942823737011, "y": 2.3629518975616093}, "speed": {"x": 4.467773537362521, "y": 0.0, "z": 0}, "pseudonym": 16}, {"time": 120.1099999973178, "location": {"x": 974.394955810389, "y": -4.911185876772619}, "speed": {"x": -7.952881037135743, "y": 0.0, "z": 0}, "pseudonym": 17}, {"time": 120.1099999973178, "location": {"x": 911.5007866578235, "y": 9.676089823346699}, "speed": {"x": 16.68090857597236, "y": 0.0, "z": 0}, "pseudonym": 18}, {"time": 120.1099999973178, "location": {"x": 946.374334926424, "y": 9.246820778533925}, "speed": {"x": 16.619873418358118, "y": 0.0, "z": 0}, "pseudonym": 19}, {"time": 120.1099999973178, "location": {"x": 962.8920632908819, "y": 2.024833585393781}, "speed": {"x": 3.869628992742948, "y": 0.0, "z": 0}, "pseudonym": 20}, {"time": 120.1099999973178, "location": {"x": 982.2524375615642, "y": 8.655392682400908}, "speed": {"x": 16.30249059876406, "y": 0.0, "z": 0}, "pseudonym": 21}, {"time": 120.1099999973178, "location": {"x": 919.8725286774818, "y": -8.413653162364675}, "speed": {"x": -5.1696778499263045, "y": 0.0, "z": 0}, "pseudonym": 22}, {"time": 120.1099999973178, "location": {"x": 915.1191360925679, "y": 2.4753983458893285}, "speed": {"x": 4.620361431398126, "y": 0.0, "z": 0}, "pseudonym": 23}], "option": {"size": 926, "type": "CPM"}}
{"timestamp": 120.21999999485911, "ITS_PDU_Header": {"tmp": "tmp"}, "Management_Container": {"tmp": "tmp"}, "Station_Data_Container": {"sumo_id": "82", "location": [989.8675537109375, 5.75], "speed": [16.625976934119542, 0.0, 0], "yaw": 0.0}, "Sensor_Information_Container": [0, 1, 2, 3], "Perceived_Object_Container": [{"time": 120.20999999508263, "location": {"x": 926.9667043394386, "y": -1.6872350178292383}, "speed": {"x": -2.0080566855085644, "y": 0.0, "z": 0}, "pseudonym": 24}], "option": {"size": 296, "type": "CPM"}}
{"timestamp": 120.31999999262393, "ITS_PDU_Header": {"tmp": "tmp"}, "Management_Container": {"tmp": "tmp"}, "Station_Data_Container": {"sumo_id": "82", "location": [991.533203125, 5.75], "speed": [16.674805060210936, 0.0, 0], "yaw": 0.0}, "Sensor_Information_Container": [0, 1, 2, 3], "Perceived_Object_Container": [{"time": 120.30999999284745, "location": {"x": 996.8682582720252, "y": -1.9047690465372946}, "speed": {"x": -3.4423828894432535, "y": -0.9580493187468346, "z": 0}, "pseudonym": 25}, {"time": 120.30999999284745, "location": {"x": 946.0913339041834, "y": -1.8535358300765405}, "speed": {"x": -2.148437548021321, "y": 0.0, "z": 0}, "pseudonym": 26}, {"time": 120.30999999284745, "location": {"x": 984.8953448157405, "y": 2.7250642866436845}, "speed": {"x": 3.5339356258646166, "y": 0.0, "z": 0}, "pseudonym": 27}], "option": {"size": 366, "type": "CPM"}}
{"timestamp": 120.35999999172986, "ITS_PDU_Header": {"tmp": "tmp"}, "Basic_Container": {"tmp": "tmp"}, "HF_Container": {"sumo_id": "82", "location": [992.198974609375, 5.75], "speed": [16.619873418358118, 0.0, 0], "yaw": 0.0}, "LF_Container": {"tmp": "tmp"}, "Special_Vehicle_Container": {"tmp": "tmp"}, "option": {"size": 190, "type": "CAM"}}
{"timestamp": 120.41999999038876, "ITS_PDU_Header": {"tmp": "tmp"}, "Management_Container": {"tmp": "tmp"}, "Station_Data_Container": {"sumo_id": "82", "location": [993.198486328125, 5.75], "speed": [16.687012091733784, 0.0, 0], "yaw": 0.0}, "Sensor_Information_Container": [0, 1, 2, 3], "Perceived_Object_Container": [{"time": 120.40999999061228, "location": {"x": 997.154214026068, "y": -1.537072513822489}, "speed": {"x": -3.424072342158981, "y": 0.0, "z": 0}, "pseudonym": 25}, {"time": 120.40999999061228, "location": {"x": 989.8686256739521,