{"timestamp": 120.00000000149012, "ITS_PDU_Header": {"tmp": "tmp"}, "Management_Container": {"tmp": "tmp"}, "Station_Data_Container": {"sumo_id": "204", "location": [-330.04705810546875, 5.75], "speed": [-3300.4705318738443, 57.499999143183246, 0], "yaw": 0.0}, "Sensor_Information_Container": [0, 1, 2, 3], "Perceived_Object_Container": [{"time": 120.00000000149012, "location": {"x": -307.6438617218135, "y": 5.788216915388125}, "speed": {"x": -3062.546341083253, "y": 57.499999143183246, "z": 0}, "pseudonym": 0}, {"time": 120.00000000149012, "location": {"x": -299.7359397640163, "y": 2.048916943593235}, "speed": {"x": -2981.8255170907746, "y": 19.99999970197678, "z": 0}, "pseudonym": 1}, {"time": 120.00000000149012, "location": {"x": -331.42437252558943, "y": 2.39994311670155}, "speed": {"x": -3315.3087884886745, "y": 19.99999970197678, "z": 0}, "pseudonym": 2}], "option": {"size": 366, "type": "CPM"}}
{"timestamp": 120.00000000149012, "ITS_PDU_Header": {"tmp": "tmp"}, "Basic_Container": {"tmp": "tmp"}, "HF_Container": {"sumo_id": "204", "location": [-330.04705810546875, 5.75], "speed": [-3300.4705318738443, 57.499999143183246, 0], "yaw": 0.0}, "LF_Container": {"tmp": "tmp"}, "Special_Vehicle_Container": {"tmp": "tmp"}, "option": {"size": 190, "type": "CAM"}}
