{"timestamp": 120.00000000149012, "ITS_PDU_Header": {"tmp": "tmp"}, "Management_Container": {"tmp": "tmp"}, "Station_Data_Container": {"sumo_id": "463", "location": [159.05430603027344, 5.75], "speed": [1590.5430366017963, 57.499999143183246, 0], "yaw": 0.0}, "Sensor_Information_Container": [0, 1, 2, 3], "Perceived_Object_Container": [{"time": 120.00000000149012, "location": {"x": 163.85567815605444, "y": -1.4394310954524963}, "speed": {"x": 1635.3063721164112, "y": -19.99999970197678, "z": 0}, "pseudonym": 0}, {"time": 120.00000000149012, "location": {"x": 31.283555339105774, "y": 2.521970764539704}, "speed": {"x": 314.38231953408837, "y": 19.99999970197678, "z": 0}, "pseudonym": 1}, {"time": 120.00000000149012, "location": {"x": 187.91533237148366, "y": 2.0483593479623154}, "speed": {"x": 1892.7110008491427, "y": 19.99999970197678, "z": 0}, "pseudonym": 2}], "option": {"size": 366, "type": "CPM"}}
{"timestamp": 120.00000000149012, "ITS_PDU_Header": {"tmp": "tmp"}, "Basic_Container": {"tmp": "tmp"}, "HF_Container": {"sumo_id": "463", "location": [159.05430603027344, 5.75], "speed": [1590.5430366017963, 57.499999143183246, 0], "yaw": 0.0}, "LF_Container": {"tmp": "tmp"}, "Special_Vehicle_Container": {"tmp": "tmp"}, "option": {"size": 190, "type": "CAM"}}
