{"timestamp": 120.00000000149012, "ITS_PDU_Header": {"tmp": "tmp"}, "Management_Container": {"tmp": "tmp"}, "Station_Data_Container": {"sumo_id": "539", "location": [-45.2840576171875, -5.75], "speed": [-452.8405694240247, -57.499999143183246, 0], "yaw": -179.99996948242188}, "Sensor_Information_Container": [0, 1, 2, 3], "Perceived_Object_Container": [{"time": 120.00000000149012, "location": {"x": -10.396230871513568, "y": 2.0661489113136002}, "speed": {"x": -97.24120948849307, "y": 19.99999970197678, "z": 0}, "pseudonym": 0}, {"time": 120.00000000149012, "location": {"x": 0.35477413444850114, "y": 1.1667155337543242}, "speed": {"x": 0, "y": 0, "z": 0}, "pseudonym": 1}, {"time": 120.00000000149012, "location": {"x": -116.32925129282273, "y": -2.1150760499662367}, "speed": {"x": -1178.3769813421818, "y": -19.99999970197678, "z": 0}, "pseudonym": 2}, {"time": 120.00000000149012, "location": {"x": -115.83515904492185, "y": 9.793360454508235}, "speed": {"x": -1162.039777606133, "y": 92.4999986216426, "z": 0}, "pseudonym": 3}], "option": {"size": 401, "type": "CPM"}}
{"timestamp": 120.00000000149012, "ITS_PDU_Header": {"tmp": "tmp"}, "Basic_Container": {"tmp": "tmp"}, "HF_Container": {"sumo_id": "539", "location": [-45.2840576171875, -5.75], "speed": [-452.8405694240247, -57.499999143183246, 0], "yaw": -179.99996948242188}, "LF_Container": {"tmp": "tmp"}, "Special_Vehicle_Container": {"tmp": "tmp"}, "option": {"size": 190, "type": "CAM"}}
