{"timestamp": 39.00999912805855, "ITS_PDU_Header": {"tmp": "tmp"}, "Management_Container": {"tmp": "tmp"}, "Station_Data_Container": {"sumo_id": "39", "location": [-954.7366943359375, -5.75], "speed": [-95473.67156759661, -575.0000128522519, 0], "yaw": -179.99996948242188}, "Sensor_Information_Container": [0, 1, 2, 3], "Perceived_Object_Container": [{"time": 39.00999912805855, "location": {"x": -995.5171996578571, "y": -2.5658098586930183}, "speed": {"x": -4.97436534556073, "y": 0.0, "z": 0}, "pseudonym": 0}], "option": {"size": 296, "type": "CPM"}}
{"timestamp": 39.00999912805855, "ITS_PDU_Header": {"tmp": "tmp"}, "Basic_Container": {"tmp": "tmp"}, "HF_Container": {"sumo_id": "39", "location": [-954.7366943359375, -5.75], "speed": [-95473.67156759661, -575.0000128522519, 0], "yaw": -179.99996948242188}, "LF_Container": {"tmp": "tmp"}, "Special_Vehicle_Container": {"tmp": "tmp"}, "option": {"size": 190, "type": "CAM"}}
{"timestamp": 39.11999912559986, "ITS_PDU_Header": {"tmp": "tmp"}, "Management_Container": {"tmp": "tmp"}, "Station_Data_Container": {"sumo_id": "39", "location": [-954.753662109375, -5.75], "speed": [-0.2807617250255136, 0.0, 0], "yaw": -179.99996948242188}, "Sensor_Information_Container": [0, 1, 2, 3], "Perceived_Object_Container": [{"time": 39.11999912559986, "location": {"x": -838.4555835144088, "y": 5.551922355081707}, "speed": {"x": 18.15795939023702, "y": 0.0, "z": 0}, "pseudonym": 1}, {"time": 39.11999912559986, "location": {"x": -847.8689818792257, "y": -2.2764913191606615}, "speed": {"x": -15.832519885134396, "y": 0.0, "z": 0}, "pseudonym": 2}, {"time": 39.11999912559986, "location": {"x": -809.2049619298724, "y": -9.383878819004622}, "speed": {"x": -18.24340861089696, "y": 0.0, "z": 0}, "pseudonym": 3}, {"time": 39.11999912559986, "location": {"x": -995.9193979449728, "y": -2.2977297343370164}, "speed": {"x": -4.437255958555399, "y": 0.0, "z": 0}, "pseudonym": 0}], "option": {"size": 401, "type": "CPM"}}
{"timestamp": 39.11999912559986, "ITS_PDU_Header": {"tmp": "tmp"}, "Basic_Container": {"tmp": "tmp"}, "HF_Container": {"sumo_id": "39", "location": [-954.753662109375, -5.75], "speed": [-0.2807617250255136, 0.0, 0], "yaw": -179.99996948242188}, "LF_Container": {"tmp": "tmp"}, "Special_Vehicle_Container": {"tmp": "tmp"}, "option": {"size": 190, "type": "CAM"}}
{"timestamp": 39.21999912336469, "ITS_PDU_Header": {"tmp": "tmp"}, "Management_Container": {"tmp": "tmp"}, "Station_Data_Container": {"sumo_id": "39", "location": [-954.795654296875, -5.75], "speed": [-0.5371093870053303, 0.0, 0], "yaw": -179.99996948242188}, "Sensor_Information_Container": [0, 1, 2, 3], "Perceived_Object_Container": [{"time": 39.21999912336469, "location": {"x": -996.8202356412627, "y": -2.448682652796239}, "speed": {"x": -3.515625078580344, "y": 1.1516094465168443, "z": 0}, "pseudonym": 0}], "option": {"size": 296, "type": "CPM"}}
{"timestamp": 39.31999912112951, "ITS_PDU_Header": {"tmp": "tmp"}, "Management_Container": {"tmp": "tmp"}, "Station_Data_Container": {"sumo_id": "39", "location": [-954.862548828125, -5.75], "speed": [-0.7812500174622987, 0.0, 0], "yaw": -179.99996948242188}, "Sensor_Information_Container": [0, 1, 2, 3], "Perceived_Object_Container": [{"time": 39.31999912112951, "location": {"x": -812.7782737885344, "y": -6.280034320598884}, "speed": {"x": -18.237305095135536, "y": 0.0, "z": 0}, "pseudonym": 4}], "option": {"size": 296, "type": "CPM"}}
{"timestamp": 39.31999912112951, "ITS_PDU_Header": {"tmp": "tmp"}, "Basic_Container": {"tmp": "tmp"}, "HF_Container": {"sumo_id": "39", "location": [-954.862548828125, -5.75], "speed": [-0.7812500174622987, 0.0, 0], "yaw": -179.99996948242188}, "LF_Container": {"tmp": "tmp"}, "Special_Vehicle_Container": {"tmp": "tmp"}, "option": {"size": 190, "type": "CAM"}}
{"timestamp": 39.41999911889434, "ITS_PDU_Header": {"tmp": "tmp"}, "Management_Container": {"tmp": "tmp"}, "Station_Data_Container": {"sumo_id": "39", "location": [-954.9532470703125, -5.75], "speed": [-1.0131836163964185, 0.0, 0], "yaw": -179.99996948242188}, "Sensor_Information_Container": [0, 1, 2, 3], "Perceived_Object_Container": [{"time": 39.41999911889434, "location": {"x": -803.8114643521321, "y": -2.4928188557084834}, "speed": {"x": -20.84350632526367, "y": 0.0, "z": 0}, "pseudonym": 5}, {"time": 39.41999911889434, "location": {"x": -975.6489447155507, "y": 1.9887231163671695}, "speed": {"x": 10.809326413482273, "y": 0.0, "z": 0}, "pseudonym": 6}], "option": {"size": 331, "type": "CPM"}}
{"timestamp": 39.61999911442399, "ITS_PDU_Header": {"tmp": "tmp"}, "Management_Container": {"tmp": "tmp"}, "Station_Data_Container": {"sumo_id": "39", "location": [-955.2026977539062, -5.75], "speed": [-1.4587402669803857, 0.0, 0], "yaw": -179.99996948242188}, "Sensor_Information_Container": [0, 1, 2, 3], "Perceived_Object_Container": [{"time": 39.61999911442399, "location": {"x": -997.741317123164, "y": -1.774383238768785}, "speed": {"x": -2.337646536625472, "y": 1.6329288847654064, "z": 0}, "pseudonym": 0}], "option": {"size": 296, "type": "CPM"}}
{"timestamp": 39.61999911442399, "ITS_PDU_Header": {"tmp": "tmp"}, "Basic_Container": {"tmp": "tmp"}, "HF_Container": {"sumo_id": "39", "location": [-955.2026977539062, -5.75], "speed": [-1.4587402669803857, 0.0, 0], "yaw": -179.99996948242188}, "LF_Container": {"tmp": "tmp"}, "Special_Vehicle_Container": {"tmp": "tmp"}, "option": {"size": 190, "type": "CAM"}}
{"timestamp": 39.91999910771847, "ITS_PDU_Header": {"tmp": "tmp"}, "Management_Container": {"tmp": "tmp"}, "Station_Data_Container": {"sumo_id": "39", "location": [-955.7411499023438, -5.75], "speed": [-2.111816453452776, 0.0, 0], "yaw": -179.99996948242188}, "Sensor_Information_Container": [0, 1, 2, 3], "Perceived_Object_Container": [{"time": 39.91999910771847, "location": {"x": -998.5784672833194, "y": -1.4626679655818742}, "speed": {"x": 0.07934570489851471, "y": 0.6366968297220058, "z": 0}, "pseudonym": 0}], "option": {"size": 296, "type": "CPM"}}
{"timestamp": 39.91999910771847, "ITS_PDU_Header": {"tmp": "tmp"}, "Basic_Container": {"tmp": "tmp"}, "HF_Container": {"sumo_id": "39", "location": [-955.7411499023438, -5.75], "speed": [-2.111816453452776, 0.0, 0], "yaw": -179.99996948242188}, "LF_Container": {"tmp": "tmp"}, "Special_Vehicle_Container": {"tmp": "tmp"}, "option": {"size": 190, "type": "CAM"}}
{"timestamp": 40.01999910548329, "ITS_PDU_Header": {"tmp": "tmp"}, "Management_Container": {"tmp": "tmp"}, "Station_Data_Container": {"sumo_id": "39", "location": [-955.9632568359375, -5.75], "speed": [-2.3193359893411993, 0.0, 0], "yaw": -179.99996948242188}, "Sensor_Information_Container": [0, 1, 2, 3], "Perceived_Object_Container": [{"time": 40.01999910548329, "location": {"x": -998.7341910473858, "y": -1.9527635226601219}, "speed": {"x": -0.6225586076652693, "y": 0.5361318708091647, "z": 0}, "pseudonym": 0}], "option": {"size": 296, "type": "CPM"}}
{"timestamp": 40.11999910324812, "ITS_PDU_Header": {"tmp": "tmp"}, "Management_Container": {"tmp": "tmp"}, "Station_Data_Container": {"sumo_id": "39", "location": [-956.2057495117188, -5.75], "speed": [-2.5085449779453497, 0.0, 0], "yaw": -179.99996948242188}, "Sensor_Information_Container": [0, 1, 2, 3], "Perceived_Object_Container": [{"time": 40.11999910324812, "location": {"x": -818.21691885861, "y": -1.9302586039546101}, "speed": {"x": -20.263672327928372, "y": 0.0, "z": 0}, "pseudonym": 5}, {"time": 40.11999910324812, "location": {"x": -999.0361974255072, "y": -1.7854557539627234}, "speed": {"x": -1.5136719088332036, "y": 0.7819533522863691, "z": 0}, "pseudonym": 0}], "option": {"size": 331, "type": "CPM"}}
{"timestamp": 40.219999101012945, "ITS_PDU_Header": {"tmp": "tmp"}, "Management_Container": {"tmp": "tmp"}, "Station_Data_Container": {"sumo_id": "39", "location": [-956.4663696289062, -5.75], "speed": [-2.6794434192652274, 0.0, 0], "yaw": -179.99996948242188}, "Sensor_Information_Container": [0, 1, 2, 3], "Perceived_Object_Container": [{"time": 40.219999101012945,