{"timestamp": 41.00999908335507, "ITS_PDU_Header": {"tmp": "tmp"}, "Management_Container": {"tmp": "tmp"}, "Station_Data_Container": {"sumo_id": "41", "location": [-595.817138671875, -2.0], "speed": [-59581.71519894261, -200.00000447034847, 0], "yaw": -179.99996948242188}, "Sensor_Information_Container": [0, 1, 2, 3], "Perceived_Object_Container": [{"time": 41.00999908335507, "location": {"x": -712.4899934871385, "y": -2.0789047190504175}, "speed": {"x": -14.001465156707134, "y": 0.0, "z": 0}, "pseudonym": 0}, {"time": 41.00999908335507, "location": {"x": -580.4820315416376, "y": -5.409058358687785}, "speed": {"x": -10.10742210091849, "y": 0.0, "z": 0}, "pseudonym": 1}], "option": {"size": 331, "type": "CPM"}}
{"timestamp": 41.00999908335507, "ITS_PDU_Header": {"tmp": "tmp"}, "Basic_Container": {"tmp": "tmp"}, "HF_Container": {"sumo_id": "41", "location": [-595.817138671875, -2.0], "speed": [-59581.71519894261, -200.00000447034847, 0], "yaw": -179.99996948242188}, "LF_Container": {"tmp": "tmp"}, "Special_Vehicle_Container": {"tmp": "tmp"}, "option": {"size": 190, "type": "CAM"}}
{"timestamp": 41.11999908089638, "ITS_PDU_Header": {"tmp": "tmp"}, "Management_Container": {"tmp": "tmp"}, "Station_Data_Container": {"sumo_id": "41", "location": [-595.8341064453125, -2.0], "speed": [-0.2807617250255136, 0.0, 0], "yaw": -179.99996948242188}, "Sensor_Information_Container": [0, 1, 2, 3], "Perceived_Object_Container": [{"time": 41.11999908089638, "location": {"x": -581.2634530884148, "y": -9.056557617720605}, "speed": {"x": -10.314941636806912, "y": 0.0, "z": 0}, "pseudonym": 2}, {"time": 41.11999908089638, "location": {"x": -490.21075753658494, "y": 1.8020657840536831}, "speed": {"x": 18.612671314463125, "y": 0.0, "z": 0}, "pseudonym": 3}, {"time": 41.11999908089638, "location": {"x": -746.6884281743377, "y": -5.777500486280777}, "speed": {"x": -6.463623191348237, "y": 0.0, "z": 0}, "pseudonym": 4}], "option": {"size": 366, "type": "CPM"}}
{"timestamp": 41.11999908089638, "ITS_PDU_Header": {"tmp": "tmp"}, "Basic_Container": {"tmp": "tmp"}, "HF_Container": {"sumo_id": "41", "location": [-595.8341064453125, -2.0], "speed": [-0.2807617250255136, 0.0, 0], "yaw": -179.99996948242188}, "LF_Container": {"tmp": "tmp"}, "Special_Vehicle_Container": {"tmp": "tmp"}, "option": {"size": 190, "type": "CAM"}}
{"timestamp": 41.2199990786612, "ITS_PDU_Header": {"tmp": "tmp"}, "Management_Container": {"tmp": "tmp"}, "Station_Data_Container": {"sumo_id": "41", "location": [-595.8759155273438, -2.0], "speed": [-0.5310058712439061, 0.0, 0], "yaw": -179.99996948242188}, "Sensor_Information_Container": [0, 1, 2, 3], "Perceived_Object_Container": [{"time": 41.2199990786612, "location": {"x": -702.8027379614031, "y": 5.918744832879189}, "speed": {"x": 8.544922065993891, "y": 0.0, "z": 0}, "pseudonym": 5}, {"time": 41.2199990786612, "location": {"x": -699.8348674656309, "y": 2.0280009457648815}, "speed": {"x": 18.499756272876777, "y": 0.0, "z": 0}, "pseudonym": 6}], "option": {"size": 331, "type": "CPM"}}
{"timestamp": 41.31999907642603, "ITS_PDU_Header": {"tmp": "tmp"}, "Management_Container": {"tmp": "tmp"}, "Station_Data_Container": {"sumo_id": "41", "location": [-595.9423828125, -2.0], "speed": [-0.7751465017008744, 0.0, 0], "yaw": -179.99996948242188}, "Sensor_Information_Container": [0, 1, 2, 3], "Perceived_Object_Container": [{"time": 41.31999907642603, "location": {"x": -583.7191418925939, "y": -9.536321878273737}, "speed": {"x": -10.736084224345182, "y": 0.0, "z": 0}, "pseudonym": 7}], "option": {"size": 296, "type": "CPM"}}
{"timestamp": 41.419999074190855, "ITS_PDU_Header": {"tmp": "tmp"}, "Management_Container": {"tmp": "tmp"}, "Station_Data_Container": {"sumo_id": "41", "location": [-596.0332641601562, -2.0], "speed": [-1.0192871321578427, 0.0, 0], "yaw": -179.99996948242188}, "Sensor_Information_Container": [0, 1, 2, 3], "Perceived_Object_Container": [{"time": 41.419999074190855, "location": {"x": -583.7204781954898, "y": -8.648316850863056}, "speed": {"x": -10.943603760233605, "y": 0.0, "z": 0}, "pseudonym": 2}], "option": {"size": 296, "type": "CPM"}}
{"timestamp": 41.419999074190855, "ITS_PDU_Header": {"tmp": "tmp"}, "Basic_Container": {"tmp": "tmp"}, "HF_Container": {"sumo_id": "41", "location": [-596.0332641601562, -2.0], "speed": [-1.0192871321578427, 0.0, 0], "yaw": -179.99996948242188}, "LF_Container": {"tmp": "tmp"}, "Special_Vehicle_Container": {"tmp": "tmp"}, "option": {"size": 190, "type": "CAM"}}
{"timestamp": 41.51999907195568, "ITS_PDU_Header": {"tmp": "tmp"}, "Management_Container": {"tmp": "tmp"}, "Station_Data_Container": {"sumo_id": "41", "location": [-596.1484375, -2.0], "speed": [-1.257324246853387, 0.0, 0], "yaw": -179.99996948242188}, "Sensor_Information_Container": [0, 1, 2, 3], "Perceived_Object_Container": [{"time": 41.51999907195568, "location": {"x": -699.8671247499324, "y": 5.17390530692889}, "speed": {"x": 9.143066610613465, "y": 0.0, "z": 0}, "pseudonym": 5}], "option": {"size": 296, "type": "CPM"}}
{"timestamp": 41.71999906748533, "ITS_PDU_Header": {"tmp": "tmp"}, "Management_Container": {"tmp": "tmp"}, "Station_Data_Container": {"sumo_id": "41", "location": [-596.44921875, -2.0], "speed": [-1.7211914447216268, 0.0, 0], "yaw": -179.99996948242188}, "Sensor_Information_Container": [0, 1, 2, 3], "Perceived_Object_Container": [{"time": 41.71999906748533, "location": {"x": -587.105504053474, "y": -8.633509433336114}, "speed": {"x": -11.51733424180748, "y": 0.0, "z": 0}, "pseudonym": 2}], "option": {"size": 296, "type": "CPM"}}
{"timestamp": 41.71999906748533, "ITS_PDU_Header": {"tmp": "tmp"}, "Basic_Container": {"tmp": "tmp"}, "HF_Container": {"sumo_id": "41", "location": [-596.44921875, -2.0], "speed": [-1.7211914447216268, 0.0, 0], "yaw": -179.99996948242188}, "LF_Container": {"tmp": "tmp"}, "Special_Vehicle_Container": {"tmp": "tmp"}, "option": {"size": 190, "type": "CAM"}}
{"timestamp": 41.81999906525016, "ITS_PDU_Header": {"tmp": "tmp"}, "Management_Container": {"tmp": "tmp"}, "Station_Data_Container": {"sumo_id": "41", "location": [-596.6341552734375, -2.0], "speed": [-1.9531250436557466, 0.0, 0], "yaw": -179.99996948242188}, "Sensor_Information_Container": [0, 1, 2, 3], "Perceived_Object_Container": [{"time": 41.81999906525016, "location": {"x": -697.0455142889044, "y": 5.733792654439249}, "speed": {"x": 9.71679709218734, "y": 0.0, "z": 0}, "pseudonym": 5}], "option": {"size": 296, "type": "CPM"}}
