{"timestamp": 150.5000000089407, "ITS_PDU_Header": {"tmp": "tmp"}, "Management_Container": {"tmp": "tmp"}, "Station_Data_Container": {"sumo_id": "104", "location": [-975.7665405273438, 9.25], "speed": [8.931884632529547, 0.0, 0]}, "Sensor_Information_Container": ["360_sensor", "forward_sensor", "backward_sensor"], "Perceived_Object_Container": [{"time": 150.5000000089407, "location": {"x": -944.3579640697452, "y": 8.51990583576712}, "speed": {"x": 14.356078887640255, "y": 0.0, "z": 0}, "pseudonym": 0}], "option": {"size": 261, "type": "CPM"}}
{"timestamp": 150.5000000089407, "ITS_PDU_Header": {"tmp": "tmp"}, "Management_Container": {"tmp": "tmp"}, "Station_Data_Container": {"sumo_id": "103", "location": [-942.5414428710938, 9.25], "speed": [14.591674587254605, 0.0, 0]}, "Sensor_Information_Container": ["360_sensor", "forward_sensor", "backward_sensor"], "Perceived_Object_Container": [{"time": 150.5000000089407, "location": {"x": -974.7497067784169, "y": 9.998700176422433}, "speed": {"x": 8.931884632529547, "y": 0.0, "z": 0}, "pseudonym": 1}], "option": {"size": 261, "type": "CPM"}}
{"timestamp": 150.5000000089407, "ITS_PDU_Header": {"tmp": "tmp"}, "Management_Container": {"tmp": "tmp"}, "Station_Data_Container": {"sumo_id": "9", "location": [-986.9724731445312, 2.0], "speed": [8.485107295437048, 0.0, 0]}, "Sensor_Information_Container": ["360_sensor", "forward_sensor", "backward_sensor"], "Perceived_Object_Container": [{"time": 150.5000000089407, "location": {"x": -1000.3575238015716, "y": 1.2214194064465125}, "speed": {"x": -0.08483886592330238, "y": 0.5977129847152086, "z": 0}, "pseudonym": 1}, {"time": 150.5000000089407, "location": {"x": -993.5599999694143, "y": -4.633277754062844}, "speed": {"x": -11.61743146751178, "y": 0.0, "z": 0}, "pseudonym": 2}], "option": {"size": 296, "type": "CPM"}}
{"timestamp": 150.5000000089407, "ITS_PDU_Header": {"tmp": "tmp"}, "Management_Container": {"tmp": "tmp"}, "Station_Data_Container": {"sumo_id": "102", "location": [-900.9688720703125, 9.25], "speed": [17.262572984955117, 0.0, 0]}, "Sensor_Information_Container": ["360_sensor", "forward_sensor", "backward_sensor"], "Perceived_Object_Container": [{"time": 150.5000000089407, "location": {"x": -941.5801544189395, "y": 9.250021630877393}, "speed": {"x": 14.356078887640255, "y": 0.0, "z": 0}, "pseudonym": 1}], "option": {"size": 261, "type": "CPM"}}
{"timestamp": 150.5000000089407, "ITS_PDU_Header": {"tmp": "tmp"}, "Management_Container": {"tmp": "tmp"}, "Station_Data_Container": {"sumo_id": "38", "location": [-829.395751953125, -2.0], "speed": [-19.66796845692443, 0.0, 0]}, "Sensor_Information_Container": ["360_sensor", "forward_sensor", "backward_sensor"], "Perceived_Object_Container": [{"time": 150.5000000089407, "location": {"x": -969.7947540283004, "y": -2.0000747810318815}, "speed": {"x": -11.194457841002079, "y": 0.0, "z": 0}, "pseudonym": 1}], "option": {"size": 261, "type": "CPM"}}
{"timestamp": 150.60000001043082, "ITS_PDU_Header": {"tmp": "tmp"}, "Basic_Container": {"tmp": "tmp"}, "HF_Container": {"tmp": "tmp"}, "LF_Container": {"tmp": "tmp"}, "Special_Vehicle_Container": {"tmp": "tmp"}, "option": {"size": 190, "type": "CAM"}}
