{"timestamp": 40.100000597536564, "ITS_PDU_Header": {"tmp": "tmp"}, "Management_Container": {"tmp": "tmp"}, "Station_Data_Container": {"sumo_id": "19", "location": [876.8505859375, -5.75], "speed": [-20.580444029264985, 0.0, 0]}, "Sensor_Information_Container": ["360_sensor", "forward_sensor", "backward_sensor"], "Perceived_Object_Container": [{"time": 40.100000597536564, "location": {"x": 984.1399328006471, "y": -8.243944351633825}, "speed": {"x": -6.002197176185293, "y": 0.0, "z": 0}, "pseudonym": 5}], "option": {"size": 261, "type": "CPM"}}
{"timestamp": 40.20000059902668, "ITS_PDU_Header": {"tmp": "tmp"}, "Management_Container": {"tmp": "tmp"}, "Station_Data_Container": {"sumo_id": "19", "location": [874.7858276367188, -5.75], "speed": [-20.64758270013954, 0.0, 0]}, "Sensor_Information_Container": ["360_sensor", "forward_sensor", "backward_sensor"], "Perceived_Object_Container": [{"time": 40.20000059902668, "location": {"x": 922.3625480473643, "y": -8.517409601304275}, "speed": {"x": -16.751708734755088, "y": 0.0, "z": 0}, "pseudonym": 2}, {"time": 40.20000059902668, "location": {"x": 961.7110601601693, "y": -9.793306752162971}, "speed": {"x": -11.342162916926101, "y": 0.0, "z": 0}, "pseudonym": 4}], "option": {"size": 296, "type": "CPM"}}
{"timestamp": 40.20000059902668, "ITS_PDU_Header": {"tmp": "tmp"}, "Basic_Container": {"tmp": "tmp"}, "HF_Container": {"tmp": "tmp"}, "LF_Container": {"tmp": "tmp"}, "Special_Vehicle_Container": {"tmp": "tmp"}, "option": {"size": 190, "type": "CAM"}}
{"timestamp": 40.40000060200691, "ITS_PDU_Header": {"tmp": "tmp"}, "Basic_Container": {"tmp": "tmp"}, "HF_Container": {"tmp": "tmp"}, "LF_Container": {"tmp": "tmp"}, "Special_Vehicle_Container": {"tmp": "tmp"}, "option": {"size": 190, "type": "CAM"}}
{"timestamp": 40.50000060349703, "ITS_PDU_Header": {"tmp": "tmp"}, "Management_Container": {"tmp": "tmp"}, "Station_Data_Container": {"sumo_id": "19", "location": [868.59326171875, -5.75], "speed": [-20.618896177129503, 0.0, 0]}, "Sensor_Information_Container": ["360_sensor", "forward_sensor", "backward_sensor"], "Perceived_Object_Container": [{"time": 40.50000060349703, "location": {"x": 981.498866429574, "y": -8.37449444766898}, "speed": {"x": -6.726684470077091, "y": 0.0, "z": 0}, "pseudonym": 5}, {"time": 40.50000060349703, "location": {"x": 801.9506371647497, "y": -8.849934100081356}, "speed": {"x": -15.609740978334234, "y": 0.0, "z": 0}, "pseudonym": 3}, {"time": 40.50000060349703, "location": {"x": 917.1402278148029, "y": -8.57384617789562}, "speed": {"x": -17.252807360100636, "y": 0.0, "z": 0}, "pseudonym": 2}, {"time": 40.50000060349703, "location": {"x": 958.11905645044, "y": -8.872250045757793}, "speed": {"x": -11.873168768388497, "y": 0.0, "z": 0}, "pseudonym": 4}, {"time": 40.50000060349703, "location": {"x": 747.4731978344136, "y": -9.974180186238929}, "speed": {"x": -16.571044674947192, "y": 0.0, "z": 0}, "pseudonym": 6}], "option": {"size": 401, "type": "CPM"}}
{"timestamp": 40.600000604987144, "ITS_PDU_Header": {"tmp": "tmp"}, "Basic_Container": {"tmp": "tmp"}, "HF_Container": {"tmp": "tmp"}, "LF_Container": {"tmp": "tmp"}, "Special_Vehicle_Container": {"tmp": "tmp"}, "option": {"size": 190, "type": "CAM"}}
{"timestamp": 40.80000060796738, "ITS_PDU_Header": {"tmp": "tmp"}, "Management_Container": {"tmp": "tmp"}, "Station_Data_Container": {"sumo_id": "19", "location": [862.387939453125, -5.75], "speed": [-20.686645199557464, 0.0, 0]}, "Sensor_Information_Container": ["360_sensor", "forward_sensor", "backward_sensor"], "Perceived_Object_Container": [{"time": 40.80000060796738, "location": {"x": 979.315262040439, "y": -8.467979410297476}, "speed": {"x": -7.263183485520132, "y": 0.0, "z": 0}, "pseudonym": 5}, {"time": 40.80000060796738, "location": {"x": 954.3705916421583, "y": -8.957933991168165}, "speed": {"x": -12.487182431113983, "y": 0.0, "z": 0}, "pseudonym": 4}, {"time": 40.80000060796738, "location": {"x": 911.7624252586313, "y": -8.62198076912939}, "speed": {"x": -17.846679421563753, "y": 0.0, "z": 0}, "pseudonym": 2}], "option": {"size": 331, "type": "CPM"}}
{"timestamp": 40.80000060796738, "ITS_PDU_Header": {"tmp": "tmp"}, "Basic_Container": {"tmp": "tmp"}, "HF_Container": {"tmp": "tmp"}, "LF_Container": {"tmp": "tmp"}, "Special_Vehicle_Container": {"tmp": "tmp"}, "option": {"size": 190, "type": "CAM"}}
{"timestamp": 41.00000061094761, "ITS_PDU_Header": {"tmp": "tmp"}, "Basic_Container": {"tmp": "tmp"}, "HF_Container": {"tmp": "tmp"}, "LF_Container": {"tmp": "tmp"}, "Special_Vehicle_Container": {"tmp": "tmp"}, "option": {"size": 190, "type": "CAM"}}
{"timestamp": 41.100000612437725, "ITS_PDU_Header": {"tmp": "tmp"}, "Management_Container": {"tmp": "tmp"}, "Station_Data_Container": {"sumo_id": "19", "location": [856.1976928710938, -5.75], "speed": [-20.64880340324635, 0.0, 0]}, "Sensor_Information_Container": ["360_sensor", "forward_sensor", "backward_sensor"], "Perceived_Object_Container": [{"time": 41.100000612437725, "location": {"x": 976.9565762668316, "y": -8.557044165704168}, "speed": {"x": -7.8302000786334265, "y": 0.0, "z": 0}, "pseudonym": 5}, {"time": 41.100000612437725, "location": {"x": 950.443396394186, "y": -9.036858865864831}, "speed": {"x": -13.104247851606491, "y": 0.0, "z": 0}, "pseudonym": 4}], "option": {"size": 296, "type": "CPM"}}
{"timestamp": 41.20000061392784, "ITS_PDU_Header": {"tmp": "tmp"}, "Basic_Container": {"tmp": "tmp"}, "HF_Container": {"tmp": "tmp"}, "LF_Container": {"tmp": "tmp"}, "Special_Vehicle_Container": {"tmp": "tmp"}, "option": {"size": 190, "type": "CAM"}}
{"timestamp": 41.40000061690807, "ITS_PDU_Header": {"tmp": "tmp"}, "Management_Container": {"tmp": "tmp"}, "Station_Data_Container": {"sumo_id": "19", "location": [850.0012817382812, -5.75], "speed": [-20.659789731207642, 0.0, 0]}, "Sensor_Information_Container": ["360_sensor", "forward_sensor", "backward_sensor"], "Perceived_Object_Container": [{"time": 41.40000061690807, "location": {"x": 974.3997764508478, "y": -8.641647048945929}, "speed": {"x": -8.531494013495832, "y": 0.0, "z": 0}, "pseudonym": 5}], "option": {"size": 261, "type": "CPM"}}
{"timestamp": 41.40000061690807, "ITS_PDU_Header": {"tmp": "tmp"}, "Basic_Container": {"tmp": "tmp"}, "HF_Container": {"tmp": "tmp"}, "LF_Container": {"tmp": "tmp"}, "Special_Vehicle_Container": {"tmp": "tmp"}, "option": {"size": 190, "type": "CAM"}}
{"timestamp": 41.50000061839819, "ITS_PDU_Header": {"tmp": "tmp"}, "Management_Container": {"tmp": "tmp"}, "Station_Data_Container": {"sumo_id": "19", "location": [847.9398193359375, -5.75], "speed": [-20.614623716255668, 0.0, 0]}, "Sensor_Information_Container": ["360_sensor", "forward_sensor", "backward_sensor"], "Perceived_Object_Container": [{"time": 41.50000061839819, "location": {"x": 944.9698332147349, "y": -9.133962869929338}, "speed": {"x": -13.710937295691114, "y": 0.0, "z": 0}, "pseudonym": 4}, {"time": 41.50000061839819, "location": {"x": 786.3205024677467, "y": -9.334317065002399}, "speed": {"x": -15.675048594548574, "y": 0.0, "z": 0}, "pseudonym": 3}, {"time": 41.50000061839819, "location": {"x": 731.0151722431884, "y": -9.827860939735217}, "speed": {"x": -16.50573705873285, "y": 0.0, "z": 0}, "pseudonym": 6}], "option": {"size": 331, "type": "CPM"}}
{"timestamp": 41.600000619888306, "ITS_PDU_Header": {"tmp": "tmp"}, "Basic_Container": {"tmp": "tmp"}, "HF_Container": {"tmp": "tmp"}, "LF_Container": {"tmp": "tmp"}, "Special_Vehicle_Container": {"tmp": "tmp"}, "option": {"size": 190, "type": "CAM"}}
{"timestamp": 41.70000062137842, "ITS_PDU_Header": {"tmp": "tmp"}, "Management_Container": {"tmp": "tmp"}, "Station_Data_Container": {"sumo_id": "19", "location": [843.8211669921875, -5.75], "speed": [-20.59814422431373, 0.0, 0]}, "Sensor_Information_Container": ["360_sensor", "forward_sensor", "backward_sensor"], "Perceived_Object_Container": [{"time": 41.70000062137842, "location": {"x": 971.6766898963423, "y": -8.722005781512804}, "speed": {"x": -9.07836900534676, "y": 0.0, "z": 0}, "pseudonym": 5}],