{"timestamp": 40.100000597536564, "ITS_PDU_Header": {"tmp": "tmp"}, "Management_Container": {"tmp": "tmp"}, "Station_Data_Container": {"sumo_id": "27", "location": [987.1978759765625, -9.25], "speed": [-6.137695221041215, 0.0, 0]}, "Sensor_Information_Container": ["360_sensor", "forward_sensor", "backward_sensor"], "Perceived_Object_Container": [{"time": 40.100000597536564, "location": {"x": 996.7225241816586, "y": -9.381822242707857}, "speed": {"x": -0.7592773324358861, "y": 0.0, "z": 0}, "pseudonym": 2}, {"time": 40.100000597536564, "location": {"x": 964.3504370437379, "y": -9.781102254037268}, "speed": {"x": -11.171874833526092, "y": 0.0, "z": 0}, "pseudonym": 0}], "option": {"size": 296, "type": "CPM"}}
{"timestamp": 40.20000059902668, "ITS_PDU_Header": {"tmp": "tmp"}, "Basic_Container": {"tmp": "tmp"}, "HF_Container": {"tmp": "tmp"}, "LF_Container": {"tmp": "tmp"}, "Special_Vehicle_Container": {"tmp": "tmp"}, "option": {"size": 190, "type": "CAM"}}
{"timestamp": 40.40000060200691, "ITS_PDU_Header": {"tmp": "tmp"}, "Management_Container": {"tmp": "tmp"}, "Station_Data_Container": {"sumo_id": "27", "location": [985.2423095703125, -9.25], "speed": [-6.726684470077091, 0.0, 0]}, "Sensor_Information_Container": ["360_sensor", "forward_sensor", "backward_sensor"], "Perceived_Object_Container": [{"time": 40.40000060200691, "location": {"x": 996.2984105319738, "y": -8.992991321833836}, "speed": {"x": -1.4691161890459628, "y": 0.0, "z": 0}, "pseudonym": 2}], "option": {"size": 261, "type": "CPM"}}
{"timestamp": 40.50000060349703, "ITS_PDU_Header": {"tmp": "tmp"}, "Management_Container": {"tmp": "tmp"}, "Station_Data_Container": {"sumo_id": "27", "location": [984.5567626953125, -9.25], "speed": [-6.855468647845557, 0.0, 0]}, "Sensor_Information_Container": ["360_sensor", "forward_sensor", "backward_sensor"], "Perceived_Object_Container": [{"time": 40.50000060349703, "location": {"x": 959.6790860015924, "y": -8.960904135936493}, "speed": {"x": -11.873168768388497, "y": 0.0, "z": 0}, "pseudonym": 0}, {"time": 40.50000060349703, "location": {"x": 870.3705369247197, "y": -5.267735510667174}, "speed": {"x": -20.701293636839186, "y": 0.0, "z": 0}, "pseudonym": 3}], "option": {"size": 296, "type": "CPM"}}
{"timestamp": 40.50000060349703, "ITS_PDU_Header": {"tmp": "tmp"}, "Basic_Container": {"tmp": "tmp"}, "HF_Container": {"tmp": "tmp"}, "LF_Container": {"tmp": "tmp"}, "Special_Vehicle_Container": {"tmp": "tmp"}, "option": {"size": 190, "type": "CAM"}}
{"timestamp": 40.70000060647726, "ITS_PDU_Header": {"tmp": "tmp"}, "Management_Container": {"tmp": "tmp"}, "Station_Data_Container": {"sumo_id": "27", "location": [983.12255859375, -9.25], "speed": [-7.263183485520132, 0.0, 0]}, "Sensor_Information_Container": ["360_sensor", "forward_sensor", "backward_sensor"], "Perceived_Object_Container": [{"time": 40.70000060647726, "location": {"x": 995.6926128980434, "y": -8.957798160271329}, "speed": {"x": -2.0166015324502955, "y": 0.0, "z": 0}, "pseudonym": 2}], "option": {"size": 261, "type": "CPM"}}
{"timestamp": 40.80000060796738, "ITS_PDU_Header": {"tmp": "tmp"}, "Management_Container": {"tmp": "tmp"}, "Station_Data_Container": {"sumo_id": "27", "location": [982.3731689453125, -9.25], "speed": [-7.493896372707242, 0.0, 0]}, "Sensor_Information_Container": ["360_sensor", "forward_sensor", "backward_sensor"], "Perceived_Object_Container": [{"time": 40.80000060796738, "location": {"x": 955.9371985094691, "y": -9.557225442364919}, "speed": {"x": -12.487182431113983, "y": 0.0, "z": 0}, "pseudonym": 0}], "option": {"size": 261, "type": "CPM"}}
{"timestamp": 40.80000060796738, "ITS_PDU_Header": {"tmp": "tmp"}, "Basic_Container": {"tmp": "tmp"}, "HF_Container": {"tmp": "tmp"}, "LF_Container": {"tmp": "tmp"}, "Special_Vehicle_Container": {"tmp": "tmp"}, "option": {"size": 190, "type": "CAM"}}
{"timestamp": 41.00000061094761, "ITS_PDU_Header": {"tmp": "tmp"}, "Management_Container": {"tmp": "tmp"}, "Station_Data_Container": {"sumo_id": "27", "location": [980.8211669921875, -9.25], "speed": [-7.8302000786334265, 0.0, 0]}, "Sensor_Information_Container": ["360_sensor", "forward_sensor", "backward_sensor"], "Perceived_Object_Container": [{"time": 41.00000061094761, "location": {"x": 994.9528067301253, "y": -9.907329899648229}, "speed": {"x": -2.6751708585743477, "y": 0.0, "z": 0}, "pseudonym": 2}], "option": {"size": 261, "type": "CPM"}}
{"timestamp": 41.100000612437725, "ITS_PDU_Header": {"tmp": "tmp"}, "Management_Container": {"tmp": "tmp"}, "Station_Data_Container": {"sumo_id": "27", "location": [980.0145263671875, -9.25], "speed": [-8.066406129801182, 0.0, 0]}, "Sensor_Information_Container": ["360_sensor", "forward_sensor", "backward_sensor"], "Perceived_Object_Container": [{"time": 41.100000612437725, "location": {"x": 952.0149102993594, "y": -9.57539733895386}, "speed": {"x": -13.104247851606491, "y": 0.0, "z": 0}, "pseudonym": 0}], "option": {"size": 261, "type": "CPM"}}
{"timestamp": 41.100000612437725, "ITS_PDU_Header": {"tmp": "tmp"}, "Basic_Container": {"tmp": "tmp"}, "HF_Container": {"tmp": "tmp"}, "LF_Container": {"tmp": "tmp"}, "Special_Vehicle_Container": {"tmp": "tmp"}, "option": {"size": 190, "type": "CAM"}}
{"timestamp": 41.30000061541796, "ITS_PDU_Header": {"tmp": "tmp"}, "Management_Container": {"tmp": "tmp"}, "Station_Data_Container": {"sumo_id": "27", "location": [978.3343505859375, -9.25], "speed": [-8.531494013495832, 0.0, 0]}, "Sensor_Information_Container": ["360_sensor", "forward_sensor", "backward_sensor"], "Perceived_Object_Container": [{"time": 41.30000061541796, "location": {"x": 993.9159690589477, "y": -8.88779173315037}, "speed": {"x": -3.2586669436295788, "y": 0.0, "z": 0}, "pseudonym": 2}], "option": {"size": 261, "type": "CPM"}}
{"timestamp": 41.40000061690807, "ITS_PDU_Header": {"tmp": "tmp"}, "Basic_Container": {"tmp": "tmp"}, "HF_Container": {"tmp": "tmp"}, "LF_Container": {"tmp": "tmp"}, "Special_Vehicle_Container": {"tmp": "tmp"}, "option": {"size": 190, "type": "CAM"}}
{"timestamp": 41.50000061839819, "ITS_PDU_Header": {"tmp": "tmp"}, "Management_Container": {"tmp": "tmp"}, "Station_Data_Container": {"sumo_id": "27", "location": [976.5670166015625, -9.25], "speed": [-8.90686021883994, 0.0, 0]}, "Sensor_Information_Container": ["360_sensor", "forward_sensor", "backward_sensor"], "Perceived_Object_Container": [{"time": 41.50000061839819, "location": {"x": 946.4535618587174, "y": -9.950005096317245}, "speed": {"x": -13.710937295691114, "y": 0.0, "z": 0}, "pseudonym": 0}], "option": {"size": 261, "type": "CPM"}}
{"timestamp": 41.600000619888306, "ITS_PDU_Header": {"tmp": "tmp"}, "Management_Container": {"tmp": "tmp"}, "Station_Data_Container": {"sumo_id": "27", "location": [975.6591796875, -9.25], "speed": [-9.07836900534676, 0.0, 0]}, "Sensor_Information_Container": ["360_sensor", "forward_sensor", "backward_sensor"], "Perceived_Object_Container": [{"time": 41.600000619888306, "location": {"x": 992.8206764491846, "y": -9.848514475185944}, "speed": {"x": -3.778076115577279, "y": 0.0, "z": 0}, "pseudonym": 2}], "option": {"size": 261, "type": "CPM"}}
{"timestamp": 41.80000062286854, "ITS_PDU_Header": {"tmp": "tmp"}, "Management_Container": {"tmp": "tmp"}, "Station_Data_Container": {"sumo_id": "27", "location": [973.7922973632812, -9.25], "speed": [-9.42260728146721, 0.0, 0]}, "Sensor_Information_Container": ["360_sensor", "forward_sensor", "backward_sensor"], "Perceived_Object_Container": [{"time": 41.80000062286854, "location": {"x": 942.1454580467972, "y": -8.514375768660916}, "speed": {"x": -14.348144317445989, "y": 0.0, "z": 0}, "pseudonym": 0}], "option": {"size": 261, "type": "CPM"}}
{"timestamp": 41.80000062286854, "ITS_PDU_Header": {"tmp": "tmp"}, "Basic_Container": {"tmp": "tmp"}, "HF_Container": {"tmp": "tmp"}, "LF_Container": {"tmp": "tmp"}, "Special_Vehicle_Container": {"tmp": "tmp"}, "option": {"size": 190, "type": "CAM"}}
{"timestamp": 41.900000624358654, "ITS_PDU_Header": {"tmp": "tmp"}, "Management_Container": {"tmp": "tmp"},