{"timestamp": 152.3000000357628, "ITS_PDU_Header": {"tmp": "tmp"}, "Management_Container": {"tmp": "tmp"}, "Station_Data_Container": {"sumo_id": "48", "location": [-293.785888671875, -9.25], "speed": [-15.676269297655384, 0.0, 0]}, "Sensor_Information_Container": ["360_sensor", "forward_sensor", "backward_sensor"], "Perceived_Object_Container": [{"time": 152.3000000357628, "location": {"x": -218.08922576904297, "y": -9.25}, "speed": {"x": -15.166625750562165, "y": 0.0, "z": 0}, "pseudonym": 1}], "option": {"size": 261, "type": "CPM"}}
{"timestamp": 152.4000000372529, "ITS_PDU_Header": {"tmp": "tmp"}, "Management_Container": {"tmp": "tmp"}, "Station_Data_Container": {"sumo_id": "61", "location": [-210.42974853515625, -2.0], "speed": [-19.95788544479183, 0.0, 0]}, "Sensor_Information_Container": ["360_sensor", "forward_sensor", "backward_sensor"], "Perceived_Object_Container": [{"time": 152.4000000372529, "location": {"x": -211.30749064077537, "y": 4.637510708365121}, "speed": {"x": 17.915649147098524, "y": 0.0, "z": 0}, "pseudonym": 6}], "option": {"size": 261, "type": "CPM"}}
{"timestamp": 152.4000000372529, "ITS_PDU_Header": {"tmp": "tmp"}, "Management_Container": {"tmp": "tmp"}, "Station_Data_Container": {"sumo_id": "32", "location": [-841.6676635742188, -5.75], "speed": [-17.88513156942827, 0.0, 0]}, "Sensor_Information_Container": ["360_sensor", "forward_sensor", "backward_sensor"], "Perceived_Object_Container": [{"time": 152.4000000372529, "location": {"x": -949.9004187374585, "y": -8.265934516637481}, "speed": {"x": -15.67443824299517, "y": 0.0, "z": 0}, "pseudonym": 1}, {"time": 152.4000000372529, "location": {"x": -751.405689433786, "y": -1.5513665505836531}, "speed": {"x": -17.37426731922824, "y": 0.0, "z": 0}, "pseudonym": 2}], "option": {"size": 296, "type": "CPM"}}
{"timestamp": 152.4000000372529, "ITS_PDU_Header": {"tmp": "tmp"}, "Basic_Container": {"tmp": "tmp"}, "HF_Container": {"tmp": "tmp"}, "LF_Container": {"tmp": "tmp"}, "Special_Vehicle_Container": {"tmp": "tmp"}, "option": {"size": 190, "type": "CAM"}}
{"timestamp": 152.4000000372529, "ITS_PDU_Header": {"tmp": "tmp"}, "Management_Container": {"tmp": "tmp"}, "Station_Data_Container": {"sumo_id": "24", "location": [-684.5384521484375, -2.0], "speed": [-14.691161890459629, 0.0, 0]}, "Sensor_Information_Container": ["360_sensor", "forward_sensor", "backward_sensor"], "Perceived_Object_Container": [{"time": 152.4000000372529, "location": {"x": -663.688239965395, "y": -2.7271599893379124}, "speed": {"x": -14.47387673744743, "y": 0.0, "z": 0}, "pseudonym": 0}], "option": {"size": 261, "type": "CPM"}}
{"timestamp": 152.4000000372529, "ITS_PDU_Header": {"tmp": "tmp"}, "Management_Container": {"tmp": "tmp"}, "Station_Data_Container": {"sumo_id": "55", "location": [-321.3538818359375, -5.75], "speed": [-17.80639621903902, 0.0, 0]}, "Sensor_Information_Container": ["360_sensor", "forward_sensor", "backward_sensor"], "Perceived_Object_Container": [{"time": 152.4000000372529, "location": {"x": -220.38911056566474, "y": -6.923274391710503}, "speed": {"x": -19.304046343206668, "y": 0.0, "z": 0}, "pseudonym": 2}], "option": {"size": 261, "type": "CPM"}}
{"timestamp": 152.4000000372529, "ITS_PDU_Header": {"tmp": "tmp"}, "Management_Container": {"tmp": "tmp"}, "Station_Data_Container": {"sumo_id": "84", "location": [-381.76300048828125, 2.0], "speed": [20.411376648971785, 0.0, 0]}, "Sensor_Information_Container": ["360_sensor", "forward_sensor", "backward_sensor"], "Perceived_Object_Container": [{"time": 152.4000000372529, "location": {"x": -511.0330718502032, "y": -1.0049593953061713}, "speed": {"x": -17.824096414087766, "y": 0.0, "z": 0}, "pseudonym": 6}], "option": {"size": 261, "type": "CPM"}}
{"timestamp": 152.4000000372529, "ITS_PDU_Header": {"tmp": "tmp"}, "Management_Container": {"tmp": "tmp"}, "Station_Data_Container": {"sumo_id": "56", "location": [-159.283203125, -5.75], "speed": [-15.949096442027443, 0.0, 0]}, "Sensor_Information_Container": ["360_sensor", "forward_sensor", "backward_sensor"], "Perceived_Object_Container": [{"time": 152.4000000372529, "location": {"x": -293.45124333056117, "y": -8.86881558289505}, "speed": {"x": -15.676269297655384, "y": 0.0, "z": 0}, "pseudonym": 3}], "option": {"size": 261, "type": "CPM"}}
{"timestamp": 152.4000000372529, "ITS_PDU_Header": {"tmp": "tmp"}, "Basic_Container": {"tmp": "tmp"}, "HF_Container": {"tmp": "tmp"}, "LF_Container": {"tmp": "tmp"}, "Special_Vehicle_Container": {"tmp": "tmp"}, "option": {"size": 190, "type": "CAM"}}
{"timestamp": 152.4000000372529, "ITS_PDU_Header": {"tmp": "tmp"}, "Basic_Container": {"tmp": "tmp"}, "HF_Container": {"tmp": "tmp"}, "LF_Container": {"tmp": "tmp"}, "Special_Vehicle_Container": {"tmp": "tmp"}, "option": {"size": 190, "type": "CAM"}}
{"timestamp": 152.4000000372529, "ITS_PDU_Header": {"tmp": "tmp"}, "Management_Container": {"tmp": "tmp"}, "Station_Data_Container": {"sumo_id": "86", "location": [-492.7654113769531, 9.25], "speed": [17.809753152582747, 0.0, 0]}, "Sensor_Information_Container": ["360_sensor", "forward_sensor", "backward_sensor"], "Perceived_Object_Container": [{"time": 152.4000000372529, "location": {"x": -382.4425791223791, "y": 2.832719146149733}, "speed": {"x": 20.44555633596247, "y": 0.0, "z": 0}, "pseudonym": 0}], "option": {"size": 261, "type": "CPM"}}
{"timestamp": 152.4000000372529, "ITS_PDU_Header": {"tmp": "tmp"}, "Management_Container": {"tmp": "tmp"}, "Station_Data_Container": {"sumo_id": "76", "location": [-94.096435546875, 5.75], "speed": [18.38500949166701, 0.0, 0]}, "Sensor_Information_Container": ["360_sensor", "forward_sensor", "backward_sensor"], "Perceived_Object_Container": [{"time": 152.4000000372529, "location": {"x": -210.41801038414377, "y": -1.016184387374067}, "speed": {"x": -19.910888375179642, "y": 0.0, "z": 0}, "pseudonym": 5}], "option": {"size": 261, "type": "CPM"}}
{"timestamp": 152.4000000372529, "ITS_PDU_Header": {"tmp": "tmp"}, "Management_Container": {"tmp": "tmp"}, "Station_Data_Container": {"sumo_id": "38", "location": [-866.7269287109375, -2.0], "speed": [-19.578857130127293, 0.0, 0]}, "Sensor_Information_Container": ["360_sensor", "forward_sensor", "backward_sensor"], "Perceived_Object_Container": [{"time": 152.4000000372529, "location": {"x": -966.6996501603383, "y": 2.6502830916031668}, "speed": {"x": 12.159423646935469, "y": 0.0, "z": 0}, "pseudonym": 1}], "option": {"size": 261, "type": "CPM"}}
