{"timestamp": 152.3000000357628, "ITS_PDU_Header": {"tmp": "tmp"}, "Management_Container": {"tmp": "tmp"}, "Station_Data_Container": {"sumo_id": "17", "location": [996.8511352539062, -2.0], "speed": [-5.883178623271307, 0.0, 0]}, "Sensor_Information_Container": ["360_sensor", "forward_sensor", "backward_sensor"], "Perceived_Object_Container": [{"time": 152.3000000357628, "location": {"x": 972.8425499333891, "y": -0.6034704620713707}, "speed": {"x": -11.26098616032323, "y": 0.0, "z": 0}, "pseudonym": 5}], "option": {"size": 261, "type": "CPM"}}
{"timestamp": 152.3000000357628, "ITS_PDU_Header": {"tmp": "tmp"}, "Basic_Container": {"tmp": "tmp"}, "HF_Container": {"tmp": "tmp"}, "LF_Container": {"tmp": "tmp"}, "Special_Vehicle_Container": {"tmp": "tmp"}, "option": {"size": 190, "type": "CAM"}}
{"timestamp": 152.3000000357628, "ITS_PDU_Header": {"tmp": "tmp"}, "Basic_Container": {"tmp": "tmp"}, "HF_Container": {"tmp": "tmp"}, "LF_Container": {"tmp": "tmp"}, "Special_Vehicle_Container": {"tmp": "tmp"}, "option": {"size": 190, "type": "CAM"}}
{"timestamp": 152.3000000357628, "ITS_PDU_Header": {"tmp": "tmp"}, "Management_Container": {"tmp": "tmp"}, "Station_Data_Container": {"sumo_id": "113", "location": [848.9088134765625, -5.75], "speed": [-17.849120827777373, 0.0, 0]}, "Sensor_Information_Container": ["360_sensor", "forward_sensor", "backward_sensor"], "Perceived_Object_Container": [{"time": 152.3000000357628, "location": {"x": 942.5710094458468, "y": -9.016508792547558}, "speed": {"x": -14.177245882492574, "y": 0.0, "z": 0}, "pseudonym": 6}, {"time": 152.3000000357628, "location": {"x": 973.1257013626616, "y": -8.637425592367727}, "speed": {"x": -9.14123521534748, "y": 0.0, "z": 0}, "pseudonym": 7}], "option": {"size": 296, "type": "CPM"}}
{"timestamp": 152.3000000357628, "ITS_PDU_Header": {"tmp": "tmp"}, "Management_Container": {"tmp": "tmp"}, "Station_Data_Container": {"sumo_id": "5", "location": [970.0455932617188, -2.0], "speed": [-11.459350415179872, 0.0, 0]}, "Sensor_Information_Container": ["360_sensor", "forward_sensor", "backward_sensor"], "Perceived_Object_Container": [{"time": 152.3000000357628, "location": {"x": 850.6192246778209, "y": -6.165110913154078}, "speed": {"x": -17.730712626416793, "y": 0.0, "z": 0}, "pseudonym": 7}, {"time": 152.3000000357628, "location": {"x": 996.1046964639697, "y": -1.394233492310668}, "speed": {"x": -5.645751868996741, "y": -1.432050445198261, "z": 0}, "pseudonym": 2}], "option": {"size": 296, "type": "CPM"}}
{"timestamp": 152.3000000357628, "ITS_PDU_Header": {"tmp": "tmp"}, "Management_Container": {"tmp": "tmp"}, "Station_Data_Container": {"sumo_id": "35", "location": [852.6015625, 2.0], "speed": [18.14331027651861, 0.0, 0]}, "Sensor_Information_Container": ["360_sensor", "forward_sensor", "backward_sensor"], "Perceived_Object_Container": [{"time": 152.3000000357628, "location": {"x": 967.1337275914029, "y": -3.327554701798385}, "speed": {"x": -11.26098616032323, "y": 0.0, "z": 0}, "pseudonym": 4}], "option": {"size": 261, "type": "CPM"}}
{"timestamp": 152.3000000357628, "ITS_PDU_Header": {"tmp": "tmp"}, "Management_Container": {"tmp": "tmp"}, "Station_Data_Container": {"sumo_id": "29", "location": [818.9342651367188, 5.75], "speed": [16.627807369413862, 0.0, 0]}, "Sensor_Information_Container": ["360_sensor", "forward_sensor", "backward_sensor"], "Perceived_Object_Container": [{"time": 152.3000000357628, "location": {"x": 911.7570939341219, "y": 10.067707925607046}, "speed": {"x": 15.8471677326088, "y": 0.0, "z": 0}, "pseudonym": 5}], "option": {"size": 261, "type": "CPM"}}
{"timestamp": 152.4000000372529, "ITS_PDU_Header": {"tmp": "tmp"}, "Management_Container": {"tmp": "tmp"}, "Station_Data_Container": {"sumo_id": "53", "location": [574.992431640625, 5.75], "speed": [19.564208692845572, 0.0, 0]}, "Sensor_Information_Container": ["360_sensor", "forward_sensor", "backward_sensor"], "Perceived_Object_Container": [{"time": 152.4000000372529, "location": {"x": 517.4703960667325, "y": 2.404062674318714}, "speed": {"x": 18.1420895734118, "y": 0.0, "z": 0}, "pseudonym": 2}], "option": {"size": 261, "type": "CPM"}}
{"timestamp": 152.4000000372529, "ITS_PDU_Header": {"tmp": "tmp"}, "Management_Container": {"tmp": "tmp"}, "Station_Data_Container": {"sumo_id": "98", "location": [416.704833984375, -2.0], "speed": [-19.980468452267818, 0.0, 0]}, "Sensor_Information_Container": ["360_sensor", "forward_sensor", "backward_sensor"], "Perceived_Object_Container": [{"time": 152.4000000372529, "location": {"x": 515.9580268551176, "y": 1.4615683041418857}, "speed": {"x": 18.1420895734118, "y": 0.0, "z": 0}, "pseudonym": 5}], "option": {"size": 261, "type": "CPM"}}
{"timestamp": 152.4000000372529, "ITS_PDU_Header": {"tmp": "tmp"}, "Basic_Container": {"tmp": "tmp"}, "HF_Container": {"tmp": "tmp"}, "LF_Container": {"tmp": "tmp"}, "Special_Vehicle_Container": {"tmp": "tmp"}, "option": {"size": 190, "type": "CAM"}}
{"timestamp": 152.4000000372529, "ITS_PDU_Header": {"tmp": "tmp"}, "Management_Container": {"tmp": "tmp"}, "Station_Data_Container": {"sumo_id": "119", "location": [973.6256103515625, -9.25], "speed": [-9.622802590984067, 0.0, 0]}, "Sensor_Information_Container": ["360_sensor", "forward_sensor", "backward_sensor"], "Perceived_Object_Container": [{"time": 152.4000000372529, "location": {"x": 893.9116826221068, "y": -6.469962902180384}, "speed": {"x": -19.943847359063515, "y": 0.0, "z": 0}, "pseudonym": 7}], "option": {"size": 261, "type": "CPM"}}
{"timestamp": 152.4000000372529, "ITS_PDU_Header": {"tmp": "tmp"}, "Management_Container": {"tmp": "tmp"}, "Station_Data_Container": {"sumo_id": "58", "location": [378.5328369140625, 2.0], "speed": [18.28124972758815, 0.0, 0]}, "Sensor_Information_Container": ["360_sensor", "forward_sensor", "backward_sensor"], "Perceived_Object_Container": [{"time": 152.4000000372529, "location": {"x": 515.90771484375, "y": 2.0}, "speed": {"x": 18.1420895734118, "y": 0.0, "z": 0}, "pseudonym": 3}], "option": {"size": 261, "type": "CPM"}}
{"timestamp": 152.4000000372529, "ITS_PDU_Header": {"tmp": "tmp"}, "Management_Container": {"tmp": "tmp"}, "Station_Data_Container": {"sumo_id": "26", "location": [888.1853637695312, 2.0], "speed": [16.37634252941098, 0.0, 0]}, "Sensor_Information_Container": ["360_sensor", "forward_sensor", "backward_sensor"], "Perceived_Object_Container": [{"time": 152.4000000372529, "location": {"x": 891.1894429537072, "y": -4.94466548011772}, "speed": {"x": -19.943847359063515, "y": 0.0, "z": 0}, "pseudonym": 7}], "option": {"size": 261, "type": "CPM"}}
{"timestamp": 152.4000000372529, "ITS_PDU_Header": {"tmp": "tmp"}, "Management_Container": {"tmp": "tmp"}, "Station_Data_Container": {"sumo_id": "118", "location": [941.530517578125, -9.25], "speed": [-14.617919704051022, 0.0, 0]}, "Sensor_Information_Container": ["360_sensor", "forward_sensor", "backward_sensor"], "Perceived_Object_Container": [{"time": 152.4000000372529, "location": {"x": 893.9047751399546, "y": -6.479709489636295}, "speed": {"x": -19.943847359063515, "y": 0.0, "z": 0}, "pseudonym": 1}, {"time": 152.4000000372529, "location": {"x": 972.8362368914217, "y": -8.158177333353937}, "speed": {"x": -9.370117047874375, "y": 0.0, "z": 0}, "pseudonym": 2}], "option": {"size": 296, "type": "CPM"}}
{"timestamp": 152.4000000372529, "ITS_PDU_Header": {"tmp": "tmp"}, "Management_Container": {"tmp": "tmp"}, "Station_Data_Container": {"sumo_id": "121", "location": [992.1823120117188, -9.25], "speed": [-4.6154784468490115, 0.0, 0]}, "Sensor_Information_Container": ["360_sensor", "forward_sensor", "backward_sensor"], "Perceived_Object_Container": [{"time": 152.4000000372529, "location": {"x": 995.3925421131988, "y": -2.101898659339616}, "speed": {"x": -5.883178623271307, "y": 0.0, "z": 0}, "pseudonym": 2}, {"time": 152.4000000372529, "location": {"x": 975.6339927245726, "y": -9.634675485938375}, "speed": {"x": -9.370117047874375, "y": 0.0, "z": 0}, "pseudonym": 0}], "option": {"size": 296,