{"timestamp": 120.00000000149012, "ITS_PDU_Header": {"tmp": "tmp"}, "Management_Container": {"tmp": "tmp"}, "Station_Data_Container": {"sumo_id": "126", "location": [-944.5896606445312, -5.75], "speed": [-9445.896465690486, -57.499999143183246, 0], "yaw": -179.99996948242188}, "Sensor_Information_Container": [0, 1, 2, 3], "Perceived_Object_Container": [{"time": 120.00000000149012, "location": {"x": -987.3532196548124, "y": -5.693693979982996}, "speed": {"x": -9889.412084081589, "y": -57.499999143183246, "z": 0}, "pseudonym": 0}, {"time": 120.00000000149012, "location": {"x": -901.7282065700315, "y": 8.70273130993}, "speed": {"x": -9010.547961435497, "y": 92.4999986216426, "z": 0}, "pseudonym": 1}, {"time": 120.00000000149012, "location": {"x": -915.3522693532623, "y": 2.107975877035221}, "speed": {"x": -9138.889023976191, "y": 19.99999970197678, "z": 0}, "pseudonym": 2}], "option": {"size": 366, "type": "CPM"}}
{"timestamp": 120.00000000149012, "ITS_PDU_Header": {"tmp": "tmp"}, "Basic_Container": {"tmp": "tmp"}, "HF_Container": {"sumo_id": "126", "location": [-944.5896606445312, -5.75], "speed": [-9445.896465690486, -57.499999143183246, 0], "yaw": -179.99996948242188}, "LF_Container": {"tmp": "tmp"}, "Special_Vehicle_Container": {"tmp": "tmp"}, "option": {"size": 190, "type": "CAM"}}
{"timestamp": 120.10000000298024, "ITS_PDU_Header": {"tmp": "tmp"}, "Basic_Container": {"tmp": "tmp"}, "HF_Container": {"sumo_id": "126", "location": [-946.2637329101562, -5.75], "speed": [-16.740722406793797, 0.0, 0], "yaw": -179.99996948242188}, "LF_Container": {"tmp": "tmp"}, "Special_Vehicle_Container": {"tmp": "tmp"}, "option": {"size": 190, "type": "CAM"}}
