{"timestamp": 120.00000000149012, "ITS_PDU_Header": {"tmp": "tmp"}, "Management_Container": {"tmp": "tmp"}, "Station_Data_Container": {"sumo_id": "488", "location": [41.128662109375, -9.25], "speed": [411.2866149651019, -92.4999986216426, 0], "yaw": -179.99996948242188}, "Sensor_Information_Container": [0, 1, 2, 3], "Perceived_Object_Container": [{"time": 120.00000000149012, "location": {"x": 46.3411920064787, "y": -2.0982991881272732}, "speed": {"x": 468.97094027741343, "y": -19.99999970197678, "z": 0}, "pseudonym": 0}, {"time": 120.00000000149012, "location": {"x": 3.385697666750925, "y": 1.536586187168023}, "speed": {"x": 39.64599550297863, "y": 19.99999970197678, "z": 0}, "pseudonym": 1}, {"time": 120.00000000149012, "location": {"x": -39.2588223143611, "y": -1.8869501913521054}, "speed": {"x": -408.51500856108953, "y": -19.99999970197678, "z": 0}, "pseudonym": 2}, {"time": 120.00000000149012, "location": {"x": 132.76080702403138, "y": -2.1898518434606276}, "speed": {"x": 1334.9755660448138, "y": -19.99999970197678, "z": 0}, "pseudonym": 3}], "option": {"size": 401, "type": "CPM"}}
{"timestamp": 120.00000000149012, "ITS_PDU_Header": {"tmp": "tmp"}, "Basic_Container": {"tmp": "tmp"}, "HF_Container": {"sumo_id": "488", "location": [41.128662109375, -9.25], "speed": [411.2866149651019, -92.4999986216426, 0], "yaw": -179.99996948242188}, "LF_Container": {"tmp": "tmp"}, "Special_Vehicle_Container": {"tmp": "tmp"}, "option": {"size": 190, "type": "CAM"}}
{"timestamp": 120.10000000298024, "ITS_PDU_Header": {"tmp": "tmp"}, "Basic_Container": {"tmp": "tmp"}, "HF_Container": {"sumo_id": "488", "location": [39.6243896484375, -9.25], "speed": [-15.04272438522094, 0.0, 0], "yaw": -179.99996948242188}, "LF_Container": {"tmp": "tmp"}, "Special_Vehicle_Container": {"tmp": "tmp"}, "option": {"size": 190, "type": "CAM"}}
