{"timestamp": 6.259999860078096, "ITS_PDU_Header": {"tmp": "tmp"}, "Management_Container": {"tmp": "tmp"}, "Station_Data_Container": {"sumo_id": "25", "location": [-669.657470703125, -2.0], "speed": [-66965.74856711362, -200.00000447034847, 0], "yaw": -179.99996948242188}, "Sensor_Information_Container": [0, 1, 2, 3], "Perceived_Object_Container": [{"time": 6.259999860078096, "location": {"x": -715.8546760416555, "y": -1.7802726622342797}, "speed": {"x": -10.94970727599503, "y": 0.0, "z": 0}, "pseudonym": 0}, {"time": 6.259999860078096, "location": {"x": -584.0185064618051, "y": -8.915342511446}, "speed": {"x": -3.2409668693162548, "y": 0.0, "z": 0}, "pseudonym": 1}], "option": {"size": 331, "type": "CPM"}}
{"timestamp": 6.259999860078096, "ITS_PDU_Header": {"tmp": "tmp"}, "Basic_Container": {"tmp": "tmp"}, "HF_Container": {"sumo_id": "25", "location": [-669.657470703125, -2.0], "speed": [-66965.74856711362, -200.00000447034847, 0], "yaw": -179.99996948242188}, "LF_Container": {"tmp": "tmp"}, "Special_Vehicle_Container": {"tmp": "tmp"}, "option": {"size": 190, "type": "CAM"}}
{"timestamp": 6.369999857619405, "ITS_PDU_Header": {"tmp": "tmp"}, "Basic_Container": {"tmp": "tmp"}, "HF_Container": {"sumo_id": "25", "location": [-669.6744995117188, -2.0], "speed": [-0.2807617250255136, 0.0, 0], "yaw": -179.99996948242188}, "LF_Container": {"tmp": "tmp"}, "Special_Vehicle_Container": {"tmp": "tmp"}, "option": {"size": 190, "type": "CAM"}}
{"timestamp": 6.569999853149056, "ITS_PDU_Header": {"tmp": "tmp"}, "Management_Container": {"tmp": "tmp"}, "Station_Data_Container": {"sumo_id": "25", "location": [-669.7827758789062, -2.0], "speed": [-0.7690429859394502, 0.0, 0], "yaw": -179.99996948242188}, "Sensor_Information_Container": [0, 1, 2, 3], "Perceived_Object_Container": [{"time": 6.569999853149056, "location": {"x": -584.5138583437122, "y": -8.725756357728779}, "speed": {"x": -3.845214929697251, "y": 0.0, "z": 0}, "pseudonym": 1}, {"time": 6.569999853149056, "location": {"x": -719.3928995632627, "y": -1.7298719790506187}, "speed": {"x": -11.56005885213745, "y": 0.0, "z": 0}, "pseudonym": 0}], "option": {"size": 331, "type": "CPM"}}
{"timestamp": 6.669999850913882, "ITS_PDU_Header": {"tmp": "tmp"}, "Basic_Container": {"tmp": "tmp"}, "HF_Container": {"sumo_id": "25", "location": [-669.8735961914062, -2.0], "speed": [-1.0192871321578427, 0.0, 0], "yaw": -179.99996948242188}, "LF_Container": {"tmp": "tmp"}, "Special_Vehicle_Container": {"tmp": "tmp"}, "option": {"size": 190, "type": "CAM"}}
{"timestamp": 6.869999846443534, "ITS_PDU_Header": {"tmp": "tmp"}, "Management_Container": {"tmp": "tmp"}, "Station_Data_Container": {"sumo_id": "25", "location": [-670.126220703125, -2.0], "speed": [-1.46484378274181, 0.0, 0], "yaw": -179.99996948242188}, "Sensor_Information_Container": [0, 1, 2, 3], "Perceived_Object_Container": [{"time": 6.869999846443534, "location": {"x": -722.9805806896895, "y": -1.9894550919475589}, "speed": {"x": -12.182617459802719, "y": 0.0, "z": 0}, "pseudonym": 0}, {"time": 6.869999846443534, "location": {"x": -586.3742207636077, "y": -9.179144316899022}, "speed": {"x": -4.443359474316823, "y": 0.0, "z": 0}, "pseudonym": 1}], "option": {"size": 331, "type": "CPM"}}
{"timestamp": 6.96999984420836, "ITS_PDU_Header": {"tmp": "tmp"}, "Basic_Container": {"tmp": "tmp"}, "HF_Container": {"sumo_id": "25", "location": [-670.2857666015625, -2.0], "speed": [-1.69677738167593, 0.0, 0], "yaw": -179.99996948242188}, "LF_Container": {"tmp": "tmp"}, "Special_Vehicle_Container": {"tmp": "tmp"}, "option": {"size": 190, "type": "CAM"}}
{"timestamp": 7.169999839738011, "ITS_PDU_Header": {"tmp": "tmp"}, "Management_Container": {"tmp": "tmp"}, "Station_Data_Container": {"sumo_id": "25", "location": [-670.6697387695312, -2.0], "speed": [-2.1057129376913517, 0.0, 0], "yaw": -179.99996948242188}, "Sensor_Information_Container": [0, 1, 2, 3], "Perceived_Object_Container": [{"time": 7.169999839738011, "location": {"x": -587.8101825848845, "y": -9.023046058007138}, "speed": {"x": -5.004882924367851, "y": 0.0, "z": 0}, "pseudonym": 1}, {"time": 7.169999839738011, "location": {"x": -726.681892077703, "y": -1.9735324464815551}, "speed": {"x": -12.786865520183717, "y": 0.0, "z": 0}, "pseudonym": 0}], "option": {"size": 331, "type": "CPM"}}
{"timestamp": 7.269999837502837, "ITS_PDU_Header": {"tmp": "tmp"}, "Basic_Container": {"tmp": "tmp"}, "HF_Container": {"sumo_id": "25", "location": [-670.8917236328125, -2.0], "speed": [-2.307128957818351, 0.0, 0], "yaw": -179.99996948242188}, "LF_Container": {"tmp": "tmp"}, "Special_Vehicle_Container": {"tmp": "tmp"}, "option": {"size": 190, "type": "CAM"}}
{"timestamp": 7.469999833032489, "ITS_PDU_Header": {"tmp": "tmp"}, "Management_Container": {"tmp": "tmp"}, "Station_Data_Container": {"sumo_id": "25", "location": [-671.399658203125, -2.0], "speed": [-2.7343750611180453, 0.0, 0], "yaw": -179.99996948242188}, "Sensor_Information_Container": [0, 1, 2, 3], "Perceived_Object_Container": [{"time": 7.469999833032489, "location": {"x": -589.3513114979952, "y": -9.486568007236137}, "speed": {"x": -5.596923953225999, "y": 0.0, "z": 0}, "pseudonym": 1}, {"time": 7.469999833032489, "location": {"x": -730.7208981360005, "y": -1.8687914588637211}, "speed": {"x": -13.366699517519017, "y": 0.0, "z": 0}, "pseudonym": 0}], "option": {"size": 331, "type": "CPM"}}
{"timestamp": 7.569999830797315, "ITS_PDU_Header": {"tmp": "tmp"}, "Basic_Container": {"tmp": "tmp"}, "HF_Container": {"sumo_id": "25", "location": [-671.6839599609375, -2.0], "speed": [-2.92968756548362, 0.0, 0], "yaw": -179.99996948242188}, "LF_Container": {"tmp": "tmp"}, "Special_Vehicle_Container": {"tmp": "tmp"}, "option": {"size": 190, "type": "CAM"}}
{"timestamp": 7.769999826326966, "ITS_PDU_Header": {"tmp": "tmp"}, "Management_Container": {"tmp": "tmp"}, "Station_Data_Container": {"sumo_id": "25", "location": [-672.3074951171875, -2.0], "speed": [-3.3142090584533452, 0.0, 0], "yaw": -179.99996948242188}, "Sensor_Information_Container": [0, 1, 2, 3], "Perceived_Object_Container": [{"time": 7.769999826326966, "location": {"x": -734.7139111636272, "y": -2.0278880750894563}, "speed": {"x": -13.95263703061574, "y": 0.0, "z": 0}, "pseudonym": 0}, {"time": 7.769999826326966, "location": {"x": -591.1780659939493, "y": -9.145103189837087}, "speed": {"x": -6.152343887515602, "y": 0.0, "z": 0}, "pseudonym": 1}], "option": {"size": 331, "type": "CPM"}}
{"timestamp": 7.869999824091792, "ITS_PDU_Header": {"tmp": "tmp"}, "Basic_Container": {"tmp": "tmp"}, "HF_Container": {"sumo_id": "25", "location": [-672.648193359375, -2.0], "speed": [-3.5034180470574956, 0.0, 0], "yaw": -179.99996948242188}, "LF_Container": {"tmp": "tmp"}, "Special_Vehicle_Container": {"tmp": "tmp"}, "option": {"size": 190, "type": "CAM"}}
{"timestamp": 8.069999819621444, "ITS_PDU_Header": {"tmp": "tmp"}, "Management_Container": {"tmp": "tmp"}, "Station_Data_Container": {"sumo_id": "25", "location": [-673.3880615234375, -2.0], "speed": [-3.869628992742948, 0.0, 0], "yaw": -179.99996948242188}, "Sensor_Information_Container": [0, 1, 2, 3], "Perceived_Object_Container": [{"time": 8.069999819621444, "location": {"x": -662.9960211283154, "y": -2.0026034095658405}, "speed": {"x": -0.12207031522848416, "y": 0.0, "z": 0}, "pseudonym": 2}, {"time": 8.069999819621444, "location": {"x": -593.1445335735768, "y": -9.330188356853272}, "speed": {"x": -6.74438491637375, "y": 0.0, "z": 0}, "pseudonym": 1}, {"time": 8.069999819621444, "location": {"x": -739.0327513341181, "y": -1.9555921090132646}, "speed": {"x": -14.544678059473888, "y": 0.0, "z": 0}, "pseudonym": 0}], "option": {"size": 366, "type": "CPM"}}
{"timestamp": 8.16999981738627, "ITS_PDU_Header": {"tmp": "tmp"}, "Basic_Container": {"tmp": "tmp"}, "HF_Container": {"sumo_id": "25", "location": [-673.78466796875, -2.0], "speed": [-4.0649414971085225, 0.0, 0], "yaw": -179.99996948242188}, "LF_Container": {"tmp": "tmp"}, "Special_Vehicle_Container": {"tmp": "tmp"}, "option": {"size": 190,