{"timestamp": 6.869999846443534, "ITS_PDU_Header": {"tmp": "tmp"}, "Management_Container": {"tmp": "tmp"}, "Station_Data_Container": {"sumo_id": "27", "location": [327.6906433105469, -5.75], "speed": [-0.2838134829062257, 0.0, 0], "yaw": -179.99996948242188}, "Sensor_Information_Container": [0, 1, 2, 3], "Perceived_Object_Container": [{"time": 6.869999846443534, "location": {"x": 228.34172376124172, "y": 9.030501301825455}, "speed": {"x": 13.122558887062048, "y": 0.0, "z": 0}, "pseudonym": 0}], "option": {"size": 296, "type": "CPM"}}
{"timestamp": 6.869999846443534, "ITS_PDU_Header": {"tmp": "tmp"}, "Basic_Container": {"tmp": "tmp"}, "HF_Container": {"sumo_id": "27", "location": [327.6906433105469, -5.75], "speed": [-0.2838134829062257, 0.0, 0], "yaw": -179.99996948242188}, "LF_Container": {"tmp": "tmp"}, "Special_Vehicle_Container": {"tmp": "tmp"}, "option": {"size": 190, "type": "CAM"}}
{"timestamp": 6.96999984420836, "ITS_PDU_Header": {"tmp": "tmp"}, "Management_Container": {"tmp": "tmp"}, "Station_Data_Container": {"sumo_id": "27", "location": [327.6488037109375, -5.75], "speed": [-0.5249023554824819, 0.0, 0], "yaw": -179.99996948242188}, "Sensor_Information_Container": [0, 1, 2, 3], "Perceived_Object_Container": [{"time": 6.96999984420836, "location": {"x": 239.64038473726643, "y": 5.597921635124943}, "speed": {"x": 11.891174582194713, "y": 0.0, "z": 0}, "pseudonym": 1}, {"time": 6.96999984420836, "location": {"x": 229.09870271849832, "y": -1.7972908816817705}, "speed": {"x": -5.702209600110566, "y": 0.0, "z": 0}, "pseudonym": 2}], "option": {"size": 331, "type": "CPM"}}
{"timestamp": 7.169999839738011, "ITS_PDU_Header": {"tmp": "tmp"}, "Management_Container": {"tmp": "tmp"}, "Station_Data_Container": {"sumo_id": "27", "location": [327.4915771484375, -5.75], "speed": [-1.0131836163964185, 0.0, 0], "yaw": -179.99996948242188}, "Sensor_Information_Container": [0, 1, 2, 3], "Perceived_Object_Container": [{"time": 7.169999839738011, "location": {"x": 226.08737163422336, "y": -2.8200809491767984}, "speed": {"x": -6.103515761424208, "y": 0.0, "z": 0}, "pseudonym": 3}], "option": {"size": 296, "type": "CPM"}}
{"timestamp": 7.169999839738011, "ITS_PDU_Header": {"tmp": "tmp"}, "Basic_Container": {"tmp": "tmp"}, "HF_Container": {"sumo_id": "27", "location": [327.4915771484375, -5.75], "speed": [-1.0131836163964185, 0.0, 0], "yaw": -179.99996948242188}, "LF_Container": {"tmp": "tmp"}, "Special_Vehicle_Container": {"tmp": "tmp"}, "option": {"size": 190, "type": "CAM"}}
{"timestamp": 7.269999837502837, "ITS_PDU_Header": {"tmp": "tmp"}, "Management_Container": {"tmp": "tmp"}, "Station_Data_Container": {"sumo_id": "27", "location": [327.3773193359375, -5.75], "speed": [-1.2451172153305385, 0.0, 0], "yaw": -179.99996948242188}, "Sensor_Information_Container": [0, 1, 2, 3], "Perceived_Object_Container": [{"time": 7.269999837502837, "location": {"x": 227.29092044565115, "y": -2.042074478885026}, "speed": {"x": -6.285095355326579, "y": 0.0, "z": 0}, "pseudonym": 2}, {"time": 7.269999837502837, "location": {"x": 243.25912307843214, "y": 6.169065137195393}, "speed": {"x": 12.474060337410727, "y": 0.0, "z": 0}, "pseudonym": 1}], "option": {"size": 331, "type": "CPM"}}
{"timestamp": 7.369999835267663, "ITS_PDU_Header": {"tmp": "tmp"}, "Management_Container": {"tmp": "tmp"}, "Station_Data_Container": {"sumo_id": "27", "location": [327.2404479980469, -5.75], "speed": [-1.46484378274181, 0.0, 0], "yaw": -179.99996948242188}, "Sensor_Information_Container": [0, 1, 2, 3], "Perceived_Object_Container": [{"time": 7.369999835267663, "location": {"x": 234.2385745526065, "y": 8.621051689696039}, "speed": {"x": 14.074707345844224, "y": 0.0, "z": 0}, "pseudonym": 0}], "option": {"size": 296, "type": "CPM"}}
{"timestamp": 7.469999833032489, "ITS_PDU_Header": {"tmp": "tmp"}, "Management_Container": {"tmp": "tmp"}, "Station_Data_Container": {"sumo_id": "27", "location": [327.0816650390625, -5.75], "speed": [-1.6845703501530815, 0.0, 0], "yaw": -179.99996948242188}, "Sensor_Information_Container": [0, 1, 2, 3], "Perceived_Object_Container": [{"time": 7.469999833032489, "location": {"x": 224.1361353507014, "y": -2.7852075229187934}, "speed": {"x": -6.651306301012031, "y": 0.0, "z": 0}, "pseudonym": 3}], "option": {"size": 296, "type": "CPM"}}
{"timestamp": 7.469999833032489, "ITS_PDU_Header": {"tmp": "tmp"}, "Basic_Container": {"tmp": "tmp"}, "HF_Container": {"sumo_id": "27", "location": [327.0816650390625, -5.75], "speed": [-1.6845703501530815, 0.0, 0], "yaw": -179.99996948242188}, "LF_Container": {"tmp": "tmp"}, "Special_Vehicle_Container": {"tmp": "tmp"}, "option": {"size": 190, "type": "CAM"}}
{"timestamp": 7.569999830797315, "ITS_PDU_Header": {"tmp": "tmp"}, "Management_Container": {"tmp": "tmp"}, "Station_Data_Container": {"sumo_id": "27", "location": [326.9015808105469, -5.75], "speed": [-1.8951416439222166, 0.0, 0], "yaw": -179.99996948242188}, "Sensor_Information_Container": [0, 1, 2, 3], "Perceived_Object_Container": [{"time": 7.569999830797315, "location": {"x": 225.31326306372557, "y": -2.122312826777903}, "speed": {"x": -6.86035171584081, "y": 0.0, "z": 0}, "pseudonym": 2}, {"time": 7.569999830797315, "location": {"x": 247.1675205204287, "y": 5.906409559640641}, "speed": {"x": 13.073730760970655, "y": 0.0, "z": 0}, "pseudonym": 1}], "option": {"size": 331, "type": "CPM"}}
{"timestamp": 7.6699998285621405, "ITS_PDU_Header": {"tmp": "tmp"}, "Management_Container": {"tmp": "tmp"}, "Station_Data_Container": {"sumo_id": "27", "location": [326.7005615234375, -5.75], "speed": [-2.0996094219299275, 0.0, 0], "yaw": -179.99996948242188}, "Sensor_Information_Container": [0, 1, 2, 3], "Perceived_Object_Container": [{"time": 7.6699998285621405, "location": {"x": 239.4023536352644, "y": 9.662456651654116}, "speed": {"x": 14.636230795895251, "y": 0.0, "z": 0}, "pseudonym": 0}], "option": {"size": 296, "type": "CPM"}}
{"timestamp": 7.769999826326966, "ITS_PDU_Header": {"tmp": "tmp"}, "Management_Container": {"tmp": "tmp"}, "Station_Data_Container": {"sumo_id": "27", "location": [326.47998046875, -5.75], "speed": [-2.282714894772654, 0.0, 0], "yaw": -179.99996948242188}, "Sensor_Information_Container": [0, 1, 2, 3], "Perceived_Object_Container": [{"time": 7.769999826326966, "location": {"x": 267.557209430546, "y": -5.988439410435888}, "speed": {"x": 26601.697371938022, "y": -575.0000128522519, "z": 0}, "pseudonym": 4}], "option": {"size": 296, "type": "CPM"}}
{"timestamp": 7.769999826326966, "ITS_PDU_Header": {"tmp": "tmp"}, "Basic_Container": {"tmp": "tmp"}, "HF_Container": {"sumo_id": "27", "location": [326.47998046875, -5.75], "speed": [-2.282714894772654, 0.0, 0], "yaw": -179.99996948242188}, "LF_Container": {"tmp": "tmp"}, "Special_Vehicle_Container": {"tmp": "tmp"}, "option": {"size": 190, "type": "CAM"}}
{"timestamp": 7.869999824091792, "ITS_PDU_Header": {"tmp": "tmp"}, "Management_Container": {"tmp": "tmp"}, "Station_Data_Container": {"sumo_id": "27", "location": [326.2398681640625, -5.75], "speed": [-2.490234430661077, 0.0, 0], "yaw": -179.99996948242188}, "Sensor_Information_Container": [0, 1, 2, 3], "Perceived_Object_Container": [{"time": 7.869999824091792, "location": {"x": 267.5529449033014, "y": -5.757962057348605}, "speed": {"x": -0.25634766197981673, "y": 0.0, "z": 0}, "pseudonym": 5}, {"time": 7.869999824091792, "location": {"x": 223.16923471371845, "y": -1.6157250764888984}, "speed": {"x": -7.383728192382936, "y": 0.0, "z": 0}, "pseudonym": 2}, {"time": 7.869999824091792, "location": {"x": 250.9035431177728, "y": 5.49787599611392}, "speed": {"x": 13.635254211021682, "y": 0.0, "z": 0}, "pseudonym": 1}], "option": {"size": 366, "type": "CPM"}}
{"timestamp": 8.069999819621444, "ITS_PDU_Header": {"tmp": "tmp"}, "Management_Container": {"tmp": "tmp"}, "Station_Data_Container": {"sumo_id": "27", "location": [325.700927734375, -5.75], "speed": [-2.877807681511514, 0.0, 0], "yaw": -179.99996948242188}, "Sensor_Information_Container": [0, 1, 2, 3],