{"timestamp": 8.119999818503857, "ITS_PDU_Header": {"tmp": "tmp"}, "Management_Container": {"tmp": "tmp"}, "Station_Data_Container": {"sumo_id": "32", "location": [-662.7566528320312, -2.0], "speed": [-0.2868652407869378, 0.0, 0], "yaw": -179.99996948242188}, "Sensor_Information_Container": [0, 1, 2, 3], "Perceived_Object_Container": [{"time": 8.119999818503857, "location": {"x": -672.164105394657, "y": -2.1183939440293704}, "speed": {"x": -3.93066415035719, "y": 0.0, "z": 0}, "pseudonym": 0}, {"time": 8.119999818503857, "location": {"x": -593.3236575643598, "y": -9.980331697031222}, "speed": {"x": -6.854248200079386, "y": 0.0, "z": 0}, "pseudonym": 1}], "option": {"size": 331, "type": "CPM"}}
{"timestamp": 8.119999818503857, "ITS_PDU_Header": {"tmp": "tmp"}, "Basic_Container": {"tmp": "tmp"}, "HF_Container": {"sumo_id": "32", "location": [-662.7566528320312, -2.0], "speed": [-0.2868652407869378, 0.0, 0], "yaw": -179.99996948242188}, "LF_Container": {"tmp": "tmp"}, "Special_Vehicle_Container": {"tmp": "tmp"}, "option": {"size": 190, "type": "CAM"}}
{"timestamp": 8.419999811798334, "ITS_PDU_Header": {"tmp": "tmp"}, "Management_Container": {"tmp": "tmp"}, "Station_Data_Container": {"sumo_id": "32", "location": [-662.9559936523438, -2.0], "speed": [-1.0070801006349943, 0.0, 0], "yaw": -179.99996948242188}, "Sensor_Information_Container": [0, 1, 2, 3], "Perceived_Object_Container": [{"time": 8.419999811798334, "location": {"x": -593.7603544047084, "y": -8.540998733888}, "speed": {"x": -7.44018571317611, "y": 0.0, "z": 0}, "pseudonym": 2}, {"time": 8.419999811798334, "location": {"x": -595.6424384481975, "y": -9.289321275776176}, "speed": {"x": -7.44018571317611, "y": 0.0, "z": 0}, "pseudonym": 1}, {"time": 8.419999811798334, "location": {"x": -673.4103431524385, "y": -2.076600427833003}, "speed": {"x": -4.51049814769249, "y": 0.0, "z": 0}, "pseudonym": 0}], "option": {"size": 366, "type": "CPM"}}
{"timestamp": 8.419999811798334, "ITS_PDU_Header": {"tmp": "tmp"}, "Basic_Container": {"tmp": "tmp"}, "HF_Container": {"sumo_id": "32", "location": [-662.9559936523438, -2.0], "speed": [-1.0070801006349943, 0.0, 0], "yaw": -179.99996948242188}, "LF_Container": {"tmp": "tmp"}, "Special_Vehicle_Container": {"tmp": "tmp"}, "option": {"size": 190, "type": "CAM"}}
{"timestamp": 8.719999805092812, "ITS_PDU_Header": {"tmp": "tmp"}, "Management_Container": {"tmp": "tmp"}, "Station_Data_Container": {"sumo_id": "32", "location": [-663.3643798828125, -2.0], "speed": [-1.6723633186302331, 0.0, 0], "yaw": -179.99996948242188}, "Sensor_Information_Container": [0, 1, 2, 3], "Perceived_Object_Container": [{"time": 8.719999805092812, "location": {"x": -597.4695995847918, "y": -8.569791757225705}, "speed": {"x": -8.032226742034258, "y": 0.0, "z": 0}, "pseudonym": 1}, {"time": 8.719999805092812, "location": {"x": -674.8781871539555, "y": -1.9774388799317801}, "speed": {"x": -5.0781251135049414, "y": 0.0, "z": 0}, "pseudonym": 0}], "option": {"size": 331, "type": "CPM"}}
{"timestamp": 8.719999805092812, "ITS_PDU_Header": {"tmp": "tmp"}, "Basic_Container": {"tmp": "tmp"}, "HF_Container": {"sumo_id": "32", "location": [-663.3643798828125, -2.0], "speed": [-1.6723633186302331, 0.0, 0], "yaw": -179.99996948242188}, "LF_Container": {"tmp": "tmp"}, "Special_Vehicle_Container": {"tmp": "tmp"}, "option": {"size": 190, "type": "CAM"}}
{"timestamp": 8.819999802857637, "ITS_PDU_Header": {"tmp": "tmp"}, "Management_Container": {"tmp": "tmp"}, "Station_Data_Container": {"sumo_id": "32", "location": [-663.5444946289062, -2.0], "speed": [-1.8981934018029287, 0.0, 0], "yaw": -179.99996948242188}, "Sensor_Information_Container": [0, 1, 2, 3], "Perceived_Object_Container": [{"time": 8.819999802857637, "location": {"x": -721.3346415152646, "y": 5.407210070112514}, "speed": {"x": 0.1403808625127568, "y": 0.0, "z": 0}, "pseudonym": 3}], "option": {"size": 296, "type": "CPM"}}
{"timestamp": 9.019999798387289, "ITS_PDU_Header": {"tmp": "tmp"}, "Management_Container": {"tmp": "tmp"}, "Station_Data_Container": {"sumo_id": "32", "location": [-663.9669189453125, -2.0], "speed": [-2.313232473579775, 0.0, 0], "yaw": -179.99996948242188}, "Sensor_Information_Container": [0, 1, 2, 3], "Perceived_Object_Container": [{"time": 9.019999798387289, "location": {"x": -676.4979836943702, "y": -2.0165121175980416}, "speed": {"x": -5.664062626601665, "y": 0.0, "z": 0}, "pseudonym": 0}], "option": {"size": 296, "type": "CPM"}}
{"timestamp": 9.019999798387289, "ITS_PDU_Header": {"tmp": "tmp"}, "Basic_Container": {"tmp": "tmp"}, "HF_Container": {"sumo_id": "32", "location": [-663.9669189453125, -2.0], "speed": [-2.313232473579775, 0.0, 0], "yaw": -179.99996948242188}, "LF_Container": {"tmp": "tmp"}, "Special_Vehicle_Container": {"tmp": "tmp"}, "option": {"size": 190, "type": "CAM"}}
{"timestamp": 9.119999796152115, "ITS_PDU_Header": {"tmp": "tmp"}, "Management_Container": {"tmp": "tmp"}, "Station_Data_Container": {"sumo_id": "32", "location": [-664.2101440429688, -2.0], "speed": [-2.5329590409910465, 0.0, 0], "yaw": -179.99996948242188}, "Sensor_Information_Container": [0, 1, 2, 3], "Perceived_Object_Container": [{"time": 9.119999796152115, "location": {"x": -601.273917520859, "y": -9.185057363759562}, "speed": {"x": -8.825683791019404, "y": 0.0, "z": 0}, "pseudonym": 1}, {"time": 9.119999796152115, "location": {"x": -721.174493347149, "y": 5.7262494952992915}, "speed": {"x": 0.8605957223608134, "y": 0.0, "z": 0}, "pseudonym": 3}, {"time": 9.119999796152115, "location": {"x": -776.2044674679992, "y": -9.241917712161062}, "speed": {"x": -15.783691759043002, "y": 0.0, "z": 0}, "pseudonym": 4}], "option": {"size": 366, "type": "CPM"}}
{"timestamp": 9.319999791681767, "ITS_PDU_Header": {"tmp": "tmp"}, "Management_Container": {"tmp": "tmp"}, "Station_Data_Container": {"sumo_id": "32", "location": [-664.757080078125, -2.0], "speed": [-2.92968756548362, 0.0, 0], "yaw": -179.99996948242188}, "Sensor_Information_Container": [0, 1, 2, 3], "Perceived_Object_Container": [{"time": 9.319999791681767, "location": {"x": -678.2911180693922, "y": -2.05151556686466}, "speed": {"x": -6.231689592414117, "y": 0.0, "z": 0}, "pseudonym": 0}], "option": {"size": 296, "type": "CPM"}}
{"timestamp": 9.319999791681767, "ITS_PDU_Header": {"tmp": "tmp"}, "Basic_Container": {"tmp": "tmp"}, "HF_Container": {"sumo_id": "32", "location": [-664.757080078125, -2.0], "speed": [-2.92968756548362, 0.0, 0], "yaw": -179.99996948242188}, "LF_Container": {"tmp": "tmp"}, "Special_Vehicle_Container": {"tmp": "tmp"}, "option": {"size": 190, "type": "CAM"}}
{"timestamp": 9.419999789446592, "ITS_PDU_Header": {"tmp": "tmp"}, "Management_Container": {"tmp": "tmp"}, "Station_Data_Container": {"sumo_id": "32", "location": [-665.0604248046875, -2.0], "speed": [-3.1127930383263465, 0.0, 0], "yaw": -179.99996948242188}, "Sensor_Information_Container": [0, 1, 2, 3], "Perceived_Object_Container": [{"time": 9.419999789446592, "location": {"x": -604.0335328383236, "y": -9.60668810391587}, "speed": {"x": -9.393310756831857, "y": 0.0, "z": 0}, "pseudonym": 1}, {"time": 9.419999789446592, "location": {"x": -722.5975662704072, "y": 5.1213028701421655}, "speed": {"x": 1.5502930034017488, "y": 0.0, "z": 0}, "pseudonym": 3}, {"time": 9.419999789446592, "location": {"x": -720.7923214092236, "y": 5.618963978994342}, "speed": {"x": 1.5502930034017488, "y": 0.0, "z": 0}, "pseudonym": 5}], "option": {"size": 366, "type": "CPM"}}
{"timestamp": 9.619999784976244, "ITS_PDU_Header": {"tmp": "tmp"}, "Management_Container": {"tmp": "tmp"}, "Station_Data_Container": {"sumo_id": "32", "location": [-665.7255859375, -2.0], "speed": [-3.521728594341768, 0.0, 0], "yaw": -179.99996948242188}, "Sensor_Information_Container": [0, 1, 2, 3], "Perceived_Object_Container": [{"time": 9.619999784976244, "location": {"x": -680.2828965237486, "y": -2.0887793343317633}, "speed": {"x": -6.86035171584081, "y": 0.0, "z": 0}, "pseudonym": 0}], "option": {"size": 296, "type": "CPM"}}
{"timestamp": 9.619999784976244,