{"timestamp": 9.36999979056418, "ITS_PDU_Header": {"tmp": "tmp"}, "Management_Container": {"tmp": "tmp"}, "Station_Data_Container": {"sumo_id": "37", "location": [737.69140625, 5.75], "speed": [0.2807617250255136, 0.0, 0], "yaw": 0.0}, "Sensor_Information_Container": [0, 1, 2, 3], "Perceived_Object_Container": [{"time": 9.36999979056418, "location": {"x": 817.7120659156528, "y": 1.6392856612607136}, "speed": {"x": 12.133789333711325, "y": 0.0, "z": 0}, "pseudonym": 0}, {"time": 9.36999979056418, "location": {"x": 860.6928458686533, "y": 2.648318603049131}, "speed": {"x": 6.97631851530787, "y": 0.0, "z": 0}, "pseudonym": 1}], "option": {"size": 331, "type": "CPM"}}
{"timestamp": 9.36999979056418, "ITS_PDU_Header": {"tmp": "tmp"}, "Basic_Container": {"tmp": "tmp"}, "HF_Container": {"sumo_id": "37", "location": [737.69140625, 5.75], "speed": [0.2807617250255136, 0.0, 0], "yaw": 0.0}, "LF_Container": {"tmp": "tmp"}, "Special_Vehicle_Container": {"tmp": "tmp"}, "option": {"size": 190, "type": "CAM"}}
{"timestamp": 9.469999788329005, "ITS_PDU_Header": {"tmp": "tmp"}, "Management_Container": {"tmp": "tmp"}, "Station_Data_Container": {"sumo_id": "37", "location": [737.7330932617188, 5.75], "speed": [0.5310058712439061, 0.0, 0], "yaw": 0.0}, "Sensor_Information_Container": [0, 1, 2, 3], "Perceived_Object_Container": [{"time": 9.469999788329005, "location": {"x": 643.2243648184071, "y": 9.209853930521241}, "speed": {"x": 9.10644551604492, "y": 0.0, "z": 0}, "pseudonym": 2}], "option": {"size": 296, "type": "CPM"}}
{"timestamp": 9.569999786093831, "ITS_PDU_Header": {"tmp": "tmp"}, "Basic_Container": {"tmp": "tmp"}, "HF_Container": {"sumo_id": "37", "location": [737.7996826171875, 5.75], "speed": [0.7812500174622987, 0.0, 0], "yaw": 0.0}, "LF_Container": {"tmp": "tmp"}, "Special_Vehicle_Container": {"tmp": "tmp"}, "option": {"size": 190, "type": "CAM"}}
{"timestamp": 9.669999783858657, "ITS_PDU_Header": {"tmp": "tmp"}, "Management_Container": {"tmp": "tmp"}, "Station_Data_Container": {"sumo_id": "37", "location": [737.89013671875, 5.75], "speed": [1.00097658487357, 0.0, 0], "yaw": 0.0}, "Sensor_Information_Container": [0, 1, 2, 3], "Perceived_Object_Container": [{"time": 9.669999783858657, "location": {"x": 822.7148883944903, "y": 2.6232190430164235}, "speed": {"x": 12.71972684680805, "y": 0.0, "z": 0}, "pseudonym": 0}, {"time": 9.669999783858657, "location": {"x": 861.6209768298814, "y": 2.166890431204134}, "speed": {"x": 7.592773607211715, "y": 0.0, "z": 0}, "pseudonym": 1}], "option": {"size": 331, "type": "CPM"}}
{"timestamp": 9.769999781623483, "ITS_PDU_Header": {"tmp": "tmp"}, "Management_Container": {"tmp": "tmp"}, "Station_Data_Container": {"sumo_id": "37", "location": [738.004150390625, 5.75], "speed": [1.2451172153305385, 0.0, 0], "yaw": 0.0}, "Sensor_Information_Container": [0, 1, 2, 3], "Perceived_Object_Container": [{"time": 9.769999781623483, "location": {"x": 822.7633480624567, "y": 1.6611232602322992}, "speed": {"x": 12.908935835412201, "y": 0.0, "z": 0}, "pseudonym": 3}, {"time": 9.769999781623483, "location": {"x": 646.057953145698, "y": 9.148561806985972}, "speed": {"x": 9.71679709218734, "y": 0.0, "z": 0}, "pseudonym": 2}], "option": {"size": 331, "type": "CPM"}}
{"timestamp": 9.869999779388309, "ITS_PDU_Header": {"tmp": "tmp"}, "Basic_Container": {"tmp": "tmp"}, "HF_Container": {"sumo_id": "37", "location": [738.14013671875, 5.75], "speed": [1.4526367512189615, 0.0, 0], "yaw": 0.0}, "LF_Container": {"tmp": "tmp"}, "Special_Vehicle_Container": {"tmp": "tmp"}, "option": {"size": 190, "type": "CAM"}}
{"timestamp": 9.969999777153134, "ITS_PDU_Header": {"tmp": "tmp"}, "Management_Container": {"tmp": "tmp"}, "Station_Data_Container": {"sumo_id": "37", "location": [738.29833984375, 5.75], "speed": [1.6845703501530815, 0.0, 0], "yaw": 0.0}, "Sensor_Information_Container": [0, 1, 2, 3], "Perceived_Object_Container": [{"time": 9.969999777153134, "location": {"x": 863.9922822099793, "y": 2.237629061201218}, "speed": {"x": 8.13598650997847, "y": 0.0, "z": 0}, "pseudonym": 1}], "option": {"size": 296, "type": "CPM"}}
