{"timestamp": 120.00000000149012, "ITS_PDU_Header": {"tmp": "tmp"}, "Management_Container": {"tmp": "tmp"}, "Station_Data_Container": {"sumo_id": "639", "location": [18.67022705078125, 9.25], "speed": [186.7022677257319, 92.4999986216426, 0], "yaw": 0.0}, "Sensor_Information_Container": [0, 1, 2, 3], "Perceived_Object_Container": [{"time": 120.00000000149012, "location": {"x": 30.9408521121133, "y": 2.0801678984953473}, "speed": {"x": 314.38231953408837, "y": 19.99999970197678, "z": 0}, "pseudonym": 0}, {"time": 120.00000000149012, "location": {"x": 37.49042224686029, "y": -5.194817998763902}, "speed": {"x": 372.4011174976659, "y": -57.499999143183246, "z": 0}, "pseudonym": 1}], "option": {"size": 331, "type": "CPM"}}
{"timestamp": 120.00000000149012, "ITS_PDU_Header": {"tmp": "tmp"}, "Basic_Container": {"tmp": "tmp"}, "HF_Container": {"sumo_id": "639", "location": [18.67022705078125, 9.25], "speed": [186.7022677257319, 92.4999986216426, 0], "yaw": 0.0}, "LF_Container": {"tmp": "tmp"}, "Special_Vehicle_Container": {"tmp": "tmp"}, "option": {"size": 190, "type": "CAM"}}
