{"timestamp": 119.99999999977648, "ITS_PDU_Header": {"tmp": "tmp"}, "Management_Container": {"tmp": "tmp"}, "Station_Data_Container": {"sumo_id": "108", "location": [-81.36737060546875, 5.75], "speed": [-8136.737242417124, 575.0000128522519, 0], "yaw": 0.0}, "Sensor_Information_Container": [0, 1, 2, 3], "Perceived_Object_Container": [{"time": 119.99999999977648, "location": {"x": -82.77441286561566, "y": 2.2941187309168614}, "speed": {"x": -8317.645449585738, "y": 200.00000447034847, "z": 0}, "pseudonym": 0}, {"time": 119.99999999977648, "location": {"x": -92.01990102802884, "y": -1.3897819733562256}, "speed": {"x": -9163.397421614769, "y": -200.00000447034847, "z": 0}, "pseudonym": 1}], "option": {"size": 331, "type": "CPM"}}
{"timestamp": 119.99999999977648, "ITS_PDU_Header": {"tmp": "tmp"}, "Basic_Container": {"tmp": "tmp"}, "HF_Container": {"sumo_id": "108", "location": [-81.36737060546875, 5.75], "speed": [-8136.737242417124, 575.0000128522519, 0], "yaw": 0.0}, "LF_Container": {"tmp": "tmp"}, "Special_Vehicle_Container": {"tmp": "tmp"}, "option": {"size": 190, "type": "CAM"}}
{"timestamp": 120.10999999731779, "ITS_PDU_Header": {"tmp": "tmp"}, "Management_Container": {"tmp": "tmp"}, "Station_Data_Container": {"sumo_id": "108", "location": [-79.7020263671875, 5.75], "speed": [16.656494512926663, 0.0, 0], "yaw": 0.0}, "Sensor_Information_Container": [0, 1, 2, 3], "Perceived_Object_Container": [{"time": 120.10999999731779, "location": {"x": -78.24021821962229, "y": -8.625262745794014}, "speed": {"x": -16.559601200214054, "y": 0.0, "z": 0}, "pseudonym": 2}, {"time": 120.10999999731779, "location": {"x": -81.36152259314937, "y": 2.301420517676207}, "speed": {"x": 15.063476899194946, "y": 0.0, "z": 0}, "pseudonym": 3}, {"time": 120.10999999731779, "location": {"x": -73.64321953198531, "y": -2.007986169776175}, "speed": {"x": -12.285614288276753, "y": 0.0, "z": 0}, "pseudonym": 4}], "option": {"size": 366, "type": "CPM"}}
{"timestamp": 120.10999999731779, "ITS_PDU_Header": {"tmp": "tmp"}, "Basic_Container": {"tmp": "tmp"}, "HF_Container": {"sumo_id": "108", "location": [-79.7020263671875, 5.75], "speed": [16.656494512926663, 0.0, 0], "yaw": 0.0}, "LF_Container": {"tmp": "tmp"}, "Special_Vehicle_Container": {"tmp": "tmp"}, "option": {"size": 190, "type": "CAM"}}
{"timestamp": 120.11999999709427, "ITS_PDU_Header": {"tmp": "tmp"}, "Management_Container": {"tmp": "tmp"}, "Station_Data_Container": {"sumo_id": "108", "location": [-79.53533935546875, 5.75], "speed": [16.66870154444951, 0.0, 0], "yaw": 0.0}, "Sensor_Information_Container": [0, 1, 2, 3], "Perceived_Object_Container": [{"time": 120.10999999731779, "location": {"x": -123.21402336067072, "y": 2.1906863009816915}, "speed": {"x": 14.337158523585465, "y": 0.0, "z": 0}, "pseudonym": 5}, {"time": 120.10999999731779, "location": {"x": -125.33732877769665, "y": -8.730458748092053}, "speed": {"x": -16.632080449880966, "y": 0.0, "z": 0}, "pseudonym": 6}, {"time": 120.10999999731779, "location": {"x": -143.222911441345, "y": 2.009113568899378}, "speed": {"x": 13.983154609422861, "y": 0.0, "z": 0}, "pseudonym": 7}, {"time": 120.10999999731779, "location": {"x": -105.61105684981956, "y": 5.666919032579819}, "speed": {"x": 16.65039099716524, "y": 0.0, "z": 0}, "pseudonym": 8}, {"time": 120.10999999731779, "location": {"x": -163.36758600154363, "y": 2.331302850722424}, "speed": {"x": 13.665771789828803, "y": 0.0, "z": 0}, "pseudonym": 9}, {"time": 120.10999999731779, "location": {"x": -183.61282711855668, "y": 2.425618553425363}, "speed": {"x": 13.359070122817236, "y": 0.0, "z": 0}, "pseudonym": 10}, {"time": 120.10999999731779, "location": {"x": -102.41212900915491, "y": 2.425922516759724}, "speed": {"x": 14.714813561323588, "y": 0.0, "z": 0}, "pseudonym": 11}, {"time": 120.10999999731779, "location": {"x": -92.26985423607536, "y": -1.5558911355444682}, "speed": {"x": -12.274170196224082, "y": 0.0, "z": 0}, "pseudonym": 12}, {"time": 120.10999999731779, "location": {"x": -115.25858215954935, "y": -1.3803457731813529}, "speed": {"x": -13.323974907189047, "y": 0.0, "z": 0}, "pseudonym": 13}, {"time": 120.10999999731779, "location": {"x": -182.55246902593143, "y": -6.103925706432451}, "speed": {"x": -15.895080921688994, "y": 0.0, "z": 0}, "pseudonym": 14}, {"time": 120.10999999731779, "location": {"x": -113.22259126416215, "y": -2.122132100193239}, "speed": {"x": -13.323974907189047, "y": 0.0, "z": 0}, "pseudonym": 15}, {"time": 120.10999999731779, "location": {"x": -129.250982858199, "y": 9.621027193834369}, "speed": {"x": 16.65039099716524, "y": 0.0, "z": 0}, "pseudonym": 16}, {"time": 120.10999999731779, "location": {"x": -80.5159685263157, "y": 8.757508864745727}, "speed": {"x": 14.556885090996737, "y": 0.0, "z": 0}, "pseudonym": 17}, {"time": 120.10999999731779, "location": {"x": -61.4527732735947, "y": 2.216145831584249}, "speed": {"x": 15.37513767276267, "y": 0.0, "z": 0}, "pseudonym": 18}, {"time": 120.10999999731779, "location": {"x": -51.838720741666286, "y": -1.7162980946800506}, "speed": {"x": -11.669922135843086, "y": 0.0, "z": 0}, "pseudonym": 19}, {"time": 120.10999999731779, "location": {"x": -54.74876285252787, "y": -8.728438505660524}, "speed": {"x": -16.473007570348848, "y": 0.0, "z": 0}, "pseudonym": 20}, {"time": 120.10999999731779, "location": {"x": 7.125189672408002, "y": 9.153664302974137}, "speed": {"x": 15.966797231885728, "y": 0.0, "z": 0}, "pseudonym": 21}, {"time": 120.10999999731779, "location": {"x": -12.505661665427478, "y": -2.1350566603404855}, "speed": {"x": -11.877441671731509, "y": 0.0, "z": 0}, "pseudonym": 22}, {"time": 120.10999999731779, "location": {"x": 59.38412697833529, "y": 2.257246364671982}, "speed": {"x": 12.902832319650777, "y": 0.0, "z": 0}, "pseudonym": 23}, {"time": 120.10999999731779, "location": {"x": 6.998315716518995, "y": -2.0637351579042296}, "speed": {"x": -11.859131124447236, "y": 0.0, "z": 0}, "pseudonym": 24}, {"time": 120.10999999731779, "location": {"x": 56.27026978903176, "y": -1.703399409244445}, "speed": {"x": -13.95263703061574, "y": 0.0, "z": 0}, "pseudonym": 25}, {"time": 120.10999999731779, "location": {"x": -59.3697543023277, "y": 8.831748552724779}, "speed": {"x": 14.538956013447553, "y": 0.0, "z": 0}, "pseudonym": 26}, {"time": 120.10999999731779, "location": {"x": -31.67130685081592, "y": -1.8309089031903334}, "speed": {"x": -11.79199245107157, "y": 0.0, "z": 0}, "pseudonym": 27}], "option": {"size": 1066, "type": "CPM"}}
{"timestamp": 120.2199999948591, "ITS_PDU_Header": {"tmp": "tmp"}, "Management_Container": {"tmp": "tmp"}, "Station_Data_Container": {"sumo_id": "108", "location": [-77.87054443359375, 5.75], "speed": [16.625976934119542, 0.0, 0], "yaw": 0.0}, "Sensor_Information_Container": [0, 1, 2, 3], "Perceived_Object_Container": [{"time": 120.20999999508261, "location": {"x": -1.494756256921761, "y": -5.333612764537935}, "speed": {"x": -16.63818396564239, "y": 0.0, "z": 0}, "pseudonym": 28}, {"time": 120.20999999508261, "location": {"x": -52.22347548568783, "y": -5.759688719871209}, "speed": {"x": -16.076660515591364, "y": 0.0, "z": 0}, "pseudonym": 29}, {"time": 120.20999999508261, "location": {"x": 31.49647131429356, "y": 1.8504047469182503}, "speed": {"x": 15.039062836149249, "y": 0.0, "z": 0}, "pseudonym": 30}, {"time": 120.20999999508261, "location": {"x": -50.99656557073135, "y": -1.2360521372062836}, "speed": {"x": -11.743164324980176, "y": 0.0, "z": 0}, "pseudonym": 31}, {"time": 120.20999999508261, "location": {"x": -56.756417852669216, "y": -8.736795710026122}, "speed": {"x": -16.485596071606786, "y": 0.0, "z": 0}, "pseudonym": 32}, {"time": 120.20999999508261, "location": {"x": -11.531097044560084, "y": -1.4014065538360159}, "speed": {"x": -11.86523464020866, "y": 0.0, "z": 0}, "pseudonym": 33}, {"time": 120.20999999508261, "location": {"x": -160.40136012361887, "y": 9.036561501303673}, "speed": {"x": 16.66107214974773, "y": 0.0, "z": 0}, "pseudonym": 34}, {"time": 120.20999999508261,