{"timestamp": 119.99999999977648, "ITS_PDU_Header": {"tmp": "tmp"}, "Management_Container": {"tmp": "tmp"}, "Station_Data_Container": {"sumo_id": "134", "location": [989.6260986328125, -2.0], "speed": [98962.612075268, -200.00000447034847, 0], "yaw": -179.99996948242188}, "Sensor_Information_Container": [0, 1, 2, 3], "Perceived_Object_Container": [{"time": 119.99999999977648, "location": {"x": 980.208414174944, "y": 9.653567721349953}, "speed": {"x": 97954.98265821447, "y": 925.0000206753616, "z": 0}, "pseudonym": 0}], "option": {"size": 296, "type": "CPM"}}
{"timestamp": 119.99999999977648, "ITS_PDU_Header": {"tmp": "tmp"}, "Basic_Container": {"tmp": "tmp"}, "HF_Container": {"sumo_id": "134", "location": [989.6260986328125, -2.0], "speed": [98962.612075268, -200.00000447034847, 0], "yaw": -179.99996948242188}, "LF_Container": {"tmp": "tmp"}, "Special_Vehicle_Container": {"tmp": "tmp"}, "option": {"size": 190, "type": "CAM"}}
{"timestamp": 120.10999999731779, "ITS_PDU_Header": {"tmp": "tmp"}, "Management_Container": {"tmp": "tmp"}, "Station_Data_Container": {"sumo_id": "134", "location": [988.9532470703125, -2.0], "speed": [-6.756591947896599, 0.0, 0], "yaw": -179.99996948242188}, "Sensor_Information_Container": [0, 1, 2, 3], "Perceived_Object_Container": [{"time": 120.10999999731779, "location": {"x": 989.9318460941525, "y": 1.4361705977612516}, "speed": {"x": 4.101562591677068, "y": 0.0, "z": 0}, "pseudonym": 1}, {"time": 120.10999999731779, "location": {"x": 981.0709680224817, "y": 8.702918642219233}, "speed": {"x": 17.468262109196083, "y": 0.0, "z": 0}, "pseudonym": 2}], "option": {"size": 331, "type": "CPM"}}
{"timestamp": 120.10999999731779, "ITS_PDU_Header": {"tmp": "tmp"}, "Basic_Container": {"tmp": "tmp"}, "HF_Container": {"sumo_id": "134", "location": [988.9532470703125, -2.0], "speed": [-6.756591947896599, 0.0, 0], "yaw": -179.99996948242188}, "LF_Container": {"tmp": "tmp"}, "Special_Vehicle_Container": {"tmp": "tmp"}, "option": {"size": 190, "type": "CAM"}}
{"timestamp": 120.11999999709427, "ITS_PDU_Header": {"tmp": "tmp"}, "Management_Container": {"tmp": "tmp"}, "Station_Data_Container": {"sumo_id": "134", "location": [988.8853759765625, -2.0], "speed": [-6.78710952670372, 0.0, 0], "yaw": -179.99996948242188}, "Sensor_Information_Container": [0, 1, 2, 3], "Perceived_Object_Container": [{"time": 120.10999999731779, "location": {"x": 999.5140410333628, "y": 1.0250721482253058}, "speed": {"x": 1.8310547284272625, "y": -0.7129967372044191, "z": 0}, "pseudonym": 3}, {"time": 120.10999999731779, "location": {"x": 967.9347846125575, "y": 1.9134961699362962}, "speed": {"x": 4.138183686245613, "y": 0.0, "z": 0}, "pseudonym": 4}, {"time": 120.10999999731779, "location": {"x": 977.2316207233387, "y": -2.1034269035108806}, "speed": {"x": -7.507324386551776, "y": 0.0, "z": 0}, "pseudonym": 5}, {"time": 120.10999999731779, "location": {"x": 901.3193532421797, "y": -9.028122714336574}, "speed": {"x": -0.19531250436557468, "y": 0.0, "z": 0}, "pseudonym": 6}, {"time": 120.10999999731779, "location": {"x": 978.8130580708005, "y": 1.9969151093080755}, "speed": {"x": 4.101562591677068, "y": 0.0, "z": 0}, "pseudonym": 7}, {"time": 120.10999999731779, "location": {"x": 955.9333467038421, "y": 1.7197281292875726}, "speed": {"x": 4.27856454875837, "y": 0.0, "z": 0}, "pseudonym": 8}, {"time": 120.10999999731779, "location": {"x": 943.9084509357641, "y": 1.798820843960037}, "speed": {"x": 4.498291116169642, "y": 0.0, "z": 0}, "pseudonym": 9}], "option": {"size": 506, "type": "CPM"}}
{"timestamp": 120.20999999508261, "ITS_PDU_Header": {"tmp": "tmp"}, "Management_Container": {"tmp": "tmp"}, "Station_Data_Container": {"sumo_id": "134", "location": [988.2719116210938, -2.0], "speed": [-6.854248200079386, 0.0, 0], "yaw": -179.99996948242188}, "Sensor_Information_Container": [0, 1, 2, 3], "Perceived_Object_Container": [{"time": 120.20999999508261, "location": {"x": 999.7362645432507, "y": 0.766746743845488}, "speed": {"x": 1.3610840147975984, "y": -1.856976789019483, "z": 0}, "pseudonym": 3}], "option": {"size": 296, "type": "CPM"}}
{"timestamp": 120.2199999948591, "ITS_PDU_Header": {"tmp": "tmp"}, "Management_Container": {"tmp": "tmp"}, "Station_Data_Container": {"sumo_id": "134", "location": [988.2033081054688, -2.0], "speed": [-6.86035171584081, 0.0, 0], "yaw": -179.99996948242188}, "Sensor_Information_Container": [0, 1, 2, 3], "Perceived_Object_Container": [{"time": 120.20999999508261, "location": {"x": 931.4882579783857, "y": 1.5671201951035267}, "speed": {"x": 4.803466904240852, "y": 0.0, "z": 0}, "pseudonym": 10}, {"time": 120.20999999508261, "location": {"x": 956.440209169756, "y": 5.966241671960572}, "speed": {"x": 16.65039099716524, "y": 0.0, "z": 0}, "pseudonym": 11}], "option": {"size": 331, "type": "CPM"}}
{"timestamp": 120.30999999284744, "ITS_PDU_Header": {"tmp": "tmp"}, "Management_Container": {"tmp": "tmp"}, "Station_Data_Container": {"sumo_id": "134", "location": [987.5824584960938, -2.0], "speed": [-6.921386873455052, 0.0, 0], "yaw": -179.99996948242188}, "Sensor_Information_Container": [0, 1, 2, 3], "Perceived_Object_Container": [{"time": 120.30999999284744, "location": {"x": 999.8535680047595, "y": 0.8627558454173834}, "speed": {"x": 1.3366699517519016, "y": -2.778184476007174, "z": 0}, "pseudonym": 3}, {"time": 120.30999999284744, "location": {"x": 901.548462085371, "y": -9.462081564742057}, "speed": {"x": -0.6958007968023597, "y": 0.0, "z": 0}, "pseudonym": 6}], "option": {"size": 331, "type": "CPM"}}
{"timestamp": 120.41999999038875, "ITS_PDU_Header": {"tmp": "tmp"}, "Management_Container": {"tmp": "tmp"}, "Station_Data_Container": {"sumo_id": "134", "location": [986.8135986328125, -2.0], "speed": [-7.031250157160688, 0.0, 0], "yaw": -179.99996948242188}, "Sensor_Information_Container": [0, 1, 2, 3], "Perceived_Object_Container": [{"time": 120.40999999061226, "location": {"x": 1000.2093959963803, "y": 0.41992950458033124}, "speed": {"x": 1.141357447386327, "y": -1.7076939726105476, "z": 0}, "pseudonym": 3}], "option": {"size": 296, "type": "CPM"}}
{"timestamp": 120.51999998815357, "ITS_PDU_Header": {"tmp": "tmp"}, "Management_Container": {"tmp": "tmp"}, "Station_Data_Container": {"sumo_id": "134", "location": [986.1058959960938, -2.0], "speed": [-7.116699377820627, 0.0, 0], "yaw": -179.99996948242188}, "Sensor_Information_Container": [0, 1, 2, 3], "Perceived_Object_Container": [{"time": 120.50999998837709, "location": {"x": 1000.1708893132925, "y": 0.2452628167476495}, "speed": {"x": 0.3662109456854525, "y": -2.811880472567986, "z": 0}, "pseudonym": 3}], "option": {"size": 296, "type": "CPM"}}
{"timestamp": 120.6199999859184, "ITS_PDU_Header": {"tmp": "tmp"}, "Management_Container": {"tmp": "tmp"}, "Station_Data_Container": {"sumo_id": "134", "location": [985.3932495117188, -2.0], "speed": [-7.141113440866324, 0.0, 0], "yaw": -179.99996948242188}, "Sensor_Information_Container": [0, 1, 2, 3], "Perceived_Object_Container": [{"time": 120.60999998614191, "location": {"x": 900.3140828449742, "y": -8.908918740817645}, "speed": {"x": -1.4160156566504163, "y": 0.0, "z": 0}, "pseudonym": 6}, {"time": 120.60999998614191, "location": {"x": 1000.1473857932972, "y": -0.11857040836881137}, "speed": {"x": -0.9826660375892975, "y": -3.3152655508056035, "z": 0}, "pseudonym": 3}], "option": {"size": 331, "type": "CPM"}}
{"timestamp": 120.71999998368322, "ITS_PDU_Header": {"tmp": "tmp"}, "Management_Container": {"tmp": "tmp"}, "Station_Data_Container": {"sumo_id": "134", "location": [984.6779174804688, -2.0], "speed": [-7.1655275039120205, 0.0, 0], "yaw": -179.99996948242188}, "Sensor_Information_Container": [0, 1, 2, 3], "Perceived_Object_Container": [{"time": 120.70999998390674, "location": {"x": 901.8304735912564, "y": 8.365345148173848}, "speed": {"x": 16.71142615477948, "y": 0.0, "z": 0}, "pseudonym": 12}, {"time": 120.70999998390674, "location": {"x": 1000.203895727794, "y": -0.3051889144920848}, "speed": {"x": -2.0690918431228065,