{"timestamp": 119.99999999977648, "ITS_PDU_Header": {"tmp": "tmp"}, "Management_Container": {"tmp": "tmp"}, "Station_Data_Container": {"sumo_id": "168", "location": [343.8355712890625, 5.75], "speed": [34383.55789743866, 575.0000128522519, 0], "yaw": 0.0}, "Sensor_Information_Container": [0, 1, 2, 3], "Perceived_Object_Container": [{"time": 119.99999999977648, "location": {"x": 346.62501385470057, "y": -4.920011777762365}, "speed": {"x": 34638.18436797375, "y": -575.0000128522519, "z": 0}, "pseudonym": 0}, {"time": 119.99999999977648, "location": {"x": 366.18335966931954, "y": 5.643644915106645}, "speed": {"x": 36729.60287175185, "y": 575.0000128522519, "z": 0}, "pseudonym": 1}], "option": {"size": 331, "type": "CPM"}}
{"timestamp": 119.99999999977648, "ITS_PDU_Header": {"tmp": "tmp"}, "Basic_Container": {"tmp": "tmp"}, "HF_Container": {"sumo_id": "168", "location": [343.8355712890625, 5.75], "speed": [34383.55789743866, 575.0000128522519, 0], "yaw": 0.0}, "LF_Container": {"tmp": "tmp"}, "Special_Vehicle_Container": {"tmp": "tmp"}, "option": {"size": 190, "type": "CAM"}}
{"timestamp": 120.10999999731779, "ITS_PDU_Header": {"tmp": "tmp"}, "Management_Container": {"tmp": "tmp"}, "Station_Data_Container": {"sumo_id": "168", "location": [345.48583984375, 5.75], "speed": [16.50695837677177, 0.0, 0], "yaw": 0.0}, "Sensor_Information_Container": [0, 1, 2, 3], "Perceived_Object_Container": [{"time": 120.10999999731779, "location": {"x": 334.65529883295267, "y": -8.666297696851766}, "speed": {"x": -7.910156426805774, "y": 0.0, "z": 0}, "pseudonym": 2}, {"time": 120.10999999731779, "location": {"x": 345.0478136291854, "y": -4.919240855377}, "speed": {"x": -15.95459020036288, "y": 0.0, "z": 0}, "pseudonym": 3}, {"time": 120.10999999731779, "location": {"x": 343.83057044807055, "y": 8.952550906868934}, "speed": {"x": 14.892578457875068, "y": 0.0, "z": 0}, "pseudonym": 4}], "option": {"size": 366, "type": "CPM"}}
{"timestamp": 120.10999999731779, "ITS_PDU_Header": {"tmp": "tmp"}, "Basic_Container": {"tmp": "tmp"}, "HF_Container": {"sumo_id": "168", "location": [345.48583984375, 5.75], "speed": [16.50695837677177, 0.0, 0], "yaw": 0.0}, "LF_Container": {"tmp": "tmp"}, "Special_Vehicle_Container": {"tmp": "tmp"}, "option": {"size": 190, "type": "CAM"}}
{"timestamp": 120.11999999709427, "ITS_PDU_Header": {"tmp": "tmp"}, "Management_Container": {"tmp": "tmp"}, "Station_Data_Container": {"sumo_id": "168", "location": [345.6510009765625, 5.75], "speed": [16.516113650413907, 0.0, 0], "yaw": 0.0}, "Sensor_Information_Container": [0, 1, 2, 3], "Perceived_Object_Container": [{"time": 120.10999999731779, "location": {"x": 301.99506708164535, "y": 2.1901710909410306}, "speed": {"x": 11.840820577162964, "y": 0.0, "z": 0}, "pseudonym": 5}, {"time": 120.10999999731779, "location": {"x": 321.9234469354596, "y": -5.035905496039019}, "speed": {"x": -16.049194694664955, "y": 0.0, "z": 0}, "pseudonym": 6}, {"time": 120.10999999731779, "location": {"x": 282.6796915237682, "y": 2.0529493577485765}, "speed": {"x": 11.926269797822902, "y": 0.0, "z": 0}, "pseudonym": 7}, {"time": 120.10999999731779, "location": {"x": 339.47666171606915, "y": 2.6335118028320075}, "speed": {"x": 11.947632102987887, "y": 0.0, "z": 0}, "pseudonym": 8}, {"time": 120.10999999731779, "location": {"x": 376.4232033672572, "y": -1.236465548922271}, "speed": {"x": -12.207031522848416, "y": 0.0, "z": 0}, "pseudonym": 9}, {"time": 120.10999999731779, "location": {"x": 356.7193215203652, "y": -1.4042172343610417}, "speed": {"x": -12.356567659003309, "y": 0.0, "z": 0}, "pseudonym": 10}, {"time": 120.10999999731779, "location": {"x": 358.5851629942754, "y": 2.3712626645967814}, "speed": {"x": 11.962890892391448, "y": 0.0, "z": 0}, "pseudonym": 11}, {"time": 120.10999999731779, "location": {"x": 367.9035843806276, "y": 5.820338459975264}, "speed": {"x": 16.671753302330224, "y": 0.0, "z": 0}, "pseudonym": 12}, {"time": 120.10999999731779, "location": {"x": 427.99827426797737, "y": 9.119546284559057}, "speed": {"x": 12.728882120450187, "y": 0.0, "z": 0}, "pseudonym": 13}, {"time": 120.10999999731779, "location": {"x": 461.235259125238, "y": 9.461567693511258}, "speed": {"x": 6.320190570954768, "y": 0.0, "z": 0}, "pseudonym": 14}, {"time": 120.10999999731779, "location": {"x": 246.2785882358337, "y": -1.282417936645908}, "speed": {"x": -11.546325941674246, "y": 0.0, "z": 0}, "pseudonym": 15}, {"time": 120.10999999731779, "location": {"x": 265.6269086306062, "y": 9.730379922968604}, "speed": {"x": 16.140747431086318, "y": 0.0, "z": 0}, "pseudonym": 16}, {"time": 120.10999999731779, "location": {"x": 321.4173897729602, "y": 2.201866494720336}, "speed": {"x": 11.901855734777206, "y": 0.0, "z": 0}, "pseudonym": 17}, {"time": 120.10999999731779, "location": {"x": 308.93828595634136, "y": -1.5941054619593489}, "speed": {"x": -12.548828405488173, "y": 0.0, "z": 0}, "pseudonym": 18}, {"time": 120.10999999731779, "location": {"x": 263.0329605156122, "y": 2.031931853223391}, "speed": {"x": 11.935425071465039, "y": 0.0, "z": 0}, "pseudonym": 19}, {"time": 120.10999999731779, "location": {"x": 246.24180057689284, "y": -5.677918239577231}, "speed": {"x": -15.79589879056585, "y": 0.0, "z": 0}, "pseudonym": 20}, {"time": 120.10999999731779, "location": {"x": 379.8380461628973, "y": 2.8493499312565884}, "speed": {"x": 11.93847682934575, "y": 0.0, "z": 0}, "pseudonym": 21}, {"time": 120.10999999731779, "location": {"x": 428.54680612717397, "y": -9.04052206482772}, "speed": {"x": -14.01062043034927, "y": 0.0, "z": 0}, "pseudonym": 22}, {"time": 120.10999999731779, "location": {"x": 365.27434094825685, "y": 8.489845937438732}, "speed": {"x": 14.907837247278628, "y": 0.0, "z": 0}, "pseudonym": 23}, {"time": 120.10999999731779, "location": {"x": 394.17326204330374, "y": -1.9419055913146928}, "speed": {"x": -11.999511986959993, "y": 0.0, "z": 0}, "pseudonym": 24}, {"time": 120.10999999731779, "location": {"x": 399.52934306525367, "y": 2.8078176744591703}, "speed": {"x": 11.837768819282251, "y": 0.0, "z": 0}, "pseudonym": 25}], "option": {"size": 996, "type": "CPM"}}
{"timestamp": 120.20999999508261, "ITS_PDU_Header": {"tmp": "tmp"}, "Management_Container": {"tmp": "tmp"}, "Station_Data_Container": {"sumo_id": "168", "location": [347.136474609375, 5.75], "speed": [16.516113650413907, 0.0, 0], "yaw": 0.0}, "Sensor_Information_Container": [0, 1, 2, 3], "Perceived_Object_Container": [{"time": 120.20999999508261, "location": {"x": 440.42067380758215, "y": 2.209908205549834}, "speed": {"x": 10.473633046603942, "y": 0.0, "z": 0}, "pseudonym": 26}, {"time": 120.20999999508261, "location": {"x": 420.5768206495459, "y": 2.8343717055359137}, "speed": {"x": 11.63330104127454, "y": 0.0, "z": 0}, "pseudonym": 27}, {"time": 120.20999999508261, "location": {"x": 458.8756108857352, "y": 2.329607564048524}, "speed": {"x": 10.607910393355274, "y": 0.0, "z": 0}, "pseudonym": 28}], "option": {"size": 366, "type": "CPM"}}
{"timestamp": 120.2199999948591, "ITS_PDU_Header": {"tmp": "tmp"}, "Management_Container": {"tmp": "tmp"}, "Station_Data_Container": {"sumo_id": "168", "location": [347.3017578125, 5.75], "speed": [16.528320681936755, 0.0, 0], "yaw": 0.0}, "Sensor_Information_Container": [0, 1, 2, 3], "Perceived_Object_Container": [{"time": 120.20999999508261, "location": {"x": 356.3624920094137, "y": -5.332587753010509}, "speed": {"x": -10.916137939307196, "y": 0.0, "z": 0}, "pseudonym": 29}, {"time": 120.20999999508261, "location": {"x": 287.0107848028559, "y": -1.4358913303616543}, "speed": {"x": -12.426758090259687, "y": 0.0, "z": 0}, "pseudonym": 30}, {"time": 120.20999999508261, "location": {"x": 293.1343531869534, "y": -5.987683212972918}, "speed": {"x": -16.052246452545667, "y": 0.0, "z": 0}, "pseudonym": 31}], "option": {"size": 366, "type": "CPM"}}
{"timestamp": 120.30999999284744, "ITS_PDU_Header": {"tmp": "tmp"}, "Management_Container": {"tmp": "tmp"}, "Station_Data_Container": {"sumo_id": "168", "location": [348.7875671386719, 5.75],