{"timestamp": 119.99999999977648, "ITS_PDU_Header": {"tmp": "tmp"}, "Management_Container": {"tmp": "tmp"}, "Station_Data_Container": {"sumo_id": "183", "location": [-182.3722381591797, -5.75], "speed": [-18237.224223551697, -575.0000128522519, 0], "yaw": -179.99996948242188}, "Sensor_Information_Container": [0, 1, 2, 3], "Perceived_Object_Container": [{"time": 119.99999999977648, "location": {"x": -185.07402561096507, "y": 1.754489871065398}, "speed": {"x": -18534.337267302064, "y": 200.00000447034847, "z": 0}, "pseudonym": 0}], "option": {"size": 296, "type": "CPM"}}
{"timestamp": 119.99999999977648, "ITS_PDU_Header": {"tmp": "tmp"}, "Basic_Container": {"tmp": "tmp"}, "HF_Container": {"sumo_id": "183", "location": [-182.3722381591797, -5.75], "speed": [-18237.224223551697, -575.0000128522519, 0], "yaw": -179.99996948242188}, "LF_Container": {"tmp": "tmp"}, "Special_Vehicle_Container": {"tmp": "tmp"}, "option": {"size": 190, "type": "CAM"}}
{"timestamp": 120.10999999731779, "ITS_PDU_Header": {"tmp": "tmp"}, "Management_Container": {"tmp": "tmp"}, "Station_Data_Container": {"sumo_id": "183", "location": [-183.96173095703125, -5.75], "speed": [-15.899658558510062, 0.0, 0], "yaw": -179.99996948242188}, "Sensor_Information_Container": [0, 1, 2, 3], "Perceived_Object_Container": [{"time": 120.10999999731779, "location": {"x": -184.29140998773286, "y": 1.3643031174836306}, "speed": {"x": 13.359070122817236, "y": 0.0, "z": 0}, "pseudonym": 1}, {"time": 120.10999999731779, "location": {"x": -187.92598449327295, "y": 8.625050403934699}, "speed": {"x": 16.520691287234975, "y": 0.0, "z": 0}, "pseudonym": 2}, {"time": 120.10999999731779, "location": {"x": -178.91528761201585, "y": 5.000812129747173}, "speed": {"x": 16.656494512926663, "y": 0.0, "z": 0}, "pseudonym": 3}], "option": {"size": 366, "type": "CPM"}}
{"timestamp": 120.10999999731779, "ITS_PDU_Header": {"tmp": "tmp"}, "Basic_Container": {"tmp": "tmp"}, "HF_Container": {"sumo_id": "183", "location": [-183.96173095703125, -5.75], "speed": [-15.899658558510062, 0.0, 0], "yaw": -179.99996948242188}, "LF_Container": {"tmp": "tmp"}, "Special_Vehicle_Container": {"tmp": "tmp"}, "option": {"size": 190, "type": "CAM"}}
{"timestamp": 120.11999999709427, "ITS_PDU_Header": {"tmp": "tmp"}, "Management_Container": {"tmp": "tmp"}, "Station_Data_Container": {"sumo_id": "183", "location": [-184.12060546875, -5.75], "speed": [-15.887451526987213, 0.0, 0], "yaw": -179.99996948242188}, "Sensor_Information_Container": [0, 1, 2, 3], "Perceived_Object_Container": [{"time": 120.10999999731779, "location": {"x": -104.15095558248952, "y": 1.9281874223081248}, "speed": {"x": 14.714813561323588, "y": 0.0, "z": 0}, "pseudonym": 4}, {"time": 120.10999999731779, "location": {"x": -175.11498639847864, "y": -2.3321547064986587}, "speed": {"x": -14.268493971269443, "y": 0.0, "z": 0}, "pseudonym": 5}, {"time": 120.10999999731779, "location": {"x": -93.40410979197972, "y": -2.2344364674880612}, "speed": {"x": -12.274170196224082, "y": 0.0, "z": 0}, "pseudonym": 6}, {"time": 120.10999999731779, "location": {"x": -73.68032724014864, "y": -1.9657514884105822}, "speed": {"x": -12.285614288276753, "y": 0.0, "z": 0}, "pseudonym": 7}, {"time": 120.10999999731779, "location": {"x": -131.1113683459356, "y": 9.047523586293408}, "speed": {"x": 16.65039099716524, "y": 0.0, "z": 0}, "pseudonym": 8}, {"time": 120.10999999731779, "location": {"x": -164.15711608763058, "y": 1.2498988211855986}, "speed": {"x": 13.665771789828803, "y": 0.0, "z": 0}, "pseudonym": 9}, {"time": 120.10999999731779, "location": {"x": -115.08937895460393, "y": -2.0824255435065875}, "speed": {"x": -13.323974907189047, "y": 0.0, "z": 0}, "pseudonym": 10}, {"time": 120.10999999731779, "location": {"x": -82.97280256641643, "y": 1.6446422989476062}, "speed": {"x": 15.063476899194946, "y": 0.0, "z": 0}, "pseudonym": 11}, {"time": 120.10999999731779, "location": {"x": -126.47359517351764, "y": -8.73915324081103}, "speed": {"x": -16.632080449880966, "y": 0.0, "z": 0}, "pseudonym": 12}, {"time": 120.10999999731779, "location": {"x": -156.2759190164162, "y": -1.694098394875238}, "speed": {"x": -13.623047179498833, "y": 0.0, "z": 0}, "pseudonym": 13}, {"time": 120.10999999731779, "location": {"x": -163.25476073728714, "y": 8.886037551062284}, "speed": {"x": 16.644287481403815, "y": 0.0, "z": 0}, "pseudonym": 14}, {"time": 120.10999999731779, "location": {"x": -145.46621147347935, "y": 2.0142326769541583}, "speed": {"x": 13.983154609422861, "y": 0.0, "z": 0}, "pseudonym": 15}, {"time": 120.10999999731779, "location": {"x": -221.25501164836513, "y": 5.688191722695644}, "speed": {"x": 16.632080449880966, "y": 0.0, "z": 0}, "pseudonym": 16}, {"time": 120.10999999731779, "location": {"x": -212.09604072955585, "y": 9.111159707387758}, "speed": {"x": 16.540527713459603, "y": 0.0, "z": 0}, "pseudonym": 17}, {"time": 120.10999999731779, "location": {"x": -242.27347434666436, "y": -9.299029611488738}, "speed": {"x": -3.9184571188343416, "y": 0.0, "z": 0}, "pseudonym": 18}, {"time": 120.10999999731779, "location": {"x": -254.49919062447864, "y": -8.774681960365566}, "speed": {"x": -3.398132400172928, "y": 0.0, "z": 0}, "pseudonym": 19}, {"time": 120.10999999731779, "location": {"x": -203.75973864130208, "y": 1.8499054720277133}, "speed": {"x": 13.085937792493503, "y": 0.0, "z": 0}, "pseudonym": 20}, {"time": 120.10999999731779, "location": {"x": -216.7779492239138, "y": -2.055092261596609}, "speed": {"x": -14.660644858940948, "y": 0.0, "z": 0}, "pseudonym": 21}, {"time": 120.10999999731779, "location": {"x": -224.9926656672754, "y": 1.406422641293858}, "speed": {"x": 12.8707888619033, "y": 0.0, "z": 0}, "pseudonym": 22}, {"time": 120.10999999731779, "location": {"x": -80.77169165859726, "y": 6.143841090681695}, "speed": {"x": 16.656494512926663, "y": 0.0, "z": 0}, "pseudonym": 23}, {"time": 120.10999999731779, "location": {"x": -309.326493652814, "y": 5.4389524843725745}, "speed": {"x": 16.613769902596694, "y": 0.0, "z": 0}, "pseudonym": 24}, {"time": 120.10999999731779, "location": {"x": -270.41253020457145, "y": -6.6721705982638095}, "speed": {"x": -16.66870154444951, "y": 0.0, "z": 0}, "pseudonym": 25}, {"time": 120.10999999731779, "location": {"x": -222.99666662071104, "y": 1.947989396677459}, "speed": {"x": 12.8707888619033, "y": 0.0, "z": 0}, "pseudonym": 26}, {"time": 120.10999999731779, "location": {"x": -282.10459443602815, "y": 2.119167152717325}, "speed": {"x": 12.408447542975415, "y": 0.0, "z": 0}, "pseudonym": 27}, {"time": 120.10999999731779, "location": {"x": -270.3957936272157, "y": -4.8400191876844065}, "speed": {"x": -16.66870154444951, "y": 0.0, "z": 0}, "pseudonym": 28}, {"time": 120.10999999731779, "location": {"x": -262.46916026946565, "y": 1.4352581039298133}, "speed": {"x": 12.524414342442476, "y": 0.0, "z": 0}, "pseudonym": 29}], "option": {"size": 1171, "type": "CPM"}}
{"timestamp": 120.2199999948591, "ITS_PDU_Header": {"tmp": "tmp"}, "Management_Container": {"tmp": "tmp"}, "Station_Data_Container": {"sumo_id": "183", "location": [-185.7099609375, -5.75], "speed": [-15.895080921688994, 0.0, 0], "yaw": -179.99996948242188}, "Sensor_Information_Container": [0, 1, 2, 3], "Perceived_Object_Container": [{"time": 120.20999999508261, "location": {"x": -241.43269437308982, "y": 1.9633869367087935}, "speed": {"x": 12.68920926800093, "y": 0.0, "z": 0}, "pseudonym": 30}, {"time": 120.20999999508261, "location": {"x": -242.90978241849524, "y": -5.97311288891781}, "speed": {"x": -4.089355560154219, "y": 350.0000078231098, "z": 0}, "pseudonym": 31}, {"time": 120.20999999508261, "location": {"x": -268.96323185930567, "y": -2.421260863752015}, "speed": {"x": -14.727783532316614, "y": 0.0, "z": 0}, "pseudonym": 32}, {"time": 120.20999999508261, "location": {"x": -209.41095728044536, "y": -8.41352480780982}, "speed": {"x": -12.593078894758499, "y": 0.0, "z": 0}, "pseudonym": 33}, {"time": 120.20999999508261, "location": {"x": -290.52187248077007, "y": -2.5408089307522337},