{"timestamp": 119.99999999977648, "ITS_PDU_Header": {"tmp": "tmp"}, "Management_Container": {"tmp": "tmp"}, "Station_Data_Container": {"sumo_id": "211", "location": [-866.329833984375, -2.0], "speed": [-86632.98533483561, -200.00000447034847, 0], "yaw": -179.99996948242188}, "Sensor_Information_Container": [0, 1, 2, 3], "Perceived_Object_Container": [{"time": 119.99999999977648, "location": {"x": -866.1368069294072, "y": 5.119661797235577}, "speed": {"x": -86595.99802932139, "y": 575.0000128522519, "z": 0}, "pseudonym": 0}, {"time": 119.99999999977648, "location": {"x": -855.2031440283675, "y": -5.561123307411009}, "speed": {"x": -85492.95235036952, "y": -575.0000128522519, "z": 0}, "pseudonym": 1}], "option": {"size": 331, "type": "CPM"}}
{"timestamp": 119.99999999977648, "ITS_PDU_Header": {"tmp": "tmp"}, "Basic_Container": {"tmp": "tmp"}, "HF_Container": {"sumo_id": "211", "location": [-866.329833984375, -2.0], "speed": [-86632.98533483561, -200.00000447034847, 0], "yaw": -179.99996948242188}, "LF_Container": {"tmp": "tmp"}, "Special_Vehicle_Container": {"tmp": "tmp"}, "option": {"size": 190, "type": "CAM"}}
{"timestamp": 120.10999999731779, "ITS_PDU_Header": {"tmp": "tmp"}, "Management_Container": {"tmp": "tmp"}, "Station_Data_Container": {"sumo_id": "211", "location": [-866.9503784179688, -2.0], "speed": [-6.195068497845571, 0.0, 0], "yaw": -179.99996948242188}, "Sensor_Information_Container": [0, 1, 2, 3], "Perceived_Object_Container": [{"time": 120.10999999731779, "location": {"x": -873.0728938225399, "y": 5.6362137824654}, "speed": {"x": 3.7963868036058575, "y": 0.0, "z": 0}, "pseudonym": 2}, {"time": 120.10999999731779, "location": {"x": -865.2417783811254, "y": 5.157213708291325}, "speed": {"x": 15.313721045413338, "y": 0.0, "z": 0}, "pseudonym": 3}, {"time": 120.10999999731779, "location": {"x": -864.3367641406654, "y": 2.0918987922694443}, "speed": {"x": 3.369140700306163, "y": 0.0, "z": 0}, "pseudonym": 4}], "option": {"size": 366, "type": "CPM"}}
{"timestamp": 120.10999999731779, "ITS_PDU_Header": {"tmp": "tmp"}, "Basic_Container": {"tmp": "tmp"}, "HF_Container": {"sumo_id": "211", "location": [-866.9503784179688, -2.0], "speed": [-6.195068497845571, 0.0, 0], "yaw": -179.99996948242188}, "LF_Container": {"tmp": "tmp"}, "Special_Vehicle_Container": {"tmp": "tmp"}, "option": {"size": 190, "type": "CAM"}}
{"timestamp": 120.11999999709427, "ITS_PDU_Header": {"tmp": "tmp"}, "Management_Container": {"tmp": "tmp"}, "Station_Data_Container": {"sumo_id": "211", "location": [-867.0120849609375, -2.0], "speed": [-6.170654434799874, 0.0, 0], "yaw": -179.99996948242188}, "Sensor_Information_Container": [0, 1, 2, 3], "Perceived_Object_Container": [{"time": 120.10999999731779, "location": {"x": -884.5833100674856, "y": 1.8223157564506367}, "speed": {"x": 3.778076256321585, "y": 0.0, "z": 0}, "pseudonym": 5}, {"time": 120.10999999731779, "location": {"x": -879.7276195949623, "y": -2.0887510591215532}, "speed": {"x": -5.828857552160119, "y": 0.0, "z": 0}, "pseudonym": 6}, {"time": 120.10999999731779, "location": {"x": -917.4901266560197, "y": -5.708945264546169}, "speed": {"x": -15.960693716124304, "y": 0.0, "z": 0}, "pseudonym": 7}, {"time": 120.10999999731779, "location": {"x": -898.0572451726754, "y": 9.00283869134251}, "speed": {"x": 6.823730621272265, "y": 0.0, "z": 0}, "pseudonym": 8}, {"time": 120.10999999731779, "location": {"x": -892.610950953037, "y": 5.983341058889363}, "speed": {"x": 7.489013839267503, "y": 0.0, "z": 0}, "pseudonym": 9}, {"time": 120.10999999731779, "location": {"x": -905.7036881511852, "y": 2.063130928621044}, "speed": {"x": 8.099365415409924, "y": 0.0, "z": 0}, "pseudonym": 10}, {"time": 120.10999999731779, "location": {"x": -894.1290869536923, "y": -4.915180695411879}, "speed": {"x": -16.13159215744418, "y": 0.0, "z": 0}, "pseudonym": 11}, {"time": 120.10999999731779, "location": {"x": -921.1496143103592, "y": 2.2536353215135323}, "speed": {"x": 8.190918151831287, "y": 0.0, "z": 0}, "pseudonym": 12}, {"time": 120.10999999731779, "location": {"x": -831.4266328408322, "y": 1.5121533575109138}, "speed": {"x": 2.722168029595197, "y": 0.0, "z": 0}, "pseudonym": 13}, {"time": 120.10999999731779, "location": {"x": -854.706200865811, "y": -8.869606114655438}, "speed": {"x": -15.710449569905911, "y": 0.0, "z": 0}, "pseudonym": 14}, {"time": 120.10999999731779, "location": {"x": -856.8011040177075, "y": -5.746866543151725}, "speed": {"x": -16.66870154444951, "y": 0.0, "z": 0}, "pseudonym": 15}, {"time": 120.10999999731779, "location": {"x": -811.1237083519871, "y": 1.7813965797735516}, "speed": {"x": 2.7465820926408937, "y": 0.0, "z": 0}, "pseudonym": 16}, {"time": 120.10999999731779, "location": {"x": -780.1341264608883, "y": 1.575498449217605}, "speed": {"x": 5.1696778499263045, "y": 0.0, "z": 0}, "pseudonym": 17}, {"time": 120.10999999731779, "location": {"x": -801.4333225989893, "y": 1.55082370659765}, "speed": {"x": 3.3813477318290115, "y": 0.0, "z": 0}, "pseudonym": 18}, {"time": 120.10999999731779, "location": {"x": -768.7701254377047, "y": 1.470566420237603}, "speed": {"x": 6.256103655459814, "y": 0.0, "z": 0}, "pseudonym": 19}, {"time": 120.10999999731779, "location": {"x": -821.2018782094858, "y": 1.7231766570557128}, "speed": {"x": 2.5634766197981675, "y": 0.0, "z": 0}, "pseudonym": 20}, {"time": 120.10999999731779, "location": {"x": -836.80338007048, "y": -1.9844263264104558}, "speed": {"x": -7.250976724571959, "y": 0.0, "z": 0}, "pseudonym": 21}, {"time": 120.10999999731779, "location": {"x": -722.9415485733341, "y": -9.280606840047351}, "speed": {"x": -16.98608436404357, "y": 0.0, "z": 0}, "pseudonym": 22}, {"time": 120.10999999731779, "location": {"x": -806.5663584235771, "y": -5.23219369639388}, "speed": {"x": -16.68090857597236, "y": 0.0, "z": 0}, "pseudonym": 23}, {"time": 120.10999999731779, "location": {"x": -842.2648866226255, "y": 1.6493211090052415}, "speed": {"x": 2.9846192073364377, "y": 0.0, "z": 0}, "pseudonym": 24}, {"time": 120.10999999731779, "location": {"x": -830.938496186494, "y": -9.236476851751153}, "speed": {"x": -15.942383168840031, "y": 0.0, "z": 0}, "pseudonym": 25}, {"time": 120.10999999731779, "location": {"x": -756.9396698077458, "y": 1.501188748908835}, "speed": {"x": 7.44018571317611, "y": 0.0, "z": 0}, "pseudonym": 26}, {"time": 120.10999999731779, "location": {"x": -852.2986033410455, "y": 1.169476652701579}, "speed": {"x": 3.216552806270558, "y": 0.0, "z": 0}, "pseudonym": 27}, {"time": 120.10999999731779, "location": {"x": -790.3020947353862, "y": 1.4476721440339801}, "speed": {"x": 4.223632906905552, "y": 0.0, "z": 0}, "pseudonym": 28}], "option": {"size": 1101, "type": "CPM"}}
{"timestamp": 120.2199999948591, "ITS_PDU_Header": {"tmp": "tmp"}, "Management_Container": {"tmp": "tmp"}, "Station_Data_Container": {"sumo_id": "211", "location": [-867.6292724609375, -2.0], "speed": [-6.158447403277026, 0.0, 0], "yaw": -179.99996948242188}, "Sensor_Information_Container": [0, 1, 2, 3], "Perceived_Object_Container": [{"time": 120.20999999508261, "location": {"x": -926.8973520801078, "y": 6.039902511323443}, "speed": {"x": 12.390136995691142, "y": 0.0, "z": 0}, "pseudonym": 29}, {"time": 120.20999999508261, "location": {"x": -940.7235087400899, "y": 2.4879332580053006}, "speed": {"x": 9.613037324243129, "y": 0.0, "z": 0}, "pseudonym": 30}], "option": {"size": 331, "type": "CPM"}}
{"timestamp": 120.30999999284744, "ITS_PDU_Header": {"tmp": "tmp"}, "Management_Container": {"tmp": "tmp"}, "Station_Data_Container": {"sumo_id": "211", "location": [-868.1820068359375, -2.0], "speed": [-6.134033340231329, 0.0, 0], "yaw": -179.99996948242188}, "Sensor_Information_Container": [0, 1, 2, 3], "Perceived_Object_Container": [{"time": 120.30999999284744, "location": {"x": -861.5262234434095, "y": 1.3848541395437006}, "speed": {"x": 3.3447266372604663, "y": 0.0, "z": 0}, "pseudonym": 31}, {"time": 120.30999999284744, "location": {"x": -829.3978896268762, "y": 1.1779655737072905},