{"timestamp": 119.99999999977648, "ITS_PDU_Header": {"tmp": "tmp"}, "Management_Container": {"tmp": "tmp"}, "Station_Data_Container": {"sumo_id": "231", "location": [-475.609375, -2.0], "speed": [-47560.938563069816, -200.00000447034847, 0], "yaw": -179.99996948242188}, "Sensor_Information_Container": [0, 1, 2, 3], "Perceived_Object_Container": [{"time": 119.99999999977648, "location": {"x": -497.84707170259543, "y": -2.013641486638182}, "speed": {"x": -49824.409072646704, "y": -200.00000447034847, "z": 0}, "pseudonym": 0}], "option": {"size": 296, "type": "CPM"}}
{"timestamp": 119.99999999977648, "ITS_PDU_Header": {"tmp": "tmp"}, "Basic_Container": {"tmp": "tmp"}, "HF_Container": {"sumo_id": "231", "location": [-475.609375, -2.0], "speed": [-47560.938563069816, -200.00000447034847, 0], "yaw": -179.99996948242188}, "LF_Container": {"tmp": "tmp"}, "Special_Vehicle_Container": {"tmp": "tmp"}, "option": {"size": 190, "type": "CAM"}}
{"timestamp": 120.10999999731779, "ITS_PDU_Header": {"tmp": "tmp"}, "Management_Container": {"tmp": "tmp"}, "Station_Data_Container": {"sumo_id": "231", "location": [-477.12017822265625, -2.0], "speed": [-15.109253267405627, 0.0, 0], "yaw": -179.99996948242188}, "Sensor_Information_Container": [0, 1, 2, 3], "Perceived_Object_Container": [{"time": 120.10999999731779, "location": {"x": -475.05548378598615, "y": -8.675421717451142}, "speed": {"x": -16.97082557464001, "y": 0.0, "z": 0}, "pseudonym": 1}], "option": {"size": 296, "type": "CPM"}}
{"timestamp": 120.10999999731779, "ITS_PDU_Header": {"tmp": "tmp"}, "Basic_Container": {"tmp": "tmp"}, "HF_Container": {"sumo_id": "231", "location": [-477.12017822265625, -2.0], "speed": [-15.109253267405627, 0.0, 0], "yaw": -179.99996948242188}, "LF_Container": {"tmp": "tmp"}, "Special_Vehicle_Container": {"tmp": "tmp"}, "option": {"size": 190, "type": "CAM"}}
{"timestamp": 120.11999999709427, "ITS_PDU_Header": {"tmp": "tmp"}, "Management_Container": {"tmp": "tmp"}, "Station_Data_Container": {"sumo_id": "231", "location": [-477.2712707519531, -2.0], "speed": [-15.109253267405627, 0.0, 0], "yaw": -179.99996948242188}, "Sensor_Information_Container": [0, 1, 2, 3], "Perceived_Object_Container": [{"time": 120.10999999731779, "location": {"x": -498.3417687340752, "y": 1.8506541055037458}, "speed": {"x": 15.890503284867926, "y": 0.0, "z": 0}, "pseudonym": 2}, {"time": 120.10999999731779, "location": {"x": -586.3571441796739, "y": -9.640325136292233}, "speed": {"x": -16.80908240696227, "y": 0.0, "z": 0}, "pseudonym": 3}, {"time": 120.10999999731779, "location": {"x": -547.0695959985347, "y": -5.731235709428708}, "speed": {"x": -14.007568672468558, "y": 0.0, "z": 0}, "pseudonym": 4}, {"time": 120.10999999731779, "location": {"x": -523.4408545744265, "y": 9.711178514255293}, "speed": {"x": 13.623047179498833, "y": 0.0, "z": 0}, "pseudonym": 5}, {"time": 120.10999999731779, "location": {"x": -521.3047783003099, "y": -2.0308007720018217}, "speed": {"x": -15.106201509524915, "y": 0.0, "z": 0}, "pseudonym": 6}, {"time": 120.10999999731779, "location": {"x": -571.4525035340657, "y": 9.192432296100225}, "speed": {"x": 14.666748374702372, "y": 0.0, "z": 0}, "pseudonym": 7}, {"time": 120.10999999731779, "location": {"x": -567.6141345086227, "y": 2.527587153485677}, "speed": {"x": 13.87939484147865, "y": 0.0, "z": 0}, "pseudonym": 8}, {"time": 120.10999999731779, "location": {"x": -543.3148955103964, "y": 1.5570696542101548}, "speed": {"x": 15.551758160108882, "y": 0.0, "z": 0}, "pseudonym": 9}, {"time": 120.10999999731779, "location": {"x": -533.0810413824345, "y": 6.158861072851662}, "speed": {"x": 16.22924840962697, "y": 0.0, "z": 0}, "pseudonym": 10}, {"time": 120.10999999731779, "location": {"x": -535.9454013739049, "y": -8.653434590271772}, "speed": {"x": -16.656494512926663, "y": 0.0, "z": 0}, "pseudonym": 11}, {"time": 120.10999999731779, "location": {"x": -563.6461748975631, "y": 4.913370614507899}, "speed": {"x": 16.662598028688087, "y": 0.0, "z": 0}, "pseudonym": 12}, {"time": 120.10999999731779, "location": {"x": -611.9735582891711, "y": 1.407913571827577}, "speed": {"x": 13.800049136580135, "y": 0.0, "z": 0}, "pseudonym": 13}, {"time": 120.10999999731779, "location": {"x": -521.8918064881345, "y": 1.9960897241067168}, "speed": {"x": 15.734863632951608, "y": 0.0, "z": 0}, "pseudonym": 14}, {"time": 120.10999999731779, "location": {"x": -476.3081140189391, "y": 1.5155570106771818}, "speed": {"x": 16.006470084334985, "y": 0.0, "z": 0}, "pseudonym": 15}, {"time": 120.10999999731779, "location": {"x": -483.6561709183294, "y": 5.9227038860128784}, "speed": {"x": 16.625976934119542, "y": 0.0, "z": 0}, "pseudonym": 16}, {"time": 120.10999999731779, "location": {"x": -429.74649732945863, "y": 1.8714530194799412}, "speed": {"x": 16.009521842215698, "y": 0.0, "z": 0}, "pseudonym": 17}, {"time": 120.10999999731779, "location": {"x": -454.8172623350578, "y": -1.9425488462540201}, "speed": {"x": -15.124512056809188, "y": 0.0, "z": 0}, "pseudonym": 18}, {"time": 120.10999999731779, "location": {"x": -368.5070388457283, "y": 1.9135803303607717}, "speed": {"x": 13.684082337113075, "y": 0.0, "z": 0}, "pseudonym": 19}, {"time": 120.10999999731779, "location": {"x": -449.8401182537662, "y": 8.844627404757118}, "speed": {"x": 15.820312853611547, "y": 0.0, "z": 0}, "pseudonym": 20}, {"time": 120.10999999731779, "location": {"x": -406.84767961477627, "y": 1.9479394306717055}, "speed": {"x": 16.17126500989344, "y": 0.0, "z": 0}, "pseudonym": 21}, {"time": 120.10999999731779, "location": {"x": -454.4863751888489, "y": 1.6407204737525718}, "speed": {"x": 16.357422240616877, "y": 0.0, "z": 0}, "pseudonym": 22}, {"time": 120.10999999731779, "location": {"x": -401.9285768855237, "y": 9.388662431354522}, "speed": {"x": 17.147827531721312, "y": 0.0, "z": 0}, "pseudonym": 23}, {"time": 120.10999999731779, "location": {"x": -343.0683797360989, "y": 2.0319273271498552}, "speed": {"x": 12.265014922581946, "y": 0.0, "z": 0}, "pseudonym": 24}], "option": {"size": 1066, "type": "CPM"}}
{"timestamp": 120.20999999508261, "ITS_PDU_Header": {"tmp": "tmp"}, "Management_Container": {"tmp": "tmp"}, "Station_Data_Container": {"sumo_id": "231", "location": [-478.630615234375, -2.0], "speed": [-15.103149751644203, 0.0, 0], "yaw": -179.99996948242188}, "Sensor_Information_Container": [0, 1, 2, 3], "Perceived_Object_Container": [{"time": 120.20999999508261, "location": {"x": -548.4910928064212, "y": 9.451237820991794}, "speed": {"x": 15.075683930717794, "y": 0.0, "z": 0}, "pseudonym": 25}, {"time": 120.20999999508261, "location": {"x": -608.5566418844203, "y": 1.9907386390502246}, "speed": {"x": 13.830566715387256, "y": 0.0, "z": 0}, "pseudonym": 26}], "option": {"size": 331, "type": "CPM"}}
{"timestamp": 120.2199999948591, "ITS_PDU_Header": {"tmp": "tmp"}, "Management_Container": {"tmp": "tmp"}, "Station_Data_Container": {"sumo_id": "231", "location": [-478.78167724609375, -2.0], "speed": [-15.106201509524915, 0.0, 0], "yaw": -179.99996948242188}, "Sensor_Information_Container": [0, 1, 2, 3], "Perceived_Object_Container": [{"time": 120.20999999508261, "location": {"x": -446.5653810304728, "y": 8.648434796048656}, "speed": {"x": 15.820312853611547, "y": 0.0, "z": 0}, "pseudonym": 27}, {"time": 120.20999999508261, "location": {"x": -360.6465799047139, "y": -9.335004370324068}, "speed": {"x": -16.281128293599075, "y": 0.0, "z": 0}, "pseudonym": 28}, {"time": 120.20999999508261, "location": {"x": -334.2043011568766, "y": -6.443760069737757}, "speed": {"x": -17.642212308396672, "y": 0.0, "z": 0}, "pseudonym": 29}, {"time": 120.20999999508261, "location": {"x": -408.74627212578116, "y": -9.528890684632842}, "speed": {"x": -9.603882050600992, "y": 0.0, "z": 0}, "pseudonym": 30}], "option": {"size": 401, "type": "CPM"}}
{"timestamp": 120.30999999284744, "ITS_PDU_Header": {"tmp": "tmp"}, "Management_Container": {"tmp": "tmp"}, "Station_Data_Container": {"sumo_id": "231", "location": [-480.14117431640625, -2.0],