{"timestamp": 119.99999999977648, "ITS_PDU_Header": {"tmp": "tmp"}, "Management_Container": {"tmp": "tmp"}, "Station_Data_Container": {"sumo_id": "372", "location": [6.917724609375, 9.25], "speed": [691.7724763998198, 925.0000206753616, 0], "yaw": 0.0}, "Sensor_Information_Container": [0, 1, 2, 3], "Perceived_Object_Container": [{"time": 119.99999999977648, "location": {"x": 19.06915335929031, "y": -5.525083366573593}, "speed": {"x": 1975.1404250072037, "y": -575.0000128522519, "z": 0}, "pseudonym": 0}], "option": {"size": 296, "type": "CPM"}}
{"timestamp": 119.99999999977648, "ITS_PDU_Header": {"tmp": "tmp"}, "Basic_Container": {"tmp": "tmp"}, "HF_Container": {"sumo_id": "372", "location": [6.917724609375, 9.25], "speed": [691.7724763998198, 925.0000206753616, 0], "yaw": 0.0}, "LF_Container": {"tmp": "tmp"}, "Special_Vehicle_Container": {"tmp": "tmp"}, "option": {"size": 190, "type": "CAM"}}
{"timestamp": 120.10999999731779, "ITS_PDU_Header": {"tmp": "tmp"}, "Management_Container": {"tmp": "tmp"}, "Station_Data_Container": {"sumo_id": "372", "location": [8.514404296875, 9.25], "speed": [15.966797231885728, 0.0, 0], "yaw": 0.0}, "Sensor_Information_Container": [0, 1, 2, 3], "Perceived_Object_Container": [{"time": 120.10999999731779, "location": {"x": 1.3036813052445995, "y": -5.204963972369149}, "speed": {"x": -16.632080449880966, "y": 0.0, "z": 0}, "pseudonym": 1}, {"time": 120.10999999731779, "location": {"x": 8.279245925074177, "y": -1.364730547195627}, "speed": {"x": -11.859131124447236, "y": 0.0, "z": 0}, "pseudonym": 2}, {"time": 120.10999999731779, "location": {"x": 18.28788046161873, "y": -5.0798375123122606}, "speed": {"x": -15.197754245946278, "y": 0.0, "z": 0}, "pseudonym": 3}], "option": {"size": 366, "type": "CPM"}}
{"timestamp": 120.10999999731779, "ITS_PDU_Header": {"tmp": "tmp"}, "Basic_Container": {"tmp": "tmp"}, "HF_Container": {"sumo_id": "372", "location": [8.514404296875, 9.25], "speed": [15.966797231885728, 0.0, 0], "yaw": 0.0}, "LF_Container": {"tmp": "tmp"}, "Special_Vehicle_Container": {"tmp": "tmp"}, "option": {"size": 190, "type": "CAM"}}
{"timestamp": 120.11999999709427, "ITS_PDU_Header": {"tmp": "tmp"}, "Management_Container": {"tmp": "tmp"}, "Station_Data_Container": {"sumo_id": "372", "location": [8.67401123046875, 9.25], "speed": [15.960693716124304, 0.0, 0], "yaw": 0.0}, "Sensor_Information_Container": [0, 1, 2, 3], "Perceived_Object_Container": [{"time": 120.10999999731779, "location": {"x": 56.69264305134948, "y": -1.663604977450402}, "speed": {"x": -13.95263703061574, "y": 0.0, "z": 0}, "pseudonym": 4}, {"time": 120.10999999731779, "location": {"x": 30.17481888772059, "y": 2.2662242795995673}, "speed": {"x": 15.100097993763491, "y": 0.0, "z": 0}, "pseudonym": 5}, {"time": 120.10999999731779, "location": {"x": 127.986925764382, "y": -4.999872651409811}, "speed": {"x": -16.676330939151292, "y": 0.0, "z": 0}, "pseudonym": 6}, {"time": 120.10999999731779, "location": {"x": 145.125132466901, "y": 5.820547311838727}, "speed": {"x": 15.759277695997305, "y": 0.0, "z": 0}, "pseudonym": 7}, {"time": 120.10999999731779, "location": {"x": 75.78772890552355, "y": -2.2128961882152227}, "speed": {"x": -13.525390927316046, "y": 0.0, "z": 0}, "pseudonym": 8}, {"time": 120.10999999731779, "location": {"x": 81.45992745638371, "y": 2.8348145165234238}, "speed": {"x": 12.744140909853748, "y": 0.0, "z": 0}, "pseudonym": 9}, {"time": 120.10999999731779, "location": {"x": 96.5122329629921, "y": -1.4061935462359632}, "speed": {"x": -13.097381884546174, "y": 0.0, "z": 0}, "pseudonym": 10}, {"time": 120.10999999731779, "location": {"x": 59.39344124403959, "y": 1.6232850505233203}, "speed": {"x": 12.890625288127929, "y": 0.0, "z": 0}, "pseudonym": 11}, {"time": 120.10999999731779, "location": {"x": 100.70109618901651, "y": 1.8710466058663862}, "speed": {"x": 12.621307655155086, "y": 0.0, "z": 0}, "pseudonym": 12}, {"time": 120.10999999731779, "location": {"x": -59.48249316025158, "y": 1.9959885348915605}, "speed": {"x": 15.37513767276267, "y": 0.0, "z": 0}, "pseudonym": 13}, {"time": 120.10999999731779, "location": {"x": -113.22958935143564, "y": -2.3508321820695084}, "speed": {"x": -13.323974907189047, "y": 0.0, "z": 0}, "pseudonym": 14}, {"time": 120.10999999731779, "location": {"x": -102.37287230975575, "y": 2.069114240975617}, "speed": {"x": 14.715576500793766, "y": 0.0, "z": 0}, "pseudonym": 15}, {"time": 120.10999999731779, "location": {"x": -105.60771627669926, "y": 6.020860276064654}, "speed": {"x": 16.65039099716524, "y": 0.0, "z": 0}, "pseudonym": 16}, {"time": 120.10999999731779, "location": {"x": -79.17233505012018, "y": 5.810981995037261}, "speed": {"x": 16.644287481403815, "y": 0.0, "z": 0}, "pseudonym": 17}, {"time": 120.10999999731779, "location": {"x": -30.285567347572407, "y": -1.8116747631668642}, "speed": {"x": -11.79199245107157, "y": 0.0, "z": 0}, "pseudonym": 18}, {"time": 120.10999999731779, "location": {"x": -26.661802420472107, "y": -4.921257867302979}, "speed": {"x": -16.082764031352788, "y": 0.0, "z": 0}, "pseudonym": 19}, {"time": 120.10999999731779, "location": {"x": -81.59787443563258, "y": 2.1693430334004478}, "speed": {"x": 15.063476899194946, "y": 0.0, "z": 0}, "pseudonym": 20}, {"time": 120.10999999731779, "location": {"x": -122.8210088660626, "y": 1.989515863290146}, "speed": {"x": 14.337158523585465, "y": 0.0, "z": 0}, "pseudonym": 21}, {"time": 120.10999999731779, "location": {"x": -57.69621834952919, "y": 9.319852863558662}, "speed": {"x": 14.538956013447553, "y": 0.0, "z": 0}, "pseudonym": 22}, {"time": 120.10999999731779, "location": {"x": -40.830829313251314, "y": 1.9931304704747612}, "speed": {"x": 16.320801146048332, "y": 0.0, "z": 0}, "pseudonym": 23}, {"time": 120.10999999731779, "location": {"x": -11.316292472480715, "y": -1.6596870576661815}, "speed": {"x": -11.877441671731509, "y": 0.0, "z": 0}, "pseudonym": 24}, {"time": 120.10999999731779, "location": {"x": -10.321596690035813, "y": -1.771002039288934}, "speed": {"x": -11.877441671731509, "y": 0.0, "z": 0}, "pseudonym": 24}, {"time": 120.10999999731779, "location": {"x": -88.02423542552597, "y": -5.830080760157992}, "speed": {"x": -16.40625036670827, "y": 0.0, "z": 0}, "pseudonym": 25}, {"time": 120.10999999731779, "location": {"x": -101.55308590697105, "y": -8.876013429882928}, "speed": {"x": -16.644287481403815, "y": 0.0, "z": 0}, "pseudonym": 26}], "option": {"size": 1101, "type": "CPM"}}
{"timestamp": 120.2199999948591, "ITS_PDU_Header": {"tmp": "tmp"}, "Management_Container": {"tmp": "tmp"}, "Station_Data_Container": {"sumo_id": "372", "location": [10.27081298828125, 9.25], "speed": [15.966797231885728, 0.0, 0], "yaw": 0.0}, "Sensor_Information_Container": [0, 1, 2, 3], "Perceived_Object_Container": [{"time": 120.20999999508261, "location": {"x": -141.80757563770857, "y": 1.7750982448972037}, "speed": {"x": 14.013672188229982, "y": 0.0, "z": 0}, "pseudonym": 27}, {"time": 120.20999999508261, "location": {"x": -52.14025097133129, "y": -1.248919467225683}, "speed": {"x": -11.743164324980176, "y": 0.0, "z": 0}, "pseudonym": 28}, {"time": 120.20999999508261, "location": {"x": 33.69705874342333, "y": -1.1600236529158074}, "speed": {"x": -14.270019850209799, "y": 0.0, "z": 0}, "pseudonym": 29}, {"time": 120.20999999508261, "location": {"x": 31.483071632846844, "y": 2.06775523084122}, "speed": {"x": 15.039062836149249, "y": 0.0, "z": 0}, "pseudonym": 30}, {"time": 120.20999999508261, "location": {"x": 35.61916168139881, "y": -1.1684238507646434}, "speed": {"x": -14.270019850209799, "y": 0.0, "z": 0}, "pseudonym": 31}, {"time": 120.20999999508261, "location": {"x": 72.73797473908755, "y": 6.514039445347224}, "speed": {"x": 16.63818396564239, "y": 0.0, "z": 0}, "pseudonym": 32}, {"time": 120.20999999508261, "location": {"x": 122.97258742639706, "y": 5.7944669767969765}, "speed": {"x": 15.86914097970294, "y": 0.0, "z": 0}, "pseudonym": 33}], "option": {"size": 506, "type": "CPM"}}
{"timestamp": 120.30999999284744,