{"timestamp": 119.99999999977648, "ITS_PDU_Header": {"tmp": "tmp"}, "Management_Container": {"tmp": "tmp"}, "Station_Data_Container": {"sumo_id": "405", "location": [-799.6353759765625, 5.75], "speed": [-79963.53938498063, 575.0000128522519, 0], "yaw": 0.0}, "Sensor_Information_Container": [0, 1, 2, 3], "Perceived_Object_Container": [{"time": 119.99999999977648, "location": {"x": -757.8931141914726, "y": 2.4858738189824634}, "speed": {"x": -75642.30515753415, "y": 200.00000447034847, "z": 0}, "pseudonym": 0}], "option": {"size": 296, "type": "CPM"}}
{"timestamp": 119.99999999977648, "ITS_PDU_Header": {"tmp": "tmp"}, "Basic_Container": {"tmp": "tmp"}, "HF_Container": {"sumo_id": "405", "location": [-799.6353759765625, 5.75], "speed": [-79963.53938498063, 575.0000128522519, 0], "yaw": 0.0}, "LF_Container": {"tmp": "tmp"}, "Special_Vehicle_Container": {"tmp": "tmp"}, "option": {"size": 190, "type": "CAM"}}
{"timestamp": 120.10999999731779, "ITS_PDU_Header": {"tmp": "tmp"}, "Management_Container": {"tmp": "tmp"}, "Station_Data_Container": {"sumo_id": "405", "location": [-798.0245361328125, 5.75], "speed": [16.186523799297, 0.0, 0], "yaw": 0.0}, "Sensor_Information_Container": [0, 1, 2, 3], "Perceived_Object_Container": [{"time": 120.10999999731779, "location": {"x": -799.6883159521869, "y": 2.280073776951146}, "speed": {"x": 3.3752442160675873, "y": 0.0, "z": 0}, "pseudonym": 1}], "option": {"size": 296, "type": "CPM"}}
{"timestamp": 120.10999999731779, "ITS_PDU_Header": {"tmp": "tmp"}, "Basic_Container": {"tmp": "tmp"}, "HF_Container": {"sumo_id": "405", "location": [-798.0245361328125, 5.75], "speed": [16.186523799297, 0.0, 0], "yaw": 0.0}, "LF_Container": {"tmp": "tmp"}, "Special_Vehicle_Container": {"tmp": "tmp"}, "option": {"size": 190, "type": "CAM"}}
{"timestamp": 120.11999999709427, "ITS_PDU_Header": {"tmp": "tmp"}, "Management_Container": {"tmp": "tmp"}, "Station_Data_Container": {"sumo_id": "405", "location": [-797.862548828125, 5.75], "speed": [16.198730830819848, 0.0, 0], "yaw": 0.0}, "Sensor_Information_Container": [0, 1, 2, 3], "Perceived_Object_Container": [{"time": 120.10999999731779, "location": {"x": -780.1381208688244, "y": 2.1826314509361215}, "speed": {"x": 5.1696778499263045, "y": 0.0, "z": 0}, "pseudonym": 2}, {"time": 120.10999999731779, "location": {"x": -790.6544629843311, "y": 2.459509005639585}, "speed": {"x": 4.223632906905552, "y": 0.0, "z": 0}, "pseudonym": 3}, {"time": 120.10999999731779, "location": {"x": -768.1427542015396, "y": -2.310672450947579}, "speed": {"x": -9.539795135106038, "y": 0.0, "z": 0}, "pseudonym": 4}, {"time": 120.10999999731779, "location": {"x": -786.4329846636255, "y": 8.488200065798145}, "speed": {"x": 8.551025581755315, "y": 0.0, "z": 0}, "pseudonym": 5}, {"time": 120.10999999731779, "location": {"x": -774.7803102229814, "y": 5.823286513594952}, "speed": {"x": 16.033935905261394, "y": 0.0, "z": 0}, "pseudonym": 6}, {"time": 120.10999999731779, "location": {"x": -769.0169657643701, "y": 2.2030779582430813}, "speed": {"x": 6.256103655459814, "y": 0.0, "z": 0}, "pseudonym": 7}, {"time": 120.10999999731779, "location": {"x": -759.4806290962154, "y": -9.358146778979265}, "speed": {"x": -13.34228545447332, "y": 0.0, "z": 0}, "pseudonym": 8}, {"time": 120.10999999731779, "location": {"x": -650.5741111086536, "y": -1.9362757008130598}, "speed": {"x": -11.944580345107175, "y": 0.0, "z": 0}, "pseudonym": 9}, {"time": 120.10999999731779, "location": {"x": -756.9926568595935, "y": 2.310841170809932}, "speed": {"x": 7.44018571317611, "y": 0.0, "z": 0}, "pseudonym": 10}, {"time": 120.10999999731779, "location": {"x": -771.8455364231922, "y": 9.352456702384108}, "speed": {"x": 8.715820507313769, "y": 0.0, "z": 0}, "pseudonym": 11}, {"time": 120.10999999731779, "location": {"x": -748.9340678788454, "y": -2.2892769752996966}, "speed": {"x": -10.070801006349944, "y": 0.0, "z": 0}, "pseudonym": 12}, {"time": 120.10999999731779, "location": {"x": -757.7430248784719, "y": -8.540268311162965}, "speed": {"x": -13.34228545447332, "y": 0.0, "z": 0}, "pseudonym": 13}, {"time": 120.10999999731779, "location": {"x": -670.3527980265699, "y": -1.3949950526406782}, "speed": {"x": -11.657715104320237, "y": 0.0, "z": 0}, "pseudonym": 14}, {"time": 120.10999999731779, "location": {"x": -830.524800209066, "y": 2.562518062697769}, "speed": {"x": 2.722168029595197, "y": 0.0, "z": 0}, "pseudonym": 15}, {"time": 120.10999999731779, "location": {"x": -829.9322186800641, "y": -9.320427902435439}, "speed": {"x": -15.942383168840031, "y": 0.0, "z": 0}, "pseudonym": 16}, {"time": 120.10999999731779, "location": {"x": -818.612950945414, "y": 5.656782129164801}, "speed": {"x": 15.570068707393155, "y": 0.0, "z": 0}, "pseudonym": 17}, {"time": 120.10999999731779, "location": {"x": -809.5181921934264, "y": 2.132520991852673}, "speed": {"x": 2.758789124163742, "y": 0.0, "z": 0}, "pseudonym": 18}, {"time": 120.10999999731779, "location": {"x": -884.3577495677227, "y": 2.2189661616491168}, "speed": {"x": 3.8024903193672817, "y": 0.0, "z": 0}, "pseudonym": 19}, {"time": 120.10999999731779, "location": {"x": -905.4525360441547, "y": 2.1987449500963754}, "speed": {"x": 8.099365415409924, "y": 0.0, "z": 0}, "pseudonym": 20}, {"time": 120.10999999731779, "location": {"x": -840.7131168794538, "y": 2.3756671473317272}, "speed": {"x": 2.9846192073364377, "y": 0.0, "z": 0}, "pseudonym": 21}, {"time": 120.10999999731779, "location": {"x": -824.8593245713788, "y": 9.005420240074796}, "speed": {"x": 14.95361361548931, "y": 0.0, "z": 0}, "pseudonym": 22}, {"time": 120.10999999731779, "location": {"x": -819.8765780638211, "y": 2.4092361659013286}, "speed": {"x": 2.5634766197981675, "y": 0.0, "z": 0}, "pseudonym": 23}, {"time": 120.10999999731779, "location": {"x": -862.0501034742427, "y": 2.4345345072117683}, "speed": {"x": 3.3752442160675873, "y": 0.0, "z": 0}, "pseudonym": 24}, {"time": 120.10999999731779, "location": {"x": -853.5844764482976, "y": -9.020096227499705}, "speed": {"x": -15.710449569905911, "y": 0.0, "z": 0}, "pseudonym": 25}], "option": {"size": 1101, "type": "CPM"}}
{"timestamp": 120.2199999948591, "ITS_PDU_Header": {"tmp": "tmp"}, "Management_Container": {"tmp": "tmp"}, "Station_Data_Container": {"sumo_id": "405", "location": [-796.2352294921875, 5.75], "speed": [16.33300817757118, 0.0, 0], "yaw": 0.0}, "Sensor_Information_Container": [0, 1, 2, 3], "Perceived_Object_Container": [{"time": 120.20999999508261, "location": {"x": -688.2536909550731, "y": 10.090591722503465}, "speed": {"x": 12.786865520183717, "y": 0.0, "z": 0}, "pseudonym": 26}, {"time": 120.20999999508261, "location": {"x": -691.3028682762966, "y": 1.892508278103602}, "speed": {"x": 15.875244495464365, "y": 0.0, "z": 0}, "pseudonym": 27}, {"time": 120.20999999508261, "location": {"x": -691.8993718017309, "y": -2.3917487765264394}, "speed": {"x": -11.303711190157633, "y": 0.0, "z": 0}, "pseudonym": 28}, {"time": 120.20999999508261, "location": {"x": -897.3840915905399, "y": 9.66007500227001}, "speed": {"x": 7.025146641399264, "y": 0.0, "z": 0}, "pseudonym": 29}], "option": {"size": 401, "type": "CPM"}}
{"timestamp": 120.30999999284744, "ITS_PDU_Header": {"tmp": "tmp"}, "Management_Container": {"tmp": "tmp"}, "Station_Data_Container": {"sumo_id": "405", "location": [-794.7584838867188, 5.75], "speed": [16.467285524322513, 0.0, 0], "yaw": 0.0}, "Sensor_Information_Container": [0, 1, 2, 3], "Perceived_Object_Container": [{"time": 120.30999999284744, "location": {"x": -724.7103484657039, "y": -8.671242145318287}, "speed": {"x": -17.083740616226358, "y": 0.0, "z": 0}, "pseudonym": 30}], "option": {"size": 296, "type": "CPM"}}
{"timestamp": 120.40999999061226, "ITS_PDU_Header": {"tmp": "tmp"}, "Management_Container": {"tmp": "tmp"}, "Station_Data_Container": {"sumo_id": "405", "location": [-793.1036376953125, 5.75], "speed": [16.601562871073845, 0.0, 0], "yaw": 0.0}, "Sensor_Information_Container": [0, 1, 2, 3], "Perceived_Object_Container": [{"time": 120.40999999061226,