{"timestamp": 119.99999999977648, "ITS_PDU_Header": {"tmp": "tmp"}, "Management_Container": {"tmp": "tmp"}, "Station_Data_Container": {"sumo_id": "447", "location": [506.6058044433594, -2.0], "speed": [50660.58157668818, -200.00000447034847, 0], "yaw": -179.99996948242188}, "Sensor_Information_Container": [0, 1, 2, 3], "Perceived_Object_Container": [{"time": 119.99999999977648, "location": {"x": 507.8707968312879, "y": -5.118353350251412}, "speed": {"x": 50765.98013861433, "y": -575.0000128522519, "z": 0}, "pseudonym": 0}, {"time": 119.99999999977648, "location": {"x": 457.8153260188318, "y": 1.850463032347931}, "speed": {"x": 45753.159591998745, "y": 200.00000447034847, "z": 0}, "pseudonym": 1}], "option": {"size": 331, "type": "CPM"}}
{"timestamp": 119.99999999977648, "ITS_PDU_Header": {"tmp": "tmp"}, "Basic_Container": {"tmp": "tmp"}, "HF_Container": {"sumo_id": "447", "location": [506.6058044433594, -2.0], "speed": [50660.58157668818, -200.00000447034847, 0], "yaw": -179.99996948242188}, "LF_Container": {"tmp": "tmp"}, "Special_Vehicle_Container": {"tmp": "tmp"}, "option": {"size": 190, "type": "CAM"}}
{"timestamp": 120.10999999731779, "ITS_PDU_Header": {"tmp": "tmp"}, "Management_Container": {"tmp": "tmp"}, "Station_Data_Container": {"sumo_id": "447", "location": [505.823974609375, -2.0], "speed": [-7.812500174622986, 0.0, 0], "yaw": -179.99996948242188}, "Sensor_Information_Container": [0, 1, 2, 3], "Perceived_Object_Container": [{"time": 120.10999999731779, "location": {"x": 508.10433818725267, "y": 8.646593362646627}, "speed": {"x": 12.997436813952852, "y": 0.0, "z": 0}, "pseudonym": 2}, {"time": 120.10999999731779, "location": {"x": 509.8555544950315, "y": 5.246883726188008}, "speed": {"x": 16.125488641682757, "y": 0.0, "z": 0}, "pseudonym": 3}], "option": {"size": 331, "type": "CPM"}}
{"timestamp": 120.10999999731779, "ITS_PDU_Header": {"tmp": "tmp"}, "Basic_Container": {"tmp": "tmp"}, "HF_Container": {"sumo_id": "447", "location": [505.823974609375, -2.0], "speed": [-7.812500174622986, 0.0, 0], "yaw": -179.99996948242188}, "LF_Container": {"tmp": "tmp"}, "Special_Vehicle_Container": {"tmp": "tmp"}, "option": {"size": 190, "type": "CAM"}}
{"timestamp": 120.11999999709427, "ITS_PDU_Header": {"tmp": "tmp"}, "Management_Container": {"tmp": "tmp"}, "Station_Data_Container": {"sumo_id": "447", "location": [505.7457275390625, -2.0], "speed": [-7.824707206145835, 0.0, 0], "yaw": -179.99996948242188}, "Sensor_Information_Container": [0, 1, 2, 3], "Perceived_Object_Container": [{"time": 120.10999999731779, "location": {"x": 403.9205904128801, "y": -9.371863971643739}, "speed": {"x": -15.148926119854885, "y": 0.0, "z": 0}, "pseudonym": 4}, {"time": 120.10999999731779, "location": {"x": 359.11937979242987, "y": -5.671848258405399}, "speed": {"x": -10.729980708583758, "y": 0.0, "z": 0}, "pseudonym": 5}, {"time": 120.10999999731779, "location": {"x": 463.4845195863549, "y": 9.346011283969073}, "speed": {"x": 6.298828265789783, "y": 0.0, "z": 0}, "pseudonym": 6}, {"time": 120.10999999731779, "location": {"x": 464.2430745265231, "y": -2.0288026870522056}, "speed": {"x": -14.016723946110694, "y": 0.0, "z": 0}, "pseudonym": 7}, {"time": 120.10999999731779, "location": {"x": 476.22740410456936, "y": 1.8622169965678448}, "speed": {"x": 10.754394771629455, "y": 0.0, "z": 0}, "pseudonym": 8}, {"time": 120.10999999731779, "location": {"x": 379.9304621588881, "y": 1.1564766642478823}, "speed": {"x": 11.92321803994219, "y": 0.0, "z": 0}, "pseudonym": 9}, {"time": 120.10999999731779, "location": {"x": 441.33889865455234, "y": 1.3707245098793523}, "speed": {"x": 10.449218983558245, "y": 0.0, "z": 0}, "pseudonym": 10}, {"time": 120.10999999731779, "location": {"x": 458.8562715433891, "y": 1.9705339499516399}, "speed": {"x": 10.580444572428865, "y": 0.0, "z": 0}, "pseudonym": 11}, {"time": 120.10999999731779, "location": {"x": 466.49884944377436, "y": 5.759150623737531}, "speed": {"x": 16.6656497865688, "y": 0.0, "z": 0}, "pseudonym": 12}, {"time": 120.10999999731779, "location": {"x": 506.2845996318441, "y": -5.062103635698632}, "speed": {"x": -16.442871461276816, "y": 0.0, "z": 0}, "pseudonym": 13}, {"time": 120.10999999731779, "location": {"x": 547.3589438435057, "y": 1.6468629379096462}, "speed": {"x": 11.743164324980176, "y": 0.0, "z": 0}, "pseudonym": 14}, {"time": 120.10999999731779, "location": {"x": 516.0361057828579, "y": -8.4248091446757}, "speed": {"x": -15.698242538383063, "y": 0.0, "z": 0}, "pseudonym": 15}, {"time": 120.10999999731779, "location": {"x": 532.5479166824289, "y": -8.962117968215663}, "speed": {"x": -14.465332354575374, "y": 0.0, "z": 0}, "pseudonym": 16}, {"time": 120.10999999731779, "location": {"x": 565.3718596480679, "y": 2.2304842850713564}, "speed": {"x": 11.999511986959993, "y": 0.0, "z": 0}, "pseudonym": 17}, {"time": 120.10999999731779, "location": {"x": 521.2379626658712, "y": -1.8215423088384302}, "speed": {"x": -8.02001971051141, "y": 0.0, "z": 0}, "pseudonym": 18}, {"time": 120.10999999731779, "location": {"x": 511.9981447086004, "y": 1.3870854122832623}, "speed": {"x": 11.206054937974846, "y": 0.0, "z": 0}, "pseudonym": 19}, {"time": 120.10999999731779, "location": {"x": 537.7221716020306, "y": -5.76431934516637}, "speed": {"x": -15.905762074271486, "y": 0.0, "z": 0}, "pseudonym": 20}, {"time": 120.10999999731779, "location": {"x": 527.8074550312732, "y": 8.979481644391262}, "speed": {"x": 13.159179981630594, "y": 0.0, "z": 0}, "pseudonym": 21}, {"time": 120.10999999731779, "location": {"x": 575.6392815409912, "y": -5.569475303545267}, "speed": {"x": -16.589355839550997, "y": 0.0, "z": 0}, "pseudonym": 22}, {"time": 120.10999999731779, "location": {"x": 550.1160666310142, "y": -9.296342246523544}, "speed": {"x": -13.38501006480329, "y": 0.0, "z": 0}, "pseudonym": 23}, {"time": 120.10999999731779, "location": {"x": 585.0272318337866, "y": -9.117884118375457}, "speed": {"x": -11.816406514117267, "y": 0.0, "z": 0}, "pseudonym": 24}, {"time": 120.10999999731779, "location": {"x": 529.136578363076, "y": 1.5917005267103823}, "speed": {"x": 11.468506115716087, "y": 0.0, "z": 0}, "pseudonym": 25}, {"time": 120.10999999731779, "location": {"x": 584.4830148977619, "y": 2.10361544402795}, "speed": {"x": 12.231445585894113, "y": 0.0, "z": 0}, "pseudonym": 26}, {"time": 120.10999999731779, "location": {"x": 533.6002545903315, "y": 5.029299387528419}, "speed": {"x": 16.320801146048332, "y": 0.0, "z": 0}, "pseudonym": 27}], "option": {"size": 1101, "type": "CPM"}}
{"timestamp": 120.2199999948591, "ITS_PDU_Header": {"tmp": "tmp"}, "Management_Container": {"tmp": "tmp"}, "Station_Data_Container": {"sumo_id": "447", "location": [504.957763671875, -2.0], "speed": [-7.9681398265393035, 0.0, 0], "yaw": -179.99996948242188}, "Sensor_Information_Container": [0, 1, 2, 3], "Perceived_Object_Container": [{"time": 120.20999999508261, "location": {"x": 602.8705132803475, "y": -9.38439243700159}, "speed": {"x": -11.7492678407416, "y": 0.0, "z": 0}, "pseudonym": 28}, {"time": 120.20999999508261, "location": {"x": 532.9465004023192, "y": -8.65463110497257}, "speed": {"x": -14.6484378274181, "y": 0.0, "z": 0}, "pseudonym": 29}, {"time": 120.20999999508261, "location": {"x": 428.9942802837394, "y": -8.484088806278317}, "speed": {"x": -14.01062043034927, "y": 0.0, "z": 0}, "pseudonym": 30}, {"time": 120.20999999508261, "location": {"x": 477.9692539177167, "y": -4.990754648510446}, "speed": {"x": -16.687012091733784, "y": 0.0, "z": 0}, "pseudonym": 31}, {"time": 120.20999999508261, "location": {"x": 476.4369420351534, "y": -4.995994816705493}, "speed": {"x": -16.687012091733784, "y": 0.0, "z": 0}, "pseudonym": 31}, {"time": 120.20999999508261, "location": {"x": 400.8051503547895, "y": 1.1860600657682956}, "speed": {"x": 11.828613545640115, "y": 0.0, "z": 0}, "pseudonym": 32}], "option": {"size": 471, "type": "CPM"}}
{"timestamp": 120.30999999284744, "ITS_PDU_Header": {"tmp": "tmp"}, "Management_Container": {"tmp": "tmp"},