{"timestamp": 119.99999999977648, "ITS_PDU_Header": {"tmp": "tmp"}, "Management_Container": {"tmp": "tmp"}, "Station_Data_Container": {"sumo_id": "461", "location": [-768.3341064453125, 2.0], "speed": [-76833.41236189184, 200.00000447034847, 0], "yaw": 0.0}, "Sensor_Information_Container": [0, 1, 2, 3], "Perceived_Object_Container": [{"time": 119.99999999977648, "location": {"x": -757.9360106135953, "y": 1.9576743236175669}, "speed": {"x": -75642.30515753415, "y": 200.00000447034847, "z": 0}, "pseudonym": 0}], "option": {"size": 296, "type": "CPM"}}
{"timestamp": 119.99999999977648, "ITS_PDU_Header": {"tmp": "tmp"}, "Basic_Container": {"tmp": "tmp"}, "HF_Container": {"sumo_id": "461", "location": [-768.3341064453125, 2.0], "speed": [-76833.41236189184, 200.00000447034847, 0], "yaw": 0.0}, "LF_Container": {"tmp": "tmp"}, "Special_Vehicle_Container": {"tmp": "tmp"}, "option": {"size": 190, "type": "CAM"}}
{"timestamp": 120.10999999731779, "ITS_PDU_Header": {"tmp": "tmp"}, "Management_Container": {"tmp": "tmp"}, "Station_Data_Container": {"sumo_id": "461", "location": [-767.716064453125, 2.0], "speed": [6.256103655459814, 0.0, 0], "yaw": 0.0}, "Sensor_Information_Container": [0, 1, 2, 3], "Perceived_Object_Container": [{"time": 120.10999999731779, "location": {"x": -767.239924627984, "y": -1.2663010946207205}, "speed": {"x": -9.533691619344614, "y": 0.0, "z": 0}, "pseudonym": 1}, {"time": 120.10999999731779, "location": {"x": -758.5219239768976, "y": -8.546371686167209}, "speed": {"x": -13.336181938711896, "y": 0.0, "z": 0}, "pseudonym": 2}], "option": {"size": 331, "type": "CPM"}}
{"timestamp": 120.10999999731779, "ITS_PDU_Header": {"tmp": "tmp"}, "Basic_Container": {"tmp": "tmp"}, "HF_Container": {"sumo_id": "461", "location": [-767.716064453125, 2.0], "speed": [6.256103655459814, 0.0, 0], "yaw": 0.0}, "LF_Container": {"tmp": "tmp"}, "Special_Vehicle_Container": {"tmp": "tmp"}, "option": {"size": 190, "type": "CAM"}}
{"timestamp": 120.11999999709427, "ITS_PDU_Header": {"tmp": "tmp"}, "Management_Container": {"tmp": "tmp"}, "Station_Data_Container": {"sumo_id": "461", "location": [-767.6532592773438, 2.0], "speed": [6.280517718505511, 0.0, 0], "yaw": 0.0}, "Sensor_Information_Container": [0, 1, 2, 3], "Perceived_Object_Container": [{"time": 120.10999999731779, "location": {"x": -801.6288127859431, "y": -1.2475158280642469}, "speed": {"x": -8.410644719242558, "y": 0.0, "z": 0}, "pseudonym": 3}, {"time": 120.10999999731779, "location": {"x": -774.0522401019388, "y": 5.141021393148097}, "speed": {"x": 16.01562535797712, "y": 0.0, "z": 0}, "pseudonym": 4}, {"time": 120.10999999731779, "location": {"x": -803.4499048222317, "y": -1.251077401543263}, "speed": {"x": -8.410644719242558, "y": 0.0, "z": 0}, "pseudonym": 5}, {"time": 120.10999999731779, "location": {"x": -778.532858487061, "y": 1.898281501793469}, "speed": {"x": 5.1696778499263045, "y": 0.0, "z": 0}, "pseudonym": 6}, {"time": 120.10999999731779, "location": {"x": -786.5138690869286, "y": 8.93048753660717}, "speed": {"x": 8.551025581755315, "y": 0.0, "z": 0}, "pseudonym": 7}, {"time": 120.10999999731779, "location": {"x": -784.1295530547823, "y": -1.7630117402843808}, "speed": {"x": -8.984375200816435, "y": 0.0, "z": 0}, "pseudonym": 8}, {"time": 120.10999999731779, "location": {"x": -785.4663172507111, "y": 9.343287363257076}, "speed": {"x": 8.551025581755315, "y": 0.0, "z": 0}, "pseudonym": 7}, {"time": 120.10999999731779, "location": {"x": -818.6162000346168, "y": -1.7912511402278761}, "speed": {"x": -7.836914237668683, "y": 0.0, "z": 0}, "pseudonym": 9}, {"time": 120.10999999731779, "location": {"x": -797.5122128915973, "y": 5.49458174730419}, "speed": {"x": 16.162109736251303, "y": 0.0, "z": 0}, "pseudonym": 10}, {"time": 120.10999999731779, "location": {"x": -830.3037551842659, "y": -8.720244196698227}, "speed": {"x": -15.948486684601455, "y": 0.0, "z": 0}, "pseudonym": 11}, {"time": 120.10999999731779, "location": {"x": -785.8033250374762, "y": -1.3621941233449704}, "speed": {"x": -8.984375200816435, "y": 0.0, "z": 0}, "pseudonym": 8}, {"time": 120.10999999731779, "location": {"x": -818.5864188135104, "y": 5.9797472902556}, "speed": {"x": 15.570068707393155, "y": 0.0, "z": 0}, "pseudonym": 12}, {"time": 120.10999999731779, "location": {"x": -770.6298975440732, "y": 8.741502210446182}, "speed": {"x": 8.721924023075193, "y": 0.0, "z": 0}, "pseudonym": 13}, {"time": 120.10999999731779, "location": {"x": -748.8379030051601, "y": -1.7956718641170941}, "speed": {"x": -10.070801006349944, "y": 0.0, "z": 0}, "pseudonym": 14}, {"time": 120.10999999731779, "location": {"x": -754.1912485842608, "y": -4.917250535391516}, "speed": {"x": -16.662598028688087, "y": 0.0, "z": 0}, "pseudonym": 15}, {"time": 120.10999999731779, "location": {"x": -752.733932987836, "y": -4.928916456910608}, "speed": {"x": -16.662598028688087, "y": 0.0, "z": 0}, "pseudonym": 15}, {"time": 120.10999999731779, "location": {"x": -708.9256834606315, "y": 6.119170557437205}, "speed": {"x": 15.704346054144487, "y": 0.0, "z": 0}, "pseudonym": 16}, {"time": 120.10999999731779, "location": {"x": -757.1739717643125, "y": 2.084648227241616}, "speed": {"x": 7.44018571317611, "y": 0.0, "z": 0}, "pseudonym": 17}, {"time": 120.10999999731779, "location": {"x": -689.5414261647568, "y": 8.418389816420046}, "speed": {"x": 12.969970993026443, "y": 0.0, "z": 0}, "pseudonym": 18}, {"time": 120.10999999731779, "location": {"x": -729.937170793705, "y": -2.1043327183509994}, "speed": {"x": -10.565185783025305, "y": 0.0, "z": 0}, "pseudonym": 19}, {"time": 120.10999999731779, "location": {"x": -710.6146815703084, "y": -2.492317099086259}, "speed": {"x": -10.998535402086423, "y": 0.0, "z": 0}, "pseudonym": 20}], "option": {"size": 996, "type": "CPM"}}
{"timestamp": 120.2199999948591, "ITS_PDU_Header": {"tmp": "tmp"}, "Management_Container": {"tmp": "tmp"}, "Station_Data_Container": {"sumo_id": "461", "location": [-767.0154418945312, 2.0], "speed": [6.475830222871085, 0.0, 0], "yaw": 0.0}, "Sensor_Information_Container": [0, 1, 2, 3], "Perceived_Object_Container": [{"time": 120.20999999508261, "location": {"x": -690.5807770729679, "y": 8.524082089516364}, "speed": {"x": 12.823486614752262, "y": 0.0, "z": 0}, "pseudonym": 21}, {"time": 120.20999999508261, "location": {"x": -648.5708061332656, "y": -8.42732851459935}, "speed": {"x": -16.17431676777415, "y": 0.0, "z": 0}, "pseudonym": 22}], "option": {"size": 331, "type": "CPM"}}
{"timestamp": 120.30999999284744, "ITS_PDU_Header": {"tmp": "tmp"}, "Management_Container": {"tmp": "tmp"}, "Station_Data_Container": {"sumo_id": "461", "location": [-766.4254760742188, 2.0], "speed": [6.6284181169066905, 0.0, 0], "yaw": 0.0}, "Sensor_Information_Container": [0, 1, 2, 3], "Perceived_Object_Container": [{"time": 120.30999999284744, "location": {"x": -785.8495116169631, "y": 8.532038832415616}, "speed": {"x": 8.807373243735132, "y": 0.0, "z": 0}, "pseudonym": 23}], "option": {"size": 296, "type": "CPM"}}
{"timestamp": 120.40999999061226, "ITS_PDU_Header": {"tmp": "tmp"}, "Management_Container": {"tmp": "tmp"}, "Station_Data_Container": {"sumo_id": "461", "location": [-765.7534790039062, 2.0], "speed": [6.793213042465144, 0.0, 0], "yaw": 0.0}, "Sensor_Information_Container": [0, 1, 2, 3], "Perceived_Object_Container": [{"time": 120.40999999061226, "location": {"x": -754.8546421001305, "y": 2.081066902308342}, "speed": {"x": 8.05053728931853, "y": 0.0, "z": 0}, "pseudonym": 17}, {"time": 120.40999999061226, "location": {"x": -654.1372006593137, "y": -8.414815328610704}, "speed": {"x": -16.17431676777415, "y": 0.0, "z": 0}, "pseudonym": 24}, {"time": 120.40999999061226, "location": {"x": -776.8843392067243, "y": 1.9168266551738793}, "speed": {"x": 5.688476689647362, "y": 0.0, "z": 0}, "pseudonym": 6}], "option": {"size": 366, "type": "CPM"}}
{"timestamp": 120.40999999061226, "ITS_PDU_Header": {"tmp": "tmp"}, "Basic_Container": {"tmp": "tmp"}, "HF_Container": {"sumo_id": "461", "location": [-765.7534790039062, 2.0],