{"timestamp": 119.99999999977648, "ITS_PDU_Header": {"tmp": "tmp"}, "Management_Container": {"tmp": "tmp"}, "Station_Data_Container": {"sumo_id": "464", "location": [932.0065307617188, -2.0], "speed": [93200.65515936885, -200.00000447034847, 0], "yaw": -179.99996948242188}, "Sensor_Information_Container": [0, 1, 2, 3], "Perceived_Object_Container": [{"time": 119.99999999977648, "location": {"x": 889.1488218406478, "y": 1.356972446639778}, "speed": {"x": 88883.40042419882, "y": 200.00000447034847, "z": 0}, "pseudonym": 0}, {"time": 119.99999999977648, "location": {"x": 890.1289436762754, "y": 8.458888160162429}, "speed": {"x": 88944.5698591598, "y": 925.0000206753616, "z": 0}, "pseudonym": 1}], "option": {"size": 331, "type": "CPM"}}
{"timestamp": 119.99999999977648, "ITS_PDU_Header": {"tmp": "tmp"}, "Basic_Container": {"tmp": "tmp"}, "HF_Container": {"sumo_id": "464", "location": [932.0065307617188, -2.0], "speed": [93200.65515936885, -200.00000447034847, 0], "yaw": -179.99996948242188}, "LF_Container": {"tmp": "tmp"}, "Special_Vehicle_Container": {"tmp": "tmp"}, "option": {"size": 190, "type": "CAM"}}
{"timestamp": 120.10999999731779, "ITS_PDU_Header": {"tmp": "tmp"}, "Management_Container": {"tmp": "tmp"}, "Station_Data_Container": {"sumo_id": "464", "location": [931.1824951171875, -2.0], "speed": [-8.32519549858262, 0.0, 0], "yaw": -179.99996948242188}, "Sensor_Information_Container": [0, 1, 2, 3], "Perceived_Object_Container": [{"time": 120.10999999731779, "location": {"x": 930.3969276995199, "y": 1.4814598160964692}, "speed": {"x": 4.833984483047973, "y": 0.0, "z": 0}, "pseudonym": 2}, {"time": 120.10999999731779, "location": {"x": 931.4127109567893, "y": 8.414189520004333}, "speed": {"x": 16.644287481403815, "y": 0.0, "z": 0}, "pseudonym": 3}, {"time": 120.10999999731779, "location": {"x": 926.2084946109821, "y": 5.1139442610675285}, "speed": {"x": 16.656494512926663, "y": 0.0, "z": 0}, "pseudonym": 4}], "option": {"size": 366, "type": "CPM"}}
{"timestamp": 120.10999999731779, "ITS_PDU_Header": {"tmp": "tmp"}, "Basic_Container": {"tmp": "tmp"}, "HF_Container": {"sumo_id": "464", "location": [931.1824951171875, -2.0], "speed": [-8.32519549858262, 0.0, 0], "yaw": -179.99996948242188}, "LF_Container": {"tmp": "tmp"}, "Special_Vehicle_Container": {"tmp": "tmp"}, "option": {"size": 190, "type": "CAM"}}
{"timestamp": 120.11999999709427, "ITS_PDU_Header": {"tmp": "tmp"}, "Management_Container": {"tmp": "tmp"}, "Station_Data_Container": {"sumo_id": "464", "location": [931.0989379882812, -2.0], "speed": [-8.35571307738974, 0.0, 0], "yaw": -179.99996948242188}, "Sensor_Information_Container": [0, 1, 2, 3], "Perceived_Object_Container": [{"time": 120.10999999731779, "location": {"x": 966.240920484473, "y": 1.6029254002458233}, "speed": {"x": 4.138183686245613, "y": 0.0, "z": 0}, "pseudonym": 5}, {"time": 120.10999999731779, "location": {"x": 941.8808621931995, "y": 1.6703153115571034}, "speed": {"x": 4.492187600408218, "y": 0.0, "z": 0}, "pseudonym": 6}, {"time": 120.10999999731779, "location": {"x": 943.7861472673585, "y": 1.402620021521198}, "speed": {"x": 4.492187600408218, "y": 0.0, "z": 0}, "pseudonym": 7}, {"time": 120.10999999731779, "location": {"x": 989.3147665108876, "y": 2.0130909095402516}, "speed": {"x": 4.101562591677068, "y": 0.0, "z": 0}, "pseudonym": 8}, {"time": 120.10999999731779, "location": {"x": 944.6175477467214, "y": -1.8702607742555157}, "speed": {"x": -7.6416017333031085, "y": 0.0, "z": 0}, "pseudonym": 9}, {"time": 120.10999999731779, "location": {"x": 999.4621544389489, "y": 1.8689563875545776}, "speed": {"x": 1.8310547284272625, "y": -0.7129967372044191, "z": 0}, "pseudonym": 10}, {"time": 120.10999999731779, "location": {"x": 954.5459666504596, "y": 1.6779349924768034}, "speed": {"x": 4.27856454875837, "y": 0.0, "z": 0}, "pseudonym": 11}, {"time": 120.10999999731779, "location": {"x": 898.9751703273554, "y": -4.9496592818811465}, "speed": {"x": -9.67407248185737, "y": 0.0, "z": 0}, "pseudonym": 12}, {"time": 120.10999999731779, "location": {"x": 891.8584196790921, "y": 8.840050775268741}, "speed": {"x": 16.717529670540905, "y": 0.0, "z": 0}, "pseudonym": 13}, {"time": 120.10999999731779, "location": {"x": 917.8532410525162, "y": -4.9184406702176275}, "speed": {"x": -9.967041238405733, "y": 0.0, "z": 0}, "pseudonym": 14}, {"time": 120.10999999731779, "location": {"x": 865.4798180046764, "y": -5.5617689921388465}, "speed": {"x": -10.046386943304247, "y": 0.0, "z": 0}, "pseudonym": 15}, {"time": 120.10999999731779, "location": {"x": 859.9110339544974, "y": 1.7398845430431045}, "speed": {"x": 7.147216956627748, "y": 0.0, "z": 0}, "pseudonym": 16}, {"time": 120.10999999731779, "location": {"x": 889.9134722719366, "y": 1.597771222667419}, "speed": {"x": 6.158447403277026, "y": 0.0, "z": 0}, "pseudonym": 17}, {"time": 120.10999999731779, "location": {"x": 904.1614963896141, "y": 2.145763986028557}, "speed": {"x": 5.664062626601665, "y": 0.0, "z": 0}, "pseudonym": 18}, {"time": 120.10999999731779, "location": {"x": 883.1076051163242, "y": -4.82857526136325}, "speed": {"x": -10.400390857466851, "y": 0.0, "z": 0}, "pseudonym": 19}, {"time": 120.10999999731779, "location": {"x": 874.9860519648189, "y": 2.417958702768032}, "speed": {"x": 6.640625148429539, "y": 0.0, "z": 0}, "pseudonym": 20}, {"time": 120.10999999731779, "location": {"x": 889.5198311907734, "y": 8.525457142978507}, "speed": {"x": 16.717529670540905, "y": 0.0, "z": 0}, "pseudonym": 21}], "option": {"size": 856, "type": "CPM"}}
{"timestamp": 120.31999999262392, "ITS_PDU_Header": {"tmp": "tmp"}, "Management_Container": {"tmp": "tmp"}, "Station_Data_Container": {"sumo_id": "464", "location": [929.3878173828125, -2.0], "speed": [-8.74633808612089, 0.0, 0], "yaw": -179.99996948242188}, "Sensor_Information_Container": [0, 1, 2, 3], "Perceived_Object_Container": [{"time": 120.30999999284744, "location": {"x": 882.8993236117977, "y": -5.031587649070829}, "speed": {"x": -10.766601803152303, "y": 0.0, "z": 0}, "pseudonym": 22}], "option": {"size": 296, "type": "CPM"}}
{"timestamp": 120.40999999061226, "ITS_PDU_Header": {"tmp": "tmp"}, "Management_Container": {"tmp": "tmp"}, "Station_Data_Container": {"sumo_id": "464", "location": [928.5924072265625, -2.0], "speed": [-8.90502949591792, 0.0, 0], "yaw": -179.99996948242188}, "Sensor_Information_Container": [0, 1, 2, 3], "Perceived_Object_Container": [{"time": 120.40999999061226, "location": {"x": 985.9660701773935, "y": 8.489465587993623}, "speed": {"x": 17.468262109196083, "y": 0.0, "z": 0}, "pseudonym": 23}, {"time": 120.40999999061226, "location": {"x": 979.9754088997875, "y": 2.002223428979482}, "speed": {"x": 4.101562591677068, "y": 0.0, "z": 0}, "pseudonym": 24}], "option": {"size": 331, "type": "CPM"}}
{"timestamp": 120.40999999061226, "ITS_PDU_Header": {"tmp": "tmp"}, "Basic_Container": {"tmp": "tmp"}, "HF_Container": {"sumo_id": "464", "location": [928.5924072265625, -2.0], "speed": [-8.90502949591792, 0.0, 0], "yaw": -179.99996948242188}, "LF_Container": {"tmp": "tmp"}, "Special_Vehicle_Container": {"tmp": "tmp"}, "option": {"size": 190, "type": "CAM"}}
{"timestamp": 120.41999999038875, "ITS_PDU_Header": {"tmp": "tmp"}, "Management_Container": {"tmp": "tmp"}, "Station_Data_Container": {"sumo_id": "464", "location": [928.503173828125, -2.0], "speed": [-8.923340043202193, 0.0, 0], "yaw": -179.99996948242188}, "Sensor_Information_Container": [0, 1, 2, 3], "Perceived_Object_Container": [{"time": 120.40999999061226, "location": {"x": 862.3797230906151, "y": -5.60595804519215}, "speed": {"x": -10.626220940639547, "y": 0.0, "z": 0}, "pseudonym": 15}], "option": {"size": 296, "type": "CPM"}}
{"timestamp": 120.51999998815357, "ITS_PDU_Header": {"tmp": "tmp"}, "Management_Container": {"tmp": "tmp"}, "Station_Data_Container": {"sumo_id": "464", "location": [927.6050415039062, -2.0], "speed": [-8.978271685055011, 0.0, 0], "yaw": -179.99996948242188}, "Sensor_Information_Container": [0, 1, 2, 3],