{"timestamp": 119.99999999977648, "ITS_PDU_Header": {"tmp": "tmp"}, "Management_Container": {"tmp": "tmp"}, "Station_Data_Container": {"sumo_id": "475", "location": [807.4609375, -2.0], "speed": [80746.09555481588, -200.00000447034847, 0], "yaw": -179.99996948242188}, "Sensor_Information_Container": [0, 1, 2, 3], "Perceived_Object_Container": [{"time": 119.99999999977648, "location": {"x": 804.1558704360142, "y": 5.974089948136215}, "speed": {"x": 80389.13143550899, "y": 575.0000128522519, "z": 0}, "pseudonym": 0}], "option": {"size": 296, "type": "CPM"}}
{"timestamp": 119.99999999977648, "ITS_PDU_Header": {"tmp": "tmp"}, "Basic_Container": {"tmp": "tmp"}, "HF_Container": {"sumo_id": "475", "location": [807.4609375, -2.0], "speed": [80746.09555481588, -200.00000447034847, 0], "yaw": -179.99996948242188}, "LF_Container": {"tmp": "tmp"}, "Special_Vehicle_Container": {"tmp": "tmp"}, "option": {"size": 190, "type": "CAM"}}
{"timestamp": 120.10999999731779, "ITS_PDU_Header": {"tmp": "tmp"}, "Management_Container": {"tmp": "tmp"}, "Station_Data_Container": {"sumo_id": "475", "location": [807.2562255859375, -2.0], "speed": [-2.0141602012699886, 0.0, 0], "yaw": -179.99996948242188}, "Sensor_Information_Container": [0, 1, 2, 3], "Perceived_Object_Container": [{"time": 120.10999999731779, "location": {"x": 808.616421605017, "y": 1.5686106066708263}, "speed": {"x": 8.581543160562436, "y": 0.0, "z": 0}, "pseudonym": 1}, {"time": 120.10999999731779, "location": {"x": 805.4836421044866, "y": 5.262805104379658}, "speed": {"x": 18.188476969044142, "y": 0.0, "z": 0}, "pseudonym": 2}], "option": {"size": 331, "type": "CPM"}}
{"timestamp": 120.10999999731779, "ITS_PDU_Header": {"tmp": "tmp"}, "Basic_Container": {"tmp": "tmp"}, "HF_Container": {"sumo_id": "475", "location": [807.2562255859375, -2.0], "speed": [-2.0141602012699886, 0.0, 0], "yaw": -179.99996948242188}, "LF_Container": {"tmp": "tmp"}, "Special_Vehicle_Container": {"tmp": "tmp"}, "option": {"size": 190, "type": "CAM"}}
{"timestamp": 120.11999999709427, "ITS_PDU_Header": {"tmp": "tmp"}, "Management_Container": {"tmp": "tmp"}, "Station_Data_Container": {"sumo_id": "475", "location": [807.236083984375, -2.0], "speed": [-2.0141602012699886, 0.0, 0], "yaw": -179.99996948242188}, "Sensor_Information_Container": [0, 1, 2, 3], "Perceived_Object_Container": [{"time": 120.10999999731779, "location": {"x": 842.3732396944747, "y": 1.1730351114055093}, "speed": {"x": 7.653808764825957, "y": 0.0, "z": 0}, "pseudonym": 3}, {"time": 120.10999999731779, "location": {"x": 817.8040068810491, "y": -5.540396329161914}, "speed": {"x": -16.625976934119542, "y": 0.0, "z": 0}, "pseudonym": 4}, {"time": 120.10999999731779, "location": {"x": 816.7520840238677, "y": -1.8332971740162134}, "speed": {"x": -2.3193359893411993, "y": 0.0, "z": 0}, "pseudonym": 5}, {"time": 120.10999999731779, "location": {"x": 825.9702516667434, "y": 2.111222951823589}, "speed": {"x": 8.13598650997847, "y": 0.0, "z": 0}, "pseudonym": 6}, {"time": 120.10999999731779, "location": {"x": 846.6058593384103, "y": -8.415021513920625}, "speed": {"x": -15.197754245946278, "y": 0.0, "z": 0}, "pseudonym": 7}, {"time": 120.10999999731779, "location": {"x": 899.7278487225931, "y": -9.402330266870301}, "speed": {"x": -0.19531250436557468, "y": 0.0, "z": 0}, "pseudonym": 8}, {"time": 120.10999999731779, "location": {"x": 792.8321131925245, "y": 1.7412099004954604}, "speed": {"x": 9.008789263862132, "y": 0.0, "z": 0}, "pseudonym": 9}, {"time": 120.10999999731779, "location": {"x": 798.8100481309137, "y": -2.077267569750705}, "speed": {"x": -0.8117675962694197, "y": 0.0, "z": 0}, "pseudonym": 10}, {"time": 120.10999999731779, "location": {"x": 758.9673085345854, "y": -5.907176222245489}, "speed": {"x": -16.662598028688087, "y": 0.0, "z": 0}, "pseudonym": 11}, {"time": 120.10999999731779, "location": {"x": 775.3935109457386, "y": 1.7591984131616172}, "speed": {"x": 9.423828335638978, "y": 0.0, "z": 0}, "pseudonym": 12}], "option": {"size": 611, "type": "CPM"}}
{"timestamp": 120.20999999508261, "ITS_PDU_Header": {"tmp": "tmp"}, "Management_Container": {"tmp": "tmp"}, "Station_Data_Container": {"sumo_id": "475", "location": [807.0567626953125, -2.0], "speed": [-1.9775391067014434, 0.0, 0], "yaw": -179.99996948242188}, "Sensor_Information_Container": [0, 1, 2, 3], "Perceived_Object_Container": [{"time": 120.20999999508261, "location": {"x": 862.4892947404875, "y": -6.340355146377185}, "speed": {"x": -10.217285384624125, "y": 0.0, "z": 0}, "pseudonym": 13}, {"time": 120.20999999508261, "location": {"x": 797.8790255659156, "y": 8.764654696281164}, "speed": {"x": 15.515137065540337, "y": 0.0, "z": 0}, "pseudonym": 14}, {"time": 120.20999999508261, "location": {"x": 740.2096285359503, "y": 5.189691762905939}, "speed": {"x": 12.188720975564143, "y": 0.0, "z": 0}, "pseudonym": 15}], "option": {"size": 366, "type": "CPM"}}
{"timestamp": 120.30999999284744, "ITS_PDU_Header": {"tmp": "tmp"}, "Management_Container": {"tmp": "tmp"}, "Station_Data_Container": {"sumo_id": "475", "location": [806.859619140625, -2.0], "speed": [-1.965332075178595, 0.0, 0], "yaw": -179.99996948242188}, "Sensor_Information_Container": [0, 1, 2, 3], "Perceived_Object_Container": [{"time": 120.30999999284744, "location": {"x": 845.2509530727718, "y": -8.427253747294596}, "speed": {"x": -15.197754245946278, "y": 0.0, "z": 0}, "pseudonym": 16}, {"time": 120.30999999284744, "location": {"x": 808.9160042655417, "y": 5.3029256173098505}, "speed": {"x": 17.279053120591932, "y": 0.0, "z": 0}, "pseudonym": 2}], "option": {"size": 331, "type": "CPM"}}
{"timestamp": 120.41999999038875, "ITS_PDU_Header": {"tmp": "tmp"}, "Management_Container": {"tmp": "tmp"}, "Station_Data_Container": {"sumo_id": "475", "location": [806.64794921875, -2.0], "speed": [-1.8920898860415045, 0.0, 0], "yaw": -179.99996948242188}, "Sensor_Information_Container": [0, 1, 2, 3], "Perceived_Object_Container": [{"time": 120.40999999061226, "location": {"x": 712.3516774697737, "y": 8.42210818183348}, "speed": {"x": 15.545654644347458, "y": 0.0, "z": 0}, "pseudonym": 17}, {"time": 120.40999999061226, "location": {"x": 812.8077108487704, "y": 1.3979176388647017}, "speed": {"x": 8.453369329572528, "y": 0.0, "z": 0}, "pseudonym": 18}, {"time": 120.40999999061226, "location": {"x": 841.1232948419166, "y": -8.409951180317133}, "speed": {"x": -15.179443698662006, "y": 0.0, "z": 0}, "pseudonym": 19}], "option": {"size": 366, "type": "CPM"}}
{"timestamp": 120.51999998815357, "ITS_PDU_Header": {"tmp": "tmp"}, "Management_Container": {"tmp": "tmp"}, "Station_Data_Container": {"sumo_id": "475", "location": [806.4618530273438, -2.0], "speed": [-1.8432617599501109, 0.0, 0], "yaw": -179.99996948242188}, "Sensor_Information_Container": [0, 1, 2, 3], "Perceived_Object_Container": [{"time": 120.50999998837709, "location": {"x": 812.066584032804, "y": 5.347364233747996}, "speed": {"x": 16.656494512926663, "y": 0.0, "z": 0}, "pseudonym": 2}, {"time": 120.50999998837709, "location": {"x": 773.3918647812604, "y": 9.197538470260788}, "speed": {"x": 14.776611658408008, "y": 0.0, "z": 0}, "pseudonym": 20}], "option": {"size": 331, "type": "CPM"}}
{"timestamp": 120.6199999859184, "ITS_PDU_Header": {"tmp": "tmp"}, "Management_Container": {"tmp": "tmp"}, "Station_Data_Container": {"sumo_id": "475", "location": [806.28076171875, -2.0], "speed": [-1.788330118097293, 0.0, 0], "yaw": -179.99996948242188}, "Sensor_Information_Container": [0, 1, 2, 3], "Perceived_Object_Container": [{"time": 120.60999998614191, "location": {"x": 809.2670798837721, "y": -6.353160278445496}, "speed": {"x": -16.674805060210936, "y": 0.0, "z": 0}, "pseudonym": 21}, {"time": 120.60999998614191, "location": {"x": 858.205747786376, "y": -6.228882733767724}, "speed": {"x": -11.016845949370696, "y": 0.0, "z": 0}, "pseudonym": 13}], "option": {"size": 331, "type": "CPM"}}
{"timestamp": 120.71999998368322, "ITS_PDU_Header": {"tmp": "tmp"}, "Management_Container": {"tmp": "tmp"},