{"timestamp": 119.99999999977648, "ITS_PDU_Header": {"tmp": "tmp"}, "Management_Container": {"tmp": "tmp"}, "Station_Data_Container": {"sumo_id": "49", "location": [-598.0115966796875, 9.25], "speed": [-59801.16100462886, 925.0000206753616, 0], "yaw": 0.0}, "Sensor_Information_Container": [0, 1, 2, 3], "Perceived_Object_Container": [{"time": 119.99999999977648, "location": {"x": -653.3169658492055, "y": 9.515574810912568}, "speed": {"x": -65365.63866806713, "y": 925.0000206753616, "z": 0}, "pseudonym": 0}, {"time": 119.99999999977648, "location": {"x": -611.3611336559067, "y": 1.5436676582581583}, "speed": {"x": -61195.912012366476, "y": 200.00000447034847, "z": 0}, "pseudonym": 1}], "option": {"size": 331, "type": "CPM"}}
{"timestamp": 119.99999999977648, "ITS_PDU_Header": {"tmp": "tmp"}, "Basic_Container": {"tmp": "tmp"}, "HF_Container": {"sumo_id": "49", "location": [-598.0115966796875, 9.25], "speed": [-59801.16100462886, 925.0000206753616, 0], "yaw": 0.0}, "LF_Container": {"tmp": "tmp"}, "Special_Vehicle_Container": {"tmp": "tmp"}, "option": {"size": 190, "type": "CAM"}}
{"timestamp": 120.10999999731779, "ITS_PDU_Header": {"tmp": "tmp"}, "Management_Container": {"tmp": "tmp"}, "Station_Data_Container": {"sumo_id": "49", "location": [-596.4918212890625, 9.25], "speed": [15.209961277469127, 0.0, 0], "yaw": 0.0}, "Sensor_Information_Container": [0, 1, 2, 3], "Perceived_Object_Container": [{"time": 120.10999999731779, "location": {"x": -588.4087356281046, "y": -8.732562132062794}, "speed": {"x": -16.80908240696227, "y": 0.0, "z": 0}, "pseudonym": 2}, {"time": 120.10999999731779, "location": {"x": -590.855425945633, "y": 2.1964042479895007}, "speed": {"x": 13.885498357240074, "y": 0.0, "z": 0}, "pseudonym": 3}, {"time": 120.10999999731779, "location": {"x": -589.5629454321295, "y": -1.1642716395320305}, "speed": {"x": -12.524414342442476, "y": 0.0, "z": 0}, "pseudonym": 4}], "option": {"size": 366, "type": "CPM"}}
{"timestamp": 120.10999999731779, "ITS_PDU_Header": {"tmp": "tmp"}, "Basic_Container": {"tmp": "tmp"}, "HF_Container": {"sumo_id": "49", "location": [-596.4918212890625, 9.25], "speed": [15.209961277469127, 0.0, 0], "yaw": 0.0}, "LF_Container": {"tmp": "tmp"}, "Special_Vehicle_Container": {"tmp": "tmp"}, "option": {"size": 190, "type": "CAM"}}
{"timestamp": 120.11999999709427, "ITS_PDU_Header": {"tmp": "tmp"}, "Management_Container": {"tmp": "tmp"}, "Station_Data_Container": {"sumo_id": "49", "location": [-596.339599609375, 9.25], "speed": [15.222168308991975, 0.0, 0], "yaw": 0.0}, "Sensor_Information_Container": [0, 1, 2, 3], "Perceived_Object_Container": [{"time": 120.10999999731779, "location": {"x": -569.3744862818846, "y": 2.1714834804677636}, "speed": {"x": 13.87939484147865, "y": 0.0, "z": 0}, "pseudonym": 5}, {"time": 120.10999999731779, "location": {"x": -573.494233656053, "y": 9.367397201444303}, "speed": {"x": 14.67895540622522, "y": 0.0, "z": 0}, "pseudonym": 6}, {"time": 120.10999999731779, "location": {"x": -571.6512250182668, "y": 10.060413961560139}, "speed": {"x": 14.67895540622522, "y": 0.0, "z": 0}, "pseudonym": 7}, {"time": 120.10999999731779, "location": {"x": -568.73214300588, "y": -1.9426257837587584}, "speed": {"x": -12.664795204955233, "y": 0.0, "z": 0}, "pseudonym": 8}, {"time": 120.10999999731779, "location": {"x": -534.9677420209074, "y": 6.04037980477051}, "speed": {"x": 16.22924840962697, "y": 0.0, "z": 0}, "pseudonym": 9}, {"time": 120.10999999731779, "location": {"x": -564.6122477475029, "y": 6.57452247862815}, "speed": {"x": 16.662598028688087, "y": 0.0, "z": 0}, "pseudonym": 10}, {"time": 120.10999999731779, "location": {"x": -545.603432117099, "y": 1.8653001435327816}, "speed": {"x": 15.551758160108882, "y": 0.0, "z": 0}, "pseudonym": 11}, {"time": 120.10999999731779, "location": {"x": -548.9802631289167, "y": -5.856393610539399}, "speed": {"x": -14.007568672468558, "y": 0.0, "z": 0}, "pseudonym": 12}, {"time": 120.10999999731779, "location": {"x": -522.9553926438251, "y": -2.305848302294022}, "speed": {"x": -15.106201509524915, "y": 0.0, "z": 0}, "pseudonym": 13}, {"time": 120.10999999731779, "location": {"x": -636.4045170183057, "y": 6.058366083475148}, "speed": {"x": 16.339111693332605, "y": 0.0, "z": 0}, "pseudonym": 14}, {"time": 120.10999999731779, "location": {"x": -651.9594813073667, "y": 6.004297979358241}, "speed": {"x": 14.483642901859646, "y": 0.0, "z": 0}, "pseudonym": 15}, {"time": 120.10999999731779, "location": {"x": -682.050999030717, "y": 5.896939075590536}, "speed": {"x": 16.30249059876406, "y": 0.0, "z": 0}, "pseudonym": 16}, {"time": 120.10999999731779, "location": {"x": -635.7781770581125, "y": -5.630501629938383}, "speed": {"x": -16.674805060210936, "y": 0.0, "z": 0}, "pseudonym": 17}, {"time": 120.10999999731779, "location": {"x": -610.009866107284, "y": -1.2514848416986224}, "speed": {"x": -12.353515901122597, "y": 0.0, "z": 0}, "pseudonym": 18}, {"time": 120.10999999731779, "location": {"x": -652.8336811173841, "y": 9.396722962539988}, "speed": {"x": 4.425048927032551, "y": 0.0, "z": 0}, "pseudonym": 19}, {"time": 120.10999999731779, "location": {"x": -610.4778467040462, "y": 2.2506789968439}, "speed": {"x": 13.800049136580135, "y": 0.0, "z": 0}, "pseudonym": 20}, {"time": 120.10999999731779, "location": {"x": -668.8661506960534, "y": -2.0024704109694245}, "speed": {"x": -11.657715104320237, "y": 0.0, "z": 0}, "pseudonym": 21}, {"time": 120.10999999731779, "location": {"x": -612.7126976916926, "y": 5.698054501905887}, "speed": {"x": 16.442871461276816, "y": 0.0, "z": 0}, "pseudonym": 22}, {"time": 120.10999999731779, "location": {"x": -629.6276165269969, "y": -1.3730833903332815}, "speed": {"x": -12.145996365234174, "y": 0.0, "z": 0}, "pseudonym": 23}, {"time": 120.10999999731779, "location": {"x": -706.6539175377616, "y": 5.970414285092704}, "speed": {"x": 15.704346054144487, "y": 0.0, "z": 0}, "pseudonym": 24}, {"time": 120.10999999731779, "location": {"x": -689.3236607787378, "y": -1.4204264602071053}, "speed": {"x": -11.340332284726179, "y": 0.0, "z": 0}, "pseudonym": 25}, {"time": 120.10999999731779, "location": {"x": -623.2741649016399, "y": -9.142679296460962}, "speed": {"x": -16.125488641682757, "y": 0.0, "z": 0}, "pseudonym": 26}], "option": {"size": 1031, "type": "CPM"}}
{"timestamp": 120.31999999262392, "ITS_PDU_Header": {"tmp": "tmp"}, "Management_Container": {"tmp": "tmp"}, "Station_Data_Container": {"sumo_id": "49", "location": [-593.2838134765625, 9.25], "speed": [15.338135108459035, 0.0, 0], "yaw": 0.0}, "Sensor_Information_Container": [0, 1, 2, 3], "Perceived_Object_Container": [{"time": 120.30999999284744, "location": {"x": -539.5166275068278, "y": -8.645324766692895}, "speed": {"x": -16.66870154444951, "y": 0.0, "z": 0}, "pseudonym": 27}, {"time": 120.30999999284744, "location": {"x": -632.6862685508383, "y": 2.509148350540959}, "speed": {"x": 13.000488571833564, "y": 0.0, "z": 0}, "pseudonym": 28}], "option": {"size": 331, "type": "CPM"}}
{"timestamp": 120.40999999061226, "ITS_PDU_Header": {"tmp": "tmp"}, "Basic_Container": {"tmp": "tmp"}, "HF_Container": {"sumo_id": "49", "location": [-591.9010009765625, 9.25], "speed": [15.380859718789004, 0.0, 0], "yaw": 0.0}, "LF_Container": {"tmp": "tmp"}, "Special_Vehicle_Container": {"tmp": "tmp"}, "option": {"size": 190, "type": "CAM"}}
{"timestamp": 120.41999999038875, "ITS_PDU_Header": {"tmp": "tmp"}, "Management_Container": {"tmp": "tmp"}, "Station_Data_Container": {"sumo_id": "49", "location": [-591.7470703125, 9.25], "speed": [15.393066750311853, 0.0, 0], "yaw": 0.0}, "Sensor_Information_Container": [0, 1, 2, 3], "Perceived_Object_Container": [{"time": 120.40999999061226, "location": {"x": -651.3842824280327, "y": 9.144369970945386}, "speed": {"x": 5.004882924367851, "y": 0.0, "z": 0}, "pseudonym": 19}], "option": {"size": 296, "type": "CPM"}}
{"timestamp": 120.51999998815357, "ITS_PDU_Header": {"tmp": "tmp"}, "Management_Container": {"tmp": "tmp"}, "Station_Data_Container": {"sumo_id": "49",