{"timestamp": 119.99999999977648, "ITS_PDU_Header": {"tmp": "tmp"}, "Management_Container": {"tmp": "tmp"}, "Station_Data_Container": {"sumo_id": "71", "location": [-356.96990966796875, -9.25], "speed": [-35696.99176468682, -925.0000206753616, 0], "yaw": -179.99996948242188}, "Sensor_Information_Container": [0, 1, 2, 3], "Perceived_Object_Container": [{"time": 119.99999999977648, "location": {"x": -347.331840021836, "y": 9.122366430820747}, "speed": {"x": -34633.225261417596, "y": 925.0000206753616, "z": 0}, "pseudonym": 0}, {"time": 119.99999999977648, "location": {"x": -405.0516150948988, "y": -9.020948027863476}, "speed": {"x": -40644.056084246695, "y": -925.0000206753616, "z": 0}, "pseudonym": 1}], "option": {"size": 331, "type": "CPM"}}
{"timestamp": 119.99999999977648, "ITS_PDU_Header": {"tmp": "tmp"}, "Basic_Container": {"tmp": "tmp"}, "HF_Container": {"sumo_id": "71", "location": [-356.96990966796875, -9.25], "speed": [-35696.99176468682, -925.0000206753616, 0], "yaw": -179.99996948242188}, "LF_Container": {"tmp": "tmp"}, "Special_Vehicle_Container": {"tmp": "tmp"}, "option": {"size": 190, "type": "CAM"}}
{"timestamp": 120.10999999731779, "ITS_PDU_Header": {"tmp": "tmp"}, "Management_Container": {"tmp": "tmp"}, "Station_Data_Container": {"sumo_id": "71", "location": [-358.597412109375, -9.25], "speed": [-16.27197301995694, 0.0, 0], "yaw": -179.99996948242188}, "Sensor_Information_Container": [0, 1, 2, 3], "Perceived_Object_Container": [{"time": 120.10999999731779, "location": {"x": -346.96129663969117, "y": 8.96714880907144}, "speed": {"x": 4.895019640662215, "y": 0.0, "z": 0}, "pseudonym": 2}, {"time": 120.10999999731779, "location": {"x": -367.10602043252254, "y": 1.4583347722712896}, "speed": {"x": 13.684082337113075, "y": 0.0, "z": 0}, "pseudonym": 3}], "option": {"size": 331, "type": "CPM"}}
{"timestamp": 120.10999999731779, "ITS_PDU_Header": {"tmp": "tmp"}, "Basic_Container": {"tmp": "tmp"}, "HF_Container": {"sumo_id": "71", "location": [-358.597412109375, -9.25], "speed": [-16.27197301995694, 0.0, 0], "yaw": -179.99996948242188}, "LF_Container": {"tmp": "tmp"}, "Special_Vehicle_Container": {"tmp": "tmp"}, "option": {"size": 190, "type": "CAM"}}
{"timestamp": 120.11999999709427, "ITS_PDU_Header": {"tmp": "tmp"}, "Management_Container": {"tmp": "tmp"}, "Station_Data_Container": {"sumo_id": "71", "location": [-358.7601013183594, -9.25], "speed": [-16.268921262076226, 0.0, 0], "yaw": -179.99996948242188}, "Sensor_Information_Container": [0, 1, 2, 3], "Perceived_Object_Container": [{"time": 120.10999999731779, "location": {"x": -405.0590698424764, "y": 1.7711125686462337}, "speed": {"x": 16.17126500989344, "y": 0.0, "z": 0}, "pseudonym": 4}, {"time": 120.10999999731779, "location": {"x": -381.55978053972694, "y": -2.2855409513024942}, "speed": {"x": -15.979004263408576, "y": 0.0, "z": 0}, "pseudonym": 5}, {"time": 120.10999999731779, "location": {"x": -410.28799312289595, "y": 5.0612789280578205}, "speed": {"x": 16.619873418358118, "y": 0.0, "z": 0}, "pseudonym": 6}, {"time": 120.10999999731779, "location": {"x": -399.72939637292205, "y": 9.15846593331194}, "speed": {"x": 17.147827531721312, "y": 0.0, "z": 0}, "pseudonym": 7}, {"time": 120.10999999731779, "location": {"x": -405.97933020448806, "y": -9.283105445786525}, "speed": {"x": -9.39636251471257, "y": 0.0, "z": 0}, "pseudonym": 8}, {"time": 120.10999999731779, "location": {"x": -453.130108279869, "y": 1.9668607306478454}, "speed": {"x": 16.357422240616877, "y": 0.0, "z": 0}, "pseudonym": 9}, {"time": 120.10999999731779, "location": {"x": -407.4214020869539, "y": -1.9472450013757245}, "speed": {"x": -15.136719088332036, "y": 0.0, "z": 0}, "pseudonym": 10}, {"time": 120.10999999731779, "location": {"x": -448.23543940856854, "y": 9.108096486884735}, "speed": {"x": 15.820312853611547, "y": 0.0, "z": 0}, "pseudonym": 11}, {"time": 120.10999999731779, "location": {"x": -453.0204763538155, "y": -1.6868847266826368}, "speed": {"x": -15.124512056809188, "y": 0.0, "z": 0}, "pseudonym": 12}, {"time": 120.10999999731779, "location": {"x": -475.6452866719864, "y": 1.5786269652192377}, "speed": {"x": 16.006470084334985, "y": 0.0, "z": 0}, "pseudonym": 13}, {"time": 120.10999999731779, "location": {"x": -428.02701244662876, "y": 2.1444333420876225}, "speed": {"x": 16.009521842215698, "y": 0.0, "z": 0}, "pseudonym": 14}, {"time": 120.10999999731779, "location": {"x": -291.0391264527636, "y": -2.5242776169942385}, "speed": {"x": -14.868164394829371, "y": 0.0, "z": 0}, "pseudonym": 15}, {"time": 120.10999999731779, "location": {"x": -289.23722618550374, "y": -2.7096055501777654}, "speed": {"x": -14.868164394829371, "y": 0.0, "z": 0}, "pseudonym": 16}, {"time": 120.10999999731779, "location": {"x": -322.6417646149879, "y": 1.9835573154040658}, "speed": {"x": 12.28637722774693, "y": 0.0, "z": 0}, "pseudonym": 17}, {"time": 120.10999999731779, "location": {"x": -247.81799381779828, "y": -1.843216244158441}, "speed": {"x": -14.58282503298279, "y": 0.0, "z": 0}, "pseudonym": 18}, {"time": 120.10999999731779, "location": {"x": -270.53098881940696, "y": -6.046078138140126}, "speed": {"x": -16.66870154444951, "y": 0.0, "z": 0}, "pseudonym": 19}, {"time": 120.10999999731779, "location": {"x": -245.81140235408208, "y": -2.7633181920429264}, "speed": {"x": -14.58282503298279, "y": 0.0, "z": 0}, "pseudonym": 20}, {"time": 120.10999999731779, "location": {"x": -268.91368580754505, "y": -2.2039682447683906}, "speed": {"x": -14.72168001655519, "y": 0.0, "z": 0}, "pseudonym": 21}, {"time": 120.10999999731779, "location": {"x": -244.3250217755131, "y": 1.5635649015135744}, "speed": {"x": 12.684631631179862, "y": 0.0, "z": 0}, "pseudonym": 22}, {"time": 120.10999999731779, "location": {"x": -332.4891291206793, "y": -5.651320906772851}, "speed": {"x": -17.68188516084593, "y": 0.0, "z": 0}, "pseudonym": 23}, {"time": 120.10999999731779, "location": {"x": -342.67995907399603, "y": 1.5351407409833429}, "speed": {"x": 12.265014922581946, "y": 0.0, "z": 0}, "pseudonym": 24}, {"time": 120.10999999731779, "location": {"x": -303.76275631210433, "y": 2.038583549454774}, "speed": {"x": 12.322998322315476, "y": 0.0, "z": 0}, "pseudonym": 25}, {"time": 120.10999999731779, "location": {"x": -217.84064511751114, "y": -1.8004241794563196}, "speed": {"x": -14.660644858940948, "y": 0.0, "z": 0}, "pseudonym": 26}, {"time": 120.10999999731779, "location": {"x": -290.78679773186815, "y": 8.924633014872539}, "speed": {"x": 16.674805060210936, "y": 0.0, "z": 0}, "pseudonym": 27}], "option": {"size": 1101, "type": "CPM"}}
{"timestamp": 120.2199999948591, "ITS_PDU_Header": {"tmp": "tmp"}, "Management_Container": {"tmp": "tmp"}, "Station_Data_Container": {"sumo_id": "71", "location": [-360.3876953125, -9.25], "speed": [-16.27502477783765, 0.0, 0], "yaw": -179.99996948242188}, "Sensor_Information_Container": [0, 1, 2, 3], "Perceived_Object_Container": [{"time": 120.20999999508261, "location": {"x": -244.25286223672134, "y": -6.423267854617523}, "speed": {"x": -4.089355560154219, "y": 350.0000078231098, "z": 0}, "pseudonym": 28}, {"time": 120.20999999508261, "location": {"x": -477.296525750039, "y": -1.720660293573192}, "speed": {"x": -15.103149751644203, "y": 0.0, "z": 0}, "pseudonym": 29}, {"time": 120.20999999508261, "location": {"x": -496.57437230568905, "y": 2.260694823228743}, "speed": {"x": 15.884399769106501, "y": 0.0, "z": 0}, "pseudonym": 30}], "option": {"size": 366, "type": "CPM"}}
{"timestamp": 120.30999999284744, "ITS_PDU_Header": {"tmp": "tmp"}, "Management_Container": {"tmp": "tmp"}, "Station_Data_Container": {"sumo_id": "71", "location": [-361.8524169921875, -9.25], "speed": [-16.278076535718363, 0.0, 0], "yaw": -179.99996948242188}, "Sensor_Information_Container": [0, 1, 2, 3], "Perceived_Object_Container": [{"time": 120.30999999284744, "location": {"x": -446.6453519444389, "y": 8.652364485401037}, "speed": {"x": 15.82336461149226, "y": 0.0, "z": 0}, "pseudonym": 31}, {"time": 120.30999999284744,