{"timestamp": 30.000000001490115, "ITS_PDU_Header": {"tmp": "tmp"}, "Basic_Container": {"tmp": "tmp"}, "HF_Container": {"sumo_id": "6", "location": [-700.3475341796875, 5.75], "speed": [-7003.475237436962, 57.499999143183246, 0], "yaw": 0.0}, "LF_Container": {"tmp": "tmp"}, "Special_Vehicle_Container": {"tmp": "tmp"}, "option": {"size": 190, "type": "CAM"}}
{"timestamp": 30.10000000298023, "ITS_PDU_Header": {"tmp": "tmp"}, "Basic_Container": {"tmp": "tmp"}, "HF_Container": {"sumo_id": "6", "location": [-698.479736328125, 5.75], "speed": [18.677978237301435, 0.0, 0], "yaw": 0.0}, "LF_Container": {"tmp": "tmp"}, "Special_Vehicle_Container": {"tmp": "tmp"}, "option": {"size": 190, "type": "CAM"}}
{"timestamp": 30.300000005960463, "ITS_PDU_Header": {"tmp": "tmp"}, "Management_Container": {"tmp": "tmp"}, "Station_Data_Container": {"sumo_id": "6", "location": [-694.7515258789062, 5.75], "speed": [18.617553433514335, 0.0, 0], "yaw": 0.0}, "Sensor_Information_Container": [0, 1, 2, 3], "Perceived_Object_Container": [{"time": 30.300000005960463, "location": {"x": -703.79397353965, "y": 8.979864581704975}, "speed": {"x": 14.805907982499779, "y": 0.0, "z": 0}, "pseudonym": 0}, {"time": 30.200000004470347, "location": {"x": -763.2813569519276, "y": 9.155807855737685}, "speed": {"x": 16.733398188152936, "y": 0.0, "z": 0}, "pseudonym": 1}, {"time": 30.200000004470347, "location": {"x": -603.1525851233871, "y": 5.839230329205288}, "speed": {"x": 18.37280246059891, "y": 0.0, "z": 0}, "pseudonym": 2}, {"time": 30.200000004470347, "location": {"x": -578.0160421100819, "y": 8.713452654040363}, "speed": {"x": 16.669311275045406, "y": 0.0, "z": 0}, "pseudonym": 3}], "option": {"size": 401, "type": "CPM"}}
{"timestamp": 30.40000000745058, "ITS_PDU_Header": {"tmp": "tmp"}, "Management_Container": {"tmp": "tmp"}, "Station_Data_Container": {"sumo_id": "6", "location": [-692.892822265625, 5.75], "speed": [18.587035855844082, 0.0, 0], "yaw": 0.0}, "Sensor_Information_Container": [0, 1, 2, 3], "Perceived_Object_Container": [{"time": 30.40000000745058, "location": {"x": -576.9409943305784, "y": 9.456183276904264}, "speed": {"x": 16.724853266405265, "y": 0.0, "z": 0}, "pseudonym": 4}], "option": {"size": 296, "type": "CPM"}}
{"timestamp": 30.40000000745058, "ITS_PDU_Header": {"tmp": "tmp"}, "Basic_Container": {"tmp": "tmp"}, "HF_Container": {"sumo_id": "6", "location": [-692.892822265625, 5.75], "speed": [18.587035855844082, 0.0, 0], "yaw": 0.0}, "LF_Container": {"tmp": "tmp"}, "Special_Vehicle_Container": {"tmp": "tmp"}, "option": {"size": 190, "type": "CAM"}}
{"timestamp": 30.700000011920928, "ITS_PDU_Header": {"tmp": "tmp"}, "Basic_Container": {"tmp": "tmp"}, "HF_Container": {"sumo_id": "6", "location": [-687.3014526367188, 5.75], "speed": [18.681640346621865, 0.0, 0], "yaw": 0.0}, "LF_Container": {"tmp": "tmp"}, "Special_Vehicle_Container": {"tmp": "tmp"}, "option": {"size": 190, "type": "CAM"}}
{"timestamp": 30.90000001490116, "ITS_PDU_Header": {"tmp": "tmp"}, "Management_Container": {"tmp": "tmp"}, "Station_Data_Container": {"sumo_id": "6", "location": [-683.5750122070312, 5.75], "speed": [18.607787808659854, 0.0, 0], "yaw": 0.0}, "Sensor_Information_Container": [0, 1, 2, 3], "Perceived_Object_Container": [{"time": 30.800000013411044, "location": {"x": -781.1711641039726, "y": 8.869473892091605}, "speed": {"x": 17.42248509194724, "y": 0.0, "z": 0}, "pseudonym": 5}], "option": {"size": 296, "type": "CPM"}}
{"timestamp": 31.000000016391276, "ITS_PDU_Header": {"tmp": "tmp"}, "Basic_Container": {"tmp": "tmp"}, "HF_Container": {"sumo_id": "6", "location": [-681.71044921875, 5.75], "speed": [18.645629604970967, 0.0, 0], "yaw": 0.0}, "LF_Container": {"tmp": "tmp"}, "Special_Vehicle_Container": {"tmp": "tmp"}, "option": {"size": 190, "type": "CAM"}}
{"timestamp": 31.200000019371508, "ITS_PDU_Header": {"tmp": "tmp"}, "Management_Container": {"tmp": "tmp"}, "Station_Data_Container": {"sumo_id": "6", "location": [-677.9802856445312, 5.75], "speed": [18.615112027300714, 0.0, 0], "yaw": 0.0}, "Sensor_Information_Container": [0, 1, 2, 3], "Perceived_Object_Container": [{"time": 31.200000019371508, "location": {"x": -746.4175298718119, "y": 9.315465661220554}, "speed": {"x": 16.748046625434657, "y": 0.0, "z": 0}, "pseudonym": 1}], "option": {"size": 296, "type": "CPM"}}
{"timestamp": 31.300000020861624, "ITS_PDU_Header": {"tmp": "tmp"}, "Management_Container": {"tmp": "tmp"}, "Station_Data_Container": {"sumo_id": "6", "location": [-676.1171875, 5.75], "speed": [18.630981167689246, 0.0, 0], "yaw": 0.0}, "Sensor_Information_Container": [0, 1, 2, 3], "Perceived_Object_Container": [{"time": 31.300000020861624, "location": {"x": -584.7209584541819, "y": 5.831976576313776}, "speed": {"x": 18.32702609409353, "y": 0.0, "z": 0}, "pseudonym": 2}, {"time": 31.300000020861624, "location": {"x": -688.1500861811992, "y": 9.043454725276622}, "speed": {"x": 14.816283958907665, "y": 0.0, "z": 0}, "pseudonym": 0}], "option": {"size": 331, "type": "CPM"}}
{"timestamp": 31.300000020861624, "ITS_PDU_Header": {"tmp": "tmp"}, "Basic_Container": {"tmp": "tmp"}, "HF_Container": {"sumo_id": "6", "location": [-676.1171875, 5.75], "speed": [18.630981167689246, 0.0, 0], "yaw": 0.0}, "LF_Container": {"tmp": "tmp"}, "Special_Vehicle_Container": {"tmp": "tmp"}, "option": {"size": 190, "type": "CAM"}}
{"timestamp": 31.500000023841856, "ITS_PDU_Header": {"tmp": "tmp"}, "Management_Container": {"tmp": "tmp"}, "Station_Data_Container": {"sumo_id": "6", "location": [-672.3965454101562, 5.75], "speed": [18.599853238465588, 0.0, 0], "yaw": 0.0}, "Sensor_Information_Container": [0, 1, 2, 3], "Perceived_Object_Container": [{"time": 31.500000023841856, "location": {"x": -558.5710612289995, "y": 9.218901578165635}, "speed": {"x": 16.75781225028914, "y": 0.0, "z": 0}, "pseudonym": 4}], "option": {"size": 296, "type": "CPM"}}
{"timestamp": 31.600000025331973, "ITS_PDU_Header": {"tmp": "tmp"}, "Basic_Container": {"tmp": "tmp"}, "HF_Container": {"sumo_id": "6", "location": [-670.5343627929688, 5.75], "speed": [18.62182589438817, 0.0, 0], "yaw": 0.0}, "LF_Container": {"tmp": "tmp"}, "Special_Vehicle_Container": {"tmp": "tmp"}, "option": {"size": 190, "type": "CAM"}}
{"timestamp": 31.90000002980232, "ITS_PDU_Header": {"tmp": "tmp"}, "Basic_Container": {"tmp": "tmp"}, "HF_Container": {"sumo_id": "6", "location": [-664.9459228515625, 5.75], "speed": [18.60473605089283, 0.0, 0], "yaw": 0.0}, "LF_Container": {"tmp": "tmp"}, "Special_Vehicle_Container": {"tmp": "tmp"}, "option": {"size": 190, "type": "CAM"}}
{"timestamp": 32.20000003427267, "ITS_PDU_Header": {"tmp": "tmp"}, "Basic_Container": {"tmp": "tmp"}, "HF_Container": {"sumo_id": "6", "location": [-659.3602905273438, 5.75], "speed": [18.587035855844082, 0.0, 0], "yaw": 0.0}, "LF_Container": {"tmp": "tmp"}, "Special_Vehicle_Container": {"tmp": "tmp"}, "option": {"size": 190, "type": "CAM"}}
{"timestamp": 32.300000035762785, "ITS_PDU_Header": {"tmp": "tmp"}, "Management_Container": {"tmp": "tmp"}, "Station_Data_Container": {"sumo_id": "6", "location": [-657.4959716796875, 5.75], "speed": [18.643188198757347, 0.0, 0], "yaw": 0.0}, "Sensor_Information_Container": [0, 1, 2, 3], "Perceived_Object_Container": [{"time": 32.300000035762785, "location": {"x": -673.314603773801, "y": 9.057258966455933}, "speed": {"x": 14.781493920363577, "y": 0.0, "z": 0}, "pseudonym": 0}, {"time": 32.300000035762785, "location": {"x": -728.0264932340626, "y": 9.497627895349346}, "speed": {"x": 16.674194087472646, "y": 0.0, "z": 0}, "pseudonym": 1}, {"time": 32.300000035762785, "location": {"x": -565.682763029228, "y": 5.734052133529966}, "speed": {"x": 18.41064425691002, "y": 0.0, "z": 0}, "pseudonym": 2}], "option": {"size": 366, "type": "CPM"}}
{"timestamp": 32.50000003874302, "ITS_PDU_Header": {"tmp": "tmp"}, "Management_Container": {"tmp": "tmp"}, "Station_Data_Container": {"sumo_id": "6", "location": [-653.763427734375, 5.75], "speed": [18.669433315553764, 0.0, 0], "yaw": 0.0},