{"timestamp": 30.000000001490115, "ITS_PDU_Header": {"tmp": "tmp"}, "Basic_Container": {"tmp": "tmp"}, "HF_Container": {"sumo_id": "7", "location": [710.8365478515625, -9.25], "speed": [7108.365372592727, -92.4999986216426, 0], "yaw": -179.99996948242188}, "LF_Container": {"tmp": "tmp"}, "Special_Vehicle_Container": {"tmp": "tmp"}, "option": {"size": 190, "type": "CAM"}}
{"timestamp": 30.10000000298023, "ITS_PDU_Header": {"tmp": "tmp"}, "Basic_Container": {"tmp": "tmp"}, "HF_Container": {"sumo_id": "7", "location": [709.26318359375, -9.25], "speed": [-15.73364234367546, 0.0, 0], "yaw": -179.99996948242188}, "LF_Container": {"tmp": "tmp"}, "Special_Vehicle_Container": {"tmp": "tmp"}, "option": {"size": 190, "type": "CAM"}}
{"timestamp": 30.300000005960463, "ITS_PDU_Header": {"tmp": "tmp"}, "Management_Container": {"tmp": "tmp"}, "Station_Data_Container": {"sumo_id": "7", "location": [706.1026611328125, -9.25], "speed": [-15.828857186006648, 0.0, 0], "yaw": -179.99996948242188}, "Sensor_Information_Container": [0, 1, 2, 3], "Perceived_Object_Container": [{"time": 30.200000004470347, "location": {"x": 582.0443212032158, "y": -9.44283374340383}, "speed": {"x": -17.996825903701396, "y": 0.0, "z": 0}, "pseudonym": 0}, {"time": 30.200000004470347, "location": {"x": 609.9313140657796, "y": -5.830622226890315}, "speed": {"x": -19.32006807148355, "y": 0.0, "z": 0}, "pseudonym": 1}, {"time": 30.200000004470347, "location": {"x": 580.2378242647187, "y": -9.18886695168001}, "speed": {"x": -17.996825903701396, "y": 0.0, "z": 0}, "pseudonym": 2}], "option": {"size": 366, "type": "CPM"}}
{"timestamp": 30.40000000745058, "ITS_PDU_Header": {"tmp": "tmp"}, "Management_Container": {"tmp": "tmp"}, "Station_Data_Container": {"sumo_id": "7", "location": [704.529296875, -9.25], "speed": [-15.73364234367546, 0.0, 0], "yaw": -179.99996948242188}, "Sensor_Information_Container": [0, 1, 2, 3], "Perceived_Object_Container": [{"time": 30.40000000745058, "location": {"x": 608.280688970268, "y": -5.927805574049923}, "speed": {"x": -19.29321260313373, "y": 0.0, "z": 0}, "pseudonym": 3}], "option": {"size": 296, "type": "CPM"}}
{"timestamp": 30.40000000745058, "ITS_PDU_Header": {"tmp": "tmp"}, "Basic_Container": {"tmp": "tmp"}, "HF_Container": {"sumo_id": "7", "location": [704.529296875, -9.25], "speed": [-15.73364234367546, 0.0, 0], "yaw": -179.99996948242188}, "LF_Container": {"tmp": "tmp"}, "Special_Vehicle_Container": {"tmp": "tmp"}, "option": {"size": 190, "type": "CAM"}}
{"timestamp": 30.700000011920928, "ITS_PDU_Header": {"tmp": "tmp"}, "Basic_Container": {"tmp": "tmp"}, "HF_Container": {"sumo_id": "7", "location": [699.7960205078125, -9.25], "speed": [-15.839843513967939, 0.0, 0], "yaw": -179.99996948242188}, "LF_Container": {"tmp": "tmp"}, "Special_Vehicle_Container": {"tmp": "tmp"}, "option": {"size": 190, "type": "CAM"}}
{"timestamp": 30.90000001490116, "ITS_PDU_Header": {"tmp": "tmp"}, "Management_Container": {"tmp": "tmp"}, "Station_Data_Container": {"sumo_id": "7", "location": [696.6414794921875, -9.25], "speed": [-15.822753670472597, 0.0, 0], "yaw": -179.99996948242188}, "Sensor_Information_Container": [0, 1, 2, 3], "Perceived_Object_Container": [{"time": 30.800000013411044, "location": {"x": 747.6827758042009, "y": -9.350839333319842}, "speed": {"x": -15.298461686097657, "y": 0.0, "z": 0}, "pseudonym": 4}, {"time": 30.800000013411044, "location": {"x": 754.0439164680793, "y": -5.83907198832601}, "speed": {"x": -19.387206742358106, "y": 0.0, "z": 0}, "pseudonym": 5}], "option": {"size": 331, "type": "CPM"}}
{"timestamp": 31.000000016391276, "ITS_PDU_Header": {"tmp": "tmp"}, "Basic_Container": {"tmp": "tmp"}, "HF_Container": {"sumo_id": "7", "location": [695.0592041015625, -9.25], "speed": [-15.822753670472597, 0.0, 0], "yaw": -179.99996948242188}, "LF_Container": {"tmp": "tmp"}, "Special_Vehicle_Container": {"tmp": "tmp"}, "option": {"size": 190, "type": "CAM"}}
{"timestamp": 31.200000019371508, "ITS_PDU_Header": {"tmp": "tmp"}, "Management_Container": {"tmp": "tmp"}, "Station_Data_Container": {"sumo_id": "7", "location": [691.9032592773438, -9.25], "speed": [-15.759277108918472, 0.0, 0], "yaw": -179.99996948242188}, "Sensor_Information_Container": [0, 1, 2, 3], "Perceived_Object_Container": [{"time": 31.200000019371508, "location": {"x": 564.0595339056139, "y": -9.206304030891221}, "speed": {"x": -17.982177466419675, "y": 0.0, "z": 0}, "pseudonym": 0}], "option": {"size": 296, "type": "CPM"}}
{"timestamp": 31.300000020861624, "ITS_PDU_Header": {"tmp": "tmp"}, "Basic_Container": {"tmp": "tmp"}, "HF_Container": {"sumo_id": "7", "location": [690.3201293945312, -9.25], "speed": [-15.831298592220268, 0.0, 0], "yaw": -179.99996948242188}, "LF_Container": {"tmp": "tmp"}, "Special_Vehicle_Container": {"tmp": "tmp"}, "option": {"size": 190, "type": "CAM"}}
{"timestamp": 31.500000023841856, "ITS_PDU_Header": {"tmp": "tmp"}, "Management_Container": {"tmp": "tmp"}, "Station_Data_Container": {"sumo_id": "7", "location": [687.1641845703125, -9.25], "speed": [-15.79772925678299, 0.0, 0], "yaw": -179.99996948242188}, "Sensor_Information_Container": [0, 1, 2, 3], "Perceived_Object_Container": [{"time": 31.40000002235174, "location": {"x": 558.5981763572654, "y": -8.506030089653057}, "speed": {"x": -17.965087622924333, "y": 0.0, "z": 0}, "pseudonym": 2}, {"time": 31.500000023841856, "location": {"x": 586.9981633014969, "y": -5.826835835803403}, "speed": {"x": -19.290771196920108, "y": 0.0, "z": 0}, "pseudonym": 3}], "option": {"size": 331, "type": "CPM"}}
{"timestamp": 31.600000025331973, "ITS_PDU_Header": {"tmp": "tmp"}, "Basic_Container": {"tmp": "tmp"}, "HF_Container": {"sumo_id": "7", "location": [685.5883178710938, -9.25], "speed": [-15.758666757365067, 0.0, 0], "yaw": -179.99996948242188}, "LF_Container": {"tmp": "tmp"}, "Special_Vehicle_Container": {"tmp": "tmp"}, "option": {"size": 190, "type": "CAM"}}
{"timestamp": 31.90000002980232, "ITS_PDU_Header": {"tmp": "tmp"}, "Basic_Container": {"tmp": "tmp"}, "HF_Container": {"sumo_id": "7", "location": [680.862548828125, -9.25], "speed": [-15.760497812025282, 0.0, 0], "yaw": -179.99996948242188}, "LF_Container": {"tmp": "tmp"}, "Special_Vehicle_Container": {"tmp": "tmp"}, "option": {"size": 190, "type": "CAM"}}
{"timestamp": 32.20000003427267, "ITS_PDU_Header": {"tmp": "tmp"}, "Management_Container": {"tmp": "tmp"}, "Station_Data_Container": {"sumo_id": "7", "location": [676.1337280273438, -9.25], "speed": [-15.778198007074028, 0.0, 0], "yaw": -179.99996948242188}, "Sensor_Information_Container": [0, 1, 2, 3], "Perceived_Object_Container": [{"time": 32.20000003427267, "location": {"x": 546.0492453937314, "y": -8.851489729628307}, "speed": {"x": -17.98278781797308, "y": 0.0, "z": 0}, "pseudonym": 0}], "option": {"size": 296, "type": "CPM"}}
{"timestamp": 32.20000003427267, "ITS_PDU_Header": {"tmp": "tmp"}, "Basic_Container": {"tmp": "tmp"}, "HF_Container": {"sumo_id": "7", "location": [676.1337280273438, -9.25], "speed": [-15.778198007074028, 0.0, 0], "yaw": -179.99996948242188}, "LF_Container": {"tmp": "tmp"}, "Special_Vehicle_Container": {"tmp": "tmp"}, "option": {"size": 190, "type": "CAM"}}
{"timestamp": 32.50000003874302, "ITS_PDU_Header": {"tmp": "tmp"}, "Management_Container": {"tmp": "tmp"}, "Station_Data_Container": {"sumo_id": "7", "location": [671.3876342773438, -9.25], "speed": [-15.833129646880483, 0.0, 0], "yaw": -179.99996948242188}, "Sensor_Information_Container": [0, 1, 2, 3], "Perceived_Object_Container": [{"time": 32.4000000372529, "location": {"x": 723.2900930281398, "y": -9.083860320183994}, "speed": {"x": -15.263671647553569, "y": 0.0, "z": 0}, "pseudonym": 4}, {"time": 32.4000000372529, "location": {"x": 566.9359073501254, "y": -4.834894353674785}, "speed": {"x": -19.32495088391079, "y": 0.0, "z": 0}, "pseudonym": 1}, {"time": 32.50000003874302, "location": {"x": 567.6503492044764, "y": -5.421904830760027}, "speed": {"x": -19.32495088391079, "y": 0.0, "z": 0}, "pseudonym": 3}], "option": {"size": 366,