{"timestamp": 13.100000195205212, "ITS_PDU_Header": {"tmp": "tmp"}, "Management_Container": {"tmp": "tmp"}, "Station_Data_Container": {"location": [202.4748992919922, -186.49452209472656, 0.019999999552965164], "speed": [0.0, 0.0, 0.0]}, "Sensor_Information_Container": ["360_sensor", "forward_sensor", "backward_sensor"], "Perceived_Object_Container": [{"time": 13.100000195205212, "location": {"x": 202.50343967972617, "y": -156.55115724781024}, "speed": {"x": -1.1791465560381758, "y": -9.93023732845209, "z": 0}, "pseudonym": 0}, {"time": 13.100000195205212, "location": {"x": 202.37029828306663, "y": -296.32953240615427}, "speed": {"x": -0.22167934790955918, "y": 9.997542611397582, "z": 0}, "pseudonym": 1}], "option": {"size": 296}}
{"timestamp": 13.200000196695328, "ITS_PDU_Header": {"tmp": "tmp"}, "Management_Container": {"tmp": "tmp"}, "Station_Data_Container": {"location": [202.48509216308594, -186.94686889648438, 0.019999999552965164], "speed": [0.0, 0.0, 0.0]}, "Sensor_Information_Container": ["360_sensor", "forward_sensor", "backward_sensor"], "Perceived_Object_Container": [{"time": 13.100000195205212, "location": {"x": 202.50343967972617, "y": -156.55115724781024}, "speed": {"x": -1.1791465560381758, "y": -9.93023732845209, "z": 0}, "pseudonym": 0}, {"time": 13.100000195205212, "location": {"x": 202.37029828306663, "y": -296.32953240615427}, "speed": {"x": -0.22167934790955918, "y": 9.997542611397582, "z": 0}, "pseudonym": 1}], "option": {"size": 296}}
{"timestamp": 13.300000198185444, "ITS_PDU_Header": {"tmp": "tmp"}, "Management_Container": {"tmp": "tmp"}, "Station_Data_Container": {"location": [202.49778747558594, -187.4221954345703, 0.019999999552965164], "speed": [0.0, 0.0, 0.0]}, "Sensor_Information_Container": ["360_sensor", "forward_sensor", "backward_sensor"], "Perceived_Object_Container": [{"time": 13.100000195205212, "location": {"x": 202.50343967972617, "y": -156.55115724781024}, "speed": {"x": -1.1791465560381758, "y": -9.93023732845209, "z": 0}, "pseudonym": 0}, {"time": 13.100000195205212, "location": {"x": 202.37029828306663, "y": -296.32953240615427}, "speed": {"x": -0.22167934790955918, "y": 9.997542611397582, "z": 0}, "pseudonym": 1}], "option": {"size": 296}}
{"timestamp": 13.40000019967556, "ITS_PDU_Header": {"tmp": "tmp"}, "Management_Container": {"tmp": "tmp"}, "Station_Data_Container": {"location": [202.5119171142578, -187.92247009277344, 0.019999999552965164], "speed": [0.0, 0.0, 0.0]}, "Sensor_Information_Container": ["360_sensor", "forward_sensor", "backward_sensor"], "Perceived_Object_Container": [{"time": 13.100000195205212, "location": {"x": 202.50343967972617, "y": -156.55115724781024}, "speed": {"x": -1.1791465560381758, "y": -9.93023732845209, "z": 0}, "pseudonym": 0}, {"time": 13.100000195205212, "location": {"x": 202.37029828306663, "y": -296.32953240615427}, "speed": {"x": -0.22167934790955918, "y": 9.997542611397582, "z": 0}, "pseudonym": 1}], "option": {"size": 296}}
{"timestamp": 13.500000201165676, "ITS_PDU_Header": {"tmp": "tmp"}, "Management_Container": {"tmp": "tmp"}, "Station_Data_Container": {"location": [202.52401733398438, -188.43788146972656, 0.019999999552965164], "speed": [0.0, 0.0, 0.0]}, "Sensor_Information_Container": ["360_sensor", "forward_sensor", "backward_sensor"], "Perceived_Object_Container": [{"time": 13.100000195205212, "location": {"x": 202.50343967972617, "y": -156.55115724781024}, "speed": {"x": -1.1791465560381758, "y": -9.93023732845209, "z": 0}, "pseudonym": 0}, {"time": 13.100000195205212, "location": {"x": 202.37029828306663, "y": -296.32953240615427}, "speed": {"x": -0.22167934790955918, "y": 9.997542611397582, "z": 0}, "pseudonym": 1}], "option": {"size": 296}}
{"timestamp": 13.600000202655792, "ITS_PDU_Header": {"tmp": "tmp"}, "Management_Container": {"tmp": "tmp"}, "Station_Data_Container": {"location": [202.53466796875, -188.96798706054688, 0.019999999552965164], "speed": [0.0, 0.0, 0.0]}, "Sensor_Information_Container": ["360_sensor", "forward_sensor", "backward_sensor"], "Perceived_Object_Container": [{"time": 13.100000195205212, "location": {"x": 202.50343967972617, "y": -156.55115724781024}, "speed": {"x": -1.1791465560381758, "y": -9.93023732845209, "z": 0}, "pseudonym": 0}, {"time": 13.100000195205212, "location": {"x": 202.37029828306663, "y": -296.32953240615427}, "speed": {"x": -0.22167934790955918, "y": 9.997542611397582, "z": 0}, "pseudonym": 1}], "option": {"size": 296}}
{"timestamp": 13.700000204145908, "ITS_PDU_Header": {"tmp": "tmp"}, "Management_Container": {"tmp": "tmp"}, "Station_Data_Container": {"location": [202.54556274414062, -189.51138305664062, 0.019999999552965164], "speed": [0.0, 0.0, 0.0]}, "Sensor_Information_Container": ["360_sensor", "forward_sensor", "backward_sensor"], "Perceived_Object_Container": [{"time": 13.100000195205212, "location": {"x": 202.50343967972617, "y": -156.55115724781024}, "speed": {"x": -1.1791465560381758, "y": -9.93023732845209, "z": 0}, "pseudonym": 0}, {"time": 13.100000195205212, "location": {"x": 202.37029828306663, "y": -296.32953240615427}, "speed": {"x": -0.22167934790955918, "y": 9.997542611397582, "z": 0}, "pseudonym": 1}], "option": {"size": 296}}
{"timestamp": 13.800000205636024, "ITS_PDU_Header": {"tmp": "tmp"}, "Management_Container": {"tmp": "tmp"}, "Station_Data_Container": {"location": [202.5568084716797, -190.07107543945312, 0.019999999552965164], "speed": [0.0, 0.0, 0.0]}, "Sensor_Information_Container": ["360_sensor", "forward_sensor", "backward_sensor"], "Perceived_Object_Container": [{"time": 13.100000195205212, "location": {"x": 202.50343967972617, "y": -156.55115724781024}, "speed": {"x": -1.1791465560381758, "y": -9.93023732845209, "z": 0}, "pseudonym": 0}, {"time": 13.100000195205212, "location": {"x": 202.37029828306663, "y": -296.32953240615427}, "speed": {"x": -0.22167934790955918, "y": 9.997542611397582, "z": 0}, "pseudonym": 1}], "option": {"size": 296}}
{"timestamp": 13.90000020712614, "ITS_PDU_Header": {"tmp": "tmp"}, "Management_Container": {"tmp": "tmp"}, "Station_Data_Container": {"location": [202.56837463378906, -190.64425659179688, 0.019999999552965164], "speed": [0.0, 0.0, 0.0]}, "Sensor_Information_Container": ["360_sensor", "forward_sensor", "backward_sensor"], "Perceived_Object_Container": [{"time": 13.100000195205212, "location": {"x": 202.50343967972617, "y": -156.55115724781024}, "speed": {"x": -1.1791465560381758, "y": -9.93023732845209, "z": 0}, "pseudonym": 0}, {"time": 13.100000195205212, "location": {"x": 202.37029828306663, "y": -296.32953240615427}, "speed": {"x": -0.22167934790955918, "y": 9.997542611397582, "z": 0}, "pseudonym": 1}], "option": {"size": 296}}
