{"timestamp": 13.100000195205212, "ITS_PDU_Header": {"tmp": "tmp"}, "Management_Container": {"tmp": "tmp"}, "Station_Data_Container": {"location": [201.50735473632812, -296.9268798828125, 0.019999999552965164], "speed": [0.0, 0.0, 0.0]}, "Sensor_Information_Container": ["360_sensor", "forward_sensor", "backward_sensor"], "Perceived_Object_Container": [{"time": 13.100000195205212, "location": {"x": 202.89695330797403, "y": -187.44393792696002}, "speed": {"x": 0.22286682430801077, "y": -9.997516210470621, "z": 0}, "pseudonym": 0}], "option": {"size": 261}}
{"timestamp": 13.200000196695328, "ITS_PDU_Header": {"tmp": "tmp"}, "Management_Container": {"tmp": "tmp"}, "Station_Data_Container": {"location": [201.50669860839844, -296.9014892578125, 0.019999999552965164], "speed": [0.0, 0.0, 0.0]}, "Sensor_Information_Container": ["360_sensor", "forward_sensor", "backward_sensor"], "Perceived_Object_Container": [{"time": 13.100000195205212, "location": {"x": 202.89695330797403, "y": -187.44393792696002}, "speed": {"x": 0.22286682430801077, "y": -9.997516210470621, "z": 0}, "pseudonym": 0}], "option": {"size": 261}}
{"timestamp": 13.300000198185444, "ITS_PDU_Header": {"tmp": "tmp"}, "Management_Container": {"tmp": "tmp"}, "Station_Data_Container": {"location": [201.50546264648438, -296.85162353515625, 0.019999999552965164], "speed": [0.0, 0.0, 0.0]}, "Sensor_Information_Container": ["360_sensor", "forward_sensor", "backward_sensor"], "Perceived_Object_Container": [{"time": 13.100000195205212, "location": {"x": 202.89695330797403, "y": -187.44393792696002}, "speed": {"x": 0.22286682430801077, "y": -9.997516210470621, "z": 0}, "pseudonym": 0}], "option": {"size": 261}}
{"timestamp": 13.40000019967556, "ITS_PDU_Header": {"tmp": "tmp"}, "Management_Container": {"tmp": "tmp"}, "Station_Data_Container": {"location": [201.5035858154297, -296.7758483886719, 0.019999999552965164], "speed": [0.0, 0.0, 0.0]}, "Sensor_Information_Container": ["360_sensor", "forward_sensor", "backward_sensor"], "Perceived_Object_Container": [{"time": 13.100000195205212, "location": {"x": 202.89695330797403, "y": -187.44393792696002}, "speed": {"x": 0.22286682430801077, "y": -9.997516210470621, "z": 0}, "pseudonym": 0}], "option": {"size": 261}}
{"timestamp": 13.500000201165676, "ITS_PDU_Header": {"tmp": "tmp"}, "Management_Container": {"tmp": "tmp"}, "Station_Data_Container": {"location": [201.5012664794922, -296.6788024902344, 0.019999999552965164], "speed": [0.0, 0.0, 0.0]}, "Sensor_Information_Container": ["360_sensor", "forward_sensor", "backward_sensor"], "Perceived_Object_Container": [{"time": 13.100000195205212, "location": {"x": 202.89695330797403, "y": -187.44393792696002}, "speed": {"x": 0.22286682430801077, "y": -9.997516210470621, "z": 0}, "pseudonym": 0}], "option": {"size": 261}}
{"timestamp": 13.600000202655792, "ITS_PDU_Header": {"tmp": "tmp"}, "Management_Container": {"tmp": "tmp"}, "Station_Data_Container": {"location": [201.49888610839844, -296.5602111816406, 0.019999999552965164], "speed": [0.0, 0.0, 0.0]}, "Sensor_Information_Container": ["360_sensor", "forward_sensor", "backward_sensor"], "Perceived_Object_Container": [{"time": 13.100000195205212, "location": {"x": 202.89695330797403, "y": -187.44393792696002}, "speed": {"x": 0.22286682430801077, "y": -9.997516210470621, "z": 0}, "pseudonym": 0}], "option": {"size": 261}}
{"timestamp": 13.700000204145908, "ITS_PDU_Header": {"tmp": "tmp"}, "Management_Container": {"tmp": "tmp"}, "Station_Data_Container": {"location": [201.49606323242188, -296.4180603027344, 0.019999999552965164], "speed": [0.0, 0.0, 0.0]}, "Sensor_Information_Container": ["360_sensor", "forward_sensor", "backward_sensor"], "Perceived_Object_Container": [{"time": 13.100000195205212, "location": {"x": 202.89695330797403, "y": -187.44393792696002}, "speed": {"x": 0.22286682430801077, "y": -9.997516210470621, "z": 0}, "pseudonym": 0}], "option": {"size": 261}}
{"timestamp": 13.800000205636024, "ITS_PDU_Header": {"tmp": "tmp"}, "Management_Container": {"tmp": "tmp"}, "Station_Data_Container": {"location": [201.49270629882812, -296.2526550292969, 0.019999999552965164], "speed": [0.0, 0.0, 0.0]}, "Sensor_Information_Container": ["360_sensor", "forward_sensor", "backward_sensor"], "Perceived_Object_Container": [{"time": 13.100000195205212, "location": {"x": 202.89695330797403, "y": -187.44393792696002}, "speed": {"x": 0.22286682430801077, "y": -9.997516210470621, "z": 0}, "pseudonym": 0}], "option": {"size": 261}}
{"timestamp": 13.90000020712614, "ITS_PDU_Header": {"tmp": "tmp"}, "Management_Container": {"tmp": "tmp"}, "Station_Data_Container": {"location": [201.48899841308594, -296.0660705566406, 0.019999999552965164], "speed": [0.0, 0.0, 0.0]}, "Sensor_Information_Container": ["360_sensor", "forward_sensor", "backward_sensor"], "Perceived_Object_Container": [{"time": 13.100000195205212, "location": {"x": 202.89695330797403, "y": -187.44393792696002}, "speed": {"x": 0.22286682430801077, "y": -9.997516210470621, "z": 0}, "pseudonym": 0}], "option": {"size": 261}}
