{"timestamp": 13.100000195205212, "ITS_PDU_Header": {"tmp": "tmp"}, "Management_Container": {"tmp": "tmp"}, "Station_Data_Container": {"location": [131.5067901611328, -206.71121215820312, 0.03999999910593033], "speed": [0.0, 0.0, 0.0]}, "Sensor_Information_Container": ["360_sensor", "forward_sensor", "backward_sensor"], "Perceived_Object_Container": [{"time": 13.100000195205212, "location": {"x": 136.15797272764286, "y": -208.68980599006622}, "speed": {"x": 4.191609144089606, "y": -9.079119603969561, "z": 0}, "pseudonym": 0}], "option": {"size": 261}}
{"timestamp": 13.200000196695328, "ITS_PDU_Header": {"tmp": "tmp"}, "Management_Container": {"tmp": "tmp"}, "Station_Data_Container": {"location": [131.06573486328125, -205.41668701171875, 0.03999999910593033], "speed": [0.0, 0.0, 0.0]}, "Sensor_Information_Container": ["360_sensor", "forward_sensor", "backward_sensor"], "Perceived_Object_Container": [{"time": 13.100000195205212, "location": {"x": 136.15797272764286, "y": -208.68980599006622}, "speed": {"x": 4.191609144089606, "y": -9.079119603969561, "z": 0}, "pseudonym": 0}], "option": {"size": 261}}
{"timestamp": 13.300000198185444, "ITS_PDU_Header": {"tmp": "tmp"}, "Management_Container": {"tmp": "tmp"}, "Station_Data_Container": {"location": [130.65789794921875, -204.1155242919922, 0.03999999910593033], "speed": [0.0, 0.0, 0.0]}, "Sensor_Information_Container": ["360_sensor", "forward_sensor", "backward_sensor"], "Perceived_Object_Container": [{"time": 13.100000195205212, "location": {"x": 136.15797272764286, "y": -208.68980599006622}, "speed": {"x": 4.191609144089606, "y": -9.079119603969561, "z": 0}, "pseudonym": 0}], "option": {"size": 261}}
{"timestamp": 13.40000019967556, "ITS_PDU_Header": {"tmp": "tmp"}, "Management_Container": {"tmp": "tmp"}, "Station_Data_Container": {"location": [130.27235412597656, -202.80279541015625, 0.03999999910593033], "speed": [0.0, 0.0, 0.0]}, "Sensor_Information_Container": ["360_sensor", "forward_sensor", "backward_sensor"], "Perceived_Object_Container": [{"time": 13.100000195205212, "location": {"x": 136.15797272764286, "y": -208.68980599006622}, "speed": {"x": 4.191609144089606, "y": -9.079119603969561, "z": 0}, "pseudonym": 0}], "option": {"size": 261}}
{"timestamp": 13.500000201165676, "ITS_PDU_Header": {"tmp": "tmp"}, "Management_Container": {"tmp": "tmp"}, "Station_Data_Container": {"location": [129.9241943359375, -201.4847869873047, 0.03999999910593033], "speed": [0.0, 0.0, 0.0]}, "Sensor_Information_Container": ["360_sensor", "forward_sensor", "backward_sensor"], "Perceived_Object_Container": [{"time": 13.100000195205212, "location": {"x": 136.15797272764286, "y": -208.68980599006622}, "speed": {"x": 4.191609144089606, "y": -9.079119603969561, "z": 0}, "pseudonym": 0}], "option": {"size": 261}}
{"timestamp": 13.600000202655792, "ITS_PDU_Header": {"tmp": "tmp"}, "Management_Container": {"tmp": "tmp"}, "Station_Data_Container": {"location": [129.59828186035156, -200.1541748046875, 0.03999999910593033], "speed": [0.0, 0.0, 0.0]}, "Sensor_Information_Container": ["360_sensor", "forward_sensor", "backward_sensor"], "Perceived_Object_Container": [{"time": 13.100000195205212, "location": {"x": 136.15797272764286, "y": -208.68980599006622}, "speed": {"x": 4.191609144089606, "y": -9.079119603969561, "z": 0}, "pseudonym": 0}], "option": {"size": 261}}
{"timestamp": 13.700000204145908, "ITS_PDU_Header": {"tmp": "tmp"}, "Management_Container": {"tmp": "tmp"}, "Station_Data_Container": {"location": [129.30430603027344, -198.8157958984375, 0.03999999910593033], "speed": [0.0, 0.0, 0.0]}, "Sensor_Information_Container": ["360_sensor", "forward_sensor", "backward_sensor"], "Perceived_Object_Container": [{"time": 13.100000195205212, "location": {"x": 136.15797272764286, "y": -208.68980599006622}, "speed": {"x": 4.191609144089606, "y": -9.079119603969561, "z": 0}, "pseudonym": 0}], "option": {"size": 261}}
{"timestamp": 13.800000205636024, "ITS_PDU_Header": {"tmp": "tmp"}, "Management_Container": {"tmp": "tmp"}, "Station_Data_Container": {"location": [129.04283142089844, -197.47650146484375, 0.03999999910593033], "speed": [0.0, 0.0, 0.0]}, "Sensor_Information_Container": ["360_sensor", "forward_sensor", "backward_sensor"], "Perceived_Object_Container": [{"time": 13.100000195205212, "location": {"x": 136.15797272764286, "y": -208.68980599006622}, "speed": {"x": 4.191609144089606, "y": -9.079119603969561, "z": 0}, "pseudonym": 0}], "option": {"size": 261}}
{"timestamp": 13.90000020712614, "ITS_PDU_Header": {"tmp": "tmp"}, "Management_Container": {"tmp": "tmp"}, "Station_Data_Container": {"location": [128.80419921875, -196.132080078125, 0.03999999910593033], "speed": [0.0, 0.0, 0.0]}, "Sensor_Information_Container": ["360_sensor", "forward_sensor", "backward_sensor"], "Perceived_Object_Container": [{"time": 13.100000195205212, "location": {"x": 136.15797272764286, "y": -208.68980599006622}, "speed": {"x": 4.191609144089606, "y": -9.079119603969561, "z": 0}, "pseudonym": 0}], "option": {"size": 261}}
