{"timestamp": 12.10000018030405, "ITS_PDU_Header": {"tmp": "tmp"}, "Management_Container": {"tmp": "tmp"}, "Station_Data_Container": {"location": [133.58668518066406, -201.62820434570312, 0.03999999910593033], "speed": [0.0, 0.0, 0.0]}, "Sensor_Information_Container": ["360_sensor", "forward_sensor", "backward_sensor"], "Perceived_Object_Container": [{"time": 12.10000018030405, "location": {"x": 137.43138029109295, "y": -217.93542468492944}, "speed": {"x": -5.306473184338538, "y": 8.475927226203396, "z": 0}, "pseudonym": 0}], "option": {"size": 261}}
{"timestamp": 12.200000181794167, "ITS_PDU_Header": {"tmp": "tmp"}, "Management_Container": {"tmp": "tmp"}, "Station_Data_Container": {"location": [133.8193359375, -202.45831298828125, 0.03999999910593033], "speed": [0.0, 0.0, 0.0]}, "Sensor_Information_Container": ["360_sensor", "forward_sensor", "backward_sensor"], "Perceived_Object_Container": [{"time": 12.10000018030405, "location": {"x": 137.43138029109295, "y": -217.93542468492944}, "speed": {"x": -5.306473184338538, "y": 8.475927226203396, "z": 0}, "pseudonym": 0}], "option": {"size": 261}}
{"timestamp": 12.300000183284283, "ITS_PDU_Header": {"tmp": "tmp"}, "Management_Container": {"tmp": "tmp"}, "Station_Data_Container": {"location": [134.0726318359375, -203.3023223876953, 0.03999999910593033], "speed": [0.0, 0.0, 0.0]}, "Sensor_Information_Container": ["360_sensor", "forward_sensor", "backward_sensor"], "Perceived_Object_Container": [{"time": 12.10000018030405, "location": {"x": 137.43138029109295, "y": -217.93542468492944}, "speed": {"x": -5.306473184338538, "y": 8.475927226203396, "z": 0}, "pseudonym": 0}], "option": {"size": 261}}
{"timestamp": 12.400000184774399, "ITS_PDU_Header": {"tmp": "tmp"}, "Management_Container": {"tmp": "tmp"}, "Station_Data_Container": {"location": [134.3470001220703, -204.16603088378906, 0.03999999910593033], "speed": [0.0, 0.0, 0.0]}, "Sensor_Information_Container": ["360_sensor", "forward_sensor", "backward_sensor"], "Perceived_Object_Container": [{"time": 12.10000018030405, "location": {"x": 137.43138029109295, "y": -217.93542468492944}, "speed": {"x": -5.306473184338538, "y": 8.475927226203396, "z": 0}, "pseudonym": 0}], "option": {"size": 261}}
{"timestamp": 12.500000186264515, "ITS_PDU_Header": {"tmp": "tmp"}, "Management_Container": {"tmp": "tmp"}, "Station_Data_Container": {"location": [134.63954162597656, -205.0467071533203, 0.03999999910593033], "speed": [0.0, 0.0, 0.0]}, "Sensor_Information_Container": ["360_sensor", "forward_sensor", "backward_sensor"], "Perceived_Object_Container": [{"time": 12.10000018030405, "location": {"x": 137.43138029109295, "y": -217.93542468492944}, "speed": {"x": -5.306473184338538, "y": 8.475927226203396, "z": 0}, "pseudonym": 0}], "option": {"size": 261}}
{"timestamp": 12.600000187754631, "ITS_PDU_Header": {"tmp": "tmp"}, "Management_Container": {"tmp": "tmp"}, "Station_Data_Container": {"location": [134.95030212402344, -205.9397735595703, 0.03999999910593033], "speed": [0.0, 0.0, 0.0]}, "Sensor_Information_Container": ["360_sensor", "forward_sensor", "backward_sensor"], "Perceived_Object_Container": [{"time": 12.10000018030405, "location": {"x": 137.43138029109295, "y": -217.93542468492944}, "speed": {"x": -5.306473184338538, "y": 8.475927226203396, "z": 0}, "pseudonym": 0}], "option": {"size": 261}}
{"timestamp": 12.700000189244747, "ITS_PDU_Header": {"tmp": "tmp"}, "Management_Container": {"tmp": "tmp"}, "Station_Data_Container": {"location": [135.28414916992188, -206.84368896484375, 0.03999999910593033], "speed": [0.0, 0.0, 0.0]}, "Sensor_Information_Container": ["360_sensor", "forward_sensor", "backward_sensor"], "Perceived_Object_Container": [{"time": 12.10000018030405, "location": {"x": 137.43138029109295, "y": -217.93542468492944}, "speed": {"x": -5.306473184338538, "y": 8.475927226203396, "z": 0}, "pseudonym": 0}], "option": {"size": 261}}
{"timestamp": 12.800000190734863, "ITS_PDU_Header": {"tmp": "tmp"}, "Management_Container": {"tmp": "tmp"}, "Station_Data_Container": {"location": [135.64210510253906, -207.7548828125, 0.03999999910593033], "speed": [0.0, 0.0, 0.0]}, "Sensor_Information_Container": ["360_sensor", "forward_sensor", "backward_sensor"], "Perceived_Object_Container": [{"time": 12.10000018030405, "location": {"x": 137.43138029109295, "y": -217.93542468492944}, "speed": {"x": -5.306473184338538, "y": 8.475927226203396, "z": 0}, "pseudonym": 0}], "option": {"size": 261}}
{"timestamp": 12.90000019222498, "ITS_PDU_Header": {"tmp": "tmp"}, "Management_Container": {"tmp": "tmp"}, "Station_Data_Container": {"location": [136.02162170410156, -208.68115234375, 0.03999999910593033], "speed": [0.0, 0.0, 0.0]}, "Sensor_Information_Container": ["360_sensor", "forward_sensor", "backward_sensor"], "Perceived_Object_Container": [{"time": 12.10000018030405, "location": {"x": 137.43138029109295, "y": -217.93542468492944}, "speed": {"x": -5.306473184338538, "y": 8.475927226203396, "z": 0}, "pseudonym": 0}], "option": {"size": 261}}
{"timestamp": 13.000000193715096, "ITS_PDU_Header": {"tmp": "tmp"}, "Management_Container": {"tmp": "tmp"}, "Station_Data_Container": {"location": [136.42503356933594, -209.62286376953125, 0.03999999910593033], "speed": [0.0, 0.0, 0.0]}, "Sensor_Information_Container": ["360_sensor", "forward_sensor", "backward_sensor"], "Perceived_Object_Container": [{"time": 12.10000018030405, "location": {"x": 137.43138029109295, "y": -217.93542468492944}, "speed": {"x": -5.306473184338538, "y": 8.475927226203396, "z": 0}, "pseudonym": 0}], "option": {"size": 261}}
{"timestamp": 13.100000195205212, "ITS_PDU_Header": {"tmp": "tmp"}, "Management_Container": {"tmp": "tmp"}, "Station_Data_Container": {"location": [136.85687255859375, -210.57919311523438, 0.03999999910593033], "speed": [0.0, 0.0, 0.0]}, "Sensor_Information_Container": ["360_sensor", "forward_sensor", "backward_sensor"], "Perceived_Object_Container": [{"time": 13.100000195205212, "location": {"x": 132.64432384942847, "y": -208.32427518166273}, "speed": {"x": -3.3064966556325865, "y": 9.437535688212815, "z": 0}, "pseudonym": 0}], "option": {"size": 261}}
{"timestamp": 13.200000196695328, "ITS_PDU_Header": {"tmp": "tmp"}, "Management_Container": {"tmp": "tmp"}, "Station_Data_Container": {"location": [137.3152313232422, -211.544921875, 0.03999999910593033], "speed": [0.0, 0.0, 0.0]}, "Sensor_Information_Container": ["360_sensor", "forward_sensor", "backward_sensor"], "Perceived_Object_Container": [{"time": 13.100000195205212, "location": {"x": 132.64432384942847, "y": -208.32427518166273}, "speed": {"x": -3.3064966556325865, "y": 9.437535688212815, "z": 0}, "pseudonym": 0}], "option": {"size": 261}}
{"timestamp": 13.300000198185444, "ITS_PDU_Header": {"tmp": "tmp"}, "Management_Container": {"tmp": "tmp"}, "Station_Data_Container": {"location": [137.80032348632812, -212.51962280273438, 0.03999999910593033], "speed": [0.0, 0.0, 0.0]}, "Sensor_Information_Container": ["360_sensor", "forward_sensor", "backward_sensor"], "Perceived_Object_Container": [{"time": 13.100000195205212, "location": {"x": 132.64432384942847, "y": -208.32427518166273}, "speed": {"x": -3.3064966556325865, "y": 9.437535688212815, "z": 0}, "pseudonym": 0}], "option": {"size": 261}}
{"timestamp": 13.40000019967556, "ITS_PDU_Header": {"tmp": "tmp"}, "Management_Container": {"tmp": "tmp"}, "Station_Data_Container": {"location": [138.30975341796875, -213.50120544433594, 0.03999999910593033], "speed": [0.0, 0.0, 0.0]}, "Sensor_Information_Container": ["360_sensor", "forward_sensor", "backward_sensor"], "Perceived_Object_Container": [{"time": 13.100000195205212, "location": {"x": 132.64432384942847, "y": -208.32427518166273}, "speed": {"x": -3.3064966556325865, "y": 9.437535688212815, "z": 0}, "pseudonym": 0}], "option": {"size": 261}}
{"timestamp": 13.500000201165676, "ITS_PDU_Header": {"tmp": "tmp"}, "Management_Container": {"tmp": "tmp"},