{"timestamp": 120.00000000149012, "ITS_PDU_Header": {"tmp": "tmp"}, "Management_Container": {"tmp": "tmp"}, "Station_Data_Container": {"sumo_id": "10", "location": [771.896728515625, 2.0], "speed": [7718.967170134676, 19.99999970197678, 0], "yaw": 0.0}, "Sensor_Information_Container": [0, 1, 2, 3], "Perceived_Object_Container": [{"time": 120.00000000149012, "location": {"x": 778.1888683400143, "y": 5.104929294804966}, "speed": {"x": 7785.340460161262, "y": 57.499999143183246, "z": 0}, "pseudonym": 0}, {"time": 120.00000000149012, "location": {"x": 750.8352726535887, "y": -5.709543451965776}, "speed": {"x": 7494.886362926865, "y": -57.499999143183246, "z": 0}, "pseudonym": 1}, {"time": 120.00000000149012, "location": {"x": 727.665155298034, "y": 5.66254890169488}, "speed": {"x": 7269.666029368847, "y": 57.499999143183246, "z": 0}, "pseudonym": 2}], "option": {"size": 366, "type": "CPM"}}
{"timestamp": 120.00000000149012, "ITS_PDU_Header": {"tmp": "tmp"}, "Basic_Container": {"tmp": "tmp"}, "HF_Container": {"sumo_id": "10", "location": [771.896728515625, 2.0], "speed": [7718.967170134676, 19.99999970197678, 0], "yaw": 0.0}, "LF_Container": {"tmp": "tmp"}, "Special_Vehicle_Container": {"tmp": "tmp"}, "option": {"size": 190, "type": "CAM"}}
{"timestamp": 120.10000000298024, "ITS_PDU_Header": {"tmp": "tmp"}, "Basic_Container": {"tmp": "tmp"}, "HF_Container": {"sumo_id": "10", "location": [772.43896484375, 2.0], "speed": [5.422363200450492, 0.0, 0], "yaw": 0.0}, "LF_Container": {"tmp": "tmp"}, "Special_Vehicle_Container": {"tmp": "tmp"}, "option": {"size": 190, "type": "CAM"}}
{"timestamp": 120.20000000447035, "ITS_PDU_Header": {"tmp": "tmp"}, "Management_Container": {"tmp": "tmp"}, "Station_Data_Container": {"sumo_id": "10", "location": [772.9765625, 2.0], "speed": [5.375976482391708, 0.0, 0], "yaw": 0.0}, "Sensor_Information_Container": [0, 1, 2, 3], "Perceived_Object_Container": [{"time": 120.20000000447035, "location": {"x": 773.4671720980105, "y": -1.366258806134986}, "speed": {"x": -3.064575149646772, "y": 0.0, "z": 0}, "pseudonym": 3}], "option": {"size": 296, "type": "CPM"}}
{"timestamp": 120.30000000596047, "ITS_PDU_Header": {"tmp": "tmp"}, "Management_Container": {"tmp": "tmp"}, "Station_Data_Container": {"sumo_id": "10", "location": [773.5081787109375, 2.0], "speed": [5.316162030158012, 0.0, 0], "yaw": 0.0}, "Sensor_Information_Container": [0, 1, 2, 3], "Perceived_Object_Container": [{"time": 120.20000000447035, "location": {"x": 790.5028000729043, "y": 8.646637868750231}, "speed": {"x": 16.357421631255423, "y": 0.0, "z": 0}, "pseudonym": 4}, {"time": 120.30000000596047, "location": {"x": 813.9078620248604, "y": 5.314334252350449}, "speed": {"x": 16.54296850349056, "y": 0.0, "z": 0}, "pseudonym": 5}, {"time": 120.30000000596047, "location": {"x": 794.0610951716646, "y": -1.8431750832993583}, "speed": {"x": -3.0364989781901395, "y": 0.0, "z": 0}, "pseudonym": 6}, {"time": 120.30000000596047, "location": {"x": 781.0788065994128, "y": 5.336021186052067}, "speed": {"x": 16.54540990970418, "y": 0.0, "z": 0}, "pseudonym": 7}, {"time": 120.30000000596047, "location": {"x": 784.9398307033541, "y": 2.0508910113058096}, "speed": {"x": 5.06225578394151, "y": 0.0, "z": 0}, "pseudonym": 8}, {"time": 120.30000000596047, "location": {"x": 783.871789806508, "y": -1.1709558120844656}, "speed": {"x": -3.0004882365392413, "y": 0.0, "z": 0}, "pseudonym": 9}, {"time": 120.20000000447035, "location": {"x": 836.7792527198607, "y": -1.5885498096273307}, "speed": {"x": -3.1738280777062764, "y": 0.0, "z": 0}, "pseudonym": 10}, {"time": 120.20000000447035, "location": {"x": 838.0643503466093, "y": 5.997319475694375}, "speed": {"x": 16.241454836108463, "y": 0.0, "z": 0}, "pseudonym": 11}, {"time": 120.30000000596047, "location": {"x": 818.8350208373062, "y": 9.25111236175301}, "speed": {"x": 14.865722434733474, "y": 0.0, "z": 0}, "pseudonym": 12}, {"time": 120.20000000447035, "location": {"x": 786.7784898695494, "y": -8.542476560627387}, "speed": {"x": -9.755859229626369, "y": 0.0, "z": 0}, "pseudonym": 13}, {"time": 120.30000000596047, "location": {"x": 825.869724250332, "y": -1.7253383945384861}, "speed": {"x": -3.1524657733370995, "y": 0.0, "z": 0}, "pseudonym": 14}, {"time": 120.30000000596047, "location": {"x": 815.2488488873413, "y": -1.5922764745867928}, "speed": {"x": -2.9608153855679125, "y": 0.0, "z": 0}, "pseudonym": 15}, {"time": 120.30000000596047, "location": {"x": 804.0820902850631, "y": -1.1620449278635883}, "speed": {"x": -3.0621337434331517, "y": 0.0, "z": 0}, "pseudonym": 16}, {"time": 120.30000000596047, "location": {"x": 752.7858258005489, "y": -2.0941106264038702}, "speed": {"x": -3.122558547220252, "y": 0.0, "z": 0}, "pseudonym": 17}, {"time": 120.30000000596047, "location": {"x": 760.1384093046466, "y": 1.9766440631806572}, "speed": {"x": 5.703124915016816, "y": 0.0, "z": 0}, "pseudonym": 18}, {"time": 120.30000000596047, "location": {"x": 763.6804271266518, "y": -1.7413456515308983}, "speed": {"x": -3.133544875181543, "y": 0.0, "z": 0}, "pseudonym": 19}, {"time": 120.20000000447035, "location": {"x": 748.1011966232443, "y": 9.2648793618424}, "speed": {"x": 15.949706793580848, "y": 0.0, "z": 0}, "pseudonym": 20}, {"time": 120.20000000447035, "location": {"x": 714.125364996861, "y": 9.152073266064331}, "speed": {"x": 16.30126928834216, "y": 0.0, "z": 0}, "pseudonym": 21}, {"time": 120.20000000447035, "location": {"x": 732.128818640976, "y": -8.416552710040662}, "speed": {"x": -8.880615102043523, "y": 0.0, "z": 0}, "pseudonym": 22}, {"time": 120.20000000447035, "location": {"x": 730.665748245759, "y": -1.164587365574298}, "speed": {"x": -3.146362257803049, "y": 0.0, "z": 0}, "pseudonym": 23}, {"time": 120.30000000596047, "location": {"x": 746.9277759217332, "y": -5.596960038694546}, "speed": {"x": -16.341552490866892, "y": 0.0, "z": 0}, "pseudonym": 24}, {"time": 120.20000000447035, "location": {"x": 730.9144564714911, "y": 5.289723414356824}, "speed": {"x": 16.55639623766547, "y": 0.0, "z": 0}, "pseudonym": 25}, {"time": 120.30000000596047, "location": {"x": 742.1538976269367, "y": -1.6917607427098447}, "speed": {"x": -3.123779250327062, "y": 0.0, "z": 0}, "pseudonym": 26}, {"time": 120.30000000596047, "location": {"x": 704.0493244238029, "y": -9.529148449122536}, "speed": {"x": -8.385619992232025, "y": 0.0, "z": 0}, "pseudonym": 27}, {"time": 120.30000000596047, "location": {"x": 806.9429886927127, "y": -8.484556660253027}, "speed": {"x": -10.57861312361638, "y": 0.0, "z": 0}, "pseudonym": 28}], "option": {"size": 1136, "type": "CPM"}}
{"timestamp": 120.40000000745059, "ITS_PDU_Header": {"tmp": "tmp"}, "Management_Container": {"tmp": "tmp"}, "Station_Data_Container": {"sumo_id": "10", "location": [774.0474853515625, 2.0], "speed": [5.393066325887049, 0.0, 0], "yaw": 0.0}, "Sensor_Information_Container": [0, 1, 2, 3], "Perceived_Object_Container": [{"time": 120.40000000745059, "location": {"x": 740.0372403435715, "y": -1.1784502609002483}, "speed": {"x": -3.1201171410066317, "y": 0.0, "z": 0}, "pseudonym": 29}, {"time": 120.40000000745059, "location": {"x": 719.157949459039, "y": -1.3319503273377675}, "speed": {"x": -3.098754836637455, "y": 0.0, "z": 0}, "pseudonym": 30}], "option": {"size": 331, "type": "CPM"}}
{"timestamp": 120.5000000089407, "ITS_PDU_Header": {"tmp": "tmp"}, "Management_Container": {"tmp": "tmp"}, "Station_Data_Container": {"sumo_id": "10", "location": [774.5782470703125, 2.0], "speed": [5.307617108410342, 0.0, 0], "yaw": 0.0}, "Sensor_Information_Container": [0, 1, 2, 3], "Perceived_Object_Container": [{"time": 120.5000000089407, "location": {"x": 845.5113059352412, "y": 9.74006539926488}, "speed": {"x": 14.863281028519854, "y": 0.0, "z": 0}, "pseudonym": 31}, {"time": 120.5000000089407, "location": {"x": 759.9795295734634, "y": -8.71672493691624}, "speed": {"x": -5.429077067537947, "y": 0.0, "z": 0}, "pseudonym": 32}, {"time": 120.5000000089407, "location": {"x": 759.748899472112, "y": 5.739604161015009},