{"timestamp": 120.00000000149012, "ITS_PDU_Header": {"tmp": "tmp"}, "Management_Container": {"tmp": "tmp"}, "Station_Data_Container": {"sumo_id": "568", "location": [-168.88360595703125, 2.0], "speed": [-1688.8360344046946, 19.99999970197678, 0], "yaw": 0.0}, "Sensor_Information_Container": [0, 1, 2, 3], "Perceived_Object_Container": [{"time": 120.00000000149012, "location": {"x": -225.37442850612413, "y": -9.5692101470412}, "speed": {"x": -2267.7685208951157, "y": -92.4999986216426, "z": 0}, "pseudonym": 0}, {"time": 120.00000000149012, "location": {"x": -178.6087462867797, "y": -1.5855560498979238}, "speed": {"x": -1796.3964576066069, "y": -19.99999970197678, "z": 0}, "pseudonym": 1}], "option": {"size": 331, "type": "CPM"}}
{"timestamp": 120.00000000149012, "ITS_PDU_Header": {"tmp": "tmp"}, "Basic_Container": {"tmp": "tmp"}, "HF_Container": {"sumo_id": "568", "location": [-168.88360595703125, 2.0], "speed": [-1688.8360344046946, 19.99999970197678, 0], "yaw": 0.0}, "LF_Container": {"tmp": "tmp"}, "Special_Vehicle_Container": {"tmp": "tmp"}, "option": {"size": 190, "type": "CAM"}}
{"timestamp": 120.10000000298024, "ITS_PDU_Header": {"tmp": "tmp"}, "Basic_Container": {"tmp": "tmp"}, "HF_Container": {"sumo_id": "568", "location": [-168.4996795654297, 2.0], "speed": [3.8392638588061354, 0.0, 0], "yaw": 0.0}, "LF_Container": {"tmp": "tmp"}, "Special_Vehicle_Container": {"tmp": "tmp"}, "option": {"size": 190, "type": "CAM"}}
{"timestamp": 120.20000000447035, "ITS_PDU_Header": {"tmp": "tmp"}, "Management_Container": {"tmp": "tmp"}, "Station_Data_Container": {"sumo_id": "568", "location": [-168.11578369140625, 2.0], "speed": [3.838958683029433, 0.0, 0], "yaw": 0.0}, "Sensor_Information_Container": [0, 1, 2, 3], "Perceived_Object_Container": [{"time": 120.20000000447035, "location": {"x": -165.51752550339563, "y": -8.722038111030159}, "speed": {"x": -13.505859173747016, "y": 0.0, "z": 0}, "pseudonym": 2}, {"time": 120.20000000447035, "location": {"x": -174.3581730193214, "y": -5.836034513421577}, "speed": {"x": -16.275787110987498, "y": 0.0, "z": 0}, "pseudonym": 3}], "option": {"size": 331, "type": "CPM"}}
{"timestamp": 120.30000000596047, "ITS_PDU_Header": {"tmp": "tmp"}, "Management_Container": {"tmp": "tmp"}, "Station_Data_Container": {"sumo_id": "568", "location": [-167.7350311279297, 2.0], "speed": [3.8075255780290727, 0.0, 0], "yaw": 0.0}, "Sensor_Information_Container": [0, 1, 2, 3], "Perceived_Object_Container": [{"time": 120.30000000596047, "location": {"x": -172.64895744623487, "y": 8.905424321812948}, "speed": {"x": 11.857909979553371, "y": 0.0, "z": 0}, "pseudonym": 4}, {"time": 120.30000000596047, "location": {"x": -179.18153816389764, "y": 2.0081238133662964}, "speed": {"x": 4.033203064900591, "y": 0.0, "z": 0}, "pseudonym": 5}, {"time": 120.30000000596047, "location": {"x": -199.6975554161808, "y": -5.459440526345073}, "speed": {"x": -16.10580420336419, "y": 0.0, "z": 0}, "pseudonym": 6}, {"time": 120.30000000596047, "location": {"x": -181.0891160799943, "y": -1.794161130428182}, "speed": {"x": -11.475829907121808, "y": 0.0, "z": 0}, "pseudonym": 7}, {"time": 120.30000000596047, "location": {"x": -186.22837223086657, "y": -8.807596965805432}, "speed": {"x": -13.583373821029458, "y": 0.0, "z": 0}, "pseudonym": 8}, {"time": 120.30000000596047, "location": {"x": -192.99261168624406, "y": 9.197001570457822}, "speed": {"x": 12.201385316232066, "y": 0.0, "z": 0}, "pseudonym": 9}, {"time": 120.20000000447035, "location": {"x": -224.27490558709601, "y": 9.07380522220662}, "speed": {"x": 15.005492940463231, "y": 0.0, "z": 0}, "pseudonym": 10}, {"time": 120.20000000447035, "location": {"x": -182.21156013431602, "y": 5.755733132771862}, "speed": {"x": 15.91247534882314, "y": 0.0, "z": 0}, "pseudonym": 11}, {"time": 120.30000000596047, "location": {"x": -199.76218040783283, "y": -1.7837343206643568}, "speed": {"x": -11.202850174861398, "y": 0.0, "z": 0}, "pseudonym": 12}, {"time": 120.20000000447035, "location": {"x": -182.50542660948398, "y": -1.3858015691231231}, "speed": {"x": -11.475829907121808, "y": 0.0, "z": 0}, "pseudonym": 13}, {"time": 120.20000000447035, "location": {"x": -247.29473956416734, "y": -5.4636695843505825}, "speed": {"x": -16.26174902525918, "y": 0.0, "z": 0}, "pseudonym": 14}, {"time": 120.20000000447035, "location": {"x": -219.5807374715202, "y": -2.40738103754877}, "speed": {"x": -10.961913899154753, "y": 0.0, "z": 0}, "pseudonym": 15}, {"time": 120.20000000447035, "location": {"x": -216.74659687667523, "y": 6.066081319601945}, "speed": {"x": 16.617278805117625, "y": 0.0, "z": 0}, "pseudonym": 16}, {"time": 120.30000000596047, "location": {"x": -228.9705114928153, "y": -8.879694730277917}, "speed": {"x": -13.560027874111714, "y": 0.0, "z": 0}, "pseudonym": 17}, {"time": 120.30000000596047, "location": {"x": -134.6518391639311, "y": 9.544797457672548}, "speed": {"x": 11.73828107508598, "y": 0.0, "z": 0}, "pseudonym": 18}, {"time": 120.20000000447035, "location": {"x": -161.455107714459, "y": -1.4005775609865738}, "speed": {"x": -11.90612775227237, "y": 0.0, "z": 0}, "pseudonym": 19}, {"time": 120.30000000596047, "location": {"x": -159.26545304930193, "y": 5.362942611456275}, "speed": {"x": 16.002197027173683, "y": 0.0, "z": 0}, "pseudonym": 20}, {"time": 120.30000000596047, "location": {"x": -141.65517996966287, "y": -1.8648273742852446}, "speed": {"x": -12.148437318974178, "y": 0.0, "z": 0}, "pseudonym": 21}, {"time": 120.30000000596047, "location": {"x": -157.0906271646958, "y": 2.0255416449889965}, "speed": {"x": 3.515014596059701, "y": 0.0, "z": 0}, "pseudonym": 22}, {"time": 120.30000000596047, "location": {"x": -146.078911994752, "y": -4.990490112059718}, "speed": {"x": -16.77856420310491, "y": 0.0, "z": 0}, "pseudonym": 23}, {"time": 120.30000000596047, "location": {"x": -144.36744896297827, "y": -8.419441685948398}, "speed": {"x": -13.447875776173536, "y": 0.0, "z": 0}, "pseudonym": 24}, {"time": 120.30000000596047, "location": {"x": -80.77095866780193, "y": -9.163660105631223}, "speed": {"x": -13.732223306116115, "y": 0.0, "z": 0}, "pseudonym": 25}, {"time": 120.30000000596047, "location": {"x": -94.53009542035576, "y": 8.786305103299938}, "speed": {"x": 11.89514142431108, "y": 0.0, "z": 0}, "pseudonym": 26}, {"time": 120.30000000596047, "location": {"x": -135.2575057940858, "y": 5.467615941054549}, "speed": {"x": 15.997314214746442, "y": 0.0, "z": 0}, "pseudonym": 27}, {"time": 120.30000000596047, "location": {"x": -123.49618250794197, "y": -8.494402962158523}, "speed": {"x": -13.490676678856065, "y": 0.0, "z": 0}, "pseudonym": 28}, {"time": 120.20000000447035, "location": {"x": -100.02597458522435, "y": -2.3100670116664492}, "speed": {"x": -12.513503841854575, "y": 0.0, "z": 0}, "pseudonym": 29}, {"time": 120.30000000596047, "location": {"x": -112.0084328634554, "y": 5.839896886263819}, "speed": {"x": 16.007690191154328, "y": 0.0, "z": 0}, "pseudonym": 30}, {"time": 120.30000000596047, "location": {"x": -120.91182930448771, "y": -1.5577271137499473}, "speed": {"x": -12.35290508936487, "y": 0.0, "z": 0}, "pseudonym": 31}, {"time": 120.30000000596047, "location": {"x": -114.11729355746716, "y": 9.30311632714005}, "speed": {"x": 11.84150678155561, "y": 0.0, "z": 0}, "pseudonym": 32}, {"time": 120.30000000596047, "location": {"x": -177.94462395203294, "y": -5.030309693720109}, "speed": {"x": -16.23397802957925, "y": 0.0, "z": 0}, "pseudonym": 33}], "option": {"size": 1311, "type": "CPM"}}
{"timestamp": 120.40000000745059, "ITS_PDU_Header": {"tmp": "tmp"}, "Management_Container": {"tmp": "tmp"}, "Station_Data_Container": {"sumo_id": "568", "location": [-167.353515625, 2.0], "speed": [3.815154972446636, 0.0, 0], "yaw": 0.0}, "Sensor_Information_Container": [0, 1, 2, 3], "Perceived_Object_Container": [{"time": 120.40000000745059, "location": {"x": -152.25008996032267, "y": 9.705406084014228}, "speed": {"x": 11.824950995669498, "y": 0.0, "z": 0}, "pseudonym": 34}, {"time": 120.40000000745059,