{"timestamp": 120.00000000149012, "ITS_PDU_Header": {"tmp": "tmp"}, "Management_Container": {"tmp": "tmp"}, "Station_Data_Container": {"sumo_id": "622", "location": [196.53184509277344, -2.0], "speed": [1965.3184216422078, -19.99999970197678, 0], "yaw": -179.99996948242188}, "Sensor_Information_Container": [0, 1, 2, 3], "Perceived_Object_Container": [{"time": 120.00000000149012, "location": {"x": 208.85404362089088, "y": -5.424595653309164}, "speed": {"x": 2093.877990039021, "y": -57.499999143183246, "z": 0}, "pseudonym": 0}, {"time": 120.00000000149012, "location": {"x": 210.408214669844, "y": -5.0216114297719905}, "speed": {"x": 2093.877990039021, "y": -57.499999143183246, "z": 0}, "pseudonym": 0}], "option": {"size": 331, "type": "CPM"}}
{"timestamp": 120.00000000149012, "ITS_PDU_Header": {"tmp": "tmp"}, "Basic_Container": {"tmp": "tmp"}, "HF_Container": {"sumo_id": "622", "location": [196.53184509277344, -2.0], "speed": [1965.3184216422078, -19.99999970197678, 0], "yaw": -179.99996948242188}, "LF_Container": {"tmp": "tmp"}, "Special_Vehicle_Container": {"tmp": "tmp"}, "option": {"size": 190, "type": "CAM"}}
{"timestamp": 120.10000000298024, "ITS_PDU_Header": {"tmp": "tmp"}, "Basic_Container": {"tmp": "tmp"}, "HF_Container": {"sumo_id": "622", "location": [196.439453125, -2.0], "speed": [-0.9239196639668992, 0.0, 0], "yaw": -179.99996948242188}, "LF_Container": {"tmp": "tmp"}, "Special_Vehicle_Container": {"tmp": "tmp"}, "option": {"size": 190, "type": "CAM"}}
{"timestamp": 120.20000000447035, "ITS_PDU_Header": {"tmp": "tmp"}, "Management_Container": {"tmp": "tmp"}, "Station_Data_Container": {"sumo_id": "622", "location": [196.349365234375, -2.0], "speed": [-0.9008788928258584, 0.0, 0], "yaw": -179.99996948242188}, "Sensor_Information_Container": [0, 1, 2, 3], "Perceived_Object_Container": [{"time": 120.20000000447035, "location": {"x": 192.44166460265853, "y": -8.804360138716364}, "speed": {"x": -15.302734146971492, "y": 0.0, "z": 0}, "pseudonym": 1}], "option": {"size": 296, "type": "CPM"}}
{"timestamp": 120.30000000596047, "ITS_PDU_Header": {"tmp": "tmp"}, "Management_Container": {"tmp": "tmp"}, "Station_Data_Container": {"sumo_id": "622", "location": [196.261474609375, -2.0], "speed": [-0.8789062369032765, 0.0, 0], "yaw": -179.99996948242188}, "Sensor_Information_Container": [0, 1, 2, 3], "Perceived_Object_Container": [{"time": 120.30000000596047, "location": {"x": 189.34040331314776, "y": -2.016532153984841}, "speed": {"x": -0.7421874889405445, "y": 0.0, "z": 0}, "pseudonym": 2}, {"time": 120.30000000596047, "location": {"x": 173.53091723338937, "y": 1.869937915986176}, "speed": {"x": 10.893554525173387, "y": 0.0, "z": 0}, "pseudonym": 3}, {"time": 120.30000000596047, "location": {"x": 182.55210915109737, "y": -5.639867043893871}, "speed": {"x": -15.84243750806991, "y": 0.0, "z": 0}, "pseudonym": 4}, {"time": 120.20000000447035, "location": {"x": 190.2025521178364, "y": 1.2788304644213773}, "speed": {"x": 10.908202962455109, "y": 0.0, "z": 0}, "pseudonym": 5}, {"time": 120.20000000447035, "location": {"x": 161.89155464314845, "y": 5.1526547554853686}, "speed": {"x": 15.925445319332997, "y": 0.0, "z": 0}, "pseudonym": 6}, {"time": 120.20000000447035, "location": {"x": 137.37498347522583, "y": -9.06948702109332}, "speed": {"x": -13.496093548892535, "y": 0.0, "z": 0}, "pseudonym": 7}, {"time": 120.30000000596047, "location": {"x": 158.87955512644538, "y": -9.280672148308252}, "speed": {"x": -13.629302775423188, "y": 0.0, "z": 0}, "pseudonym": 8}, {"time": 120.30000000596047, "location": {"x": 192.43217399196877, "y": 8.498207424988282}, "speed": {"x": 15.903320075522064, "y": 0.0, "z": 0}, "pseudonym": 9}, {"time": 120.30000000596047, "location": {"x": 205.91375111235354, "y": -5.290272245626307}, "speed": {"x": -15.85082984192923, "y": 0.0, "z": 0}, "pseudonym": 10}, {"time": 120.30000000596047, "location": {"x": 204.2560797457869, "y": -1.9898010196913352}, "speed": {"x": -1.037445052900239, "y": 0.0, "z": 0}, "pseudonym": 11}, {"time": 120.30000000596047, "location": {"x": 209.1000616436752, "y": 1.7619011594786347}, "speed": {"x": 11.16561873010369, "y": 0.0, "z": 0}, "pseudonym": 12}, {"time": 120.20000000447035, "location": {"x": 237.09685217364503, "y": -9.20786853945005}, "speed": {"x": -15.439452894934224, "y": 0.0, "z": 0}, "pseudonym": 13}, {"time": 120.30000000596047, "location": {"x": 208.7648571070844, "y": 5.187176280135025}, "speed": {"x": 15.96572852185773, "y": 0.0, "z": 0}, "pseudonym": 14}, {"time": 120.20000000447035, "location": {"x": 207.66224854189562, "y": -5.03233110398357}, "speed": {"x": -15.85082984192923, "y": 0.0, "z": 0}, "pseudonym": 10}, {"time": 120.30000000596047, "location": {"x": 227.65090422775646, "y": 1.6295279885408294}, "speed": {"x": 11.360931227193307, "y": 0.0, "z": 0}, "pseudonym": 15}, {"time": 120.20000000447035, "location": {"x": 239.0246353220547, "y": -8.531221067158564}, "speed": {"x": -15.439452894934224, "y": 0.0, "z": 0}, "pseudonym": 16}, {"time": 120.30000000596047, "location": {"x": 186.2759890949866, "y": 5.156266754078304}, "speed": {"x": 16.013335943023325, "y": 0.0, "z": 0}, "pseudonym": 17}], "option": {"size": 856, "type": "CPM"}}
{"timestamp": 120.40000000745059, "ITS_PDU_Header": {"tmp": "tmp"}, "Management_Container": {"tmp": "tmp"}, "Station_Data_Container": {"sumo_id": "622", "location": [196.17344665527344, -2.0], "speed": [-0.8802795278984379, 0.0, 0], "yaw": -179.99996948242188}, "Sensor_Information_Container": [0, 1, 2, 3], "Perceived_Object_Container": [{"time": 120.40000000745059, "location": {"x": 212.58284655260937, "y": -8.506080298034334}, "speed": {"x": -15.263671647553569, "y": 0.0, "z": 0}, "pseudonym": 18}, {"time": 120.40000000745059, "location": {"x": 278.45371072882995, "y": 9.799085910386319}, "speed": {"x": 15.538329846585842, "y": 0.0, "z": 0}, "pseudonym": 19}], "option": {"size": 331, "type": "CPM"}}
{"timestamp": 120.60000001043082, "ITS_PDU_Header": {"tmp": "tmp"}, "Management_Container": {"tmp": "tmp"}, "Station_Data_Container": {"sumo_id": "622", "location": [196.00205993652344, -2.0], "speed": [-0.849609362339834, 0.0, 0], "yaw": -179.99996948242188}, "Sensor_Information_Container": [0, 1, 2, 3], "Perceived_Object_Container": [{"time": 120.60000001043082, "location": {"x": 159.11462401785798, "y": 2.4322691908350365}, "speed": {"x": 10.841064291580553, "y": 0.0, "z": 0}, "pseudonym": 20}], "option": {"size": 296, "type": "CPM"}}
