{"timestamp": 120.00000000149012, "ITS_PDU_Header": {"tmp": "tmp"}, "Management_Container": {"tmp": "tmp"}, "Station_Data_Container": {"sumo_id": "645", "location": [163.5306396484375, -2.0], "speed": [1635.3063721164112, -19.99999970197678, 0], "yaw": -179.99996948242188}, "Sensor_Information_Container": [0, 1, 2, 3], "Perceived_Object_Container": [{"time": 120.00000000149012, "location": {"x": 152.3060405812683, "y": 1.8446126920696269}, "speed": {"x": 1521.5795671704475, "y": 19.99999970197678, "z": 0}, "pseudonym": 0}], "option": {"size": 296, "type": "CPM"}}
{"timestamp": 120.00000000149012, "ITS_PDU_Header": {"tmp": "tmp"}, "Basic_Container": {"tmp": "tmp"}, "HF_Container": {"sumo_id": "645", "location": [163.5306396484375, -2.0], "speed": [1635.3063721164112, -19.99999970197678, 0], "yaw": -179.99996948242188}, "LF_Container": {"tmp": "tmp"}, "Special_Vehicle_Container": {"tmp": "tmp"}, "option": {"size": 190, "type": "CAM"}}
{"timestamp": 120.10000000298024, "ITS_PDU_Header": {"tmp": "tmp"}, "Basic_Container": {"tmp": "tmp"}, "HF_Container": {"sumo_id": "645", "location": [163.48046875, -2.0], "speed": [-0.5017089768989537, 0.0, 0], "yaw": -179.99996948242188}, "LF_Container": {"tmp": "tmp"}, "Special_Vehicle_Container": {"tmp": "tmp"}, "option": {"size": 190, "type": "CAM"}}
{"timestamp": 120.20000000447035, "ITS_PDU_Header": {"tmp": "tmp"}, "Management_Container": {"tmp": "tmp"}, "Station_Data_Container": {"sumo_id": "645", "location": [163.431396484375, -2.0], "speed": [-0.4907226489376627, 0.0, 0], "yaw": -179.99996948242188}, "Sensor_Information_Container": [0, 1, 2, 3], "Perceived_Object_Container": [{"time": 120.20000000447035, "location": {"x": 161.94827274659244, "y": 5.180593742721462}, "speed": {"x": 15.987548589891961, "y": 0.0, "z": 0}, "pseudonym": 1}], "option": {"size": 296, "type": "CPM"}}
{"timestamp": 120.30000000596047, "ITS_PDU_Header": {"tmp": "tmp"}, "Management_Container": {"tmp": "tmp"}, "Station_Data_Container": {"sumo_id": "645", "location": [163.382568359375, -2.0], "speed": [-0.4882812427240425, 0.0, 0], "yaw": -179.99996948242188}, "Sensor_Information_Container": [0, 1, 2, 3], "Perceived_Object_Container": [{"time": 120.20000000447035, "location": {"x": 190.90613714038295, "y": -9.166741666214119}, "speed": {"x": -15.313567887044432, "y": 0.0, "z": 0}, "pseudonym": 2}, {"time": 120.30000000596047, "location": {"x": 171.04840118883422, "y": -1.9754007455070532}, "speed": {"x": -0.5566406167054084, "y": 0.0, "z": 0}, "pseudonym": 3}, {"time": 120.30000000596047, "location": {"x": 172.0714431435047, "y": 1.6616623902269723}, "speed": {"x": 10.893554525173387, "y": 0.0, "z": 0}, "pseudonym": 4}, {"time": 120.30000000596047, "location": {"x": 213.93896855679003, "y": -9.2251707151561}, "speed": {"x": -15.326080093889235, "y": 0.0, "z": 0}, "pseudonym": 5}, {"time": 120.30000000596047, "location": {"x": 185.41610618950142, "y": 5.489486744717322}, "speed": {"x": 16.013335943023325, "y": 0.0, "z": 0}, "pseudonym": 6}, {"time": 120.20000000447035, "location": {"x": 215.81753559122433, "y": -8.484822276059996}, "speed": {"x": -15.326080093889235, "y": 0.0, "z": 0}, "pseudonym": 5}, {"time": 120.20000000447035, "location": {"x": 182.61060924825213, "y": -5.2184763457822845}, "speed": {"x": -15.853118660254498, "y": 0.0, "z": 0}, "pseudonym": 7}, {"time": 120.20000000447035, "location": {"x": 215.62509716253538, "y": 9.411872064002992}, "speed": {"x": 15.498046644061109, "y": 0.0, "z": 0}, "pseudonym": 8}, {"time": 120.30000000596047, "location": {"x": 158.9793272328455, "y": -8.849673785247235}, "speed": {"x": -13.629302775423188, "y": 0.0, "z": 0}, "pseudonym": 9}, {"time": 120.30000000596047, "location": {"x": 154.84946591507057, "y": 1.5033627651856505}, "speed": {"x": 10.954437092625541, "y": 0.0, "z": 0}, "pseudonym": 10}, {"time": 120.30000000596047, "location": {"x": 149.95716762270092, "y": -5.4847575211444015}, "speed": {"x": -15.27481056340321, "y": 0.0, "z": 0}, "pseudonym": 11}, {"time": 120.20000000447035, "location": {"x": 150.7930096629177, "y": -6.362193946592976}, "speed": {"x": -15.228118669567724, "y": 0.0, "z": 0}, "pseudonym": 11}, {"time": 120.30000000596047, "location": {"x": 190.51564566828597, "y": 1.9149993871996747}, "speed": {"x": 10.908202962455109, "y": 0.0, "z": 0}, "pseudonym": 12}, {"time": 120.30000000596047, "location": {"x": 209.34826836066264, "y": 6.308760721260846}, "speed": {"x": 15.96572852185773, "y": 0.0, "z": 0}, "pseudonym": 13}], "option": {"size": 751, "type": "CPM"}}
{"timestamp": 120.40000000745059, "ITS_PDU_Header": {"tmp": "tmp"}, "Management_Container": {"tmp": "tmp"}, "Station_Data_Container": {"sumo_id": "645", "location": [163.33555603027344, -2.0], "speed": [-0.47012328401024217, 0.0, 0], "yaw": -179.99996948242188}, "Sensor_Information_Container": [0, 1, 2, 3], "Perceived_Object_Container": [{"time": 120.40000000745059, "location": {"x": 138.1979414401044, "y": 2.4982065376192653}, "speed": {"x": 10.982818439858876, "y": 0.0, "z": 0}, "pseudonym": 14}], "option": {"size": 296, "type": "CPM"}}
{"timestamp": 120.60000001043082, "ITS_PDU_Header": {"tmp": "tmp"}, "Management_Container": {"tmp": "tmp"}, "Station_Data_Container": {"sumo_id": "645", "location": [163.24180603027344, -2.0], "speed": [-0.4638671805878404, 0.0, 0], "yaw": -179.99996948242188}, "Sensor_Information_Container": [0, 1, 2, 3], "Perceived_Object_Container": [{"time": 120.60000001043082, "location": {"x": 199.1486140760809, "y": -6.305821961179353}, "speed": {"x": -15.911864997269735, "y": 0.0, "z": 0}, "pseudonym": 15}, {"time": 120.60000001043082, "location": {"x": 152.8041758953602, "y": -8.566847340449408}, "speed": {"x": -13.564452922873901, "y": 0.0, "z": 0}, "pseudonym": 16}], "option": {"size": 331, "type": "CPM"}}
