{"timestamp": 120.00000000149012, "ITS_PDU_Header": {"tmp": "tmp"}, "Management_Container": {"tmp": "tmp"}, "Station_Data_Container": {"sumo_id": "674", "location": [107.00244140625, -2.0], "speed": [1070.024398117894, -19.99999970197678, 0], "yaw": -179.99996948242188}, "Sensor_Information_Container": [0, 1, 2, 3], "Perceived_Object_Container": [{"time": 120.00000000149012, "location": {"x": 114.6197964455776, "y": -1.9050054423654075}, "speed": {"x": 1153.1738109413711, "y": -19.99999970197678, "z": 0}, "pseudonym": 0}, {"time": 120.00000000149012, "location": {"x": 96.16597367655933, "y": 1.7961573036627347}, "speed": {"x": 957.6306009645671, "y": 19.99999970197678, "z": 0}, "pseudonym": 1}, {"time": 120.00000000149012, "location": {"x": 108.46736539507046, "y": 5.154934915718344}, "speed": {"x": 1088.1811361285875, "y": 57.499999143183246, "z": 0}, "pseudonym": 2}], "option": {"size": 366, "type": "CPM"}}
{"timestamp": 120.00000000149012, "ITS_PDU_Header": {"tmp": "tmp"}, "Basic_Container": {"tmp": "tmp"}, "HF_Container": {"sumo_id": "674", "location": [107.00244140625, -2.0], "speed": [1070.024398117894, -19.99999970197678, 0], "yaw": -179.99996948242188}, "LF_Container": {"tmp": "tmp"}, "Special_Vehicle_Container": {"tmp": "tmp"}, "option": {"size": 190, "type": "CAM"}}
{"timestamp": 120.10000000298024, "ITS_PDU_Header": {"tmp": "tmp"}, "Basic_Container": {"tmp": "tmp"}, "HF_Container": {"sumo_id": "674", "location": [106.908447265625, -2.0], "speed": [-0.9399413922437818, 0.0, 0], "yaw": -179.99996948242188}, "LF_Container": {"tmp": "tmp"}, "Special_Vehicle_Container": {"tmp": "tmp"}, "option": {"size": 190, "type": "CAM"}}
{"timestamp": 120.20000000447035, "ITS_PDU_Header": {"tmp": "tmp"}, "Management_Container": {"tmp": "tmp"}, "Station_Data_Container": {"sumo_id": "674", "location": [106.81494140625, -2.0], "speed": [-0.9350585798165414, 0.0, 0], "yaw": -179.99996948242188}, "Sensor_Information_Container": [0, 1, 2, 3], "Perceived_Object_Container": [{"time": 120.20000000447035, "location": {"x": 104.5995183024626, "y": -5.609447342765757}, "speed": {"x": -15.289230118852405, "y": 0.0, "z": 0}, "pseudonym": 3}], "option": {"size": 296, "type": "CPM"}}
{"timestamp": 120.30000000596047, "ITS_PDU_Header": {"tmp": "tmp"}, "Management_Container": {"tmp": "tmp"}, "Station_Data_Container": {"sumo_id": "674", "location": [106.71984100341797, -2.0], "speed": [-0.9510040141492484, 0.0, 0], "yaw": -179.99996948242188}, "Sensor_Information_Container": [0, 1, 2, 3], "Perceived_Object_Container": [{"time": 120.30000000596047, "location": {"x": 114.42760802133587, "y": -1.9854878383951362}, "speed": {"x": -0.8325958127886681, "y": 0.0, "z": 0}, "pseudonym": 4}, {"time": 120.30000000596047, "location": {"x": 116.04073158229025, "y": 1.6988137972372856}, "speed": {"x": 10.924148396787816, "y": 0.0, "z": 0}, "pseudonym": 5}, {"time": 120.20000000447035, "location": {"x": 135.56749111975267, "y": -9.46108557389098}, "speed": {"x": -13.496093548892535, "y": 0.0, "z": 0}, "pseudonym": 6}, {"time": 120.30000000596047, "location": {"x": 134.71110299280474, "y": 2.1851629858769965}, "speed": {"x": 10.913085774882349, "y": 0.0, "z": 0}, "pseudonym": 7}, {"time": 120.30000000596047, "location": {"x": 157.82805432296098, "y": -8.553748776135299}, "speed": {"x": -13.629302775423188, "y": 0.0, "z": 0}, "pseudonym": 8}, {"time": 120.20000000447035, "location": {"x": 192.9593670100775, "y": 8.500358630733666}, "speed": {"x": 15.903320075522064, "y": 0.0, "z": 0}, "pseudonym": 9}, {"time": 120.30000000596047, "location": {"x": 125.99463794547394, "y": -5.116222561629324}, "speed": {"x": -15.302734146971492, "y": 0.0, "z": 0}, "pseudonym": 10}, {"time": 120.30000000596047, "location": {"x": 111.65964419944223, "y": 5.292526198581827}, "speed": {"x": 16.855468498833947, "y": 0.0, "z": 0}, "pseudonym": 11}, {"time": 120.30000000596047, "location": {"x": 98.18432977011894, "y": 1.4515563496786146}, "speed": {"x": 11.058349444592752, "y": 0.0, "z": 0}, "pseudonym": 12}, {"time": 120.30000000596047, "location": {"x": 99.80320532153311, "y": -2.0036790165256795}, "speed": {"x": -1.0839843588473743, "y": 0.0, "z": 0}, "pseudonym": 13}, {"time": 120.30000000596047, "location": {"x": 92.18516041574885, "y": -8.927726866000276}, "speed": {"x": -12.364578062823742, "y": 0.0, "z": 0}, "pseudonym": 14}, {"time": 120.20000000447035, "location": {"x": 41.64236784668861, "y": 8.614734449759212}, "speed": {"x": 15.089111103279723, "y": 0.0, "z": 0}, "pseudonym": 15}, {"time": 120.30000000596047, "location": {"x": 61.58451916486871, "y": 9.047744761635922}, "speed": {"x": 16.055907963873327, "y": 0.0, "z": 0}, "pseudonym": 16}, {"time": 120.30000000596047, "location": {"x": 22.778219622066292, "y": 8.992426562469952}, "speed": {"x": 14.436034941136317, "y": 0.0, "z": 0}, "pseudonym": 17}, {"time": 120.20000000447035, "location": {"x": 79.75186758051264, "y": -4.955730621611768}, "speed": {"x": -15.327148209107694, "y": 0.0, "z": 0}, "pseudonym": 18}, {"time": 120.30000000596047, "location": {"x": 70.9639142035455, "y": -9.331782363184754}, "speed": {"x": -11.910400213146206, "y": 0.0, "z": 0}, "pseudonym": 19}, {"time": 120.30000000596047, "location": {"x": 80.6802263091968, "y": -5.719019047549863}, "speed": {"x": -15.327148209107694, "y": 0.0, "z": 0}, "pseudonym": 20}], "option": {"size": 856, "type": "CPM"}}
{"timestamp": 120.40000000745059, "ITS_PDU_Header": {"tmp": "tmp"}, "Management_Container": {"tmp": "tmp"}, "Station_Data_Container": {"sumo_id": "674", "location": [106.62023162841797, -2.0], "speed": [-0.9960937351570467, 0.0, 0], "yaw": -179.99996948242188}, "Sensor_Information_Container": [0, 1, 2, 3], "Perceived_Object_Container": [{"time": 120.40000000745059, "location": {"x": 111.72892888414317, "y": -8.526168551030544}, "speed": {"x": -13.073730273936238, "y": 0.0, "z": 0}, "pseudonym": 21}, {"time": 120.40000000745059, "location": {"x": 41.829030998548305, "y": 5.040454519607499}, "speed": {"x": 16.701659907375873, "y": 0.0, "z": 0}, "pseudonym": 22}], "option": {"size": 331, "type": "CPM"}}
{"timestamp": 120.5000000089407, "ITS_PDU_Header": {"tmp": "tmp"}, "Management_Container": {"tmp": "tmp"}, "Station_Data_Container": {"sumo_id": "674", "location": [106.5198974609375, -2.0], "speed": [-1.0033416598537317, 0.0, 0], "yaw": -179.99996948242188}, "Sensor_Information_Container": [0, 1, 2, 3], "Perceived_Object_Container": [{"time": 120.5000000089407, "location": {"x": 117.19880956209899, "y": 5.137328809422818}, "speed": {"x": 16.864013420581617, "y": 0.0, "z": 0}, "pseudonym": 23}, {"time": 120.5000000089407, "location": {"x": 93.16940328964759, "y": 5.0549736207356775}, "speed": {"x": 15.839843513967939, "y": 0.0, "z": 0}, "pseudonym": 24}], "option": {"size": 331, "type": "CPM"}}
{"timestamp": 120.60000001043082, "ITS_PDU_Header": {"tmp": "tmp"}, "Management_Container": {"tmp": "tmp"}, "Station_Data_Container": {"sumo_id": "674", "location": [106.418212890625, -2.0], "speed": [-1.0168456879728185, 0.0, 0], "yaw": -179.99996948242188}, "Sensor_Information_Container": [0, 1, 2, 3], "Perceived_Object_Container": [{"time": 120.60000001043082, "location": {"x": 66.99262867245655, "y": -8.72145960025548}, "speed": {"x": -11.684570138386336, "y": 0.0, "z": 0}, "pseudonym": 25}], "option": {"size": 296, "type": "CPM"}}
