{"timestamp": 120.00000000149012, "ITS_PDU_Header": {"tmp": "tmp"}, "Management_Container": {"tmp": "tmp"}, "Station_Data_Container": {"sumo_id": "708", "location": [26.635009765625, -2.0], "speed": [266.3500936873243, -19.99999970197678, 0], "yaw": -179.99996948242188}, "Sensor_Information_Container": [0, 1, 2, 3], "Perceived_Object_Container": [{"time": 120.00000000149012, "location": {"x": -0.45041457982213373, "y": 9.633896176378792}, "speed": {"x": -8.527221552621997, "y": 92.4999986216426, "z": 0}, "pseudonym": 0}, {"time": 120.00000000149012, "location": {"x": -48.51202256930746, "y": 1.7379357581514725}, "speed": {"x": -490.7830737414498, "y": 19.99999970197678, "z": 0}, "pseudonym": 1}, {"time": 120.00000000149012, "location": {"x": 0.6487907327063027, "y": 1.5843250646803724}, "speed": {"x": 0, "y": 0, "z": 0}, "pseudonym": 2}, {"time": 120.00000000149012, "location": {"x": 107.71609414011795, "y": 5.8043917830138865}, "speed": {"x": 1088.1811361285875, "y": 57.499999143183246, "z": 0}, "pseudonym": 3}], "option": {"size": 401, "type": "CPM"}}
{"timestamp": 120.00000000149012, "ITS_PDU_Header": {"tmp": "tmp"}, "Basic_Container": {"tmp": "tmp"}, "HF_Container": {"sumo_id": "708", "location": [26.635009765625, -2.0], "speed": [266.3500936873243, -19.99999970197678, 0], "yaw": -179.99996948242188}, "LF_Container": {"tmp": "tmp"}, "Special_Vehicle_Container": {"tmp": "tmp"}, "option": {"size": 190, "type": "CAM"}}
{"timestamp": 120.10000000298024, "ITS_PDU_Header": {"tmp": "tmp"}, "Basic_Container": {"tmp": "tmp"}, "HF_Container": {"sumo_id": "708", "location": [26.4656982421875, -2.0], "speed": [-1.6931152091456174, 0.0, 0], "yaw": -179.99996948242188}, "LF_Container": {"tmp": "tmp"}, "Special_Vehicle_Container": {"tmp": "tmp"}, "option": {"size": 190, "type": "CAM"}}
{"timestamp": 120.20000000447035, "ITS_PDU_Header": {"tmp": "tmp"}, "Management_Container": {"tmp": "tmp"}, "Station_Data_Container": {"sumo_id": "708", "location": [26.273193359375, -2.0], "speed": [-1.9250487994395376, 0.0, 0], "yaw": -179.99996948242188}, "Sensor_Information_Container": [0, 1, 2, 3], "Perceived_Object_Container": [{"time": 120.20000000447035, "location": {"x": 29.045275929608856, "y": -8.708452143054837}, "speed": {"x": -10.539550624198457, "y": 0.0, "z": 0}, "pseudonym": 4}], "option": {"size": 296, "type": "CPM"}}
{"timestamp": 120.30000000596047, "ITS_PDU_Header": {"tmp": "tmp"}, "Management_Container": {"tmp": "tmp"}, "Station_Data_Container": {"sumo_id": "708", "location": [26.08197021484375, -2.0], "speed": [-1.9122314168180314, 0.0, 0], "yaw": -179.99996948242188}, "Sensor_Information_Container": [0, 1, 2, 3], "Perceived_Object_Container": [{"time": 120.30000000596047, "location": {"x": 11.455593260542564, "y": 1.894047852116857}, "speed": {"x": 2.976074174403039, "y": 0.0, "z": 0}, "pseudonym": 5}, {"time": 120.30000000596047, "location": {"x": 11.540834558359041, "y": -5.4836904207039225}, "speed": {"x": -15.288696061243176, "y": 0.0, "z": 0}, "pseudonym": 6}, {"time": 120.30000000596047, "location": {"x": 8.62491789237271, "y": -8.822743093782016}, "speed": {"x": -9.379882672728856, "y": 0.0, "z": 0}, "pseudonym": 7}, {"time": 120.30000000596047, "location": {"x": 1.2221169526957163, "y": 1.949152398367275}, "speed": {"x": 2.6495360933313354, "y": 0.0, "z": 0}, "pseudonym": 2}, {"time": 120.20000000447035, "location": {"x": -55.194371465534424, "y": 9.410420828746503}, "speed": {"x": 12.320518310062315, "y": 0.0, "z": 0}, "pseudonym": 8}, {"time": 120.20000000447035, "location": {"x": -18.82959801841965, "y": 8.522345183506221}, "speed": {"x": 13.122558398208643, "y": 0.0, "z": 0}, "pseudonym": 9}, {"time": 120.30000000596047, "location": {"x": 7.460365954067168, "y": 4.923143688816307}, "speed": {"x": 16.530151120869053, "y": 0.0, "z": 0}, "pseudonym": 10}, {"time": 120.30000000596047, "location": {"x": -13.027432985681852, "y": -8.508785187252965}, "speed": {"x": -7.151489151247008, "y": 0.0, "z": 0}, "pseudonym": 11}, {"time": 120.20000000447035, "location": {"x": -10.999556128702963, "y": -9.924956438477938}, "speed": {"x": -6.987304583381048, "y": 0.0, "z": 0}, "pseudonym": 12}, {"time": 120.30000000596047, "location": {"x": 34.91784853627444, "y": -2.0106142108597336}, "speed": {"x": -1.5759277108918472, "y": 0.0, "z": 0}, "pseudonym": 13}, {"time": 120.30000000596047, "location": {"x": 42.616700190332935, "y": 1.7397860771169398}, "speed": {"x": 5.454101481227554, "y": 0.0, "z": 0}, "pseudonym": 14}, {"time": 120.30000000596047, "location": {"x": 69.4282228183674, "y": -9.221696115525287}, "speed": {"x": -11.910400213146206, "y": 0.0, "z": 0}, "pseudonym": 15}, {"time": 120.30000000596047, "location": {"x": 32.50350752799145, "y": 1.4114523484799932}, "speed": {"x": 4.36401360684613, "y": 0.0, "z": 0}, "pseudonym": 16}, {"time": 120.30000000596047, "location": {"x": 38.9623758401635, "y": 5.342621797874743}, "speed": {"x": 16.89697240446549, "y": 0.0, "z": 0}, "pseudonym": 17}, {"time": 120.30000000596047, "location": {"x": 34.31954210772205, "y": -4.9945271694401585}, "speed": {"x": -15.325927506000884, "y": 0.0, "z": 0}, "pseudonym": 18}, {"time": 120.20000000447035, "location": {"x": 49.90057800911181, "y": -8.527395945356368}, "speed": {"x": -11.362304518188468, "y": 0.0, "z": 0}, "pseudonym": 19}, {"time": 120.30000000596047, "location": {"x": 22.183679701958294, "y": 8.815369503271798}, "speed": {"x": 14.436034941136317, "y": 0.0, "z": 0}, "pseudonym": 20}, {"time": 120.30000000596047, "location": {"x": 111.62302139422468, "y": 5.975794844147244}, "speed": {"x": 16.855468498833947, "y": 0.0, "z": 0}, "pseudonym": 21}, {"time": 120.30000000596047, "location": {"x": 60.74603416922535, "y": 9.15371856851645}, "speed": {"x": 16.055907963873327, "y": 0.0, "z": 0}, "pseudonym": 22}, {"time": 120.30000000596047, "location": {"x": 90.50755802095033, "y": 4.995708163451795}, "speed": {"x": 16.014404058241784, "y": 0.0, "z": 0}, "pseudonym": 23}, {"time": 120.30000000596047, "location": {"x": 42.4267593972189, "y": 8.609386561375475}, "speed": {"x": 15.142822039979368, "y": 0.0, "z": 0}, "pseudonym": 24}, {"time": 120.30000000596047, "location": {"x": 56.45026965846915, "y": -5.105156496466378}, "speed": {"x": -15.344238052603036, "y": 0.0, "z": 0}, "pseudonym": 25}], "option": {"size": 1031, "type": "CPM"}}
{"timestamp": 120.40000000745059, "ITS_PDU_Header": {"tmp": "tmp"}, "Management_Container": {"tmp": "tmp"}, "Station_Data_Container": {"sumo_id": "708", "location": [25.89599609375, -2.0], "speed": [-1.8597411832251969, 0.0, 0], "yaw": -179.99996948242188}, "Sensor_Information_Container": [0, 1, 2, 3], "Perceived_Object_Container": [{"time": 120.40000000745059, "location": {"x": 88.54257195177229, "y": -8.740556666586214}, "speed": {"x": -12.29003887936415, "y": 0.0, "z": 0}, "pseudonym": 26}, {"time": 120.40000000745059, "location": {"x": -15.013751917719993, "y": -8.333196027574942}, "speed": {"x": -7.145995987266362, "y": 0.0, "z": 0}, "pseudonym": 27}], "option": {"size": 331, "type": "CPM"}}
{"timestamp": 120.60000001043082, "ITS_PDU_Header": {"tmp": "tmp"}, "Management_Container": {"tmp": "tmp"}, "Station_Data_Container": {"sumo_id": "708", "location": [25.5511474609375, -2.0], "speed": [-1.7047118886603134, 0.0, 0], "yaw": -179.99996948242188}, "Sensor_Information_Container": [0, 1, 2, 3], "Perceived_Object_Container": [{"time": 120.60000001043082, "location": {"x": 22.784339387972253, "y": 1.997547654475167}, "speed": {"x": 3.975830018880516, "y": 0.0, "z": 0}, "pseudonym": 28}, {"time": 120.60000001043082, "location": {"x": 3.935075347351974, "y": -8.569305577984682}, "speed": {"x": -9.19677720670734, "y": 0.0, "z": 0}, "pseudonym": 29}, {"time": 120.60000001043082, "location": {"x": 33.116897371991435, "y": 1.6536220022606805}, "speed": {"x": 5.05371086219384, "y": 0.0, "z": 0}, "pseudonym": 16}, {"time": 120.60000001043082, "location": {"x": 61.10875394490586, "y": 1.7088893466911004}, "speed": {"x": 625.1452543564848,