{"timestamp": 3.569999920204282, "ITS_PDU_Header": {"tmp": "tmp"}, "Basic_Container": {"tmp": "tmp"}, "HF_Container": {"sumo_id": "13", "location": [781.1708984375, 2.0], "speed": [0.7690429859394502, 0.0, 0], "yaw": 0.0}, "LF_Container": {"tmp": "tmp"}, "Special_Vehicle_Container": {"tmp": "tmp"}, "option": {"size": 190, "type": "CAM"}}
{"timestamp": 3.569999920204282, "ITS_PDU_Header": {"tmp": "tmp"}, "Management_Container": {"tmp": "tmp"}, "Station_Data_Container": {"sumo_id": "13", "location": [781.1708984375, 2.0], "speed": [0.7690429859394502, 0.0, 0], "yaw": 0.0}, "Sensor_Information_Container": [0, 1, 2, 3], "Perceived_Object_Container": [{"time": 3.569999920204282, "location": {"x": 888.6774527323548, "y": -5.893866369992105}, "speed": {"x": -0.12817383098990837, "y": 0.0, "z": 0}, "pseudonym": 0}], "option": {"size": 296, "type": "CPM"}}
{"timestamp": 3.7699999157339334, "ITS_PDU_Header": {"tmp": "tmp"}, "Management_Container": {"tmp": "tmp"}, "Station_Data_Container": {"sumo_id": "13", "location": [781.3739013671875, 2.0], "speed": [1.2451172153305385, 0.0, 0], "yaw": 0.0}, "Sensor_Information_Container": [0, 1, 2, 3], "Perceived_Object_Container": [{"time": 3.7699999157339334, "location": {"x": 888.5767217510993, "y": -5.420536150162423}, "speed": {"x": -0.6286621234266935, "y": 0.0, "z": 0}, "pseudonym": 0}, {"time": 3.7699999157339334, "location": {"x": 923.8134054545736, "y": 1.771453439145984}, "speed": {"x": 92482.55211597425, "y": 200.00000447034847, "z": 0}, "pseudonym": 1}], "option": {"size": 331, "type": "CPM"}}
{"timestamp": 3.8699999134987593, "ITS_PDU_Header": {"tmp": "tmp"}, "Basic_Container": {"tmp": "tmp"}, "HF_Container": {"sumo_id": "13", "location": [781.5098876953125, 2.0], "speed": [1.4526367512189615, 0.0, 0], "yaw": 0.0}, "LF_Container": {"tmp": "tmp"}, "Special_Vehicle_Container": {"tmp": "tmp"}, "option": {"size": 190, "type": "CAM"}}
{"timestamp": 3.8699999134987593, "ITS_PDU_Header": {"tmp": "tmp"}, "Management_Container": {"tmp": "tmp"}, "Station_Data_Container": {"sumo_id": "13", "location": [781.5098876953125, 2.0], "speed": [1.4526367512189615, 0.0, 0], "yaw": 0.0}, "Sensor_Information_Container": [0, 1, 2, 3], "Perceived_Object_Container": [{"time": 3.8699999134987593, "location": {"x": 923.8895645181663, "y": 1.9869105297002203}, "speed": {"x": 0.25634766197981673, "y": 0.0, "z": 0}, "pseudonym": 2}], "option": {"size": 296, "type": "CPM"}}
{"timestamp": 4.069999909028411, "ITS_PDU_Header": {"tmp": "tmp"}, "Management_Container": {"tmp": "tmp"}, "Station_Data_Container": {"sumo_id": "13", "location": [781.8465576171875, 2.0], "speed": [1.8859863702800803, 0.0, 0], "yaw": 0.0}, "Sensor_Information_Container": [0, 1, 2, 3], "Perceived_Object_Container": [{"time": 4.069999909028411, "location": {"x": 923.8390683860812, "y": 1.8725748690922202}, "speed": {"x": 0.7568359544166018, "y": 0.0, "z": 0}, "pseudonym": 2}, {"time": 4.069999909028411, "location": {"x": 888.2684597714838, "y": -5.701084675848198}, "speed": {"x": -1.3427734675133258, "y": 0.0, "z": 0}, "pseudonym": 0}], "option": {"size": 331, "type": "CPM"}}
{"timestamp": 4.169999906793237, "ITS_PDU_Header": {"tmp": "tmp"}, "Basic_Container": {"tmp": "tmp"}, "HF_Container": {"sumo_id": "13", "location": [782.046875, 2.0], "speed": [2.111816453452776, 0.0, 0], "yaw": 0.0}, "LF_Container": {"tmp": "tmp"}, "Special_Vehicle_Container": {"tmp": "tmp"}, "option": {"size": 190, "type": "CAM"}}
{"timestamp": 4.369999902322888, "ITS_PDU_Header": {"tmp": "tmp"}, "Management_Container": {"tmp": "tmp"}, "Station_Data_Container": {"sumo_id": "13", "location": [782.5095825195312, 2.0], "speed": [2.4963379464225013, 0.0, 0], "yaw": 0.0}, "Sensor_Information_Container": [0, 1, 2, 3], "Perceived_Object_Container": [{"time": 4.369999902322888, "location": {"x": 924.1968698056126, "y": 1.9290234348477384}, "speed": {"x": 1.440429719696113, "y": 0.0, "z": 0}, "pseudonym": 2}, {"time": 4.369999902322888, "location": {"x": 887.7411896085514, "y": -5.80258511561819}, "speed": {"x": -1.995849653985716, "y": 0.0, "z": 0}, "pseudonym": 0}], "option": {"size": 331, "type": "CPM"}}
{"timestamp": 4.469999900087714, "ITS_PDU_Header": {"tmp": "tmp"}, "Basic_Container": {"tmp": "tmp"}, "HF_Container": {"sumo_id": "13", "location": [782.77099609375, 2.0], "speed": [2.7099609980723485, 0.0, 0], "yaw": 0.0}, "LF_Container": {"tmp": "tmp"}, "Special_Vehicle_Container": {"tmp": "tmp"}, "option": {"size": 190, "type": "CAM"}}
{"timestamp": 4.669999895617366, "ITS_PDU_Header": {"tmp": "tmp"}, "Management_Container": {"tmp": "tmp"}, "Station_Data_Container": {"sumo_id": "13", "location": [783.35498046875, 2.0], "speed": [3.125000069849195, 0.0, 0], "yaw": 0.0}, "Sensor_Information_Container": [0, 1, 2, 3], "Perceived_Object_Container": [{"time": 4.669999895617366, "location": {"x": 924.7468432449132, "y": 2.055004241470814}, "speed": {"x": 2.1179199692142, "y": 0.0, "z": 0}, "pseudonym": 2}, {"time": 4.669999895617366, "location": {"x": 887.0378703681514, "y": -5.873080057741501}, "speed": {"x": -2.6245117774124096, "y": 0.0, "z": 0}, "pseudonym": 0}], "option": {"size": 331, "type": "CPM"}}
{"timestamp": 4.769999893382192, "ITS_PDU_Header": {"tmp": "tmp"}, "Basic_Container": {"tmp": "tmp"}, "HF_Container": {"sumo_id": "13", "location": [783.6781616210938, 2.0], "speed": [3.3264160899761936, 0.0, 0], "yaw": 0.0}, "LF_Container": {"tmp": "tmp"}, "Special_Vehicle_Container": {"tmp": "tmp"}, "option": {"size": 190, "type": "CAM"}}
{"timestamp": 4.969999888911843, "ITS_PDU_Header": {"tmp": "tmp"}, "Management_Container": {"tmp": "tmp"}, "Station_Data_Container": {"sumo_id": "13", "location": [784.384033203125, 2.0], "speed": [3.7109375829459186, 0.0, 0], "yaw": 0.0}, "Sensor_Information_Container": [0, 1, 2, 3], "Perceived_Object_Container": [{"time": 4.969999888911843, "location": {"x": 925.5415729938165, "y": 1.58635180490423}, "speed": {"x": 2.7099609980723485, "y": 0.0, "z": 0}, "pseudonym": 2}], "option": {"size": 296, "type": "CPM"}}
{"timestamp": 5.069999886676669, "ITS_PDU_Header": {"tmp": "tmp"}, "Basic_Container": {"tmp": "tmp"}, "HF_Container": {"sumo_id": "13", "location": [784.7659912109375, 2.0], "speed": [3.906250087311493, 0.0, 0], "yaw": 0.0}, "LF_Container": {"tmp": "tmp"}, "Special_Vehicle_Container": {"tmp": "tmp"}, "option": {"size": 190, "type": "CAM"}}
{"timestamp": 5.069999886676669, "ITS_PDU_Header": {"tmp": "tmp"}, "Management_Container": {"tmp": "tmp"}, "Station_Data_Container": {"sumo_id": "13", "location": [784.7659912109375, 2.0], "speed": [3.906250087311493, 0.0, 0], "yaw": 0.0}, "Sensor_Information_Container": [0, 1, 2, 3], "Perceived_Object_Container": [{"time": 5.069999886676669, "location": {"x": 885.8291042065383, "y": -5.846420325090961}, "speed": {"x": -3.3508301530218905, "y": 0.0, "z": 0}, "pseudonym": 0}], "option": {"size": 296, "type": "CPM"}}
{"timestamp": 5.269999882206321, "ITS_PDU_Header": {"tmp": "tmp"}, "Management_Container": {"tmp": "tmp"}, "Station_Data_Container": {"sumo_id": "13", "location": [785.588134765625, 2.0], "speed": [4.284668064519794, 0.0, 0], "yaw": 0.0}, "Sensor_Information_Container": [0, 1, 2, 3], "Perceived_Object_Container": [{"time": 5.269999882206321, "location": {"x": 926.364613474953, "y": 1.9545767157211165}, "speed": {"x": 3.2775879638848, "y": 0.0, "z": 0}, "pseudonym": 2}], "option": {"size": 296, "type": "CPM"}}
{"timestamp": 5.369999879971147, "ITS_PDU_Header": {"tmp": "tmp"}, "Basic_Container": {"tmp": "tmp"}, "HF_Container": {"sumo_id": "13", "location": [786.0277099609375, 2.0], "speed": [4.4860840846467935, 0.0, 0], "yaw": 0.0}, "LF_Container": {"tmp": "tmp"}, "Special_Vehicle_Container": {"tmp": "tmp"}, "option": {"size": 190, "type": "CAM"}}
{"timestamp": 5.369999879971147, "ITS_PDU_Header": {"tmp": "tmp"}, "Management_Container": {"tmp": "tmp"}, "Station_Data_Container": {"sumo_id": "13", "location": [786.0277099609375, 2.0], "speed": [4.4860840846467935, 0.0, 0], "yaw": 0.0},