{"timestamp": 4.8699998911470175, "ITS_PDU_Header": {"tmp": "tmp"}, "Basic_Container": {"tmp": "tmp"}, "HF_Container": {"sumo_id": "19", "location": [-580.967041015625, -9.25], "speed": [-0.2807617250255136, 0.0, 0], "yaw": -179.99996948242188}, "LF_Container": {"tmp": "tmp"}, "Special_Vehicle_Container": {"tmp": "tmp"}, "option": {"size": 190, "type": "CAM"}}
{"timestamp": 4.8699998911470175, "ITS_PDU_Header": {"tmp": "tmp"}, "Management_Container": {"tmp": "tmp"}, "Station_Data_Container": {"sumo_id": "19", "location": [-580.967041015625, -9.25], "speed": [-0.2807617250255136, 0.0, 0], "yaw": -179.99996948242188}, "Sensor_Information_Container": [0, 1, 2, 3], "Perceived_Object_Container": [{"time": 4.8699998911470175, "location": {"x": -702.3868053881047, "y": -2.756254994918952}, "speed": {"x": -8.312988467059771, "y": 0.0, "z": 0}, "pseudonym": 0}, {"time": 4.8699998911470175, "location": {"x": -457.88326893233597, "y": 2.4808965820657125}, "speed": {"x": 1.9775391067014434, "y": 0.0, "z": 0}, "pseudonym": 1}, {"time": 4.8699998911470175, "location": {"x": -448.6568150284906, "y": -1.935235653406643}, "speed": {"x": -8.999633990219996, "y": 0.0, "z": 0}, "pseudonym": 2}], "option": {"size": 366, "type": "CPM"}}
{"timestamp": 5.169999884441495, "ITS_PDU_Header": {"tmp": "tmp"}, "Basic_Container": {"tmp": "tmp"}, "HF_Container": {"sumo_id": "19", "location": [-581.165771484375, -9.25], "speed": [-1.0131836163964185, 0.0, 0], "yaw": -179.99996948242188}, "LF_Container": {"tmp": "tmp"}, "Special_Vehicle_Container": {"tmp": "tmp"}, "option": {"size": 190, "type": "CAM"}}
{"timestamp": 5.169999884441495, "ITS_PDU_Header": {"tmp": "tmp"}, "Management_Container": {"tmp": "tmp"}, "Station_Data_Container": {"sumo_id": "19", "location": [-581.165771484375, -9.25], "speed": [-1.0131836163964185, 0.0, 0], "yaw": -179.99996948242188}, "Sensor_Information_Container": [0, 1, 2, 3], "Perceived_Object_Container": [{"time": 5.169999884441495, "location": {"x": -451.448143409471, "y": -2.0505083839478995}, "speed": {"x": -9.567260956032447, "y": 0.0, "z": 0}, "pseudonym": 2}, {"time": 5.169999884441495, "location": {"x": -457.2183284208455, "y": 2.182280289118056}, "speed": {"x": 2.5970459564860007, "y": 0.0, "z": 0}, "pseudonym": 1}], "option": {"size": 331, "type": "CPM"}}
{"timestamp": 5.469999877735972, "ITS_PDU_Header": {"tmp": "tmp"}, "Basic_Container": {"tmp": "tmp"}, "HF_Container": {"sumo_id": "19", "location": [-581.5740966796875, -9.25], "speed": [-1.6723633186302331, 0.0, 0], "yaw": -179.99996948242188}, "LF_Container": {"tmp": "tmp"}, "Special_Vehicle_Container": {"tmp": "tmp"}, "option": {"size": 190, "type": "CAM"}}
{"timestamp": 5.469999877735972, "ITS_PDU_Header": {"tmp": "tmp"}, "Management_Container": {"tmp": "tmp"}, "Station_Data_Container": {"sumo_id": "19", "location": [-581.5740966796875, -9.25], "speed": [-1.6723633186302331, 0.0, 0], "yaw": -179.99996948242188}, "Sensor_Information_Container": [0, 1, 2, 3], "Perceived_Object_Container": [{"time": 5.469999877735972, "location": {"x": -732.4258900211855, "y": -6.499500145740947}, "speed": {"x": -8.569336129039588, "y": 0.0, "z": 0}, "pseudonym": 3}], "option": {"size": 296, "type": "CPM"}}
{"timestamp": 5.569999875500798, "ITS_PDU_Header": {"tmp": "tmp"}, "Management_Container": {"tmp": "tmp"}, "Station_Data_Container": {"sumo_id": "19", "location": [-581.7529296875, -9.25], "speed": [-1.8859863702800803, 0.0, 0], "yaw": -179.99996948242188}, "Sensor_Information_Container": [0, 1, 2, 3], "Perceived_Object_Container": [{"time": 5.569999875500798, "location": {"x": -455.99712085095723, "y": 1.8854767334945848}, "speed": {"x": 3.427124100039693, "y": 0.0, "z": 0}, "pseudonym": 1}, {"time": 5.569999875500798, "location": {"x": -455.4001907344613, "y": -1.525682860713541}, "speed": {"x": -10.357666247136882, "y": 0.0, "z": 0}, "pseudonym": 2}], "option": {"size": 331, "type": "CPM"}}
{"timestamp": 5.76999987103045, "ITS_PDU_Header": {"tmp": "tmp"}, "Basic_Container": {"tmp": "tmp"}, "HF_Container": {"sumo_id": "19", "location": [-582.1736450195312, -9.25], "speed": [-2.313232473579775, 0.0, 0], "yaw": -179.99996948242188}, "LF_Container": {"tmp": "tmp"}, "Special_Vehicle_Container": {"tmp": "tmp"}, "option": {"size": 190, "type": "CAM"}}
{"timestamp": 5.869999868795276, "ITS_PDU_Header": {"tmp": "tmp"}, "Management_Container": {"tmp": "tmp"}, "Station_Data_Container": {"sumo_id": "19", "location": [-582.4163818359375, -9.25], "speed": [-2.514648493706774, 0.0, 0], "yaw": -179.99996948242188}, "Sensor_Information_Container": [0, 1, 2, 3], "Perceived_Object_Container": [{"time": 5.869999868795276, "location": {"x": -458.6430693072907, "y": -1.6900518853886544}, "speed": {"x": -10.913086181426484, "y": 0.0, "z": 0}, "pseudonym": 2}, {"time": 5.869999868795276, "location": {"x": -454.87410833100665, "y": 1.7832042484219226}, "speed": {"x": 3.98864755009072, "y": 0.0, "z": 0}, "pseudonym": 1}], "option": {"size": 331, "type": "CPM"}}
{"timestamp": 6.069999864324927, "ITS_PDU_Header": {"tmp": "tmp"}, "Basic_Container": {"tmp": "tmp"}, "HF_Container": {"sumo_id": "19", "location": [-582.9613647460938, -9.25], "speed": [-2.9113770181993472, 0.0, 0], "yaw": -179.99996948242188}, "LF_Container": {"tmp": "tmp"}, "Special_Vehicle_Container": {"tmp": "tmp"}, "option": {"size": 190, "type": "CAM"}}
{"timestamp": 6.169999862089753, "ITS_PDU_Header": {"tmp": "tmp"}, "Management_Container": {"tmp": "tmp"}, "Station_Data_Container": {"sumo_id": "19", "location": [-583.2615356445312, -9.25], "speed": [-3.0944824910420734, 0.0, 0], "yaw": -179.99996948242188}, "Sensor_Information_Container": [0, 1, 2, 3], "Perceived_Object_Container": [{"time": 6.169999862089753, "location": {"x": -453.57532023116283, "y": 1.7157828033273113}, "speed": {"x": 4.565429789545308, "y": 0.0, "z": 0}, "pseudonym": 1}, {"time": 6.169999862089753, "location": {"x": -462.0155716457234, "y": -1.9946550707042192}, "speed": {"x": -11.495971936642496, "y": 0.0, "z": 0}, "pseudonym": 2}], "option": {"size": 331, "type": "CPM"}}
{"timestamp": 6.269999859854579, "ITS_PDU_Header": {"tmp": "tmp"}, "Management_Container": {"tmp": "tmp"}, "Station_Data_Container": {"sumo_id": "19", "location": [-583.5809326171875, -9.25], "speed": [-3.271484448123376, 0.0, 0], "yaw": -179.99996948242188}, "Sensor_Information_Container": [0, 1, 2, 3], "Perceived_Object_Container": [{"time": 6.269999859854579, "location": {"x": -668.2663288660707, "y": -1.8089046483164253}, "speed": {"x": -66965.74856711362, "y": -200.00000447034847, "z": 0}, "pseudonym": 4}], "option": {"size": 296, "type": "CPM"}}
{"timestamp": 6.369999857619405, "ITS_PDU_Header": {"tmp": "tmp"}, "Management_Container": {"tmp": "tmp"}, "Station_Data_Container": {"sumo_id": "19", "location": [-583.9183959960938, -9.25], "speed": [-3.460693436727526, 0.0, 0], "yaw": -179.99996948242188}, "Sensor_Information_Container": [0, 1, 2, 3], "Perceived_Object_Container": [{"time": 6.369999857619405, "location": {"x": -668.2708456283009, "y": -1.9229712591688735}, "speed": {"x": -0.25634766197981673, "y": 0.0, "z": 0}, "pseudonym": 5}], "option": {"size": 296, "type": "CPM"}}
{"timestamp": 6.369999857619405, "ITS_PDU_Header": {"tmp": "tmp"}, "Basic_Container": {"tmp": "tmp"}, "HF_Container": {"sumo_id": "19", "location": [-583.9183959960938, -9.25], "speed": [-3.460693436727526, 0.0, 0], "yaw": -179.99996948242188}, "LF_Container": {"tmp": "tmp"}, "Special_Vehicle_Container": {"tmp": "tmp"}, "option": {"size": 190, "type": "CAM"}}
{"timestamp": 6.469999855384231, "ITS_PDU_Header": {"tmp": "tmp"}, "Management_Container": {"tmp": "tmp"}, "Station_Data_Container": {"sumo_id": "19", "location": [-584.275634765625, -9.25], "speed": [-3.662109456854525, 0.0, 0], "yaw": -179.99996948242188}, "Sensor_Information_Container": [0, 1, 2, 3], "Perceived_Object_Container": [{"time": 6.469999855384231, "location": {"x": -465.5560324212818, "y": -2.0744952428749777}, "speed": {"x": -12.100219997023492, "y": 0.0, "z": 0},