{"timestamp": 5.259999882429838, "ITS_PDU_Header": {"tmp": "tmp"}, "Basic_Container": {"tmp": "tmp"}, "HF_Container": {"sumo_id": "21", "location": [-55.289852142333984, -2.0], "speed": [-5528.985337815851, -200.00000447034847, 0], "yaw": -179.99996948242188}, "LF_Container": {"tmp": "tmp"}, "Special_Vehicle_Container": {"tmp": "tmp"}, "option": {"size": 190, "type": "CAM"}}
{"timestamp": 5.259999882429838, "ITS_PDU_Header": {"tmp": "tmp"}, "Management_Container": {"tmp": "tmp"}, "Station_Data_Container": {"sumo_id": "21", "location": [-55.289852142333984, -2.0], "speed": [-5528.985337815851, -200.00000447034847, 0], "yaw": -179.99996948242188}, "Sensor_Information_Container": [0, 1, 2, 3], "Perceived_Object_Container": [{"time": 5.259999882429838, "location": {"x": 46.17495346066805, "y": -1.9999282611971387}, "speed": {"x": -1.757812539290172, "y": 0.0, "z": 0}, "pseudonym": 0}], "option": {"size": 296, "type": "CPM"}}
{"timestamp": 5.369999879971147, "ITS_PDU_Header": {"tmp": "tmp"}, "Basic_Container": {"tmp": "tmp"}, "HF_Container": {"sumo_id": "21", "location": [-55.30682373046875, -2.0], "speed": [-0.2811431947606026, 0.0, 0], "yaw": -179.99996948242188}, "LF_Container": {"tmp": "tmp"}, "Special_Vehicle_Container": {"tmp": "tmp"}, "option": {"size": 190, "type": "CAM"}}
{"timestamp": 5.369999879971147, "ITS_PDU_Header": {"tmp": "tmp"}, "Management_Container": {"tmp": "tmp"}, "Station_Data_Container": {"sumo_id": "21", "location": [-55.30682373046875, -2.0], "speed": [-0.2811431947606026, 0.0, 0], "yaw": -179.99996948242188}, "Sensor_Information_Container": [0, 1, 2, 3], "Perceived_Object_Container": [{"time": 5.369999879971147, "location": {"x": -123.72172295246342, "y": -9.300460686244225}, "speed": {"x": -10.882568602619363, "y": 0.0, "z": 0}, "pseudonym": 1}], "option": {"size": 296, "type": "CPM"}}
{"timestamp": 5.569999875500798, "ITS_PDU_Header": {"tmp": "tmp"}, "Management_Container": {"tmp": "tmp"}, "Station_Data_Container": {"sumo_id": "21", "location": [-55.415340423583984, -2.0], "speed": [-0.7686615162043612, 0.0, 0], "yaw": -179.99996948242188}, "Sensor_Information_Container": [0, 1, 2, 3], "Perceived_Object_Container": [{"time": 5.569999875500798, "location": {"x": -43.73639929126198, "y": 1.770022524317191}, "speed": {"x": 0.12855530072499738, "y": 0.0, "z": 0}, "pseudonym": 2}, {"time": 5.569999875500798, "location": {"x": 45.58598073489435, "y": -2.0940769500399403}, "speed": {"x": -2.404785210001138, "y": 0.0, "z": 0}, "pseudonym": 0}], "option": {"size": 331, "type": "CPM"}}
{"timestamp": 5.669999873265624, "ITS_PDU_Header": {"tmp": "tmp"}, "Management_Container": {"tmp": "tmp"}, "Station_Data_Container": {"sumo_id": "21", "location": [-55.505859375, -2.0], "speed": [-1.0131836163964185, 0.0, 0], "yaw": -179.99996948242188}, "Sensor_Information_Container": [0, 1, 2, 3], "Perceived_Object_Container": [{"time": 5.669999873265624, "location": {"x": -127.04629041127659, "y": -9.168980100514466}, "speed": {"x": -11.462402599954663, "y": 0.0, "z": 0}, "pseudonym": 1}], "option": {"size": 296, "type": "CPM"}}
{"timestamp": 5.669999873265624, "ITS_PDU_Header": {"tmp": "tmp"}, "Basic_Container": {"tmp": "tmp"}, "HF_Container": {"sumo_id": "21", "location": [-55.505859375, -2.0], "speed": [-1.0131836163964185, 0.0, 0], "yaw": -179.99996948242188}, "LF_Container": {"tmp": "tmp"}, "Special_Vehicle_Container": {"tmp": "tmp"}, "option": {"size": 190, "type": "CAM"}}
{"timestamp": 5.76999987103045, "ITS_PDU_Header": {"tmp": "tmp"}, "Management_Container": {"tmp": "tmp"}, "Station_Data_Container": {"sumo_id": "21", "location": [-55.620418548583984, -2.0], "speed": [-1.2508392613568737, 0.0, 0], "yaw": -179.99996948242188}, "Sensor_Information_Container": [0, 1, 2, 3], "Perceived_Object_Container": [{"time": 5.76999987103045, "location": {"x": -44.00967375025059, "y": 2.008356425590787}, "speed": {"x": 0.6286621234266935, "y": 0.0, "z": 0}, "pseudonym": 2}, {"time": 5.76999987103045, "location": {"x": -42.16598252345382, "y": 1.2241550912680843}, "speed": {"x": 0.6286621234266935, "y": 0.0, "z": 0}, "pseudonym": 3}], "option": {"size": 331, "type": "CPM"}}
{"timestamp": 5.869999868795276, "ITS_PDU_Header": {"tmp": "tmp"}, "Management_Container": {"tmp": "tmp"}, "Station_Data_Container": {"sumo_id": "21", "location": [-55.7581787109375, -2.0], "speed": [-1.4770508142646583, 0.0, 0], "yaw": -179.99996948242188}, "Sensor_Information_Container": [0, 1, 2, 3], "Perceived_Object_Container": [{"time": 5.869999868795276, "location": {"x": 44.73586747453106, "y": -2.0087457323843}, "speed": {"x": -3.027343817666407, "y": 0.0, "z": 0}, "pseudonym": 0}], "option": {"size": 296, "type": "CPM"}}
{"timestamp": 5.9699998665601015, "ITS_PDU_Header": {"tmp": "tmp"}, "Basic_Container": {"tmp": "tmp"}, "HF_Container": {"sumo_id": "21", "location": [-55.9185791015625, -2.0], "speed": [-1.7089844131987784, 0.0, 0], "yaw": -179.99996948242188}, "LF_Container": {"tmp": "tmp"}, "Special_Vehicle_Container": {"tmp": "tmp"}, "option": {"size": 190, "type": "CAM"}}
{"timestamp": 6.069999864324927, "ITS_PDU_Header": {"tmp": "tmp"}, "Management_Container": {"tmp": "tmp"}, "Station_Data_Container": {"sumo_id": "21", "location": [-56.10150146484375, -2.0], "speed": [-1.9287109806100498, 0.0, 0], "yaw": -179.99996948242188}, "Sensor_Information_Container": [0, 1, 2, 3], "Perceived_Object_Container": [{"time": 6.069999864324927, "location": {"x": -132.2237530668998, "y": -8.823083377580891}, "speed": {"x": -12.231445585894113, "y": 0.0, "z": 0}, "pseudonym": 1}, {"time": 6.069999864324927, "location": {"x": -43.47461195443992, "y": 1.6775863956830772}, "speed": {"x": 1.3305664359904774, "y": 0.0, "z": 0}, "pseudonym": 2}], "option": {"size": 331, "type": "CPM"}}
{"timestamp": 6.169999862089753, "ITS_PDU_Header": {"tmp": "tmp"}, "Management_Container": {"tmp": "tmp"}, "Station_Data_Container": {"sumo_id": "21", "location": [-56.3050537109375, -2.0], "speed": [-2.1305084704721375, 0.0, 0], "yaw": -179.99996948242188}, "Sensor_Information_Container": [0, 1, 2, 3], "Perceived_Object_Container": [{"time": 6.169999862089753, "location": {"x": 43.73102729112802, "y": -1.7998698795643646}, "speed": {"x": -3.5522461731488892, "y": 0.0, "z": 0}, "pseudonym": 0}], "option": {"size": 296, "type": "CPM"}}
{"timestamp": 6.269999859854579, "ITS_PDU_Header": {"tmp": "tmp"}, "Basic_Container": {"tmp": "tmp"}, "HF_Container": {"sumo_id": "21", "location": [-56.5289306640625, -2.0], "speed": [-2.3258209748377126, 0.0, 0], "yaw": -179.99996948242188}, "LF_Container": {"tmp": "tmp"}, "Special_Vehicle_Container": {"tmp": "tmp"}, "option": {"size": 190, "type": "CAM"}}
{"timestamp": 6.269999859854579, "ITS_PDU_Header": {"tmp": "tmp"}, "Management_Container": {"tmp": "tmp"}, "Station_Data_Container": {"sumo_id": "21", "location": [-56.5289306640625, -2.0], "speed": [-2.3258209748377126, 0.0, 0], "yaw": -179.99996948242188}, "Sensor_Information_Container": [0, 1, 2, 3], "Perceived_Object_Container": [{"time": 6.269999859854579, "location": {"x": -41.54168893174716, "y": 1.226172938234615}, "speed": {"x": 1.7822266023358688, "y": 0.0, "z": 0}, "pseudonym": 3}], "option": {"size": 296, "type": "CPM"}}
{"timestamp": 6.369999857619405, "ITS_PDU_Header": {"tmp": "tmp"}, "Management_Container": {"tmp": "tmp"}, "Station_Data_Container": {"sumo_id": "21", "location": [-56.772705078125, -2.0], "speed": [-2.5268555252296223, 0.0, 0], "yaw": -179.99996948242188}, "Sensor_Information_Container": [0, 1, 2, 3], "Perceived_Object_Container": [{"time": 6.369999857619405, "location": {"x": -135.5967097276921, "y": -9.253953493766383}, "speed": {"x": -12.817383098990838, "y": 0.0, "z": 0}, "pseudonym": 1}, {"time": 6.369999857619405, "location": {"x": -42.758206327067924, "y": 1.521814304141567}, "speed": {"x": 1.9840240921979566, "y": 0.0, "z": 0}, "pseudonym": 2}], "option": {"size": 331, "type": "CPM"}}
{"timestamp": 6.469999855384231, "ITS_PDU_Header": {"tmp": "tmp"}, "Management_Container": {"tmp": "tmp"},