{"timestamp": 5.759999871253967, "ITS_PDU_Header": {"tmp": "tmp"}, "Basic_Container": {"tmp": "tmp"}, "HF_Container": {"sumo_id": "23", "location": [133.589111328125, 2.0], "speed": [13358.91143140744, 200.00000447034847, 0], "yaw": 0.0}, "LF_Container": {"tmp": "tmp"}, "Special_Vehicle_Container": {"tmp": "tmp"}, "option": {"size": 190, "type": "CAM"}}
{"timestamp": 5.759999871253967, "ITS_PDU_Header": {"tmp": "tmp"}, "Management_Container": {"tmp": "tmp"}, "Station_Data_Container": {"sumo_id": "23", "location": [133.589111328125, 2.0], "speed": [13358.91143140744, 200.00000447034847, 0], "yaw": 0.0}, "Sensor_Information_Container": [0, 1, 2, 3], "Perceived_Object_Container": [{"time": 5.759999871253967, "location": {"x": 118.96169078690534, "y": -8.620888150315523}, "speed": {"x": -6.16455091903845, "y": 0.0, "z": 0}, "pseudonym": 0}], "option": {"size": 296, "type": "CPM"}}
{"timestamp": 5.869999868795276, "ITS_PDU_Header": {"tmp": "tmp"}, "Basic_Container": {"tmp": "tmp"}, "HF_Container": {"sumo_id": "23", "location": [133.60606384277344, 2.0], "speed": [0.27923584608515756, 0.0, 0], "yaw": 0.0}, "LF_Container": {"tmp": "tmp"}, "Special_Vehicle_Container": {"tmp": "tmp"}, "option": {"size": 190, "type": "CAM"}}
{"timestamp": 5.869999868795276, "ITS_PDU_Header": {"tmp": "tmp"}, "Management_Container": {"tmp": "tmp"}, "Station_Data_Container": {"sumo_id": "23", "location": [133.60606384277344, 2.0], "speed": [0.27923584608515756, 0.0, 0], "yaw": 0.0}, "Sensor_Information_Container": [0, 1, 2, 3], "Perceived_Object_Container": [{"time": 5.869999868795276, "location": {"x": 136.8646184842492, "y": -2.386245059201796}, "speed": {"x": -8.374023624674013, "y": 0.0, "z": 0}, "pseudonym": 1}, {"time": 5.869999868795276, "location": {"x": 45.775274670212085, "y": -1.7936011141431234}, "speed": {"x": -3.027343817666407, "y": 0.0, "z": 0}, "pseudonym": 2}], "option": {"size": 331, "type": "CPM"}}
{"timestamp": 5.9699998665601015, "ITS_PDU_Header": {"tmp": "tmp"}, "Management_Container": {"tmp": "tmp"}, "Station_Data_Container": {"sumo_id": "23", "location": [133.64805603027344, 2.0], "speed": [0.5233764765421258, 0.0, 0], "yaw": 0.0}, "Sensor_Information_Container": [0, 1, 2, 3], "Perceived_Object_Container": [{"time": 5.9699998665601015, "location": {"x": 231.68641757386587, "y": -1.9312232105628642}, "speed": {"x": -3.6743164883773733, "y": 0.0, "z": 0}, "pseudonym": 3}, {"time": 5.9699998665601015, "location": {"x": 216.82493922636579, "y": 8.41270693796923}, "speed": {"x": 11.425781505386118, "y": 0.0, "z": 0}, "pseudonym": 4}], "option": {"size": 331, "type": "CPM"}}
{"timestamp": 6.069999864324927, "ITS_PDU_Header": {"tmp": "tmp"}, "Management_Container": {"tmp": "tmp"}, "Station_Data_Container": {"sumo_id": "23", "location": [133.715087890625, 2.0], "speed": [0.7812500174622987, 0.0, 0], "yaw": 0.0}, "Sensor_Information_Container": [0, 1, 2, 3], "Perceived_Object_Container": [{"time": 6.069999864324927, "location": {"x": 229.6117468242275, "y": 5.026378989499483}, "speed": {"x": 10.119629132441338, "y": 0.0, "z": 0}, "pseudonym": 5}, {"time": 6.069999864324927, "location": {"x": 116.51488767099293, "y": -8.885269013567672}, "speed": {"x": -6.762695463658023, "y": 0.0, "z": 0}, "pseudonym": 0}], "option": {"size": 331, "type": "CPM"}}
{"timestamp": 6.069999864324927, "ITS_PDU_Header": {"tmp": "tmp"}, "Basic_Container": {"tmp": "tmp"}, "HF_Container": {"sumo_id": "23", "location": [133.715087890625, 2.0], "speed": [0.7812500174622987, 0.0, 0], "yaw": 0.0}, "LF_Container": {"tmp": "tmp"}, "Special_Vehicle_Container": {"tmp": "tmp"}, "option": {"size": 190, "type": "CAM"}}
{"timestamp": 6.169999862089753, "ITS_PDU_Header": {"tmp": "tmp"}, "Management_Container": {"tmp": "tmp"}, "Station_Data_Container": {"sumo_id": "23", "location": [133.806396484375, 2.0], "speed": [1.0131836163964185, 0.0, 0], "yaw": 0.0}, "Sensor_Information_Container": [0, 1, 2, 3], "Perceived_Object_Container": [{"time": 6.169999862089753, "location": {"x": 134.74198794432172, "y": -1.4288571202451696}, "speed": {"x": -8.959961137770739, "y": 0.0, "z": 0}, "pseudonym": 1}, {"time": 6.169999862089753, "location": {"x": 44.7912758372037, "y": -1.8560638528297098}, "speed": {"x": -3.5522461731488892, "y": 0.0, "z": 0}, "pseudonym": 2}], "option": {"size": 331, "type": "CPM"}}
{"timestamp": 6.269999859854579, "ITS_PDU_Header": {"tmp": "tmp"}, "Management_Container": {"tmp": "tmp"}, "Station_Data_Container": {"sumo_id": "23", "location": [133.9217529296875, 2.0], "speed": [1.257324246853387, 0.0, 0], "yaw": 0.0}, "Sensor_Information_Container": [0, 1, 2, 3], "Perceived_Object_Container": [{"time": 6.269999859854579, "location": {"x": 230.5268931861786, "y": -1.7844979245320858}, "speed": {"x": -4.270935154056589, "y": 0.0, "z": 0}, "pseudonym": 3}, {"time": 6.269999859854579, "location": {"x": 232.11519925525232, "y": 6.646868887112689}, "speed": {"x": 10.496521230709282, "y": 0.0, "z": 0}, "pseudonym": 6}, {"time": 6.269999859854579, "location": {"x": 221.59386357378293, "y": 8.410138446489501}, "speed": {"x": 11.975097923914296, "y": 0.0, "z": 0}, "pseudonym": 4}], "option": {"size": 366, "type": "CPM"}}
{"timestamp": 6.369999857619405, "ITS_PDU_Header": {"tmp": "tmp"}, "Basic_Container": {"tmp": "tmp"}, "HF_Container": {"sumo_id": "23", "location": [134.0595703125, 2.0], "speed": [1.4770508142646583, 0.0, 0], "yaw": 0.0}, "LF_Container": {"tmp": "tmp"}, "Special_Vehicle_Container": {"tmp": "tmp"}, "option": {"size": 190, "type": "CAM"}}
{"timestamp": 6.369999857619405, "ITS_PDU_Header": {"tmp": "tmp"}, "Management_Container": {"tmp": "tmp"}, "Station_Data_Container": {"sumo_id": "23", "location": [134.0595703125, 2.0], "speed": [1.4770508142646583, 0.0, 0], "yaw": 0.0}, "Sensor_Information_Container": [0, 1, 2, 3], "Perceived_Object_Container": [{"time": 6.369999857619405, "location": {"x": 114.16098571310744, "y": -9.008328582459527}, "speed": {"x": -7.32421891370905, "y": 0.0, "z": 0}, "pseudonym": 0}], "option": {"size": 296, "type": "CPM"}}
{"timestamp": 6.469999855384231, "ITS_PDU_Header": {"tmp": "tmp"}, "Management_Container": {"tmp": "tmp"}, "Station_Data_Container": {"sumo_id": "23", "location": [134.2200927734375, 2.0], "speed": [1.7089844131987784, 0.0, 0], "yaw": 0.0}, "Sensor_Information_Container": [0, 1, 2, 3], "Perceived_Object_Container": [{"time": 6.469999855384231, "location": {"x": 132.7914506239928, "y": -1.544085258485019}, "speed": {"x": -9.533691619344614, "y": 0.0, "z": 0}, "pseudonym": 1}, {"time": 6.469999855384231, "location": {"x": 43.57953915162641, "y": -2.4802621602244668}, "speed": {"x": -4.113769623199916, "y": 0.0, "z": 0}, "pseudonym": 2}], "option": {"size": 331, "type": "CPM"}}
{"timestamp": 6.569999853149056, "ITS_PDU_Header": {"tmp": "tmp"}, "Management_Container": {"tmp": "tmp"}, "Station_Data_Container": {"sumo_id": "23", "location": [134.40283203125, 2.0], "speed": [1.9287109806100498, 0.0, 0], "yaw": 0.0}, "Sensor_Information_Container": [0, 1, 2, 3], "Perceived_Object_Container": [{"time": 6.569999853149056, "location": {"x": 229.1358395043389, "y": -2.1581628700220143}, "speed": {"x": -4.882812609139367, "y": 0.0, "z": 0}, "pseudonym": 3}, {"time": 6.569999853149056, "location": {"x": 235.36517580516957, "y": 6.5997339424765995}, "speed": {"x": 11.09619165426921, "y": 0.0, "z": 0}, "pseudonym": 5}], "option": {"size": 331, "type": "CPM"}}
{"timestamp": 6.669999850913882, "ITS_PDU_Header": {"tmp": "tmp"}, "Basic_Container": {"tmp": "tmp"}, "HF_Container": {"sumo_id": "23", "location": [134.60704040527344, 2.0], "speed": [2.1347046375581167, 0.0, 0], "yaw": 0.0}, "LF_Container": {"tmp": "tmp"}, "Special_Vehicle_Container": {"tmp": "tmp"}, "option": {"size": 190, "type": "CAM"}}
{"timestamp": 6.669999850913882, "ITS_PDU_Header": {"tmp": "tmp"}, "Management_Container": {"tmp": "tmp"}, "Station_Data_Container": {"sumo_id": "23", "location": [134.60704040527344, 2.0], "speed": [2.1347046375581167, 0.0, 0], "yaw": 0.0},