{"timestamp": 6.009999865666032, "ITS_PDU_Header": {"tmp": "tmp"}, "Basic_Container": {"tmp": "tmp"}, "HF_Container": {"sumo_id": "24", "location": [848.6931762695312, 2.0], "speed": [84869.31952393024, 200.00000447034847, 0], "yaw": 0.0}, "LF_Container": {"tmp": "tmp"}, "Special_Vehicle_Container": {"tmp": "tmp"}, "option": {"size": 190, "type": "CAM"}}
{"timestamp": 6.009999865666032, "ITS_PDU_Header": {"tmp": "tmp"}, "Management_Container": {"tmp": "tmp"}, "Station_Data_Container": {"sumo_id": "24", "location": [848.6931762695312, 2.0], "speed": [84869.31952393024, 200.00000447034847, 0], "yaw": 0.0}, "Sensor_Information_Container": [0, 1, 2, 3], "Perceived_Object_Container": [{"time": 6.009999865666032, "location": {"x": 929.3396301269531, "y": 2.0}, "speed": {"x": 4.730224715103762, "y": 0.0, "z": 0}, "pseudonym": 0}, {"time": 6.009999865666032, "location": {"x": 881.7961492365826, "y": -6.128296779717582}, "speed": {"x": -5.242920039063395, "y": 0.0, "z": 0}, "pseudonym": 1}], "option": {"size": 331, "type": "CPM"}}
{"timestamp": 6.11999986320734, "ITS_PDU_Header": {"tmp": "tmp"}, "Basic_Container": {"tmp": "tmp"}, "HF_Container": {"sumo_id": "24", "location": [848.710205078125, 2.0], "speed": [0.2807617250255136, 0.0, 0], "yaw": 0.0}, "LF_Container": {"tmp": "tmp"}, "Special_Vehicle_Container": {"tmp": "tmp"}, "option": {"size": 190, "type": "CAM"}}
{"timestamp": 6.319999858736992, "ITS_PDU_Header": {"tmp": "tmp"}, "Management_Container": {"tmp": "tmp"}, "Station_Data_Container": {"sumo_id": "24", "location": [848.8187866210938, 2.0], "speed": [0.7812500174622987, 0.0, 0], "yaw": 0.0}, "Sensor_Information_Container": [0, 1, 2, 3], "Perceived_Object_Container": [{"time": 6.319999858736992, "location": {"x": 930.944742708812, "y": 1.8449469763274151}, "speed": {"x": 5.340576291246182, "y": 0.0, "z": 0}, "pseudonym": 0}, {"time": 6.319999858736992, "location": {"x": 880.7404317236953, "y": -5.450593716247244}, "speed": {"x": -5.810547004875846, "y": 0.0, "z": 0}, "pseudonym": 1}], "option": {"size": 331, "type": "CPM"}}
{"timestamp": 6.319999858736992, "ITS_PDU_Header": {"tmp": "tmp"}, "Basic_Container": {"tmp": "tmp"}, "HF_Container": {"sumo_id": "24", "location": [848.8187866210938, 2.0], "speed": [0.7812500174622987, 0.0, 0], "yaw": 0.0}, "LF_Container": {"tmp": "tmp"}, "Special_Vehicle_Container": {"tmp": "tmp"}, "option": {"size": 190, "type": "CAM"}}
{"timestamp": 6.619999852031469, "ITS_PDU_Header": {"tmp": "tmp"}, "Basic_Container": {"tmp": "tmp"}, "HF_Container": {"sumo_id": "24", "location": [849.1602783203125, 2.0], "speed": [1.4526367512189615, 0.0, 0], "yaw": 0.0}, "LF_Container": {"tmp": "tmp"}, "Special_Vehicle_Container": {"tmp": "tmp"}, "option": {"size": 190, "type": "CAM"}}
{"timestamp": 6.619999852031469, "ITS_PDU_Header": {"tmp": "tmp"}, "Management_Container": {"tmp": "tmp"}, "Station_Data_Container": {"sumo_id": "24", "location": [849.1602783203125, 2.0], "speed": [1.4526367512189615, 0.0, 0], "yaw": 0.0}, "Sensor_Information_Container": [0, 1, 2, 3], "Perceived_Object_Container": [{"time": 6.619999852031469, "location": {"x": 932.6617359383084, "y": 2.171592099528338}, "speed": {"x": 5.926513804342906, "y": 0.0, "z": 0}, "pseudonym": 0}, {"time": 6.619999852031469, "location": {"x": 879.2951853049974, "y": -5.418471729787063}, "speed": {"x": -6.402588033733995, "y": 0.0, "z": 0}, "pseudonym": 1}], "option": {"size": 331, "type": "CPM"}}
{"timestamp": 6.919999845325947, "ITS_PDU_Header": {"tmp": "tmp"}, "Basic_Container": {"tmp": "tmp"}, "HF_Container": {"sumo_id": "24", "location": [849.69873046875, 2.0], "speed": [2.0996094219299275, 0.0, 0], "yaw": 0.0}, "LF_Container": {"tmp": "tmp"}, "Special_Vehicle_Container": {"tmp": "tmp"}, "option": {"size": 190, "type": "CAM"}}
{"timestamp": 6.919999845325947, "ITS_PDU_Header": {"tmp": "tmp"}, "Management_Container": {"tmp": "tmp"}, "Station_Data_Container": {"sumo_id": "24", "location": [849.69873046875, 2.0], "speed": [2.0996094219299275, 0.0, 0], "yaw": 0.0}, "Sensor_Information_Container": [0, 1, 2, 3], "Perceived_Object_Container": [{"time": 6.919999845325947, "location": {"x": 876.2201897535856, "y": -5.589005026258958}, "speed": {"x": -7.006836094114991, "y": 0.0, "z": 0}, "pseudonym": 1}, {"time": 6.919999845325947, "location": {"x": 934.5850839270664, "y": 1.9550661046193394}, "speed": {"x": 6.475830222871085, "y": 0.0, "z": 0}, "pseudonym": 0}], "option": {"size": 331, "type": "CPM"}}
{"timestamp": 7.219999838620424, "ITS_PDU_Header": {"tmp": "tmp"}, "Basic_Container": {"tmp": "tmp"}, "HF_Container": {"sumo_id": "24", "location": [850.4281616210938, 2.0], "speed": [2.7160645138337727, 0.0, 0], "yaw": 0.0}, "LF_Container": {"tmp": "tmp"}, "Special_Vehicle_Container": {"tmp": "tmp"}, "option": {"size": 190, "type": "CAM"}}
{"timestamp": 7.219999838620424, "ITS_PDU_Header": {"tmp": "tmp"}, "Management_Container": {"tmp": "tmp"}, "Station_Data_Container": {"sumo_id": "24", "location": [850.4281616210938, 2.0], "speed": [2.7160645138337727, 0.0, 0], "yaw": 0.0}, "Sensor_Information_Container": [0, 1, 2, 3], "Perceived_Object_Container": [{"time": 7.219999838620424, "location": {"x": 874.0692206584699, "y": -5.498456416844148}, "speed": {"x": -7.5500489968817455, "y": 0.0, "z": 0}, "pseudonym": 1}, {"time": 7.219999838620424, "location": {"x": 936.5196307435954, "y": 1.9500106257808931}, "speed": {"x": 7.0739747674906575, "y": 0.0, "z": 0}, "pseudonym": 0}], "option": {"size": 331, "type": "CPM"}}
{"timestamp": 7.519999831914902, "ITS_PDU_Header": {"tmp": "tmp"}, "Management_Container": {"tmp": "tmp"}, "Station_Data_Container": {"sumo_id": "24", "location": [851.3321533203125, 2.0], "speed": [3.2897949954076484, 0.0, 0], "yaw": 0.0}, "Sensor_Information_Container": [0, 1, 2, 3], "Perceived_Object_Container": [{"time": 7.519999831914902, "location": {"x": 872.4271227258486, "y": -5.418205491559216}, "speed": {"x": -8.111572446932772, "y": 0.0, "z": 0}, "pseudonym": 1}, {"time": 7.519999831914902, "location": {"x": 871.7048615112146, "y": -6.217941345679042}, "speed": {"x": -8.111572446932772, "y": 0.0, "z": 0}, "pseudonym": 1}, {"time": 7.519999831914902, "location": {"x": 938.7497648282817, "y": 2.0402527374716555}, "speed": {"x": 7.635498217541684, "y": 0.0, "z": 0}, "pseudonym": 0}, {"time": 7.519999831914902, "location": {"x": 961.8166066713129, "y": -9.16240711581233}, "speed": {"x": 96206.31928905068, "y": -925.0000206753616, "z": 0}, "pseudonym": 2}], "option": {"size": 401, "type": "CPM"}}
{"timestamp": 7.519999831914902, "ITS_PDU_Header": {"tmp": "tmp"}, "Basic_Container": {"tmp": "tmp"}, "HF_Container": {"sumo_id": "24", "location": [851.3321533203125, 2.0], "speed": [3.2897949954076484, 0.0, 0], "yaw": 0.0}, "LF_Container": {"tmp": "tmp"}, "Special_Vehicle_Container": {"tmp": "tmp"}, "option": {"size": 190, "type": "CAM"}}
