{"timestamp": 6.869999846443534, "ITS_PDU_Header": {"tmp": "tmp"}, "Basic_Container": {"tmp": "tmp"}, "HF_Container": {"sumo_id": "27", "location": [327.6906433105469, -5.75], "speed": [-0.2838134829062257, 0.0, 0], "yaw": -179.99996948242188}, "LF_Container": {"tmp": "tmp"}, "Special_Vehicle_Container": {"tmp": "tmp"}, "option": {"size": 190, "type": "CAM"}}
{"timestamp": 6.869999846443534, "ITS_PDU_Header": {"tmp": "tmp"}, "Management_Container": {"tmp": "tmp"}, "Station_Data_Container": {"sumo_id": "27", "location": [327.6906433105469, -5.75], "speed": [-0.2838134829062257, 0.0, 0], "yaw": -179.99996948242188}, "Sensor_Information_Container": [0, 1, 2, 3], "Perceived_Object_Container": [{"time": 6.869999846443534, "location": {"x": 236.7102200959169, "y": 5.029004049860871}, "speed": {"x": 11.669922135843086, "y": 0.0, "z": 0}, "pseudonym": 0}, {"time": 6.869999846443534, "location": {"x": 238.70272702048663, "y": 5.029665532164273}, "speed": {"x": 11.669922135843086, "y": 0.0, "z": 0}, "pseudonym": 1}], "option": {"size": 331, "type": "CPM"}}
{"timestamp": 6.96999984420836, "ITS_PDU_Header": {"tmp": "tmp"}, "Management_Container": {"tmp": "tmp"}, "Station_Data_Container": {"sumo_id": "27", "location": [327.6488037109375, -5.75], "speed": [-0.5249023554824819, 0.0, 0], "yaw": -179.99996948242188}, "Sensor_Information_Container": [0, 1, 2, 3], "Perceived_Object_Container": [{"time": 6.96999984420836, "location": {"x": 228.65860099520864, "y": -1.9192133683090633}, "speed": {"x": -5.702209600110566, "y": 0.0, "z": 0}, "pseudonym": 2}], "option": {"size": 296, "type": "CPM"}}
{"timestamp": 7.0699998419731855, "ITS_PDU_Header": {"tmp": "tmp"}, "Management_Container": {"tmp": "tmp"}, "Station_Data_Container": {"sumo_id": "27", "location": [327.5821533203125, -5.75], "speed": [-0.7690429859394502, 0.0, 0], "yaw": -179.99996948242188}, "Sensor_Information_Container": [0, 1, 2, 3], "Perceived_Object_Container": [{"time": 7.0699998419731855, "location": {"x": 231.26292517144847, "y": 8.416881235860169}, "speed": {"x": 13.514709774733554, "y": 0.0, "z": 0}, "pseudonym": 3}], "option": {"size": 296, "type": "CPM"}}
{"timestamp": 7.169999839738011, "ITS_PDU_Header": {"tmp": "tmp"}, "Basic_Container": {"tmp": "tmp"}, "HF_Container": {"sumo_id": "27", "location": [327.4915771484375, -5.75], "speed": [-1.0131836163964185, 0.0, 0], "yaw": -179.99996948242188}, "LF_Container": {"tmp": "tmp"}, "Special_Vehicle_Container": {"tmp": "tmp"}, "option": {"size": 190, "type": "CAM"}}
{"timestamp": 7.169999839738011, "ITS_PDU_Header": {"tmp": "tmp"}, "Management_Container": {"tmp": "tmp"}, "Station_Data_Container": {"sumo_id": "27", "location": [327.4915771484375, -5.75], "speed": [-1.0131836163964185, 0.0, 0], "yaw": -179.99996948242188}, "Sensor_Information_Container": [0, 1, 2, 3], "Perceived_Object_Container": [{"time": 7.169999839738011, "location": {"x": 242.52592185993353, "y": 6.142920965765134}, "speed": {"x": 12.268066680462658, "y": 0.0, "z": 0}, "pseudonym": 1}], "option": {"size": 296, "type": "CPM"}}
{"timestamp": 7.269999837502837, "ITS_PDU_Header": {"tmp": "tmp"}, "Management_Container": {"tmp": "tmp"}, "Station_Data_Container": {"sumo_id": "27", "location": [327.3773193359375, -5.75], "speed": [-1.2451172153305385, 0.0, 0], "yaw": -179.99996948242188}, "Sensor_Information_Container": [0, 1, 2, 3], "Perceived_Object_Container": [{"time": 7.269999837502837, "location": {"x": 226.7885626954337, "y": -2.0229377888021918}, "speed": {"x": -6.285095355326579, "y": 0.0, "z": 0}, "pseudonym": 2}, {"time": 7.269999837502837, "location": {"x": 241.98494834318626, "y": 5.022317366472734}, "speed": {"x": 12.474060337410727, "y": 0.0, "z": 0}, "pseudonym": 0}], "option": {"size": 331, "type": "CPM"}}
{"timestamp": 7.369999835267663, "ITS_PDU_Header": {"tmp": "tmp"}, "Management_Container": {"tmp": "tmp"}, "Station_Data_Container": {"sumo_id": "27", "location": [327.2404479980469, -5.75], "speed": [-1.46484378274181, 0.0, 0], "yaw": -179.99996948242188}, "Sensor_Information_Container": [0, 1, 2, 3], "Perceived_Object_Container": [{"time": 7.369999835267663, "location": {"x": 235.52815759604528, "y": 8.416275097955007}, "speed": {"x": 14.074707345844224, "y": 0.0, "z": 0}, "pseudonym": 3}], "option": {"size": 296, "type": "CPM"}}
{"timestamp": 7.469999833032489, "ITS_PDU_Header": {"tmp": "tmp"}, "Basic_Container": {"tmp": "tmp"}, "HF_Container": {"sumo_id": "27", "location": [327.0816650390625, -5.75], "speed": [-1.6845703501530815, 0.0, 0], "yaw": -179.99996948242188}, "LF_Container": {"tmp": "tmp"}, "Special_Vehicle_Container": {"tmp": "tmp"}, "option": {"size": 190, "type": "CAM"}}
{"timestamp": 7.469999833032489, "ITS_PDU_Header": {"tmp": "tmp"}, "Management_Container": {"tmp": "tmp"}, "Station_Data_Container": {"sumo_id": "27", "location": [327.0816650390625, -5.75], "speed": [-1.6845703501530815, 0.0, 0], "yaw": -179.99996948242188}, "Sensor_Information_Container": [0, 1, 2, 3], "Perceived_Object_Container": [{"time": 7.469999833032489, "location": {"x": 246.32362712336848, "y": 5.9585079111585415}, "speed": {"x": 12.87841825660508, "y": 0.0, "z": 0}, "pseudonym": 1}], "option": {"size": 296, "type": "CPM"}}
{"timestamp": 7.569999830797315, "ITS_PDU_Header": {"tmp": "tmp"}, "Management_Container": {"tmp": "tmp"}, "Station_Data_Container": {"sumo_id": "27", "location": [326.9015808105469, -5.75], "speed": [-1.8951416439222166, 0.0, 0], "yaw": -179.99996948242188}, "Sensor_Information_Container": [0, 1, 2, 3], "Perceived_Object_Container": [{"time": 7.569999830797315, "location": {"x": 224.76591814210963, "y": -2.102446773067325}, "speed": {"x": -6.86035171584081, "y": 0.0, "z": 0}, "pseudonym": 2}], "option": {"size": 296, "type": "CPM"}}
