{"timestamp": 15.009999664500356, "ITS_PDU_Header": {"tmp": "tmp"}, "Management_Container": {"tmp": "tmp"}, "Station_Data_Container": {"sumo_id": "60", "location": [569.3992919921875, -2.0], "speed": [56939.93047192537, -200.00000447034847, 0], "yaw": -179.99996948242188}, "Sensor_Information_Container": [0, 1, 2, 3], "Perceived_Object_Container": [{"time": 15.009999664500356, "location": {"x": 520.9028648854402, "y": 1.8260037040434876}, "speed": {"x": 4.687500104773792, "y": 0.0, "z": 0}, "pseudonym": 0}, {"time": 15.009999664500356, "location": {"x": 705.3849029540675, "y": -1.999903569998789}, "speed": {"x": -6.188964982084147, "y": 0.0, "z": 0}, "pseudonym": 1}], "option": {"size": 331, "type": "CPM"}}
{"timestamp": 15.009999664500356, "ITS_PDU_Header": {"tmp": "tmp"}, "Basic_Container": {"tmp": "tmp"}, "HF_Container": {"sumo_id": "60", "location": [569.3992919921875, -2.0], "speed": [56939.93047192537, -200.00000447034847, 0], "yaw": -179.99996948242188}, "LF_Container": {"tmp": "tmp"}, "Special_Vehicle_Container": {"tmp": "tmp"}, "option": {"size": 190, "type": "CAM"}}
{"timestamp": 15.119999662041664, "ITS_PDU_Header": {"tmp": "tmp"}, "Basic_Container": {"tmp": "tmp"}, "HF_Container": {"sumo_id": "60", "location": [569.38232421875, -2.0], "speed": [-0.2807617250255136, 0.0, 0], "yaw": -179.99996948242188}, "LF_Container": {"tmp": "tmp"}, "Special_Vehicle_Container": {"tmp": "tmp"}, "option": {"size": 190, "type": "CAM"}}
{"timestamp": 15.319999657571316, "ITS_PDU_Header": {"tmp": "tmp"}, "Management_Container": {"tmp": "tmp"}, "Station_Data_Container": {"sumo_id": "60", "location": [569.2740478515625, -2.0], "speed": [-0.762939470178026, 0.0, 0], "yaw": -179.99996948242188}, "Sensor_Information_Container": [0, 1, 2, 3], "Perceived_Object_Container": [{"time": 15.319999657571316, "location": {"x": 522.3875610516783, "y": 1.6078063621582062}, "speed": {"x": 5.285644649393364, "y": 0.0, "z": 0}, "pseudonym": 0}, {"time": 15.319999657571316, "location": {"x": 703.4129177472805, "y": -2.125746973070872}, "speed": {"x": -6.78710952670372, "y": 0.0, "z": 0}, "pseudonym": 1}], "option": {"size": 331, "type": "CPM"}}
{"timestamp": 15.419999655336142, "ITS_PDU_Header": {"tmp": "tmp"}, "Basic_Container": {"tmp": "tmp"}, "HF_Container": {"sumo_id": "60", "location": [569.183837890625, -2.0], "speed": [-0.9948730691121459, 0.0, 0], "yaw": -179.99996948242188}, "LF_Container": {"tmp": "tmp"}, "Special_Vehicle_Container": {"tmp": "tmp"}, "option": {"size": 190, "type": "CAM"}}
{"timestamp": 15.619999650865793, "ITS_PDU_Header": {"tmp": "tmp"}, "Management_Container": {"tmp": "tmp"}, "Station_Data_Container": {"sumo_id": "60", "location": [568.9359741210938, -2.0], "speed": [-1.4465332354575373, 0.0, 0], "yaw": -179.99996948242188}, "Sensor_Information_Container": [0, 1, 2, 3], "Perceived_Object_Container": [{"time": 15.619999650865793, "location": {"x": 701.2609068638212, "y": -2.0115721745209023}, "speed": {"x": -7.360840008277595, "y": 0.0, "z": 0}, "pseudonym": 1}, {"time": 15.619999650865793, "location": {"x": 524.1279155153609, "y": 1.9658620466162282}, "speed": {"x": 5.871582162490088, "y": 0.0, "z": 0}, "pseudonym": 0}], "option": {"size": 331, "type": "CPM"}}
{"timestamp": 15.719999648630619, "ITS_PDU_Header": {"tmp": "tmp"}, "Basic_Container": {"tmp": "tmp"}, "HF_Container": {"sumo_id": "60", "location": [568.7797241210938, -2.0], "speed": [-1.666259802868809, 0.0, 0], "yaw": -179.99996948242188}, "LF_Container": {"tmp": "tmp"}, "Special_Vehicle_Container": {"tmp": "tmp"}, "option": {"size": 190, "type": "CAM"}}
{"timestamp": 15.91999964416027, "ITS_PDU_Header": {"tmp": "tmp"}, "Management_Container": {"tmp": "tmp"}, "Station_Data_Container": {"sumo_id": "60", "location": [568.4039306640625, -2.0], "speed": [-2.0751953588842307, 0.0, 0], "yaw": -179.99996948242188}, "Sensor_Information_Container": [0, 1, 2, 3], "Perceived_Object_Container": [{"time": 15.91999964416027, "location": {"x": 698.9446179100344, "y": -1.7372977489159043}, "speed": {"x": -7.958984552897167, "y": 0.0, "z": 0}, "pseudonym": 1}, {"time": 15.91999964416027, "location": {"x": 525.9678164570688, "y": 2.0971943344470603}, "speed": {"x": 6.445312644063964, "y": 0.0, "z": 0}, "pseudonym": 0}], "option": {"size": 331, "type": "CPM"}}
{"timestamp": 16.019999641925097, "ITS_PDU_Header": {"tmp": "tmp"}, "Basic_Container": {"tmp": "tmp"}, "HF_Container": {"sumo_id": "60", "location": [568.1840209960938, -2.0], "speed": [-2.2888184105340783, 0.0, 0], "yaw": -179.99996948242188}, "LF_Container": {"tmp": "tmp"}, "Special_Vehicle_Container": {"tmp": "tmp"}, "option": {"size": 190, "type": "CAM"}}
{"timestamp": 16.219999637454748, "ITS_PDU_Header": {"tmp": "tmp"}, "Management_Container": {"tmp": "tmp"}, "Station_Data_Container": {"sumo_id": "60", "location": [567.6861572265625, -2.0], "speed": [-2.661132871980955, 0.0, 0], "yaw": -179.99996948242188}, "Sensor_Information_Container": [0, 1, 2, 3], "Perceived_Object_Container": [{"time": 16.219999637454748, "location": {"x": 696.4438937981273, "y": -2.075413395442686}, "speed": {"x": -8.581543160562436, "y": 0.0, "z": 0}, "pseudonym": 1}, {"time": 16.219999637454748, "location": {"x": 527.9916241270633, "y": 1.9475992909046242}, "speed": {"x": 7.055664220206385, "y": 0.0, "z": 0}, "pseudonym": 0}], "option": {"size": 331, "type": "CPM"}}
{"timestamp": 16.319999635219574, "ITS_PDU_Header": {"tmp": "tmp"}, "Basic_Container": {"tmp": "tmp"}, "HF_Container": {"sumo_id": "60", "location": [567.408935546875, -2.0], "speed": [-2.8564453763465294, 0.0, 0], "yaw": -179.99996948242188}, "LF_Container": {"tmp": "tmp"}, "Special_Vehicle_Container": {"tmp": "tmp"}, "option": {"size": 190, "type": "CAM"}}
{"timestamp": 16.519999630749226, "ITS_PDU_Header": {"tmp": "tmp"}, "Management_Container": {"tmp": "tmp"}, "Station_Data_Container": {"sumo_id": "60", "location": [566.7943115234375, -2.0], "speed": [-3.271484448123376, 0.0, 0], "yaw": -179.99996948242188}, "Sensor_Information_Container": [0, 1, 2, 3], "Perceived_Object_Container": [{"time": 16.519999630749226, "location": {"x": 693.8039999507547, "y": -1.9408840727634553}, "speed": {"x": -9.17968770518201, "y": 0.0, "z": 0}, "pseudonym": 1}, {"time": 16.519999630749226, "location": {"x": 530.0362137939363, "y": 1.842301108479843}, "speed": {"x": 7.62939470178026, "y": 0.0, "z": 0}, "pseudonym": 0}], "option": {"size": 331, "type": "CPM"}}
{"timestamp": 16.61999962851405, "ITS_PDU_Header": {"tmp": "tmp"}, "Basic_Container": {"tmp": "tmp"}, "HF_Container": {"sumo_id": "60", "location": [566.4574584960938, -2.0], "speed": [-3.460693436727526, 0.0, 0], "yaw": -179.99996948242188}, "LF_Container": {"tmp": "tmp"}, "Special_Vehicle_Container": {"tmp": "tmp"}, "option": {"size": 190, "type": "CAM"}}
{"timestamp": 16.819999624043703, "ITS_PDU_Header": {"tmp": "tmp"}, "Management_Container": {"tmp": "tmp"}, "Station_Data_Container": {"sumo_id": "60", "location": [565.7265625, -2.0], "speed": [-3.8330078981744027, 0.0, 0], "yaw": -179.99996948242188}, "Sensor_Information_Container": [0, 1, 2, 3], "Perceived_Object_Container": [{"time": 16.819999624043703, "location": {"x": 690.9600627796171, "y": -2.443124002278702}, "speed": {"x": -9.783935765563006, "y": 0.0, "z": 0}, "pseudonym": 1}, {"time": 16.819999624043703, "location": {"x": 532.6431772849452, "y": 1.9391574544368988}, "speed": {"x": 8.215332214876984, "y": 0.0, "z": 0}, "pseudonym": 0}], "option": {"size": 331, "type": "CPM"}}
