{"timestamp": 15.75999964773655, "ITS_PDU_Header": {"tmp": "tmp"}, "Management_Container": {"tmp": "tmp"}, "Station_Data_Container": {"sumo_id": "63", "location": [964.9203491210938, -2.0], "speed": [96492.03706887447, -200.00000447034847, 0], "yaw": -179.99996948242188}, "Sensor_Information_Container": [0, 1, 2, 3], "Perceived_Object_Container": [{"time": 15.75999964773655, "location": {"x": 917.9539734730262, "y": 1.6987332968470552}, "speed": {"x": 17.18750038417057, "y": 0.0, "z": 0}, "pseudonym": 0}, {"time": 15.75999964773655, "location": {"x": 994.9314832882983, "y": -2.1473915003078243}, "speed": {"x": -6.610107569622418, "y": 0.0, "z": 0}, "pseudonym": 1}], "option": {"size": 331, "type": "CPM"}}
{"timestamp": 15.75999964773655, "ITS_PDU_Header": {"tmp": "tmp"}, "Basic_Container": {"tmp": "tmp"}, "HF_Container": {"sumo_id": "63", "location": [964.9203491210938, -2.0], "speed": [96492.03706887447, -200.00000447034847, 0], "yaw": -179.99996948242188}, "LF_Container": {"tmp": "tmp"}, "Special_Vehicle_Container": {"tmp": "tmp"}, "option": {"size": 190, "type": "CAM"}}
{"timestamp": 15.869999645277858, "ITS_PDU_Header": {"tmp": "tmp"}, "Management_Container": {"tmp": "tmp"}, "Station_Data_Container": {"sumo_id": "63", "location": [964.9034423828125, -2.0], "speed": [-0.2807617250255136, 0.0, 0], "yaw": -179.99996948242188}, "Sensor_Information_Container": [0, 1, 2, 3], "Perceived_Object_Container": [{"time": 15.869999645277858, "location": {"x": 892.8963867103281, "y": -8.903272872430252}, "speed": {"x": -16.47949255584536, "y": 0.0, "z": 0}, "pseudonym": 2}, {"time": 15.869999645277858, "location": {"x": 945.9911309964857, "y": 1.8218596879389382}, "speed": {"x": 16.815185922723693, "y": 0.0, "z": 0}, "pseudonym": 3}], "option": {"size": 331, "type": "CPM"}}
{"timestamp": 15.869999645277858, "ITS_PDU_Header": {"tmp": "tmp"}, "Basic_Container": {"tmp": "tmp"}, "HF_Container": {"sumo_id": "63", "location": [964.9034423828125, -2.0], "speed": [-0.2807617250255136, 0.0, 0], "yaw": -179.99996948242188}, "LF_Container": {"tmp": "tmp"}, "Special_Vehicle_Container": {"tmp": "tmp"}, "option": {"size": 190, "type": "CAM"}}
{"timestamp": 16.06999964080751, "ITS_PDU_Header": {"tmp": "tmp"}, "Management_Container": {"tmp": "tmp"}, "Station_Data_Container": {"sumo_id": "63", "location": [964.7947387695312, -2.0], "speed": [-0.7812500174622987, 0.0, 0], "yaw": -179.99996948242188}, "Sensor_Information_Container": [0, 1, 2, 3], "Perceived_Object_Container": [{"time": 16.06999964080751, "location": {"x": 992.8096759342985, "y": -2.045322833363354}, "speed": {"x": -7.202148598480566, "y": 0.0, "z": 0}, "pseudonym": 1}], "option": {"size": 296, "type": "CPM"}}
{"timestamp": 16.06999964080751, "ITS_PDU_Header": {"tmp": "tmp"}, "Basic_Container": {"tmp": "tmp"}, "HF_Container": {"sumo_id": "63", "location": [964.7947387695312, -2.0], "speed": [-0.7812500174622987, 0.0, 0], "yaw": -179.99996948242188}, "LF_Container": {"tmp": "tmp"}, "Special_Vehicle_Container": {"tmp": "tmp"}, "option": {"size": 190, "type": "CAM"}}
{"timestamp": 16.169999638572335, "ITS_PDU_Header": {"tmp": "tmp"}, "Management_Container": {"tmp": "tmp"}, "Station_Data_Container": {"sumo_id": "63", "location": [964.7042236328125, -2.0], "speed": [-1.0131836163964185, 0.0, 0], "yaw": -179.99996948242188}, "Sensor_Information_Container": [0, 1, 2, 3], "Perceived_Object_Container": [{"time": 16.169999638572335, "location": {"x": 887.8823768059877, "y": -9.293403794179723}, "speed": {"x": -17.01660194285069, "y": 0.0, "z": 0}, "pseudonym": 2}, {"time": 16.169999638572335, "location": {"x": 949.438009913203, "y": 1.4074752405565234}, "speed": {"x": 16.821289438485117, "y": 0.0, "z": 0}, "pseudonym": 4}], "option": {"size": 331, "type": "CPM"}}
{"timestamp": 16.369999634101987, "ITS_PDU_Header": {"tmp": "tmp"}, "Management_Container": {"tmp": "tmp"}, "Station_Data_Container": {"sumo_id": "63", "location": [964.454345703125, -2.0], "speed": [-1.4526367512189615, 0.0, 0], "yaw": -179.99996948242188}, "Sensor_Information_Container": [0, 1, 2, 3], "Perceived_Object_Container": [{"time": 16.369999634101987, "location": {"x": 990.5477156090677, "y": -2.043954012161333}, "speed": {"x": -7.7880861115772895, "y": 0.0, "z": 0}, "pseudonym": 1}], "option": {"size": 296, "type": "CPM"}}
{"timestamp": 16.369999634101987, "ITS_PDU_Header": {"tmp": "tmp"}, "Basic_Container": {"tmp": "tmp"}, "HF_Container": {"sumo_id": "63", "location": [964.454345703125, -2.0], "speed": [-1.4526367512189615, 0.0, 0], "yaw": -179.99996948242188}, "LF_Container": {"tmp": "tmp"}, "Special_Vehicle_Container": {"tmp": "tmp"}, "option": {"size": 190, "type": "CAM"}}
{"timestamp": 16.56999962963164, "ITS_PDU_Header": {"tmp": "tmp"}, "Management_Container": {"tmp": "tmp"}, "Station_Data_Container": {"sumo_id": "63", "location": [964.1158447265625, -2.0], "speed": [-1.8920898860415045, 0.0, 0], "yaw": -179.99996948242188}, "Sensor_Information_Container": [0, 1, 2, 3], "Perceived_Object_Container": [{"time": 16.56999962963164, "location": {"x": 880.9080122619258, "y": -9.291709856342454}, "speed": {"x": -17.797851960312993, "y": 0.0, "z": 0}, "pseudonym": 2}], "option": {"size": 296, "type": "CPM"}}
{"timestamp": 16.669999627396464, "ITS_PDU_Header": {"tmp": "tmp"}, "Management_Container": {"tmp": "tmp"}, "Station_Data_Container": {"sumo_id": "63", "location": [963.913818359375, -2.0], "speed": [-2.1057129376913517, 0.0, 0], "yaw": -179.99996948242188}, "Sensor_Information_Container": [0, 1, 2, 3], "Perceived_Object_Container": [{"time": 16.669999627396464, "location": {"x": 988.1116307211622, "y": -1.9411401622249227}, "speed": {"x": -8.374023624674013, "y": 0.0, "z": 0}, "pseudonym": 1}, {"time": 16.669999627396464, "location": {"x": 931.628156451039, "y": 1.2909135846258861}, "speed": {"x": 17.126465226556327, "y": 0.0, "z": 0}, "pseudonym": 5}], "option": {"size": 331, "type": "CPM"}}
{"timestamp": 16.669999627396464, "ITS_PDU_Header": {"tmp": "tmp"}, "Basic_Container": {"tmp": "tmp"}, "HF_Container": {"sumo_id": "63", "location": [963.913818359375, -2.0], "speed": [-2.1057129376913517, 0.0, 0], "yaw": -179.99996948242188}, "LF_Container": {"tmp": "tmp"}, "Special_Vehicle_Container": {"tmp": "tmp"}, "option": {"size": 190, "type": "CAM"}}
{"timestamp": 16.76999962516129, "ITS_PDU_Header": {"tmp": "tmp"}, "Management_Container": {"tmp": "tmp"}, "Station_Data_Container": {"sumo_id": "63", "location": [963.692626953125, -2.0], "speed": [-2.2888184105340783, 0.0, 0], "yaw": -179.99996948242188}, "Sensor_Information_Container": [0, 1, 2, 3], "Perceived_Object_Container": [{"time": 16.76999962516129, "location": {"x": 935.2712192918606, "y": 1.6225605221908412}, "speed": {"x": 17.126465226556327, "y": 0.0, "z": 0}, "pseudonym": 0}], "option": {"size": 296, "type": "CPM"}}
{"timestamp": 16.869999622926116, "ITS_PDU_Header": {"tmp": "tmp"}, "Management_Container": {"tmp": "tmp"}, "Station_Data_Container": {"sumo_id": "63", "location": [963.4522705078125, -2.0], "speed": [-2.4719238833768045, 0.0, 0], "yaw": -179.99996948242188}, "Sensor_Information_Container": [0, 1, 2, 3], "Perceived_Object_Container": [{"time": 16.869999622926116, "location": {"x": 875.466670993364, "y": -9.54309866648695}, "speed": {"x": -18.40210002069399, "y": 0.0, "z": 0}, "pseudonym": 2}], "option": {"size": 296, "type": "CPM"}}
