{"timestamp": 120.00000000149012, "ITS_PDU_Header": {"tmp": "tmp"}, "Management_Container": {"tmp": "tmp"}, "Station_Data_Container": {"sumo_id": "250", "location": [778.5340576171875, 5.75], "speed": [7785.340460161262, 57.499999143183246, 0], "yaw": 0.0}, "Sensor_Information_Container": [0, 1, 2, 3], "Perceived_Object_Container": [{"time": 120.00000000149012, "location": {"x": 784.7313869276356, "y": 2.6267524853583906}, "speed": {"x": 7851.955449402996, "y": 19.99999970197678, "z": 0}, "pseudonym": 0}, {"time": 120.00000000149012, "location": {"x": 909.1836149423052, "y": 9.030671054688085}, "speed": {"x": 9106.292588915041, "y": 92.4999986216426, "z": 0}, "pseudonym": 1}], "option": {"size": 331, "type": "CPM"}}
{"timestamp": 120.00000000149012, "ITS_PDU_Header": {"tmp": "tmp"}, "Basic_Container": {"tmp": "tmp"}, "HF_Container": {"sumo_id": "250", "location": [778.5340576171875, 5.75], "speed": [7785.340460161262, 57.499999143183246, 0], "yaw": 0.0}, "LF_Container": {"tmp": "tmp"}, "Special_Vehicle_Container": {"tmp": "tmp"}, "option": {"size": 190, "type": "CAM"}}
{"timestamp": 120.10000000298024, "ITS_PDU_Header": {"tmp": "tmp"}, "Management_Container": {"tmp": "tmp"}, "Station_Data_Container": {"sumo_id": "250", "location": [780.1922607421875, 5.75], "speed": [16.582031002908483, 0.0, 0], "yaw": 0.0}, "Sensor_Information_Container": [0, 1, 2, 3], "Perceived_Object_Container": [{"time": 120.00000000149012, "location": {"x": 734.5115140896207, "y": -8.882137675112542}, "speed": {"x": 7339.35658008819, "y": -92.4999986216426, "z": 0}, "pseudonym": 2}, {"time": 120.00000000149012, "location": {"x": 730.5327893423799, "y": 2.212362460606489}, "speed": {"x": 7299.885145129485, "y": 19.99999970197678, "z": 0}, "pseudonym": 3}, {"time": 120.00000000149012, "location": {"x": 715.6448303752818, "y": 2.2319407504226407}, "speed": {"x": 7152.44496177964, "y": 19.99999970197678, "z": 0}, "pseudonym": 4}], "option": {"size": 366, "type": "CPM"}}
{"timestamp": 120.10000000298024, "ITS_PDU_Header": {"tmp": "tmp"}, "Basic_Container": {"tmp": "tmp"}, "HF_Container": {"sumo_id": "250", "location": [780.1922607421875, 5.75], "speed": [16.582031002908483, 0.0, 0], "yaw": 0.0}, "LF_Container": {"tmp": "tmp"}, "Special_Vehicle_Container": {"tmp": "tmp"}, "option": {"size": 190, "type": "CAM"}}
