{"timestamp": 120.00000000149012, "ITS_PDU_Header": {"tmp": "tmp"}, "Management_Container": {"tmp": "tmp"}, "Station_Data_Container": {"sumo_id": "28", "location": [421.0301513671875, -5.75], "speed": [4210.301450933494, -57.499999143183246, 0], "yaw": -179.99996948242188}, "Sensor_Information_Container": [0, 1, 2, 3], "Perceived_Object_Container": [{"time": 120.00000000149012, "location": {"x": 435.8645271646362, "y": -2.071159241457613}, "speed": {"x": 4362.1251791398945, "y": -19.99999970197678, "z": 0}, "pseudonym": 0}, {"time": 120.00000000149012, "location": {"x": 436.3455449714064, "y": 1.9965824809941886}, "speed": {"x": 4367.275325547526, "y": 19.99999970197678, "z": 0}, "pseudonym": 1}], "option": {"size": 331, "type": "CPM"}}
{"timestamp": 120.00000000149012, "ITS_PDU_Header": {"tmp": "tmp"}, "Basic_Container": {"tmp": "tmp"}, "HF_Container": {"sumo_id": "28", "location": [421.0301513671875, -5.75], "speed": [4210.301450933494, -57.499999143183246, 0], "yaw": -179.99996948242188}, "LF_Container": {"tmp": "tmp"}, "Special_Vehicle_Container": {"tmp": "tmp"}, "option": {"size": 190, "type": "CAM"}}
{"timestamp": 120.10000000298024, "ITS_PDU_Header": {"tmp": "tmp"}, "Management_Container": {"tmp": "tmp"}, "Station_Data_Container": {"sumo_id": "28", "location": [419.3878173828125, -5.75], "speed": [-16.42333959902317, 0.0, 0], "yaw": -179.99996948242188}, "Sensor_Information_Container": [0, 1, 2, 3], "Perceived_Object_Container": [{"time": 120.00000000149012, "location": {"x": 404.4944022920453, "y": -9.216115909584873}, "speed": {"x": 4034.1954965264276, "y": -92.4999986216426, "z": 0}, "pseudonym": 2}, {"time": 120.00000000149012, "location": {"x": 402.9310934021371, "y": 2.235852831964513}, "speed": {"x": 4021.9127818657043, "y": 19.99999970197678, "z": 0}, "pseudonym": 3}, {"time": 120.00000000149012, "location": {"x": 321.39872099404465, "y": -8.485038603868183}, "speed": {"x": 3202.031202286017, "y": -92.4999986216426, "z": 0}, "pseudonym": 4}], "option": {"size": 366, "type": "CPM"}}
{"timestamp": 120.10000000298024, "ITS_PDU_Header": {"tmp": "tmp"}, "Basic_Container": {"tmp": "tmp"}, "HF_Container": {"sumo_id": "28", "location": [419.3878173828125, -5.75], "speed": [-16.42333959902317, 0.0, 0], "yaw": -179.99996948242188}, "LF_Container": {"tmp": "tmp"}, "Special_Vehicle_Container": {"tmp": "tmp"}, "option": {"size": 190, "type": "CAM"}}
