{"timestamp": 120.00000000149012, "ITS_PDU_Header": {"tmp": "tmp"}, "Management_Container": {"tmp": "tmp"}, "Station_Data_Container": {"sumo_id": "326", "location": [251.8314208984375, -5.75], "speed": [2518.3141714585695, -57.499999143183246, 0], "yaw": -179.99996948242188}, "Sensor_Information_Container": [0, 1, 2, 3], "Perceived_Object_Container": [{"time": 120.00000000149012, "location": {"x": 188.8970109653485, "y": -2.5464194768557986}, "speed": {"x": 1880.8300500984483, "y": -19.99999970197678, "z": 0}, "pseudonym": 0}], "option": {"size": 296, "type": "CPM"}}
{"timestamp": 120.00000000149012, "ITS_PDU_Header": {"tmp": "tmp"}, "Basic_Container": {"tmp": "tmp"}, "HF_Container": {"sumo_id": "326", "location": [251.8314208984375, -5.75], "speed": [2518.3141714585695, -57.499999143183246, 0], "yaw": -179.99996948242188}, "LF_Container": {"tmp": "tmp"}, "Special_Vehicle_Container": {"tmp": "tmp"}, "option": {"size": 190, "type": "CAM"}}
{"timestamp": 120.10000000298024, "ITS_PDU_Header": {"tmp": "tmp"}, "Management_Container": {"tmp": "tmp"}, "Station_Data_Container": {"sumo_id": "326", "location": [250.17735290527344, -5.75], "speed": [-16.54067968516529, 0.0, 0], "yaw": -179.99996948242188}, "Sensor_Information_Container": [0, 1, 2, 3], "Perceived_Object_Container": [{"time": 120.00000000149012, "location": {"x": 250.48407994793092, "y": -2.7602578354226557}, "speed": {"x": 2493.5912714363444, "y": -19.99999970197678, "z": 0}, "pseudonym": 1}, {"time": 120.00000000149012, "location": {"x": 329.9284356089593, "y": -2.3913475202793206}, "speed": {"x": 3295.4186520663106, "y": -19.99999970197678, "z": 0}, "pseudonym": 2}, {"time": 120.00000000149012, "location": {"x": 319.51840734347184, "y": -9.206616245789467}, "speed": {"x": 3202.031202286017, "y": -92.4999986216426, "z": 0}, "pseudonym": 3}, {"time": 120.00000000149012, "location": {"x": 319.9691022932549, "y": -2.213298223087243}, "speed": {"x": 3202.3644542341763, "y": -19.99999970197678, "z": 0}, "pseudonym": 4}], "option": {"size": 401, "type": "CPM"}}
{"timestamp": 120.10000000298024, "ITS_PDU_Header": {"tmp": "tmp"}, "Basic_Container": {"tmp": "tmp"}, "HF_Container": {"sumo_id": "326", "location": [250.17735290527344, -5.75], "speed": [-16.54067968516529, 0.0, 0], "yaw": -179.99996948242188}, "LF_Container": {"tmp": "tmp"}, "Special_Vehicle_Container": {"tmp": "tmp"}, "option": {"size": 190, "type": "CAM"}}
