{"timestamp": 120.00000000149012, "ITS_PDU_Header": {"tmp": "tmp"}, "Management_Container": {"tmp": "tmp"}, "Station_Data_Container": {"sumo_id": "91", "location": [-834.5919189453125, -2.0], "speed": [-8345.91906508924, -19.99999970197678, 0], "yaw": -179.99996948242188}, "Sensor_Information_Container": [0, 1, 2, 3], "Perceived_Object_Container": [{"time": 120.00000000149012, "location": {"x": -823.2386962872005, "y": -1.8550129564428515}, "speed": {"x": -8228.11511176653, "y": -19.99999970197678, "z": 0}, "pseudonym": 0}, {"time": 120.00000000149012, "location": {"x": -751.627555409644, "y": -8.656495347101902}, "speed": {"x": -7512.791025746003, "y": -92.4999986216426, "z": 0}, "pseudonym": 1}, {"time": 120.00000000149012, "location": {"x": -812.2649422095426, "y": 1.6350325163510266}, "speed": {"x": -8112.084840058016, "y": 19.99999970197678, "z": 0}, "pseudonym": 2}], "option": {"size": 366, "type": "CPM"}}
{"timestamp": 120.00000000149012, "ITS_PDU_Header": {"tmp": "tmp"}, "Basic_Container": {"tmp": "tmp"}, "HF_Container": {"sumo_id": "91", "location": [-834.5919189453125, -2.0], "speed": [-8345.91906508924, -19.99999970197678, 0], "yaw": -179.99996948242188}, "LF_Container": {"tmp": "tmp"}, "Special_Vehicle_Container": {"tmp": "tmp"}, "option": {"size": 190, "type": "CAM"}}
{"timestamp": 120.10000000298024, "ITS_PDU_Header": {"tmp": "tmp"}, "Management_Container": {"tmp": "tmp"}, "Station_Data_Container": {"sumo_id": "91", "location": [-834.9951171875, -2.0], "speed": [-4.031982361793781, 0.0, 0], "yaw": -179.99996948242188}, "Sensor_Information_Container": [0, 1, 2, 3], "Perceived_Object_Container": [{"time": 120.00000000149012, "location": {"x": -855.0952270508769, "y": -9.294829735157581}, "speed": {"x": -8561.281610708213, "y": -92.4999986216426, "z": 0}, "pseudonym": 3}, {"time": 120.00000000149012, "location": {"x": -865.3739021714126, "y": 5.642191556199092}, "speed": {"x": -8660.919060395374, "y": 57.499999143183246, "z": 0}, "pseudonym": 4}], "option": {"size": 331, "type": "CPM"}}
{"timestamp": 120.10000000298024, "ITS_PDU_Header": {"tmp": "tmp"}, "Basic_Container": {"tmp": "tmp"}, "HF_Container": {"sumo_id": "91", "location": [-834.9951171875, -2.0], "speed": [-4.031982361793781, 0.0, 0], "yaw": -179.99996948242188}, "LF_Container": {"tmp": "tmp"}, "Special_Vehicle_Container": {"tmp": "tmp"}, "option": {"size": 190, "type": "CAM"}}
