{"timestamp": 119.99999999977648, "ITS_PDU_Header": {"tmp": "tmp"}, "Management_Container": {"tmp": "tmp"}, "Station_Data_Container": {"sumo_id": "134", "location": [989.6260986328125, -2.0], "speed": [98962.612075268, -200.00000447034847, 0], "yaw": -179.99996948242188}, "Sensor_Information_Container": [0, 1, 2, 3], "Perceived_Object_Container": [{"time": 119.99999999977648, "location": {"x": 979.0940856077251, "y": 1.720165060068459}, "speed": {"x": 97872.52416027764, "y": 200.00000447034847, "z": 0}, "pseudonym": 0}], "option": {"size": 296, "type": "CPM"}}
{"timestamp": 119.99999999977648, "ITS_PDU_Header": {"tmp": "tmp"}, "Basic_Container": {"tmp": "tmp"}, "HF_Container": {"sumo_id": "134", "location": [989.6260986328125, -2.0], "speed": [98962.612075268, -200.00000447034847, 0], "yaw": -179.99996948242188}, "LF_Container": {"tmp": "tmp"}, "Special_Vehicle_Container": {"tmp": "tmp"}, "option": {"size": 190, "type": "CAM"}}
{"timestamp": 120.10999999731779, "ITS_PDU_Header": {"tmp": "tmp"}, "Management_Container": {"tmp": "tmp"}, "Station_Data_Container": {"sumo_id": "134", "location": [988.9532470703125, -2.0], "speed": [-6.756591947896599, 0.0, 0], "yaw": -179.99996948242188}, "Sensor_Information_Container": [0, 1, 2, 3], "Perceived_Object_Container": [{"time": 120.10999999731779, "location": {"x": 999.3789052689463, "y": 0.5945154630845026}, "speed": {"x": 1.8066406653815656, "y": -0.5987644329390921, "z": 0}, "pseudonym": 1}, {"time": 120.10999999731779, "location": {"x": 989.9145494338418, "y": 1.4652586410082835}, "speed": {"x": 4.101562591677068, "y": 0.0, "z": 0}, "pseudonym": 2}], "option": {"size": 331, "type": "CPM"}}
{"timestamp": 120.10999999731779, "ITS_PDU_Header": {"tmp": "tmp"}, "Basic_Container": {"tmp": "tmp"}, "HF_Container": {"sumo_id": "134", "location": [988.9532470703125, -2.0], "speed": [-6.756591947896599, 0.0, 0], "yaw": -179.99996948242188}, "LF_Container": {"tmp": "tmp"}, "Special_Vehicle_Container": {"tmp": "tmp"}, "option": {"size": 190, "type": "CAM"}}
{"timestamp": 120.11999999709427, "ITS_PDU_Header": {"tmp": "tmp"}, "Management_Container": {"tmp": "tmp"}, "Station_Data_Container": {"sumo_id": "134", "location": [988.8853759765625, -2.0], "speed": [-6.78710952670372, 0.0, 0], "yaw": -179.99996948242188}, "Sensor_Information_Container": [0, 1, 2, 3], "Perceived_Object_Container": [{"time": 120.10999999731779, "location": {"x": 968.0506872877608, "y": 1.8959730568858748}, "speed": {"x": 4.138183686245613, "y": 0.0, "z": 0}, "pseudonym": 3}, {"time": 120.10999999731779, "location": {"x": 979.3970071661091, "y": 1.7739334554244894}, "speed": {"x": 4.101562591677068, "y": 0.0, "z": 0}, "pseudonym": 4}, {"time": 120.10999999731779, "location": {"x": 977.2310407931435, "y": -2.097041951955752}, "speed": {"x": -7.507324386551776, "y": 0.0, "z": 0}, "pseudonym": 5}, {"time": 120.10999999731779, "location": {"x": 901.5484926414583, "y": -9.010498112779635}, "speed": {"x": -0.19531250436557468, "y": 0.0, "z": 0}, "pseudonym": 6}, {"time": 120.10999999731779, "location": {"x": 956.1420886510293, "y": 1.694285950937105}, "speed": {"x": 4.27856454875837, "y": 0.0, "z": 0}, "pseudonym": 7}], "option": {"size": 436, "type": "CPM"}}
{"timestamp": 120.20999999508261, "ITS_PDU_Header": {"tmp": "tmp"}, "Management_Container": {"tmp": "tmp"}, "Station_Data_Container": {"sumo_id": "134", "location": [988.2719116210938, -2.0], "speed": [-6.854248200079386, 0.0, 0], "yaw": -179.99996948242188}, "Sensor_Information_Container": [0, 1, 2, 3], "Perceived_Object_Container": [{"time": 120.20999999508261, "location": {"x": 966.429974249613, "y": 1.2819973036104253}, "speed": {"x": 4.11987313896134, "y": 0.0, "z": 0}, "pseudonym": 8}, {"time": 120.20999999508261, "location": {"x": 931.4984719542101, "y": 2.053310060963208}, "speed": {"x": 4.803466904240852, "y": 0.0, "z": 0}, "pseudonym": 9}, {"time": 120.20999999508261, "location": {"x": 999.4730448712089, "y": 0.606178443781508}, "speed": {"x": 1.3366699517519016, "y": -1.766645947843327, "z": 0}, "pseudonym": 1}], "option": {"size": 366, "type": "CPM"}}
{"timestamp": 120.30999999284744, "ITS_PDU_Header": {"tmp": "tmp"}, "Management_Container": {"tmp": "tmp"}, "Station_Data_Container": {"sumo_id": "134", "location": [987.5824584960938, -2.0], "speed": [-6.921386873455052, 0.0, 0], "yaw": -179.99996948242188}, "Sensor_Information_Container": [0, 1, 2, 3], "Perceived_Object_Container": [{"time": 120.30999999284744, "location": {"x": 917.1115644545996, "y": -6.332262194974851}, "speed": {"x": -10.192871321578428, "y": 0.0, "z": 0}, "pseudonym": 10}, {"time": 120.30999999284744, "location": {"x": 901.4776210217692, "y": -9.46842971178907}, "speed": {"x": -0.6958007968023597, "y": 0.0, "z": 0}, "pseudonym": 6}, {"time": 120.30999999284744, "location": {"x": 918.9744132582998, "y": 2.145809408588912}, "speed": {"x": 5.16357433416488, "y": 0.0, "z": 0}, "pseudonym": 11}, {"time": 120.30999999284744, "location": {"x": 999.5988945778332, "y": 0.6299544514305851}, "speed": {"x": 1.3671875305590226, "y": -2.6844561700028815, "z": 0}, "pseudonym": 1}], "option": {"size": 401, "type": "CPM"}}
{"timestamp": 120.40999999061226, "ITS_PDU_Header": {"tmp": "tmp"}, "Management_Container": {"tmp": "tmp"}, "Station_Data_Container": {"sumo_id": "134", "location": [986.8839111328125, -2.0], "speed": [-7.012939609876415, 0.0, 0], "yaw": -179.99996948242188}, "Sensor_Information_Container": [0, 1, 2, 3], "Perceived_Object_Container": [{"time": 120.40999999061226, "location": {"x": 999.7952478949292, "y": 0.7287374461159917}, "speed": {"x": 1.1657715104320239, "y": -1.5819579716464425, "z": 0}, "pseudonym": 1}], "option": {"size": 296, "type": "CPM"}}
{"timestamp": 120.50999998837709, "ITS_PDU_Header": {"tmp": "tmp"}, "Management_Container": {"tmp": "tmp"}, "Station_Data_Container": {"sumo_id": "134", "location": [986.1770629882812, -2.0], "speed": [-7.110595862059203, 0.0, 0], "yaw": -179.99996948242188}, "Sensor_Information_Container": [0, 1, 2, 3], "Perceived_Object_Container": [{"time": 120.50999998837709, "location": {"x": 961.8677521081138, "y": 5.7813967127544625}, "speed": {"x": 16.63818396564239, "y": 0.0, "z": 0}, "pseudonym": 12}, {"time": 120.50999998837709, "location": {"x": 999.6962181006594, "y": 0.2062501091030139}, "speed": {"x": 0.47607422939108823, "y": -2.726016999617599, "z": 0}, "pseudonym": 1}], "option": {"size": 331, "type": "CPM"}}
{"timestamp": 120.60999998614191, "ITS_PDU_Header": {"tmp": "tmp"}, "Management_Container": {"tmp": "tmp"}, "Station_Data_Container": {"sumo_id": "134", "location": [985.4646606445312, -2.0], "speed": [-7.1350099251048995, 0.0, 0], "yaw": -179.99996948242188}, "Sensor_Information_Container": [0, 1, 2, 3], "Perceived_Object_Container": [{"time": 120.60999998614191, "location": {"x": 999.9286282721373, "y": 0.33222326002077157}, "speed": {"x": -0.8911133011679344, "y": -3.2524586450858113, "z": 0}, "pseudonym": 1}, {"time": 120.60999998614191, "location": {"x": 900.939103197995, "y": -9.102286281513955}, "speed": {"x": -1.4160156566504163, "y": 0.0, "z": 0}, "pseudonym": 6}], "option": {"size": 331, "type": "CPM"}}
{"timestamp": 120.70999998390674, "ITS_PDU_Header": {"tmp": "tmp"}, "Management_Container": {"tmp": "tmp"}, "Station_Data_Container": {"sumo_id": "134", "location": [984.7495727539062, -2.0], "speed": [-7.159423988150596, 0.0, 0], "yaw": -179.99996948242188}, "Sensor_Information_Container": [0, 1, 2, 3], "Perceived_Object_Container": [{"time": 120.70999998390674, "location": {"x": 999.8475352239188, "y": 0.07143225335309102}, "speed": {"x": -1.9470215278943224, "y": -3.6460013012439303, "z": 0}, "pseudonym": 1}], "option": {"size": 296, "type": "CPM"}}
{"timestamp": 120.70999998390674, "ITS_PDU_Header": {"tmp": "tmp"}, "Basic_Container": {"tmp": "tmp"}, "HF_Container": {"sumo_id": "134", "location": [984.7495727539062, -2.0], "speed": [-7.159423988150596, 0.0, 0], "yaw": -179.99996948242188}, "LF_Container": {"tmp": "tmp"},