{"timestamp": 119.99999999977648, "ITS_PDU_Header": {"tmp": "tmp"}, "Management_Container": {"tmp": "tmp"}, "Station_Data_Container": {"sumo_id": "285", "location": [224.65380859375, -2.0], "speed": [22465.381361515403, -200.00000447034847, 0], "yaw": -179.99996948242188}, "Sensor_Information_Container": [0, 1, 2, 3], "Perceived_Object_Container": [{"time": 119.99999999977648, "location": {"x": 242.483235871034, "y": 5.162031019536336}, "speed": {"x": 24395.386287466874, "y": 575.0000128522519, "z": 0}, "pseudonym": 0}], "option": {"size": 296, "type": "CPM"}}
{"timestamp": 119.99999999977648, "ITS_PDU_Header": {"tmp": "tmp"}, "Basic_Container": {"tmp": "tmp"}, "HF_Container": {"sumo_id": "285", "location": [224.65380859375, -2.0], "speed": [22465.381361515403, -200.00000447034847, 0], "yaw": -179.99996948242188}, "LF_Container": {"tmp": "tmp"}, "Special_Vehicle_Container": {"tmp": "tmp"}, "option": {"size": 190, "type": "CAM"}}
{"timestamp": 120.10999999731779, "ITS_PDU_Header": {"tmp": "tmp"}, "Management_Container": {"tmp": "tmp"}, "Station_Data_Container": {"sumo_id": "285", "location": [223.56211853027344, -2.0], "speed": [-10.91461206036684, 0.0, 0], "yaw": -179.99996948242188}, "Sensor_Information_Container": [0, 1, 2, 3], "Perceived_Object_Container": [{"time": 120.10999999731779, "location": {"x": 223.19144281568836, "y": 1.556688794901732}, "speed": {"x": 12.060547144574235, "y": 0.0, "z": 0}, "pseudonym": 1}, {"time": 120.10999999731779, "location": {"x": 217.51595268361805, "y": 5.458183705492732}, "speed": {"x": 16.664123907628444, "y": 0.0, "z": 0}, "pseudonym": 2}], "option": {"size": 331, "type": "CPM"}}
{"timestamp": 120.10999999731779, "ITS_PDU_Header": {"tmp": "tmp"}, "Basic_Container": {"tmp": "tmp"}, "HF_Container": {"sumo_id": "285", "location": [223.56211853027344, -2.0], "speed": [-10.91461206036684, 0.0, 0], "yaw": -179.99996948242188}, "LF_Container": {"tmp": "tmp"}, "Special_Vehicle_Container": {"tmp": "tmp"}, "option": {"size": 190, "type": "CAM"}}
{"timestamp": 120.11999999709427, "ITS_PDU_Header": {"tmp": "tmp"}, "Management_Container": {"tmp": "tmp"}, "Station_Data_Container": {"sumo_id": "285", "location": [223.453125, -2.0], "speed": [-10.89935327096328, 0.0, 0], "yaw": -179.99996948242188}, "Sensor_Information_Container": [0, 1, 2, 3], "Perceived_Object_Container": [{"time": 120.10999999731779, "location": {"x": 203.5620474266096, "y": 1.8072938175088922}, "speed": {"x": 12.120056423248121, "y": 0.0, "z": 0}, "pseudonym": 3}, {"time": 120.10999999731779, "location": {"x": 209.10337243223714, "y": -8.500582905318968}, "speed": {"x": -16.664123907628444, "y": 0.0, "z": 0}, "pseudonym": 4}, {"time": 120.10999999731779, "location": {"x": 193.2170571092878, "y": 8.701977374592303}, "speed": {"x": 16.65039099716524, "y": 0.0, "z": 0}, "pseudonym": 5}, {"time": 120.10999999731779, "location": {"x": 88.77801366655976, "y": -9.454902481252487}, "speed": {"x": -15.429687844880398, "y": 0.0, "z": 0}, "pseudonym": 6}, {"time": 120.10999999731779, "location": {"x": 183.8516595081939, "y": 2.0816411737921285}, "speed": {"x": 12.207031522848416, "y": 0.0, "z": 0}, "pseudonym": 7}, {"time": 120.10999999731779, "location": {"x": 194.1135773259666, "y": 9.749513731162969}, "speed": {"x": 16.65039099716524, "y": 0.0, "z": 0}, "pseudonym": 5}, {"time": 120.10999999731779, "location": {"x": 203.81950892979856, "y": -1.112810088999407}, "speed": {"x": -10.607910393355274, "y": 0.0, "z": 0}, "pseudonym": 8}, {"time": 120.10999999731779, "location": {"x": 200.28147906407145, "y": -5.418065446400456}, "speed": {"x": -15.783691759043002, "y": 0.0, "z": 0}, "pseudonym": 9}, {"time": 120.10999999731779, "location": {"x": 171.02072595506075, "y": 5.888872019499182}, "speed": {"x": 15.637207380768821, "y": 0.0, "z": 0}, "pseudonym": 10}, {"time": 120.10999999731779, "location": {"x": 123.14147500572923, "y": 6.056574626140902}, "speed": {"x": 15.893555042748638, "y": 0.0, "z": 0}, "pseudonym": 11}, {"time": 120.10999999731779, "location": {"x": 261.33623409088955, "y": 1.667351740789128}, "speed": {"x": 11.9506838608686, "y": 0.0, "z": 0}, "pseudonym": 12}, {"time": 120.10999999731779, "location": {"x": 280.77579879955283, "y": 1.946577205403101}, "speed": {"x": 11.901855734777206, "y": 0.0, "z": 0}, "pseudonym": 13}, {"time": 120.10999999731779, "location": {"x": 244.28315673722696, "y": -1.8787282978961082}, "speed": {"x": -11.549377699554958, "y": 0.0, "z": 0}, "pseudonym": 14}, {"time": 120.10999999731779, "location": {"x": 244.16112659864416, "y": -8.889090468180067}, "speed": {"x": -16.674805060210936, "y": 0.0, "z": 0}, "pseudonym": 15}, {"time": 120.10999999731779, "location": {"x": 264.4046060588188, "y": 8.845609330144953}, "speed": {"x": 16.146850946847742, "y": 0.0, "z": 0}, "pseudonym": 16}, {"time": 120.10999999731779, "location": {"x": 244.0427596981975, "y": 5.785384720994478}, "speed": {"x": 16.67327918127058, "y": 0.0, "z": 0}, "pseudonym": 17}, {"time": 120.10999999731779, "location": {"x": 300.3564204793073, "y": 1.9422547679805617}, "speed": {"x": 11.840820577162964, "y": 0.0, "z": 0}, "pseudonym": 18}, {"time": 120.10999999731779, "location": {"x": 319.70502669280995, "y": 5.9424479254715585}, "speed": {"x": 15.698242538383063, "y": 0.0, "z": 0}, "pseudonym": 19}, {"time": 120.10999999731779, "location": {"x": 292.63586602681806, "y": -5.620151781271725}, "speed": {"x": -16.064453484068515, "y": 0.0, "z": 0}, "pseudonym": 20}, {"time": 120.10999999731779, "location": {"x": 244.80337398520967, "y": -5.687519575774707}, "speed": {"x": -15.782165880102646, "y": 0.0, "z": 0}, "pseudonym": 21}, {"time": 120.10999999731779, "location": {"x": 268.39212779442965, "y": -5.779651536130341}, "speed": {"x": -15.808105822088699, "y": 0.0, "z": 0}, "pseudonym": 22}, {"time": 120.10999999731779, "location": {"x": 271.52300447776605, "y": 5.47691909030442}, "speed": {"x": 16.613769902596694, "y": 0.0, "z": 0}, "pseudonym": 23}, {"time": 120.10999999731779, "location": {"x": 239.91226172911453, "y": 9.248825575538328}, "speed": {"x": 16.394043335185422, "y": 0.0, "z": 0}, "pseudonym": 24}, {"time": 120.10999999731779, "location": {"x": 246.6881288078926, "y": -5.147790794615869}, "speed": {"x": -15.782165880102646, "y": 0.0, "z": 0}, "pseudonym": 25}, {"time": 120.10999999731779, "location": {"x": 222.49155844163127, "y": -5.748510022522911}, "speed": {"x": -15.771484727520154, "y": 0.0, "z": 0}, "pseudonym": 26}], "option": {"size": 1136, "type": "CPM"}}
{"timestamp": 120.20999999508261, "ITS_PDU_Header": {"tmp": "tmp"}, "Management_Container": {"tmp": "tmp"}, "Station_Data_Container": {"sumo_id": "285", "location": [222.4715576171875, -2.0], "speed": [-10.900879149903636, 0.0, 0], "yaw": -179.99996948242188}, "Sensor_Information_Container": [0, 1, 2, 3], "Perceived_Object_Container": [{"time": 120.20999999508261, "location": {"x": 146.75299866491218, "y": 8.620963105040767}, "speed": {"x": 16.566467655445656, "y": 0.0, "z": 0}, "pseudonym": 27}, {"time": 120.20999999508261, "location": {"x": 164.91203773780225, "y": 2.1120878632976456}, "speed": {"x": 12.304687775031203, "y": 0.0, "z": 0}, "pseudonym": 28}, {"time": 120.20999999508261, "location": {"x": 100.74389774398117, "y": 8.716845572778581}, "speed": {"x": 16.662598028688087, "y": 0.0, "z": 0}, "pseudonym": 29}, {"time": 120.20999999508261, "location": {"x": 319.3386877386904, "y": -5.882950462047477}, "speed": {"x": -16.052246452545667, "y": 0.0, "z": 0}, "pseudonym": 30}, {"time": 120.20999999508261, "location": {"x": 332.77153467462966, "y": -9.320330766031638}, "speed": {"x": -8.102417173290636, "y": 0.0, "z": 0}, "pseudonym": 31}], "option": {"size": 436, "type": "CPM"}}
{"timestamp": 120.30999999284744, "ITS_PDU_Header": {"tmp": "tmp"}, "Management_Container": {"tmp": "tmp"}, "Station_Data_Container": {"sumo_id": "285", "location": [221.38206481933594, -2.0], "speed": [-10.890197997321144, 0.0, 0], "yaw": -179.99996948242188}, "Sensor_Information_Container": [0, 1, 2, 3],