{"timestamp": 119.99999999977648, "ITS_PDU_Header": {"tmp": "tmp"}, "Management_Container": {"tmp": "tmp"}, "Station_Data_Container": {"sumo_id": "388", "location": [378.0519714355469, 2.0], "speed": [37805.19798856671, 200.00000447034847, 0], "yaw": 0.0}, "Sensor_Information_Container": [0, 1, 2, 3], "Perceived_Object_Container": [{"time": 119.99999999977648, "location": {"x": 358.9666858988733, "y": -1.5303527834034365}, "speed": {"x": 35758.80206880276, "y": -200.00000447034847, "z": 0}, "pseudonym": 0}], "option": {"size": 296, "type": "CPM"}}
{"timestamp": 119.99999999977648, "ITS_PDU_Header": {"tmp": "tmp"}, "Basic_Container": {"tmp": "tmp"}, "HF_Container": {"sumo_id": "388", "location": [378.0519714355469, 2.0], "speed": [37805.19798856671, 200.00000447034847, 0], "yaw": 0.0}, "LF_Container": {"tmp": "tmp"}, "Special_Vehicle_Container": {"tmp": "tmp"}, "option": {"size": 190, "type": "CAM"}}
{"timestamp": 120.10999999731779, "ITS_PDU_Header": {"tmp": "tmp"}, "Management_Container": {"tmp": "tmp"}, "Station_Data_Container": {"sumo_id": "388", "location": [379.2465515136719, 2.0], "speed": [11.93847682934575, 0.0, 0], "yaw": 0.0}, "Sensor_Information_Container": [0, 1, 2, 3], "Perceived_Object_Container": [{"time": 120.10999999731779, "location": {"x": 377.1025163541154, "y": -1.8900165924249985}, "speed": {"x": -12.194824491325567, "y": 0.0, "z": 0}, "pseudonym": 1}], "option": {"size": 296, "type": "CPM"}}
{"timestamp": 120.10999999731779, "ITS_PDU_Header": {"tmp": "tmp"}, "Basic_Container": {"tmp": "tmp"}, "HF_Container": {"sumo_id": "388", "location": [379.2465515136719, 2.0], "speed": [11.93847682934575, 0.0, 0], "yaw": 0.0}, "LF_Container": {"tmp": "tmp"}, "Special_Vehicle_Container": {"tmp": "tmp"}, "option": {"size": 190, "type": "CAM"}}
{"timestamp": 120.11999999709427, "ITS_PDU_Header": {"tmp": "tmp"}, "Management_Container": {"tmp": "tmp"}, "Station_Data_Container": {"sumo_id": "388", "location": [379.3658447265625, 2.0], "speed": [11.929321555703615, 0.0, 0], "yaw": 0.0}, "Sensor_Information_Container": [0, 1, 2, 3], "Perceived_Object_Container": [{"time": 120.10999999731779, "location": {"x": 394.45534218807614, "y": -1.6843394577191784}, "speed": {"x": -11.999511986959993, "y": 0.0, "z": 0}, "pseudonym": 2}, {"time": 120.10999999731779, "location": {"x": 402.9701331167946, "y": -8.94421608981434}, "speed": {"x": -15.148926119854885, "y": 0.0, "z": 0}, "pseudonym": 3}, {"time": 120.10999999731779, "location": {"x": 437.76864443922693, "y": 5.8658593237912635}, "speed": {"x": 16.210937862342696, "y": 0.0, "z": 0}, "pseudonym": 4}, {"time": 120.10999999731779, "location": {"x": 397.3221815352864, "y": 2.1498062286177073}, "speed": {"x": 11.853027608685812, "y": 0.0, "z": 0}, "pseudonym": 5}, {"time": 120.10999999731779, "location": {"x": 413.4058952260512, "y": -1.8585685045123792}, "speed": {"x": -11.914062766300054, "y": 0.0, "z": 0}, "pseudonym": 6}, {"time": 120.10999999731779, "location": {"x": 461.8586425461907, "y": -2.12181206659068}, "speed": {"x": -14.016723946110694, "y": 0.0, "z": 0}, "pseudonym": 7}, {"time": 120.10999999731779, "location": {"x": 440.256244745208, "y": -1.2664061905148645}, "speed": {"x": -13.708496400158772, "y": 0.0, "z": 0}, "pseudonym": 8}, {"time": 120.10999999731779, "location": {"x": 478.0797995876635, "y": -5.925797382496397}, "speed": {"x": -16.65039099716524, "y": 0.0, "z": 0}, "pseudonym": 9}, {"time": 120.10999999731779, "location": {"x": 428.52915948639156, "y": -8.713972309990847}, "speed": {"x": -14.01062043034927, "y": 0.0, "z": 0}, "pseudonym": 10}, {"time": 120.10999999731779, "location": {"x": 360.3699981964938, "y": 1.8663505939717862}, "speed": {"x": 11.962890892391448, "y": 0.0, "z": 0}, "pseudonym": 11}, {"time": 120.10999999731779, "location": {"x": 270.3085924612201, "y": -5.702043935197182}, "speed": {"x": -15.808105822088699, "y": 0.0, "z": 0}, "pseudonym": 12}, {"time": 120.10999999731779, "location": {"x": 368.91015486057324, "y": 4.916901786657712}, "speed": {"x": 16.662598028688087, "y": 0.0, "z": 0}, "pseudonym": 13}, {"time": 120.10999999731779, "location": {"x": 308.760589072976, "y": -1.9607171794931215}, "speed": {"x": -12.536621373965325, "y": 0.0, "z": 0}, "pseudonym": 14}, {"time": 120.10999999731779, "location": {"x": 335.18874985149085, "y": -1.1940428533276068}, "speed": {"x": -12.109375270665629, "y": 0.0, "z": 0}, "pseudonym": 15}, {"time": 120.10999999731779, "location": {"x": 345.78154787056025, "y": 5.773988442438961}, "speed": {"x": 16.500854861010346, "y": 0.0, "z": 0}, "pseudonym": 16}, {"time": 120.10999999731779, "location": {"x": 321.6349237503807, "y": 5.563568633099571}, "speed": {"x": 15.698242538383063, "y": 0.0, "z": 0}, "pseudonym": 17}, {"time": 120.10999999731779, "location": {"x": 357.2705744264108, "y": -1.6438906547309171}, "speed": {"x": -12.356567659003309, "y": 0.0, "z": 0}, "pseudonym": 18}, {"time": 120.10999999731779, "location": {"x": 357.055258927692, "y": -4.828033729161943}, "speed": {"x": -10.729980708583758, "y": 0.0, "z": 0}, "pseudonym": 19}], "option": {"size": 891, "type": "CPM"}}
{"timestamp": 120.20999999508261, "ITS_PDU_Header": {"tmp": "tmp"}, "Management_Container": {"tmp": "tmp"}, "Station_Data_Container": {"sumo_id": "388", "location": [380.4393310546875, 2.0], "speed": [11.926269797822902, 0.0, 0], "yaw": 0.0}, "Sensor_Information_Container": [0, 1, 2, 3], "Perceived_Object_Container": [{"time": 120.20999999508261, "location": {"x": 504.68249198168036, "y": -2.747323519145377}, "speed": {"x": -7.922363458328622, "y": 0.0, "z": 0}, "pseudonym": 20}, {"time": 120.20999999508261, "location": {"x": 464.05083281680777, "y": 8.447253159678901}, "speed": {"x": 6.494140770155358, "y": 0.0, "z": 0}, "pseudonym": 21}, {"time": 120.20999999508261, "location": {"x": 441.1864633086108, "y": 4.913521794138154}, "speed": {"x": 16.210937862342696, "y": 0.0, "z": 0}, "pseudonym": 22}, {"time": 120.20999999508261, "location": {"x": 513.1942514109896, "y": -9.707766049288269}, "speed": {"x": -15.856933948180092, "y": 0.0, "z": 0}, "pseudonym": 23}, {"time": 120.20999999508261, "location": {"x": 334.9990825851347, "y": -9.679826611634741}, "speed": {"x": -8.102417173290636, "y": 0.0, "z": 0}, "pseudonym": 24}, {"time": 120.20999999508261, "location": {"x": 274.62716073695543, "y": 6.101667908154006}, "speed": {"x": 16.65039099716524, "y": 0.0, "z": 0}, "pseudonym": 25}, {"time": 120.20999999508261, "location": {"x": 320.77936466716045, "y": -5.016235328094976}, "speed": {"x": -16.052246452545667, "y": 0.0, "z": 0}, "pseudonym": 26}], "option": {"size": 506, "type": "CPM"}}
{"timestamp": 120.30999999284744, "ITS_PDU_Header": {"tmp": "tmp"}, "Management_Container": {"tmp": "tmp"}, "Station_Data_Container": {"sumo_id": "388", "location": [381.6300964355469, 2.0], "speed": [11.901855734777206, 0.0, 0], "yaw": 0.0}, "Sensor_Information_Container": [0, 1, 2, 3], "Perceived_Object_Container": [{"time": 120.30999999284744, "location": {"x": 438.82679416940164, "y": -1.2416776728359087}, "speed": {"x": -13.623047179498833, "y": 0.0, "z": 0}, "pseudonym": 27}], "option": {"size": 296, "type": "CPM"}}
{"timestamp": 120.40999999061226, "ITS_PDU_Header": {"tmp": "tmp"}, "Management_Container": {"tmp": "tmp"}, "Station_Data_Container": {"sumo_id": "388", "location": [382.8195495605469, 2.0], "speed": [11.886596945373645, 0.0, 0], "yaw": 0.0}, "Sensor_Information_Container": [0, 1, 2, 3], "Perceived_Object_Container": [{"time": 120.40999999061226, "location": {"x": 354.56613248054396, "y": -4.99480526228891}, "speed": {"x": -11.276245369231225, "y": 0.0, "z": 0}, "pseudonym": 19}, {"time": 120.40999999061226, "location": {"x": 326.5453674101286, "y": 5.962119225980272}, "speed": {"x": 16.256714230553378, "y": 0.0, "z": 0}, "pseudonym": 17}], "option": {"size": 331, "type": "CPM"}}
{"timestamp": 120.50999998837709, "ITS_PDU_Header": {"tmp": "tmp"}, "Management_Container": {"tmp": "tmp"}, "Station_Data_Container": {"sumo_id": "388",