{"timestamp": 120.00000000149012, "ITS_PDU_Header": {"tmp": "tmp"}, "Management_Container": {"tmp": "tmp"}, "Station_Data_Container": {"sumo_id": "139", "location": [-970.984375, -2.0], "speed": [-9709.843605312055, -19.99999970197678, 0], "yaw": -179.99996948242188}, "Sensor_Information_Container": [0, 1, 2, 3], "Perceived_Object_Container": [{"time": 120.00000000149012, "location": {"x": -963.5237108715289, "y": -1.89755784601589}, "speed": {"x": -9628.272561605683, "y": -19.99999970197678, "z": 0}, "pseudonym": 0}, {"time": 120.00000000149012, "location": {"x": -984.8486004332592, "y": 5.226750175339945}, "speed": {"x": -9848.072973369464, "y": 57.499999143183246, "z": 0}, "pseudonym": 1}, {"time": 120.00000000149012, "location": {"x": -994.0796598876437, "y": 4.912010629098327}, "speed": {"x": -9952.82883118348, "y": 57.499999143183246, "z": 0}, "pseudonym": 2}], "option": {"size": 366, "type": "CPM"}}
{"timestamp": 120.00000000149012, "ITS_PDU_Header": {"tmp": "tmp"}, "Basic_Container": {"tmp": "tmp"}, "HF_Container": {"sumo_id": "139", "location": [-970.984375, -2.0], "speed": [-9709.843605312055, -19.99999970197678, 0], "yaw": -179.99996948242188}, "LF_Container": {"tmp": "tmp"}, "Special_Vehicle_Container": {"tmp": "tmp"}, "option": {"size": 190, "type": "CAM"}}
{"timestamp": 120.10000000298024, "ITS_PDU_Header": {"tmp": "tmp"}, "Basic_Container": {"tmp": "tmp"}, "HF_Container": {"sumo_id": "139", "location": [-971.0073852539062, -2.0], "speed": [-0.23010253563370503, 0.0, 0], "yaw": -179.99996948242188}, "LF_Container": {"tmp": "tmp"}, "Special_Vehicle_Container": {"tmp": "tmp"}, "option": {"size": 190, "type": "CAM"}}
{"timestamp": 120.20000000447035, "ITS_PDU_Header": {"tmp": "tmp"}, "Management_Container": {"tmp": "tmp"}, "Station_Data_Container": {"sumo_id": "139", "location": [-971.0281982421875, -2.0], "speed": [-0.20812987971112312, 0.0, 0], "yaw": -179.99996948242188}, "Sensor_Information_Container": [0, 1, 2, 3], "Perceived_Object_Container": [{"time": 120.20000000447035, "location": {"x": -964.4071032780308, "y": 5.998392876353285}, "speed": {"x": 7.052612199595389, "y": 0.0, "z": 0}, "pseudonym": 3}], "option": {"size": 296, "type": "CPM"}}
{"timestamp": 120.30000000596047, "ITS_PDU_Header": {"tmp": "tmp"}, "Management_Container": {"tmp": "tmp"}, "Station_Data_Container": {"sumo_id": "139", "location": [-971.046875, -2.0], "speed": [-0.18676757534194624, 0.0, 0], "yaw": -179.99996948242188}, "Sensor_Information_Container": [0, 1, 2, 3], "Perceived_Object_Container": [{"time": 120.30000000596047, "location": {"x": -970.4592829137952, "y": -4.91166051261186}, "speed": {"x": -1.6937255606990225, "y": 0.0, "z": 0}, "pseudonym": 4}, {"time": 120.20000000447035, "location": {"x": -977.2560484545211, "y": -9.483261552447544}, "speed": {"x": -16.37023901387693, "y": 0.0, "z": 0}, "pseudonym": 5}, {"time": 120.30000000596047, "location": {"x": -963.6642354768954, "y": -1.9911597043832108}, "speed": {"x": -0.5438232340839023, "y": 0.0, "z": 0}, "pseudonym": 6}, {"time": 120.30000000596047, "location": {"x": -955.131907232601, "y": -4.921493962499928}, "speed": {"x": -4.806518483064793, "y": 0.0, "z": 0}, "pseudonym": 7}, {"time": 120.30000000596047, "location": {"x": -953.5603051967194, "y": -8.542727008500247}, "speed": {"x": -16.361083740575854, "y": 0.0, "z": 0}, "pseudonym": 8}, {"time": 120.30000000596047, "location": {"x": -938.7742977532168, "y": -5.946074380065158}, "speed": {"x": -7.085571183479262, "y": 0.0, "z": 0}, "pseudonym": 9}, {"time": 120.30000000596047, "location": {"x": -940.7614302042676, "y": 1.9914885440708532}, "speed": {"x": 5.418090739576656, "y": 0.0, "z": 0}, "pseudonym": 10}, {"time": 120.30000000596047, "location": {"x": -952.6959370515455, "y": 1.9939907117063669}, "speed": {"x": 5.11413566598094, "y": 0.0, "z": 0}, "pseudonym": 11}, {"time": 120.30000000596047, "location": {"x": -984.2575629615632, "y": -2.054108093521568}, "speed": {"x": -2.9382323780919255, "y": 0.0, "z": 0}, "pseudonym": 12}, {"time": 120.30000000596047, "location": {"x": -984.0410876005751, "y": 5.383541576454943}, "speed": {"x": 3.975830018880516, "y": 0.0, "z": 0}, "pseudonym": 13}, {"time": 120.30000000596047, "location": {"x": -987.4037850144571, "y": 1.741903868084145}, "speed": {"x": 5.97656241094228, "y": 0.0, "z": 0}, "pseudonym": 14}, {"time": 120.30000000596047, "location": {"x": -978.3528430511119, "y": -5.01706302305589}, "speed": {"x": 0.0, "y": 0.0, "z": 0}, "pseudonym": 15}, {"time": 120.20000000447035, "location": {"x": -993.4156777684329, "y": 4.908144355189707}, "speed": {"x": 3.2800292479987556, "y": 0.0, "z": 0}, "pseudonym": 16}, {"time": 120.30000000596047, "location": {"x": -998.8325552242517, "y": 1.3673904433635495}, "speed": {"x": 4.1912841172325, "y": 2.587965688288723, "z": 0}, "pseudonym": 17}, {"time": 120.30000000596047, "location": {"x": -973.9545529579781, "y": 2.3523761590595815}, "speed": {"x": 6.994628802021909, "y": 0.0, "z": 0}, "pseudonym": 18}], "option": {"size": 786, "type": "CPM"}}
{"timestamp": 120.40000000745059, "ITS_PDU_Header": {"tmp": "tmp"}, "Management_Container": {"tmp": "tmp"}, "Station_Data_Container": {"sumo_id": "139", "location": [-971.066162109375, -2.0], "speed": [-0.1928710908759968, 0.0, 0], "yaw": -179.99996948242188}, "Sensor_Information_Container": [0, 1, 2, 3], "Perceived_Object_Container": [{"time": 120.40000000745059, "location": {"x": -997.9917304359736, "y": 1.5199298359880387}, "speed": {"x": 4.794311451996692, "y": 1.8675291259955, "z": 0}, "pseudonym": 17}], "option": {"size": 296, "type": "CPM"}}
{"timestamp": 120.5000000089407, "ITS_PDU_Header": {"tmp": "tmp"}, "Management_Container": {"tmp": "tmp"}, "Station_Data_Container": {"sumo_id": "139", "location": [-971.0888671875, -2.0], "speed": [-0.22705077786667976, 0.0, 0], "yaw": -179.99996948242188}, "Sensor_Information_Container": [0, 1, 2, 3], "Perceived_Object_Container": [{"time": 120.5000000089407, "location": {"x": -960.5049489288789, "y": 5.160513943998771}, "speed": {"x": 7.629394417563164, "y": 0.0, "z": 0}, "pseudonym": 19}], "option": {"size": 296, "type": "CPM"}}
{"timestamp": 120.60000001043082, "ITS_PDU_Header": {"tmp": "tmp"}, "Management_Container": {"tmp": "tmp"}, "Station_Data_Container": {"sumo_id": "139", "location": [-971.1268310546875, -2.0], "speed": [-0.37963866621794307, 0.0, 0], "yaw": -179.99996948242188}, "Sensor_Information_Container": [0, 1, 2, 3], "Perceived_Object_Container": [{"time": 120.60000001043082, "location": {"x": -956.7957562572028, "y": -4.923930517647138}, "speed": {"x": -4.286498959563688, "y": 0.0, "z": 0}, "pseudonym": 7}, {"time": 120.60000001043082, "location": {"x": -960.3269856287199, "y": 5.163610030103899}, "speed": {"x": 7.848510625235578, "y": 0.0, "z": 0}, "pseudonym": 3}, {"time": 120.60000001043082, "location": {"x": -941.1289258320745, "y": -5.8727542187940145}, "speed": {"x": -6.495971582889981, "y": 0.0, "z": 0}, "pseudonym": 9}, {"time": 120.60000001043082, "location": {"x": -984.8594965207459, "y": 1.679023351403047}, "speed": {"x": 6.530151269880664, "y": 0.0, "z": 0}, "pseudonym": 14}, {"time": 120.60000001043082, "location": {"x": -982.2834784769011, "y": 5.274446724782137}, "speed": {"x": 4.575195244324278, "y": 0.0, "z": 0}, "pseudonym": 13}, {"time": 120.60000001043082, "location": {"x": -972.2828740754385, "y": 1.356712047729098}, "speed": {"x": 7.660522346786822, "y": 0.0, "z": 0}, "pseudonym": 18}], "option": {"size": 471, "type": "CPM"}}
