{"timestamp": 120.00000000149012, "ITS_PDU_Header": {"tmp": "tmp"}, "Management_Container": {"tmp": "tmp"}, "Station_Data_Container": {"sumo_id": "248", "location": [-490.40838623046875, -2.0], "speed": [-4904.083789228144, -19.99999970197678, 0], "yaw": -179.99996948242188}, "Sensor_Information_Container": [0, 1, 2, 3], "Perceived_Object_Container": [{"time": 120.00000000149012, "location": {"x": -489.0113534235678, "y": -5.2897383729590235}, "speed": {"x": -4890.356372440511, "y": -57.499999143183246, "z": 0}, "pseudonym": 0}, {"time": 120.00000000149012, "location": {"x": -442.1826958914421, "y": 1.6209285413652055}, "speed": {"x": -4409.191218477618, "y": 19.99999970197678, "z": 0}, "pseudonym": 1}, {"time": 120.00000000149012, "location": {"x": -445.942200536843, "y": -9.292052519837261}, "speed": {"x": -4457.023554190642, "y": -92.4999986216426, "z": 0}, "pseudonym": 2}], "option": {"size": 366, "type": "CPM"}}
{"timestamp": 120.00000000149012, "ITS_PDU_Header": {"tmp": "tmp"}, "Basic_Container": {"tmp": "tmp"}, "HF_Container": {"sumo_id": "248", "location": [-490.40838623046875, -2.0], "speed": [-4904.083789228144, -19.99999970197678, 0], "yaw": -179.99996948242188}, "LF_Container": {"tmp": "tmp"}, "Special_Vehicle_Container": {"tmp": "tmp"}, "option": {"size": 190, "type": "CAM"}}
{"timestamp": 120.10000000298024, "ITS_PDU_Header": {"tmp": "tmp"}, "Basic_Container": {"tmp": "tmp"}, "HF_Container": {"sumo_id": "248", "location": [-491.0848693847656, -2.0], "speed": [-6.7648314421649065, 0.0, 0], "yaw": -179.99996948242188}, "LF_Container": {"tmp": "tmp"}, "Special_Vehicle_Container": {"tmp": "tmp"}, "option": {"size": 190, "type": "CAM"}}
{"timestamp": 120.20000000447035, "ITS_PDU_Header": {"tmp": "tmp"}, "Management_Container": {"tmp": "tmp"}, "Station_Data_Container": {"sumo_id": "248", "location": [-491.7591552734375, -2.0], "speed": [-6.742858786242325, 0.0, 0], "yaw": -179.99996948242188}, "Sensor_Information_Container": [0, 1, 2, 3], "Perceived_Object_Container": [{"time": 120.20000000447035, "location": {"x": -493.19903858947544, "y": 1.488302768105601}, "speed": {"x": 2.917175249499451, "y": 0.0, "z": 0}, "pseudonym": 3}], "option": {"size": 296, "type": "CPM"}}
{"timestamp": 120.30000000596047, "ITS_PDU_Header": {"tmp": "tmp"}, "Management_Container": {"tmp": "tmp"}, "Station_Data_Container": {"sumo_id": "248", "location": [-492.43255615234375, -2.0], "speed": [-6.734008688717951, 0.0, 0], "yaw": -179.99996948242188}, "Sensor_Information_Container": [0, 1, 2, 3], "Perceived_Object_Container": [{"time": 120.30000000596047, "location": {"x": -503.0636682301711, "y": 5.351618001956445}, "speed": {"x": 16.85699437771746, "y": 0.0, "z": 0}, "pseudonym": 4}, {"time": 120.30000000596047, "location": {"x": -511.05685964304143, "y": -9.011472617287165}, "speed": {"x": -16.609801998588413, "y": 0.0, "z": 0}, "pseudonym": 5}, {"time": 120.30000000596047, "location": {"x": -513.7075128687563, "y": 1.9130171259292967}, "speed": {"x": 2.7069091393514104, "y": 0.0, "z": 0}, "pseudonym": 6}, {"time": 120.30000000596047, "location": {"x": -505.0170005124901, "y": -2.0393920175475664}, "speed": {"x": -6.66259755696956, "y": 0.0, "z": 0}, "pseudonym": 7}, {"time": 120.30000000596047, "location": {"x": -503.5537603002087, "y": 1.6420258624177901}, "speed": {"x": 2.748413044982954, "y": 0.0, "z": 0}, "pseudonym": 8}, {"time": 120.30000000596047, "location": {"x": -518.1418707402815, "y": -5.769696531650109}, "speed": {"x": -16.374511474750765, "y": 0.0, "z": 0}, "pseudonym": 9}, {"time": 120.20000000447035, "location": {"x": -506.60931814128617, "y": -1.1613073478438807}, "speed": {"x": -6.674194236484256, "y": 0.0, "z": 0}, "pseudonym": 10}, {"time": 120.20000000447035, "location": {"x": -534.0018948880422, "y": 1.1642686848667259}, "speed": {"x": 2.6849364834288285, "y": 0.0, "z": 0}, "pseudonym": 11}, {"time": 120.30000000596047, "location": {"x": -544.1256316464638, "y": 1.6494085373045748}, "speed": {"x": 2.550659141679717, "y": 0.0, "z": 0}, "pseudonym": 12}, {"time": 120.30000000596047, "location": {"x": -473.75264415598764, "y": 1.9795571135348327}, "speed": {"x": 3.028564407995874, "y": 0.0, "z": 0}, "pseudonym": 13}, {"time": 120.30000000596047, "location": {"x": -441.41358926115777, "y": 1.5639121864730299}, "speed": {"x": 3.1878661634345926, "y": 0.0, "z": 0}, "pseudonym": 14}, {"time": 120.30000000596047, "location": {"x": -448.2470348700705, "y": -9.129041645197631}, "speed": {"x": -10.43853744210992, "y": 0.0, "z": 0}, "pseudonym": 15}, {"time": 120.30000000596047, "location": {"x": -472.3946836005717, "y": 5.479904862694348}, "speed": {"x": 16.76177953538627, "y": 0.0, "z": 0}, "pseudonym": 16}, {"time": 120.30000000596047, "location": {"x": -483.7372816277441, "y": 1.5987439244898818}, "speed": {"x": 2.893371538916654, "y": 0.0, "z": 0}, "pseudonym": 17}, {"time": 120.30000000596047, "location": {"x": -477.7340808462679, "y": -1.9558216999090554}, "speed": {"x": -6.8606566360495, "y": 0.0, "z": 0}, "pseudonym": 18}, {"time": 120.20000000447035, "location": {"x": -434.6466475583175, "y": -5.117382645295773}, "speed": {"x": -16.235656496351115, "y": 0.0, "z": 0}, "pseudonym": 19}, {"time": 120.30000000596047, "location": {"x": -462.9291735363977, "y": 2.1526354002636903}, "speed": {"x": 3.1280517112008974, "y": 0.0, "z": 0}, "pseudonym": 20}, {"time": 120.30000000596047, "location": {"x": -452.1678597949453, "y": 1.7457005148984084}, "speed": {"x": 3.1088256372686383, "y": 0.0, "z": 0}, "pseudonym": 21}, {"time": 120.20000000447035, "location": {"x": -405.0155429309748, "y": -9.425173575501477}, "speed": {"x": -12.260131653247303, "y": 0.0, "z": 0}, "pseudonym": 22}, {"time": 120.30000000596047, "location": {"x": -492.1333779413535, "y": -5.209548394699406}, "speed": {"x": -16.661681880627842, "y": 0.0, "z": 0}, "pseudonym": 23}, {"time": 120.30000000596047, "location": {"x": -542.8007044322728, "y": -5.497439037003356}, "speed": {"x": -16.555785886112066, "y": 0.0, "z": 0}, "pseudonym": 24}, {"time": 120.30000000596047, "location": {"x": -534.6951659933783, "y": -9.60094244063956}, "speed": {"x": -16.31469702251707, "y": 0.0, "z": 0}, "pseudonym": 25}, {"time": 120.30000000596047, "location": {"x": -523.3415502653927, "y": 1.1654710216021633}, "speed": {"x": 2.5830077740101847, "y": 0.0, "z": 0}, "pseudonym": 26}], "option": {"size": 1066, "type": "CPM"}}
{"timestamp": 120.40000000745059, "ITS_PDU_Header": {"tmp": "tmp"}, "Management_Container": {"tmp": "tmp"}, "Station_Data_Container": {"sumo_id": "248", "location": [-493.1063537597656, -2.0], "speed": [-6.737975973815084, 0.0, 0], "yaw": -179.99996948242188}, "Sensor_Information_Container": [0, 1, 2, 3], "Perceived_Object_Container": [{"time": 120.40000000745059, "location": {"x": -367.1982711071105, "y": -8.85711360088484}, "speed": {"x": -12.197570619023285, "y": 0.0, "z": 0}, "pseudonym": 27}, {"time": 120.40000000745059, "location": {"x": -444.49998746206217, "y": 5.6454740786612945}, "speed": {"x": 16.602477779947552, "y": 0.0, "z": 0}, "pseudonym": 28}], "option": {"size": 331, "type": "CPM"}}
{"timestamp": 120.5000000089407, "ITS_PDU_Header": {"tmp": "tmp"}, "Management_Container": {"tmp": "tmp"}, "Station_Data_Container": {"sumo_id": "248", "location": [-493.77972412109375, -2.0], "speed": [-6.733703512941249, 0.0, 0], "yaw": -179.99996948242188}, "Sensor_Information_Container": [0, 1, 2, 3], "Perceived_Object_Container": [{"time": 120.5000000089407, "location": {"x": -493.66603371702803, "y": 8.738052082624302}, "speed": {"x": 15.498046644061109, "y": 0.0, "z": 0}, "pseudonym": 29}], "option": {"size": 296, "type": "CPM"}}
