{"timestamp": 120.00000000149012, "ITS_PDU_Header": {"tmp": "tmp"}, "Management_Container": {"tmp": "tmp"}, "Station_Data_Container": {"sumo_id": "559", "location": [302.1131591796875, -2.0], "speed": [3021.1315467785066, -19.99999970197678, 0], "yaw": -179.99996948242188}, "Sensor_Information_Container": [0, 1, 2, 3], "Perceived_Object_Container": [{"time": 120.00000000149012, "location": {"x": 273.7938854749664, "y": 8.759660233792246}, "speed": {"x": 2738.3907673002664, "y": 92.4999986216426, "z": 0}, "pseudonym": 0}], "option": {"size": 296, "type": "CPM"}}
{"timestamp": 120.00000000149012, "ITS_PDU_Header": {"tmp": "tmp"}, "Basic_Container": {"tmp": "tmp"}, "HF_Container": {"sumo_id": "559", "location": [302.1131591796875, -2.0], "speed": [3021.1315467785066, -19.99999970197678, 0], "yaw": -179.99996948242188}, "LF_Container": {"tmp": "tmp"}, "Special_Vehicle_Container": {"tmp": "tmp"}, "option": {"size": 190, "type": "CAM"}}
{"timestamp": 120.10000000298024, "ITS_PDU_Header": {"tmp": "tmp"}, "Basic_Container": {"tmp": "tmp"}, "HF_Container": {"sumo_id": "559", "location": [301.9845886230469, -2.0], "speed": [-1.2857055472477443, 0.0, 0], "yaw": -179.99996948242188}, "LF_Container": {"tmp": "tmp"}, "Special_Vehicle_Container": {"tmp": "tmp"}, "option": {"size": 190, "type": "CAM"}}
{"timestamp": 120.20000000447035, "ITS_PDU_Header": {"tmp": "tmp"}, "Management_Container": {"tmp": "tmp"}, "Station_Data_Container": {"sumo_id": "559", "location": [301.857177734375, -2.0], "speed": [-1.2741088677330483, 0.0, 0], "yaw": -179.99996948242188}, "Sensor_Information_Container": [0, 1, 2, 3], "Perceived_Object_Container": [{"time": 120.20000000447035, "location": {"x": 302.5245618756597, "y": 1.4239817475156196}, "speed": {"x": 12.073058902128654, "y": 0.0, "z": 0}, "pseudonym": 1}, {"time": 120.20000000447035, "location": {"x": 295.3521058925113, "y": 5.859159431707328}, "speed": {"x": 15.432128676293363, "y": 0.0, "z": 0}, "pseudonym": 2}], "option": {"size": 331, "type": "CPM"}}
{"timestamp": 120.30000000596047, "ITS_PDU_Header": {"tmp": "tmp"}, "Management_Container": {"tmp": "tmp"}, "Station_Data_Container": {"sumo_id": "559", "location": [301.729248046875, -2.0], "speed": [-1.2792968559369913, 0.0, 0], "yaw": -179.99996948242188}, "Sensor_Information_Container": [0, 1, 2, 3], "Perceived_Object_Container": [{"time": 120.30000000596047, "location": {"x": 310.30741233257515, "y": -2.00973140687841}, "speed": {"x": -1.3803100380255275, "y": 0.0, "z": 0}, "pseudonym": 3}, {"time": 120.30000000596047, "location": {"x": 320.55128369819664, "y": -5.557579857801078}, "speed": {"x": -16.5478513159178, "y": 0.0, "z": 0}, "pseudonym": 4}, {"time": 120.30000000596047, "location": {"x": 321.780539377427, "y": 2.110187408898571}, "speed": {"x": 12.269592102325081, "y": 0.0, "z": 0}, "pseudonym": 5}, {"time": 120.30000000596047, "location": {"x": 317.6854863911701, "y": 5.443667203261919}, "speed": {"x": 15.406493911050351, "y": 0.0, "z": 0}, "pseudonym": 6}, {"time": 120.30000000596047, "location": {"x": 345.6650857268045, "y": 9.279984706798233}, "speed": {"x": 15.543212659013083, "y": 0.0, "z": 0}, "pseudonym": 7}, {"time": 120.30000000596047, "location": {"x": 316.3630183432363, "y": -8.548684869843099}, "speed": {"x": -16.646423091792716, "y": 0.0, "z": 0}, "pseudonym": 8}, {"time": 120.30000000596047, "location": {"x": 369.27518090749084, "y": 9.116950306298795}, "speed": {"x": 15.582275158431006, "y": 0.0, "z": 0}, "pseudonym": 9}, {"time": 120.30000000596047, "location": {"x": 322.82885220803377, "y": 9.472653150880163}, "speed": {"x": 15.522460706197311, "y": 0.0, "z": 0}, "pseudonym": 10}, {"time": 120.30000000596047, "location": {"x": 294.46316918717827, "y": -2.0092880050549686}, "speed": {"x": -1.1984252751108218, "y": 0.0, "z": 0}, "pseudonym": 11}, {"time": 120.30000000596047, "location": {"x": 284.3859888431764, "y": 1.2424427433282743}, "speed": {"x": 11.864013495087422, "y": 0.0, "z": 0}, "pseudonym": 12}, {"time": 120.20000000447035, "location": {"x": 292.33695979744385, "y": -8.661759237270502}, "speed": {"x": -16.506347410286256, "y": 0.0, "z": 0}, "pseudonym": 13}, {"time": 120.30000000596047, "location": {"x": 266.3395620761201, "y": 2.085443952611825}, "speed": {"x": 11.752929512367702, "y": 0.0, "z": 0}, "pseudonym": 14}, {"time": 120.30000000596047, "location": {"x": 277.14587301998125, "y": 9.007957728994123}, "speed": {"x": 15.500182874498027, "y": 0.0, "z": 0}, "pseudonym": 15}, {"time": 120.30000000596047, "location": {"x": 273.1590188415865, "y": -5.606199087954239}, "speed": {"x": -16.551818601014933, "y": 0.0, "z": 0}, "pseudonym": 16}, {"time": 120.20000000447035, "location": {"x": 217.51315056271696, "y": 9.432219909728868}, "speed": {"x": 15.498046644061109, "y": 0.0, "z": 0}, "pseudonym": 17}, {"time": 120.30000000596047, "location": {"x": 301.4267826657617, "y": 9.240624831412585}, "speed": {"x": 15.366210708525617, "y": 0.0, "z": 0}, "pseudonym": 18}, {"time": 120.30000000596047, "location": {"x": 345.0712364101804, "y": 2.5435625139570748}, "speed": {"x": 10.749206382793092, "y": 0.0, "z": 0}, "pseudonym": 19}, {"time": 120.30000000596047, "location": {"x": 295.47693200046695, "y": -5.139825313683493}, "speed": {"x": -16.483154051256864, "y": 0.0, "z": 0}, "pseudonym": 20}], "option": {"size": 891, "type": "CPM"}}
{"timestamp": 120.40000000745059, "ITS_PDU_Header": {"tmp": "tmp"}, "Management_Container": {"tmp": "tmp"}, "Station_Data_Container": {"sumo_id": "559", "location": [301.5998229980469, -2.0], "speed": [-1.294250468995415, 0.0, 0], "yaw": -179.99996948242188}, "Sensor_Information_Container": [0, 1, 2, 3], "Perceived_Object_Container": [{"time": 120.40000000745059, "location": {"x": 365.4548550427086, "y": 5.146487055239788}, "speed": {"x": 15.440673598041034, "y": 0.0, "z": 0}, "pseudonym": 21}], "option": {"size": 296, "type": "CPM"}}
{"timestamp": 120.5000000089407, "ITS_PDU_Header": {"tmp": "tmp"}, "Management_Container": {"tmp": "tmp"}, "Station_Data_Container": {"sumo_id": "559", "location": [301.4738464355469, -2.0], "speed": [-1.2597656062280296, 0.0, 0], "yaw": -179.99996948242188}, "Sensor_Information_Container": [0, 1, 2, 3], "Perceived_Object_Container": [{"time": 120.5000000089407, "location": {"x": 271.0817588855275, "y": 5.040797998793987}, "speed": {"x": 16.33880590887657, "y": 0.0, "z": 0}, "pseudonym": 22}], "option": {"size": 296, "type": "CPM"}}
