{"timestamp": 120.00000000149012, "ITS_PDU_Header": {"tmp": "tmp"}, "Management_Container": {"tmp": "tmp"}, "Station_Data_Container": {"sumo_id": "596", "location": [-134.650634765625, 2.0], "speed": [-1346.506327591742, 19.99999970197678, 0], "yaw": 0.0}, "Sensor_Information_Container": [0, 1, 2, 3], "Perceived_Object_Container": [{"time": 120.00000000149012, "location": {"x": -117.32133917537347, "y": 8.922116935682393}, "speed": {"x": -1162.039777606133, "y": 92.4999986216426, "z": 0}, "pseudonym": 0}, {"time": 120.00000000149012, "location": {"x": -118.23135294488725, "y": -1.6938963604723845}, "speed": {"x": -1178.3769813421818, "y": -19.99999970197678, "z": 0}, "pseudonym": 1}], "option": {"size": 331, "type": "CPM"}}
{"timestamp": 120.00000000149012, "ITS_PDU_Header": {"tmp": "tmp"}, "Basic_Container": {"tmp": "tmp"}, "HF_Container": {"sumo_id": "596", "location": [-134.650634765625, 2.0], "speed": [-1346.506327591742, 19.99999970197678, 0], "yaw": 0.0}, "LF_Container": {"tmp": "tmp"}, "Special_Vehicle_Container": {"tmp": "tmp"}, "option": {"size": 190, "type": "CAM"}}
{"timestamp": 120.10000000298024, "ITS_PDU_Header": {"tmp": "tmp"}, "Basic_Container": {"tmp": "tmp"}, "HF_Container": {"sumo_id": "596", "location": [-134.37652587890625, 2.0], "speed": [2.7410888263420934, 0.0, 0], "yaw": 0.0}, "LF_Container": {"tmp": "tmp"}, "Special_Vehicle_Container": {"tmp": "tmp"}, "option": {"size": 190, "type": "CAM"}}
{"timestamp": 120.20000000447035, "ITS_PDU_Header": {"tmp": "tmp"}, "Management_Container": {"tmp": "tmp"}, "Station_Data_Container": {"sumo_id": "596", "location": [-134.1009521484375, 2.0], "speed": [2.7557372636238147, 0.0, 0], "yaw": 0.0}, "Sensor_Information_Container": [0, 1, 2, 3], "Perceived_Object_Container": [{"time": 120.20000000447035, "location": {"x": -142.72390564275798, "y": -8.94987211553625}, "speed": {"x": -13.48571757248465, "y": 0.0, "z": 0}, "pseudonym": 2}], "option": {"size": 296, "type": "CPM"}}
{"timestamp": 120.30000000596047, "ITS_PDU_Header": {"tmp": "tmp"}, "Management_Container": {"tmp": "tmp"}, "Station_Data_Container": {"sumo_id": "596", "location": [-133.822998046875, 2.0], "speed": [2.7795409742066117, 0.0, 0], "yaw": 0.0}, "Sensor_Information_Container": [0, 1, 2, 3], "Perceived_Object_Container": [{"time": 120.30000000596047, "location": {"x": -120.72998160547932, "y": -1.7746920987540233}, "speed": {"x": -12.35290508936487, "y": 0.0, "z": 0}, "pseudonym": 3}, {"time": 120.30000000596047, "location": {"x": -114.51692607006927, "y": 8.965502174563182}, "speed": {"x": 11.84150678155561, "y": 0.0, "z": 0}, "pseudonym": 4}, {"time": 120.30000000596047, "location": {"x": -80.4715891207277, "y": -9.126021394917492}, "speed": {"x": -13.732223306116115, "y": 0.0, "z": 0}, "pseudonym": 5}, {"time": 120.30000000596047, "location": {"x": -100.28046750709001, "y": -2.2562015117467755}, "speed": {"x": -12.513503841854575, "y": 0.0, "z": 0}, "pseudonym": 6}, {"time": 120.30000000596047, "location": {"x": -111.41316448658553, "y": 5.38578699083724}, "speed": {"x": 16.007690191154328, "y": 0.0, "z": 0}, "pseudonym": 7}, {"time": 120.20000000447035, "location": {"x": -88.44123029085102, "y": -4.910359925255505}, "speed": {"x": -16.28288244779583, "y": 0.0, "z": 0}, "pseudonym": 8}, {"time": 120.30000000596047, "location": {"x": -141.04945660752873, "y": -1.4501089272192744}, "speed": {"x": -12.148437318974178, "y": 0.0, "z": 0}, "pseudonym": 9}, {"time": 120.30000000596047, "location": {"x": -152.4646682715915, "y": 8.925229726856825}, "speed": {"x": 11.807250800620752, "y": 0.0, "z": 0}, "pseudonym": 10}, {"time": 120.20000000447035, "location": {"x": -159.38867409554052, "y": 5.022943383122126}, "speed": {"x": 15.901489020861849, "y": 0.0, "z": 0}, "pseudonym": 11}, {"time": 120.30000000596047, "location": {"x": -160.8271049775431, "y": -2.0660129850057545}, "speed": {"x": -11.730346504891715, "y": 0.0, "z": 0}, "pseudonym": 12}, {"time": 120.30000000596047, "location": {"x": -165.87317840947316, "y": -8.965895620860895}, "speed": {"x": -13.54492167316494, "y": 0.0, "z": 0}, "pseudonym": 13}, {"time": 120.30000000596047, "location": {"x": -185.98873849108304, "y": -9.388850544346225}, "speed": {"x": -13.583373821029458, "y": 0.0, "z": 0}, "pseudonym": 14}, {"time": 120.30000000596047, "location": {"x": -192.0846567924984, "y": 9.37708055092317}, "speed": {"x": 12.201385316232066, "y": 0.0, "z": 0}, "pseudonym": 15}, {"time": 120.30000000596047, "location": {"x": -134.34173639450844, "y": 5.113961152955665}, "speed": {"x": 15.997314214746442, "y": 0.0, "z": 0}, "pseudonym": 16}, {"time": 120.20000000447035, "location": {"x": -133.31561614377583, "y": 8.555829507117434}, "speed": {"x": 11.73828107508598, "y": 0.0, "z": 0}, "pseudonym": 17}, {"time": 120.30000000596047, "location": {"x": -124.86229570016847, "y": -8.501327755192158}, "speed": {"x": -13.490676678856065, "y": 0.0, "z": 0}, "pseudonym": 18}, {"time": 120.30000000596047, "location": {"x": -176.18295489808438, "y": -5.619550147997001}, "speed": {"x": -16.23397802957925, "y": 0.0, "z": 0}, "pseudonym": 19}], "option": {"size": 856, "type": "CPM"}}
{"timestamp": 120.40000000745059, "ITS_PDU_Header": {"tmp": "tmp"}, "Management_Container": {"tmp": "tmp"}, "Station_Data_Container": {"sumo_id": "596", "location": [-133.5540771484375, 2.0], "speed": [2.689208944302664, 0.0, 0], "yaw": 0.0}, "Sensor_Information_Container": [0, 1, 2, 3], "Perceived_Object_Container": [{"time": 120.40000000745059, "location": {"x": -147.38467662214956, "y": -8.413232085715329}, "speed": {"x": -13.48571757248465, "y": 0.0, "z": 0}, "pseudonym": 20}], "option": {"size": 296, "type": "CPM"}}
{"timestamp": 120.5000000089407, "ITS_PDU_Header": {"tmp": "tmp"}, "Management_Container": {"tmp": "tmp"}, "Station_Data_Container": {"sumo_id": "596", "location": [-133.28570556640625, 2.0], "speed": [2.6837157803220184, 0.0, 0], "yaw": 0.0}, "Sensor_Information_Container": [0, 1, 2, 3], "Perceived_Object_Container": [{"time": 120.5000000089407, "location": {"x": -91.62444212253108, "y": 9.446693585943537}, "speed": {"x": 11.874999823048713, "y": 0.0, "z": 0}, "pseudonym": 21}], "option": {"size": 296, "type": "CPM"}}
{"timestamp": 120.60000001043082, "ITS_PDU_Header": {"tmp": "tmp"}, "Management_Container": {"tmp": "tmp"}, "Station_Data_Container": {"sumo_id": "596", "location": [-133.02947998046875, 2.0], "speed": [2.562255821194413, 0.0, 0], "yaw": 0.0}, "Sensor_Information_Container": [0, 1, 2, 3], "Perceived_Object_Container": [{"time": 120.60000001043082, "location": {"x": -106.49530487841604, "y": -8.42090627226747}, "speed": {"x": -13.580932414815837, "y": 0.0, "z": 0}, "pseudonym": 22}], "option": {"size": 296, "type": "CPM"}}
