{"timestamp": 120.00000000149012, "ITS_PDU_Header": {"tmp": "tmp"}, "Management_Container": {"tmp": "tmp"}, "Station_Data_Container": {"sumo_id": "660", "location": [131.600830078125, -2.0], "speed": [1316.0082811711984, -19.99999970197678, 0], "yaw": -179.99996948242188}, "Sensor_Information_Container": [0, 1, 2, 3], "Perceived_Object_Container": [{"time": 120.00000000149012, "location": {"x": 109.29705150488121, "y": 5.609370195334523}, "speed": {"x": 1088.1811361285875, "y": 57.499999143183246, "z": 0}, "pseudonym": 0}], "option": {"size": 296, "type": "CPM"}}
{"timestamp": 120.00000000149012, "ITS_PDU_Header": {"tmp": "tmp"}, "Basic_Container": {"tmp": "tmp"}, "HF_Container": {"sumo_id": "660", "location": [131.600830078125, -2.0], "speed": [1316.0082811711984, -19.99999970197678, 0], "yaw": -179.99996948242188}, "LF_Container": {"tmp": "tmp"}, "Special_Vehicle_Container": {"tmp": "tmp"}, "option": {"size": 190, "type": "CAM"}}
{"timestamp": 120.10000000298024, "ITS_PDU_Header": {"tmp": "tmp"}, "Basic_Container": {"tmp": "tmp"}, "HF_Container": {"sumo_id": "660", "location": [131.5423583984375, -2.0], "speed": [-0.5847167881620409, 0.0, 0], "yaw": -179.99996948242188}, "LF_Container": {"tmp": "tmp"}, "Special_Vehicle_Container": {"tmp": "tmp"}, "option": {"size": 190, "type": "CAM"}}
{"timestamp": 120.20000000447035, "ITS_PDU_Header": {"tmp": "tmp"}, "Management_Container": {"tmp": "tmp"}, "Station_Data_Container": {"sumo_id": "660", "location": [131.4832763671875, -2.0], "speed": [-0.5908203036960914, 0.0, 0], "yaw": -179.99996948242188}, "Sensor_Information_Container": [0, 1, 2, 3], "Perceived_Object_Container": [{"time": 120.20000000447035, "location": {"x": 135.8862197772434, "y": -8.95908724836575}, "speed": {"x": -13.496093548892535, "y": 0.0, "z": 0}, "pseudonym": 1}, {"time": 120.20000000447035, "location": {"x": 134.2530159648126, "y": 2.089039806694001}, "speed": {"x": 10.92285139973683, "y": 0.0, "z": 0}, "pseudonym": 2}], "option": {"size": 331, "type": "CPM"}}
{"timestamp": 120.30000000596047, "ITS_PDU_Header": {"tmp": "tmp"}, "Management_Container": {"tmp": "tmp"}, "Station_Data_Container": {"sumo_id": "660", "location": [131.422119140625, -2.0], "speed": [-0.6115722565118632, 0.0, 0], "yaw": -179.99996948242188}, "Sensor_Information_Container": [0, 1, 2, 3], "Perceived_Object_Container": [{"time": 120.30000000596047, "location": {"x": 139.05060316139878, "y": -1.9766253626615642}, "speed": {"x": -0.5017089768989537, "y": 0.0, "z": 0}, "pseudonym": 3}, {"time": 120.30000000596047, "location": {"x": 161.45258921629318, "y": 5.463663349242268}, "speed": {"x": 15.987548589891961, "y": 0.0, "z": 0}, "pseudonym": 4}, {"time": 120.30000000596047, "location": {"x": 184.9500660836146, "y": 5.840545931296941}, "speed": {"x": 16.013335943023325, "y": 0.0, "z": 0}, "pseudonym": 5}, {"time": 120.30000000596047, "location": {"x": 153.60674010965172, "y": 1.5768075339376926}, "speed": {"x": 10.954437092625541, "y": 0.0, "z": 0}, "pseudonym": 6}, {"time": 120.30000000596047, "location": {"x": 149.09732320113682, "y": -5.054777018205746}, "speed": {"x": -15.27481056340321, "y": 0.0, "z": 0}, "pseudonym": 7}, {"time": 120.30000000596047, "location": {"x": 124.89953817594613, "y": -1.986644752468067}, "speed": {"x": -0.6604003807842674, "y": 0.0, "z": 0}, "pseudonym": 8}, {"time": 120.30000000596047, "location": {"x": 115.48453377607159, "y": -9.00113719378843}, "speed": {"x": -13.306808273392793, "y": 0.0, "z": 0}, "pseudonym": 9}, {"time": 120.20000000447035, "location": {"x": 90.86251697217457, "y": 5.718276412958094}, "speed": {"x": 16.014404058241784, "y": 0.0, "z": 0}, "pseudonym": 10}, {"time": 120.20000000447035, "location": {"x": 116.41843433940348, "y": -9.338586422091486}, "speed": {"x": -13.225173753124867, "y": 0.0, "z": 0}, "pseudonym": 9}, {"time": 120.30000000596047, "location": {"x": 117.47229124945834, "y": 1.8114343459940088}, "speed": {"x": 10.924148396787816, "y": 0.0, "z": 0}, "pseudonym": 11}, {"time": 120.30000000596047, "location": {"x": 112.53176191251787, "y": 5.28745255533456}, "speed": {"x": 16.855468498833947, "y": 0.0, "z": 0}, "pseudonym": 12}, {"time": 120.20000000447035, "location": {"x": 104.3148417578144, "y": -6.334492291515816}, "speed": {"x": -15.289230118852405, "y": 0.0, "z": 0}, "pseudonym": 13}, {"time": 120.30000000596047, "location": {"x": 92.21412571230962, "y": -8.837222923522278}, "speed": {"x": -12.364578062823742, "y": 0.0, "z": 0}, "pseudonym": 14}, {"time": 120.30000000596047, "location": {"x": 125.0558812783986, "y": -5.111653629938166}, "speed": {"x": -15.302734146971492, "y": 0.0, "z": 0}, "pseudonym": 15}], "option": {"size": 751, "type": "CPM"}}
{"timestamp": 120.60000001043082, "ITS_PDU_Header": {"tmp": "tmp"}, "Management_Container": {"tmp": "tmp"}, "Station_Data_Container": {"sumo_id": "660", "location": [131.237060546875, -2.0], "speed": [-0.623626699691613, 0.0, 0], "yaw": -179.99996948242188}, "Sensor_Information_Container": [0, 1, 2, 3], "Perceived_Object_Container": [{"time": 120.60000001043082, "location": {"x": 185.332187244478, "y": -8.650124928591723}, "speed": {"x": -15.322265396680454, "y": 0.0, "z": 0}, "pseudonym": 16}], "option": {"size": 296, "type": "CPM"}}
