{"timestamp": 120.00000000149012, "ITS_PDU_Header": {"tmp": "tmp"}, "Management_Container": {"tmp": "tmp"}, "Station_Data_Container": {"sumo_id": "333", "location": [-775.5266723632812, -9.25], "speed": [-7755.266608070335, -92.4999986216426, 0], "yaw": -179.99996948242188}, "Sensor_Information_Container": [0, 1, 2, 3], "Perceived_Object_Container": [{"time": 120.00000000149012, "location": {"x": -821.9398799905169, "y": 2.416534323040083}, "speed": {"x": -8223.444091328322, "y": 19.99999970197678, "z": 0}, "pseudonym": 0}, {"time": 120.00000000149012, "location": {"x": -752.0137430686998, "y": -9.062358413284361}, "speed": {"x": -7512.791025746003, "y": -92.4999986216426, "z": 0}, "pseudonym": 1}, {"time": 120.00000000149012, "location": {"x": -747.6493112774842, "y": -5.588809903093421}, "speed": {"x": -7469.3199570578345, "y": -57.499999143183246, "z": 0}, "pseudonym": 2}, {"time": 120.00000000149012, "location": {"x": -689.2092319710839, "y": -2.1408823730088367}, "speed": {"x": -6885.1060985757995, "y": -19.99999970197678, "z": 0}, "pseudonym": 3}], "option": {"size": 401, "type": "CPM"}}
{"timestamp": 120.00000000149012, "ITS_PDU_Header": {"tmp": "tmp"}, "Basic_Container": {"tmp": "tmp"}, "HF_Container": {"sumo_id": "333", "location": [-775.5266723632812, -9.25], "speed": [-7755.266608070335, -92.4999986216426, 0], "yaw": -179.99996948242188}, "LF_Container": {"tmp": "tmp"}, "Special_Vehicle_Container": {"tmp": "tmp"}, "option": {"size": 190, "type": "CAM"}}
{"timestamp": 120.10000000298024, "ITS_PDU_Header": {"tmp": "tmp"}, "Basic_Container": {"tmp": "tmp"}, "HF_Container": {"sumo_id": "333", "location": [-777.1853637695312, -9.25], "speed": [-16.586913815335723, 0.0, 0], "yaw": -179.99996948242188}, "LF_Container": {"tmp": "tmp"}, "Special_Vehicle_Container": {"tmp": "tmp"}, "option": {"size": 190, "type": "CAM"}}
