{"timestamp": 120.00000000149012, "ITS_PDU_Header": {"tmp": "tmp"}, "Management_Container": {"tmp": "tmp"}, "Station_Data_Container": {"sumo_id": "232", "location": [-988.8592529296875, 2.0], "speed": [-9888.592381945366, 19.99999970197678, 0], "yaw": 0.0}, "Sensor_Information_Container": [0, 1, 2, 3], "Perceived_Object_Container": [{"time": 120.00000000149012, "location": {"x": -999.7411774201792, "y": 1.0831045398476549}, "speed": {"x": -10001.789401742973, "y": 8.840100633500507, "z": 0}, "pseudonym": 0}, {"time": 120.00000000149012, "location": {"x": -995.149615139277, "y": -1.399590420488974}, "speed": {"x": -9948.079075394882, "y": -19.99999970197678, "z": 0}, "pseudonym": 1}, {"time": 120.00000000149012, "location": {"x": -969.3665737283211, "y": -5.52541244083245}, "speed": {"x": -9691.622780388254, "y": -57.499999143183246, "z": 0}, "pseudonym": 2}, {"time": 120.00000000149012, "location": {"x": -971.1775804758112, "y": -1.895179519187293}, "speed": {"x": -9709.843605312055, "y": -19.99999970197678, "z": 0}, "pseudonym": 3}], "option": {"size": 401, "type": "CPM"}}
{"timestamp": 120.00000000149012, "ITS_PDU_Header": {"tmp": "tmp"}, "Basic_Container": {"tmp": "tmp"}, "HF_Container": {"sumo_id": "232", "location": [-988.8592529296875, 2.0], "speed": [-9888.592381945366, 19.99999970197678, 0], "yaw": 0.0}, "LF_Container": {"tmp": "tmp"}, "Special_Vehicle_Container": {"tmp": "tmp"}, "option": {"size": 190, "type": "CAM"}}
{"timestamp": 120.10000000298024, "ITS_PDU_Header": {"tmp": "tmp"}, "Basic_Container": {"tmp": "tmp"}, "HF_Container": {"sumo_id": "232", "location": [-988.2813110351562, 2.0], "speed": [5.779418859192448, 0.0, 0], "yaw": 0.0}, "LF_Container": {"tmp": "tmp"}, "Special_Vehicle_Container": {"tmp": "tmp"}, "option": {"size": 190, "type": "CAM"}}
