{"timestamp": 120.00000000149012, "ITS_PDU_Header": {"tmp": "tmp"}, "Basic_Container": {"tmp": "tmp"}, "HF_Container": {"sumo_id": "567", "location": [-310.99664306640625, -9.25], "speed": [-3109.9663843219523, -92.4999986216426, 0], "yaw": -179.99996948242188}, "LF_Container": {"tmp": "tmp"}, "Special_Vehicle_Container": {"tmp": "tmp"}, "option": {"size": 190, "type": "CAM"}}
{"timestamp": 120.10000000298024, "ITS_PDU_Header": {"tmp": "tmp"}, "Management_Container": {"tmp": "tmp"}, "Station_Data_Container": {"sumo_id": "567", "location": [-312.43988037109375, -9.25], "speed": [-14.432372831815886, 0.0, 0], "yaw": -179.99996948242188}, "Sensor_Information_Container": [0, 1, 2, 3], "Perceived_Object_Container": [{"time": 120.00000000149012, "location": {"x": -293.48831856471156, "y": -5.734776898140448}, "speed": {"x": -2933.575395739445, "y": -57.499999143183246, "z": 0}, "pseudonym": 0}, {"time": 120.00000000149012, "location": {"x": -276.55278804712765, "y": 1.2835929656276193}, "speed": {"x": -2754.318196262148, "y": 19.99999970197678, "z": 0}, "pseudonym": 1}, {"time": 120.00000000149012, "location": {"x": -283.3008333307484, "y": 5.5139174187068525}, "speed": {"x": -2825.8703192193757, "y": 57.499999143183246, "z": 0}, "pseudonym": 2}], "option": {"size": 366, "type": "CPM"}}
{"timestamp": 120.10000000298024, "ITS_PDU_Header": {"tmp": "tmp"}, "Basic_Container": {"tmp": "tmp"}, "HF_Container": {"sumo_id": "567", "location": [-312.43988037109375, -9.25], "speed": [-14.432372831815886, 0.0, 0], "yaw": -179.99996948242188}, "LF_Container": {"tmp": "tmp"}, "Special_Vehicle_Container": {"tmp": "tmp"}, "option": {"size": 190, "type": "CAM"}}
