{"timestamp": 120.00000000149012, "ITS_PDU_Header": {"tmp": "tmp"}, "Management_Container": {"tmp": "tmp"}, "Station_Data_Container": {"sumo_id": "666", "location": [-339.1755676269531, 9.25], "speed": [-3391.755625728434, 92.4999986216426, 0], "yaw": 0.0}, "Sensor_Information_Container": [0, 1, 2, 3], "Perceived_Object_Container": [{"time": 120.00000000149012, "location": {"x": -293.8203709689327, "y": -5.548001666934869}, "speed": {"x": -2933.575395739445, "y": -57.499999143183246, "z": 0}, "pseudonym": 0}, {"time": 120.00000000149012, "location": {"x": -340.9646043294834, "y": -5.160009757654875}, "speed": {"x": -3412.62568156979, "y": -57.499999143183246, "z": 0}, "pseudonym": 1}, {"time": 120.00000000149012, "location": {"x": -418.84307735152134, "y": 1.7841444298992872}, "speed": {"x": -4192.952208027956, "y": 19.99999970197678, "z": 0}, "pseudonym": 2}], "option": {"size": 366, "type": "CPM"}}
{"timestamp": 120.00000000149012, "ITS_PDU_Header": {"tmp": "tmp"}, "Basic_Container": {"tmp": "tmp"}, "HF_Container": {"sumo_id": "666", "location": [-339.1755676269531, 9.25], "speed": [-3391.755625728434, 92.4999986216426, 0], "yaw": 0.0}, "LF_Container": {"tmp": "tmp"}, "Special_Vehicle_Container": {"tmp": "tmp"}, "option": {"size": 190, "type": "CAM"}}
{"timestamp": 120.10000000298024, "ITS_PDU_Header": {"tmp": "tmp"}, "Basic_Container": {"tmp": "tmp"}, "HF_Container": {"sumo_id": "666", "location": [-337.5715026855469, 9.25], "speed": [16.0406491750382, 0.0, 0], "yaw": 0.0}, "LF_Container": {"tmp": "tmp"}, "Special_Vehicle_Container": {"tmp": "tmp"}, "option": {"size": 190, "type": "CAM"}}
